service_id,monday,tuesday,wednesday,thursday,friday,saturday,sunday,start_date,end_date
SC00047.S0,1,1,1,1,1,1,1,20261017,20261018
SC00001.S0,0,0,0,0,0,1,1,20261010,20261018
SC00026.S0,0,0,0,0,0,0,1,20261011,20261018
SC00040.S0,1,1,1,1,1,1,1,20261012,20261016
SC00004.S0,0,0,0,0,0,1,0,20261010,20261017
SC00030.S0,0,0,0,0,0,0,0,20261011,20261011
SC00015.S0,1,1,1,1,1,1,1,20261010,20261011
SC00064.S0,1,1,1,1,1,1,1,20261012,20261013
SC00071.S0,1,1,1,1,1,0,0,20261014,20261023
SC00048.S0,0,0,0,0,0,0,0,20261018,20261018
SC00046.S0,0,0,0,0,0,0,0,20261017,20261017
SC00005.S0,0,0,0,0,0,0,0,20261010,20261010
SC00069.S0,1,1,1,1,1,1,1,20261012,20261015
SC00098.S0,1,1,1,1,1,0,0,20261012,20261019
SC00105.S0,1,1,1,1,0,0,0,20261012,20261022
SC00091.S0,0,0,0,0,0,0,0,20261012,20261012
SC00106.S0,1,1,1,1,1,0,0,20261013,20261023
SC00097.S0,1,1,1,1,1,1,1,20261012,20261014
SC00043.S0,1,1,1,1,1,1,1,20261013,20261014
SC00103.S0,1,1,1,1,1,0,0,20261015,20261023
SC00145.S0,0,0,0,0,0,1,1,20251214,20261212
SC00044.S0,0,0,0,0,0,0,0,20261013,20261013
SC00045.S0,0,0,0,0,0,0,0,20261015,20261015
SC00063.S0,1,1,1,1,1,1,1,20261012,20261018
SC00280.S0,0,0,0,0,0,1,1,20260614,20261212
SC00249.S0,0,0,0,0,0,1,1,20251214,20261212
SC03700.S0,0,0,0,0,0,1,1,20251214,20261212
SC00551.S0,0,0,0,0,0,1,1,20261024,20261129
SC00228.S0,1,1,1,1,1,1,1,20261029,20261030
SC00081.S0,0,0,0,0,0,0,0,20261019,20261019
SC00484.S0,0,0,0,0,0,0,0,20261030,20261030
SC00569.S0,0,0,0,0,1,0,0,20261009,20261023
SC00564.S0,0,0,0,0,0,1,0,20261010,20261024
SC00468.S0,1,1,1,1,1,0,0,20261020,20261130
SC00588.S0,0,0,0,0,0,0,0,20261117,20261117
SC00581.S0,0,0,0,0,0,0,0,20261021,20261021
SC00221.S0,0,0,0,0,0,0,0,20261024,20261024
SC00119.S0,0,0,0,0,0,0,0,20261023,20261023
SC00274.S0,0,0,0,0,0,0,0,20261026,20261026
SC00247.S0,0,0,0,0,0,0,0,20261025,20261025
SC00180.S0,0,0,0,0,0,0,0,20261027,20261027
SC00080.S0,0,0,0,0,0,0,0,20261014,20261014
SC00154.S0,0,0,0,0,0,0,0,20261020,20261020
SC00598.S0,0,0,0,0,0,0,0,20251214,20261212
SC00599.S0,0,0,0,0,0,1,1,20260101,20261212
SC00602.S0,1,1,0,0,1,0,0,20251215,20261211
SC00606.S0,0,0,0,0,1,0,0,20251214,20261212
SC00616.S0,0,0,0,0,1,1,1,20251214,20261212
SC00617.S0,0,0,0,0,1,0,1,20251214,20261212
SC00619.S0,0,0,0,0,1,0,1,20251214,20261212
SC00620.S0,0,0,0,0,1,0,1,20251214,20261212
SC00623.S0,0,0,0,1,1,0,1,20251214,20261212
SC00627.S0,0,0,0,0,1,0,1,20251214,20261212
SC00629.S0,0,0,0,0,1,0,1,20251214,20261212
SC00630.S0,0,0,0,1,1,1,1,20251214,20261212
SC00631.S0,0,0,0,0,1,1,1,20251214,20261212
SC00632.S0,0,0,0,0,1,0,1,20251214,20261212
SC00633.S0,0,0,0,0,1,0,1,20251214,20261212
SC00635.S0,1,0,0,0,0,0,0,20251215,20261210
SC00639.S0,0,0,0,0,0,0,0,20251215,20261212
SC00644.S0,0,0,0,0,0,0,0,20251214,20261211
SC00650.S0,0,0,0,0,0,1,0,20251220,20261212
SC00654.S0,0,0,0,0,0,0,0,20251214,20261211
SC00656.S0,1,1,1,1,1,0,0,20251215,20261211
SC00660.S0,1,1,1,1,1,1,0,20251215,20261212
SC00666.S0,1,1,1,1,1,0,0,20251215,20261211
SC00670.S0,1,1,1,1,1,0,0,20251215,20261211
SC00671.S0,1,1,1,1,1,0,0,20251215,20261211
SC00673.S0,1,1,1,1,1,0,1,20251214,20261211
SC00136.S0,1,1,1,1,1,0,0,20251215,20261211
SC00178.S0,1,1,1,1,1,1,1,20251214,20261212
SC00678.S0,1,1,1,1,1,1,1,20251214,20261212
SC00133.S0,1,1,1,1,1,1,1,20251214,20261212
SC00679.S0,1,1,1,1,1,0,0,20251215,20261211
SC00680.S0,1,1,1,1,1,0,0,20251215,20261211
SC00682.S0,1,1,1,1,1,1,1,20251214,20261212
SC00142.S0,1,1,1,1,1,0,0,20251215,20261211
SC00683.S0,1,1,1,1,1,1,1,20251214,20261212
SC00141.S0,1,1,1,1,1,1,1,20251214,20261212
SC00686.S0,1,1,0,0,0,0,1,20251214,20261212
SC00685.S0,1,1,1,1,1,1,1,20260624,20261212
SC00690.S0,1,1,1,1,1,1,1,20260919,20261019
SC00692.S0,1,1,0,0,0,0,0,20251215,20261211
SC00691.S0,1,1,1,1,1,0,0,20260625,20261211
SC00695.S0,0,0,0,0,0,0,0,20260501,20261011
SC00694.S0,0,0,1,1,0,0,0,20260501,20261011
SC00697.S0,1,1,1,1,1,1,1,20260918,20261011
SC00699.S0,0,0,0,0,0,0,0,20251214,20261212
SC00698.S0,0,0,0,0,0,0,0,20260624,20261212
SC00223.S0,1,1,1,1,1,1,1,20261012,20261019
SC00702.S0,1,1,0,0,0,0,0,20251215,20261211
SC00705.S0,0,0,0,0,0,0,0,20260501,20261011
SC00704.S0,0,0,0,0,0,1,1,20260501,20261011
SC00707.S0,1,0,0,0,0,0,1,20251214,20261212
SC00706.S0,1,1,1,1,1,1,1,20260624,20261212
SC00708.S0,1,1,1,1,1,1,1,20260918,20261019
SC00710.S0,0,0,0,0,0,0,0,20251215,20261211
SC00709.S0,0,0,0,0,0,0,0,20260625,20261211
SC00712.S0,0,0,0,0,0,0,1,20251214,20261212
SC00711.S0,0,1,1,0,0,1,1,20260624,20261212
SC00714.S0,1,1,1,1,1,1,1,20260918,20261018
SC00716.S0,1,0,0,0,0,0,1,20251214,20261212
SC00715.S0,1,1,1,1,1,1,1,20260624,20261212
SC00719.S0,0,0,0,0,0,0,0,20251215,20261211
SC00718.S0,0,0,0,0,0,0,0,20260625,20261211
SC00720.S0,0,0,0,0,0,1,1,20251214,20261212
SC00723.S0,1,1,0,0,0,1,1,20251214,20261212
SC00722.S0,1,1,1,1,1,1,1,20260624,20261212
SC00727.S0,1,1,0,0,0,0,1,20251214,20261212
SC00726.S0,1,1,1,1,1,1,1,20260624,20261212
SC00729.S0,1,1,0,0,0,0,1,20251214,20261212
SC00728.S0,1,1,1,1,1,1,1,20260624,20261212
SC00730.S0,1,0,0,0,0,0,1,20251214,20261212
SC00731.S0,1,0,0,0,0,0,1,20251214,20261212
SC00732.S0,0,1,1,0,0,1,1,20260624,20261212
SC00734.S0,1,1,1,1,1,0,0,20251215,20261211
SC00736.S0,1,1,0,0,0,0,0,20251215,20261211
SC00739.S0,1,1,1,1,1,0,0,20260824,20261211
SC00742.S0,1,1,1,1,1,0,0,20251215,20261211
SC00744.S0,1,1,1,1,1,1,1,20251214,20261212
SC00755.S0,1,1,1,1,1,1,1,20251214,20261212
SC00759.S0,1,1,1,1,1,1,1,20251214,20261212
SC00760.S0,1,1,1,1,1,0,0,20251215,20261211
SC00762.S0,1,1,1,1,1,1,1,20251214,20261212
SC00763.S0,1,1,1,1,1,1,1,20251214,20261212
SC00765.S0,1,1,1,1,1,0,0,20251215,20261211
SC00766.S0,1,1,1,1,1,1,1,20251214,20261212
SC00770.S0,0,0,0,0,0,0,1,20251214,20261206
SC00775.S0,1,1,1,1,1,1,0,20251215,20261212
SC00780.S0,1,1,1,1,1,0,0,20251215,20261211
SC00782.S0,1,1,0,0,0,0,0,20251215,20261211
SC00783.S0,0,0,0,0,0,1,1,20251214,20261212
SC00790.S0,0,0,0,0,0,1,1,20251214,20261212
SC00792.S0,1,1,1,1,1,1,1,20251214,20261212
SC00793.S0,1,1,1,1,1,0,0,20251215,20261211
SC00794.S0,1,1,1,1,1,0,0,20251215,20261211
SC00795.S0,1,1,1,1,1,0,0,20251215,20261211
SC00800.S0,1,1,1,1,1,0,0,20251215,20261211
SC00802.S0,1,1,1,1,1,1,1,20251214,20261212
SC00811.S0,1,1,1,1,1,1,1,20251214,20261212
SC00814.S0,0,0,0,0,0,1,1,20251214,20261212
SC00817.S0,1,1,0,0,1,0,0,20251215,20261211
SC00821.S0,1,1,1,1,1,1,1,20251214,20261212
SC00822.S0,1,1,1,1,1,0,0,20251215,20261211
SC00823.S0,1,1,1,1,1,1,1,20251214,20261212
SC00824.S0,1,1,1,1,1,0,0,20251215,20261211
SC00826.S0,0,0,0,0,0,1,1,20251214,20261212
SC00828.S0,1,1,1,1,1,1,1,20251214,20261212
SC00830.S0,0,0,0,0,0,1,1,20251214,20261212
SC00834.S0,1,1,1,1,1,0,0,20251215,20261211
SC00835.S0,1,1,1,1,1,1,1,20251214,20261212
SC00838.S0,1,1,1,1,1,1,1,20251214,20261212
SC00839.S0,1,1,1,1,1,1,1,20251214,20261212
SC00841.S0,1,1,1,1,1,1,1,20251214,20261212
SC00842.S0,1,1,1,1,1,1,1,20251214,20261212
SC00844.S0,1,1,1,1,1,0,0,20251215,20261211
SC00845.S0,0,0,0,0,0,1,1,20251214,20261212
SC00847.S0,1,1,1,1,1,1,1,20251214,20261212
SC00848.S0,1,1,1,1,1,1,1,20251214,20261212
SC00849.S0,0,0,0,0,1,1,1,20251214,20261212
SC00851.S0,1,1,1,1,1,0,0,20251215,20261211
SC00852.S0,1,1,1,1,1,1,1,20251214,20261212
SC00853.S0,1,1,1,1,1,1,1,20251214,20261212
SC00854.S0,1,1,1,1,1,1,1,20251214,20261212
SC00855.S0,1,1,1,1,1,1,1,20251214,20261212
SC00856.S0,0,0,0,0,0,1,1,20251214,20261212
SC00857.S0,1,1,1,1,1,0,0,20251215,20261211
SC00859.S0,0,0,0,0,0,0,0,20260817,20261130
SC00860.S0,1,1,1,1,1,0,0,20260921,20261130
SC00469.S0,1,1,1,1,1,0,0,20261201,20261211
SC00861.S0,0,0,0,0,0,1,1,20251214,20261212
SC00864.S0,0,0,0,0,0,0,0,20260815,20261129
SC00865.S0,0,0,0,0,0,1,1,20260919,20261129
SC00302.S0,0,0,0,0,0,1,1,20261205,20261212
SC00866.S0,1,1,1,1,1,0,0,20251215,20261211
SC00871.S0,1,1,1,1,1,0,0,20251215,20261211
SC00872.S0,1,1,1,1,1,0,0,20251215,20261211
SC00874.S0,1,1,1,1,1,0,0,20251215,20261211
SC00876.S0,1,1,1,1,1,1,1,20251214,20261212
SC00878.S0,0,0,0,0,0,0,0,20260815,20261130
SC00879.S0,1,1,1,1,1,1,1,20260919,20261130
SC00476.S0,1,1,1,1,1,1,1,20261201,20261212
SC00881.S0,0,0,0,0,0,1,1,20251214,20261212
SC00882.S0,0,0,0,0,0,0,0,20260415,20261211
SC00883.S0,0,0,0,0,0,0,0,20251215,20261211
SC00884.S0,0,0,0,0,0,0,0,20260415,20261211
SC00885.S0,0,0,0,0,0,1,1,20251214,20261212
SC00887.S0,0,0,0,0,0,0,0,20260817,20261127
SC00888.S0,1,1,1,1,1,0,0,20260921,20261127
SC00889.S0,1,1,1,1,1,0,0,20261130,20261211
SC00890.S0,1,1,1,1,1,1,1,20251214,20261212
SC00891.S0,0,0,0,0,0,0,0,20260815,20261129
SC00892.S0,1,1,1,1,1,1,1,20260919,20261129
SC00893.S0,1,1,1,1,1,1,1,20261130,20261212
SC00144.S0,0,0,0,0,0,1,1,20251214,20261212
SC00894.S0,1,1,1,1,1,0,0,20251215,20261211
SC00895.S0,0,0,0,0,0,1,1,20251214,20261212
SC00896.S0,1,1,1,1,1,0,0,20251215,20261211
SC00897.S0,1,1,1,1,1,0,0,20251215,20261211
SC00898.S0,1,1,1,1,1,0,0,20260901,20261130
SC00899.S0,1,1,1,1,1,1,1,20251214,20261212
SC00900.S0,1,1,1,1,1,1,1,20251214,20261212
SC00901.S0,1,1,1,1,1,1,1,20251214,20261212
SC00902.S0,0,0,0,0,0,0,0,20260415,20261211
SC00903.S0,0,0,0,0,0,1,1,20251214,20261212
SC00904.S0,0,0,0,0,0,0,0,20260415,20261211
SC00905.S0,0,1,1,1,0,0,0,20260415,20261211
SC00906.S0,0,0,0,0,0,0,0,20251214,20261211
SC00909.S0,0,0,0,0,0,0,0,20260816,20261129
SC00910.S0,1,1,1,1,1,0,1,20260920,20261129
SC00911.S0,0,0,0,0,0,1,0,20251220,20261212
SC00912.S0,0,0,0,0,0,0,0,20260815,20261128
SC00913.S0,0,0,0,0,0,1,0,20260919,20261128
SC00914.S0,1,1,1,1,1,0,0,20251215,20261211
SC00915.S0,0,0,0,0,0,1,1,20251214,20261212
SC00916.S0,0,0,0,0,1,0,1,20251214,20261211
SC00917.S0,1,1,1,1,0,1,0,20251215,20261212
SC00918.S0,1,1,1,1,0,1,0,20251215,20261212
SC00137.S0,1,1,1,1,1,1,0,20251215,20261212
SC00919.S0,0,0,0,0,1,0,0,20251219,20261211
SC00920.S0,1,1,1,1,1,0,1,20251214,20261211
SC00921.S0,0,0,0,0,1,0,1,20251214,20261211
SC00922.S0,1,1,1,1,1,1,1,20251214,20261212
SC00923.S0,0,0,0,0,0,0,0,20251215,20261211
SC00926.S0,1,1,1,1,1,0,0,20260901,20261211
SC00927.S0,1,1,1,1,1,1,1,20251214,20261212
SC00928.S0,1,1,1,1,1,0,0,20251215,20261211
SC00929.S0,1,1,1,1,1,1,1,20251214,20261212
SC00930.S0,1,1,1,1,1,1,1,20260614,20261212
SC00931.S0,0,0,0,0,0,0,0,20251215,20261211
SC00932.S0,1,1,1,1,0,0,0,20251215,20261211
SC00933.S0,0,0,0,0,0,1,1,20251214,20261212
SC00934.S0,0,0,0,0,0,1,1,20251214,20261212
SC00935.S0,0,0,0,0,0,0,0,20251214,20261212
SC00936.S0,1,1,1,0,0,0,0,20251215,20261211
SC00937.S0,1,1,1,1,0,0,0,20251215,20261211
SC00938.S0,1,1,1,1,1,1,1,20251214,20261212
SC00939.S0,1,1,1,1,1,1,1,20251214,20261212
SC00940.S0,1,1,1,1,1,1,1,20251214,20261212
SC00941.S0,1,1,1,1,1,1,1,20251214,20261212
SC00942.S0,1,1,1,1,0,0,0,20251215,20261211
SC00943.S0,1,1,1,1,0,0,0,20251215,20261211
SC00944.S0,0,0,0,0,0,0,0,20251215,20261211
SC00945.S0,0,0,0,0,0,0,0,20251214,20261212
SC00947.S0,0,0,0,0,0,0,0,20251215,20261211
SC00948.S0,0,0,0,0,0,0,0,20251214,20261212
SC00950.S0,1,1,1,1,1,1,1,20260614,20261212
SC00951.S0,0,0,0,0,0,0,0,20251214,20261212
SC00953.S0,0,0,0,0,0,0,0,20251215,20261211
SC00954.S0,0,0,0,0,0,0,0,20251214,20261212
SC00955.S0,1,1,1,1,1,0,0,20260615,20261211
SC00956.S0,1,1,1,1,1,1,0,20251214,20261212
SC00958.S0,0,0,0,0,0,0,1,20260208,20261206
SC00960.S0,0,0,0,0,0,0,0,20260816,20261129
SC00961.S0,0,0,0,0,0,0,1,20260920,20261129
SC00965.S0,0,0,0,0,0,0,0,20251216,20261212
SC00966.S0,0,0,0,0,0,0,0,20251214,20261210
SC00968.S0,0,0,0,0,0,1,0,20260516,20261017
SC00969.S0,1,1,1,1,1,1,1,20251214,20261212
SC00972.S0,1,1,1,1,1,1,1,20251214,20261212
SC00973.S0,1,1,1,1,1,1,0,20251215,20261212
SC00974.S0,1,1,1,1,1,0,0,20251215,20261211
SC00976.S0,1,1,1,1,1,0,0,20260915,20261014
SC00977.S0,0,0,0,0,0,1,0,20251220,20261212
SC00978.S0,0,0,0,0,0,1,0,20260919,20261010
SC00979.S0,1,1,1,1,1,1,0,20251215,20261212
SC00981.S0,1,1,1,1,1,1,0,20260915,20261014
SC00982.S0,1,1,1,1,1,1,1,20251214,20261212
SC00984.S0,1,1,1,1,1,1,1,20260915,20261014
SC00985.S0,1,1,1,1,1,1,0,20251215,20261212
SC00986.S0,1,1,1,1,1,1,0,20260915,20261014
SC00987.S0,0,0,0,0,0,0,1,20251214,20261206
SC00989.S0,0,0,0,0,0,0,1,20260920,20261011
SC00990.S0,1,1,1,1,1,1,1,20251214,20261212
SC00991.S0,0,0,0,0,1,1,1,20251214,20261212
SC00994.S0,0,0,0,0,1,1,1,20251214,20261212
SC00995.S0,0,0,0,0,1,1,1,20251214,20261212
SC00996.S0,0,0,0,0,0,1,1,20260328,20261101
SC00998.S0,0,0,0,0,0,0,0,20260321,20261108
SC00236.S0,0,0,0,0,0,1,1,20261003,20261011
SC01000.S0,0,0,0,0,0,1,1,20260328,20261101
SC01002.S0,0,0,0,0,0,1,1,20260328,20261101
SC01006.S0,0,0,0,0,0,1,1,20260321,20261108
SC01007.S0,0,0,0,0,0,1,1,20260321,20261108
SC01008.S0,0,0,0,0,0,0,0,20260711,20261212
SC01009.S0,0,0,0,0,0,0,0,20260711,20261212
SC01011.S0,0,0,0,0,0,0,0,20251228,20261114
SC01012.S0,0,0,0,0,0,0,0,20261128,20261128
SC01014.S0,0,0,0,0,0,0,0,20251229,20261205
SC01015.S0,0,0,0,0,0,0,0,20251229,20261205
SC01016.S0,0,0,0,0,0,0,0,20260425,20261010
SC01017.S0,0,0,0,0,0,0,0,20261204,20261204
SC01019.S0,0,0,0,0,0,1,1,20260328,20261101
SC01020.S0,0,0,0,0,0,1,1,20251220,20261101
SC01021.S0,0,0,0,0,0,1,1,20260403,20261028
SC01022.S0,0,0,0,0,0,1,1,20260403,20261028
SC01023.S0,0,0,0,0,0,1,1,20260403,20261028
SC01025.S0,0,0,0,0,0,1,1,20260403,20261028
SC01026.S0,0,0,0,0,0,0,0,20251214,20261212
SC01027.S0,0,0,0,0,0,0,0,20251214,20261212
SC01028.S0,0,0,0,0,0,0,0,20251214,20261212
SC01029.S0,1,1,1,1,1,0,0,20251215,20261211
SC01031.S0,1,1,1,1,1,0,0,20251215,20261211
SC01032.S0,1,1,1,1,1,1,1,20251214,20261212
SC01034.S0,1,1,1,1,1,1,1,20251214,20261212
SC01035.S0,1,1,1,1,1,1,1,20251214,20261212
SC01036.S0,1,1,1,1,1,1,1,20251214,20261212
SC01037.S0,1,1,1,1,1,1,1,20251214,20261212
SC01039.S0,1,1,1,1,1,1,1,20251214,20261212
SC00139.S0,1,1,1,1,1,1,1,20251214,20261212
SC01042.S0,0,0,0,0,0,0,0,20251214,20261212
SC01043.S0,1,1,1,1,1,1,1,20251214,20261212
SC01044.S0,1,1,1,1,1,1,1,20251214,20261212
SC00238.S0,0,0,0,0,0,1,1,20251214,20261212
SC01047.S0,0,1,1,0,0,1,1,20251214,20261212
SC01046.S0,1,1,1,1,1,1,1,20260624,20261212
SC01051.S0,0,0,0,0,0,1,1,20251214,20261212
SC01053.S0,0,0,0,0,0,0,0,20251215,20261211
SC01056.S0,0,0,0,0,0,1,1,20251214,20261212
SC01055.S0,1,1,1,1,1,1,1,20260624,20261212
SC01059.S0,0,0,1,1,1,1,1,20251214,20261212
SC01061.S0,1,1,1,1,1,1,1,20251214,20261212
SC01062.S0,1,1,1,1,1,1,1,20251214,20261212
SC01064.S0,1,1,1,1,1,1,1,20251214,20261212
SC01065.S0,1,1,1,1,1,1,1,20251214,20261212
SC01066.S0,1,1,1,1,1,1,1,20251214,20261212
SC01067.S0,0,0,0,0,0,1,0,20251220,20261212
SC00138.S0,1,1,1,1,1,0,1,20251214,20261211
SC01068.S0,0,0,0,0,0,1,0,20251220,20261212
SC01069.S0,1,1,1,1,1,1,1,20251214,20261212
SC01071.S0,0,0,1,1,1,1,1,20251214,20261212
SC01073.S0,1,1,1,1,1,1,1,20251214,20261212
SC01075.S0,1,1,0,0,1,1,0,20251214,20261212
SC01074.S0,1,1,1,1,1,1,1,20260624,20261212
SC01080.S0,0,1,0,0,0,0,0,20251215,20261211
SC01079.S0,1,1,1,1,1,0,0,20260625,20261211
SC01081.S0,1,1,1,1,0,0,0,20251215,20261211
SC01083.S0,1,1,1,1,0,0,0,20251215,20261211
SC01084.S0,1,1,1,1,0,0,0,20251215,20261211
SC01086.S0,1,1,1,1,1,1,1,20251214,20261212
SC01085.S0,1,1,1,1,1,1,1,20260624,20261212
SC01088.S0,0,0,0,0,0,1,1,20251214,20261212
SC01087.S0,0,0,0,0,0,1,1,20260624,20261212
SC01089.S0,1,1,1,1,1,0,0,20260625,20261211
SC01091.S0,0,0,0,0,0,1,1,20251214,20261212
SC01092.S0,1,1,1,1,1,1,1,20251214,20261212
SC00272.S0,1,1,1,1,1,1,1,20261019,20261022
SC00273.S0,1,1,1,1,1,1,1,20261023,20261026
SC01100.S0,1,1,1,1,1,1,1,20251214,20261212
SC00270.S0,1,1,1,1,1,1,1,20261024,20261026
SC00271.S0,1,1,1,1,1,1,1,20261020,20261022
SC01101.S0,1,1,1,1,1,1,1,20251214,20261212
SC01105.S0,1,1,1,1,1,1,1,20251214,20261212
SC01106.S0,1,1,1,1,1,0,0,20251215,20261211
SC01109.S0,0,0,0,0,0,1,1,20251214,20261212
SC00246.S0,1,1,1,1,1,1,1,20261024,20261025
SC01110.S0,1,1,1,1,1,0,0,20251215,20261211
SC00275.S0,1,1,1,1,1,0,0,20261023,20261026
SC01114.S0,0,0,0,0,0,1,1,20251214,20261212
SC01119.S0,1,1,1,1,1,1,1,20251214,20261212
SC00276.S0,1,1,1,1,1,1,1,20261019,20261021
SC00277.S0,1,1,1,1,1,1,1,20261023,20261025
SC01120.S0,1,1,1,1,1,0,0,20251215,20261211
SC01123.S0,0,0,0,0,0,1,1,20251214,20261212
SC01124.S0,1,1,1,1,1,0,0,20251215,20261211
SC01125.S0,0,0,0,0,0,1,1,20251214,20261212
SC01126.S0,1,1,1,1,1,0,0,20251215,20261211
SC01128.S0,1,1,1,1,1,0,0,20251215,20261211
SC01129.S0,1,1,1,1,1,1,1,20251214,20261212
SC01130.S0,1,1,1,1,1,1,1,20251214,20261212
SC01133.S0,1,1,1,1,1,1,1,20251214,20261212
SC01134.S0,1,1,1,1,1,1,1,20251214,20261212
SC01135.S0,1,1,1,1,1,1,1,20251214,20261212
SC01139.S0,1,1,1,1,0,0,1,20251214,20261210
SC01142.S0,1,1,1,1,1,1,1,20251214,20261212
SC01143.S0,1,1,1,1,1,1,1,20251214,20261212
SC01144.S0,1,1,1,1,1,0,0,20251215,20261211
SC01149.S0,1,1,1,1,1,0,0,20251215,20261211
SC01150.S0,1,1,1,1,1,1,1,20251214,20261212
SC01154.S0,0,0,0,0,1,1,0,20251219,20261212
SC01159.S0,1,1,1,1,1,0,0,20251215,20261211
SC01160.S0,1,1,1,1,1,1,1,20251214,20261212
SC01161.S0,1,1,1,1,1,1,1,20251214,20261212
SC01163.S0,1,1,1,1,1,0,0,20251215,20261211
SC01164.S0,1,1,1,1,1,1,1,20251214,20261212
SC01168.S0,1,1,1,1,1,0,0,20251215,20261211
SC01170.S0,1,1,1,1,1,1,1,20251214,20261212
SC01175.S0,1,1,1,1,1,0,0,20251215,20261211
SC01176.S0,1,1,1,1,1,1,1,20251214,20261212
SC01177.S0,1,1,1,1,1,1,1,20251214,20261212
SC01179.S0,1,1,1,1,1,0,0,20251215,20261211
SC01181.S0,1,1,1,1,1,0,0,20251215,20261211
SC01182.S0,0,0,0,0,0,1,1,20251214,20261212
SC01183.S0,1,1,1,1,1,1,1,20251214,20261212
SC01184.S0,1,1,1,1,1,0,0,20251215,20261211
SC01187.S0,1,1,1,1,1,1,1,20251214,20261212
SC01188.S0,1,1,1,1,1,1,1,20251214,20261212
SC01191.S0,1,1,1,1,1,1,1,20251214,20261212
SC01193.S0,1,1,1,1,1,1,1,20251214,20261212
SC01196.S0,1,1,1,1,1,1,1,20251214,20261212
SC01197.S0,0,0,0,0,0,0,1,20251214,20261206
SC01201.S0,0,0,0,0,0,1,1,20251214,20261212
SC01203.S0,1,1,1,1,1,1,1,20251214,20261212
SC01204.S0,0,0,0,0,0,1,1,20251214,20261212
SC01206.S0,1,1,1,1,1,0,0,20251215,20261211
SC01209.S0,0,0,0,0,0,0,0,20251215,20261211
SC01211.S0,1,1,1,1,1,0,0,20260317,20261211
SC01212.S0,0,0,0,0,0,0,0,20251214,20261212
SC01215.S0,0,0,0,0,0,1,1,20260321,20261212
SC01219.S0,1,1,1,1,1,0,0,20260317,20261211
SC01221.S0,0,0,0,0,0,1,1,20260321,20261212
SC01222.S0,1,1,1,1,1,0,0,20251215,20261211
SC01224.S0,1,1,1,1,1,0,0,20251215,20261211
SC01225.S0,0,0,0,0,0,1,1,20260328,20261101
SC01226.S0,1,1,1,1,1,1,1,20251214,20261212
SC01229.S0,1,1,1,1,1,0,0,20251215,20261211
SC01230.S0,1,1,1,1,1,0,0,20251215,20261211
SC01232.S0,1,1,1,1,1,1,1,20251214,20261212
SC01233.S0,1,1,1,1,1,1,1,20251214,20261212
SC01234.S0,1,1,1,1,1,0,0,20251215,20261211
SC01235.S0,1,1,1,1,1,1,1,20251214,20261212
SC01236.S0,1,1,1,1,1,0,0,20251215,20261211
SC01237.S0,1,1,1,1,1,0,0,20251215,20261211
SC01238.S0,1,1,1,1,1,0,0,20251215,20261211
SC01239.S0,1,1,1,1,1,1,1,20251214,20261212
SC01240.S0,1,1,1,1,1,0,0,20251215,20261211
SC01241.S0,1,1,1,1,1,0,0,20251215,20261211
SC01242.S0,1,1,1,1,1,1,1,20251214,20261212
SC01244.S0,1,1,1,1,1,1,1,20251214,20261212
SC01246.S0,1,1,1,1,1,1,1,20251214,20261212
SC01247.S0,1,1,1,1,1,0,0,20251215,20261211
SC01250.S0,1,1,1,1,0,0,1,20251214,20261210
SC01251.S0,0,0,0,0,1,1,0,20251219,20261212
SC01256.S0,1,1,1,1,1,1,1,20261016,20261017
SC01257.S0,0,0,0,0,0,0,0,20260513,20261117
SC01259.S0,1,1,1,1,1,1,1,20251214,20261212
SC01260.S0,1,1,1,1,1,1,1,20251214,20261212
SC01261.S0,0,0,0,0,0,1,1,20251214,20261212
SC01262.S0,0,0,0,0,0,1,1,20251214,20261212
SC01263.S0,0,0,0,0,0,1,1,20251214,20261212
SC01264.S0,0,0,0,0,0,1,1,20260328,20261101
SC01265.S0,0,0,0,0,0,0,0,20251214,20261206
SC01267.S0,0,0,0,0,0,1,1,20260328,20261101
SC01269.S0,0,0,0,0,0,1,1,20251214,20261212
SC01270.S0,1,1,1,1,1,0,0,20251215,20261211
SC01271.S0,0,0,0,0,0,0,0,20251220,20261212
SC01273.S0,1,1,1,1,0,0,1,20251214,20261210
SC01276.S0,1,1,1,1,1,0,0,20251215,20261211
SC01277.S0,1,1,1,1,1,0,0,20251215,20261211
SC01278.S0,1,1,1,1,1,0,0,20251215,20261211
SC01279.S0,1,1,1,1,1,0,0,20251215,20261211
SC01280.S0,1,1,1,1,1,0,0,20251215,20261211
SC01281.S0,1,1,1,1,1,1,1,20251214,20261212
SC01282.S0,1,1,1,1,1,1,1,20251214,20261212
SC01283.S0,1,1,1,1,1,0,0,20251215,20261211
SC01285.S0,1,1,1,1,1,0,0,20251215,20261211
SC00432.S0,1,1,1,1,1,0,0,20260714,20261109
SC01286.S0,1,1,1,1,1,0,0,20251215,20261211
SC01289.S0,1,1,1,1,1,0,0,20260713,20261109
SC01291.S0,0,0,0,0,0,1,1,20251214,20261212
SC01292.S0,0,0,0,0,0,1,1,20260718,20261108
SC01293.S0,1,1,1,1,1,0,0,20251215,20261211
SC01294.S0,1,1,1,1,1,0,0,20260713,20261109
SC01295.S0,1,1,1,1,1,0,0,20260713,20261109
SC01296.S0,1,1,1,1,1,1,1,20251214,20261212
SC01297.S0,1,1,1,1,1,1,1,20260713,20261108
SC01299.S0,1,1,1,1,1,1,1,20251214,20261212
SC01300.S0,0,0,0,0,0,1,1,20260328,20261101
SC01301.S0,0,0,0,0,0,1,1,20251214,20261212
SC01302.S0,0,0,0,0,0,1,1,20251214,20261212
SC01305.S0,1,1,1,1,1,1,1,20251214,20261212
SC01306.S0,1,1,1,1,1,0,1,20251214,20261211
SC01307.S0,1,1,1,1,1,0,1,20260713,20261108
SC01309.S0,0,0,0,0,0,1,0,20251220,20261212
SC01310.S0,1,1,1,1,1,1,1,20251214,20261212
SC01311.S0,1,1,1,1,1,0,0,20251215,20261211
SC01312.S0,1,1,1,1,1,1,1,20251214,20261212
SC01313.S0,1,1,1,1,1,0,0,20251215,20261211
SC00433.S0,1,1,1,1,1,0,0,20260713,20261106
SC01314.S0,1,1,1,1,1,1,1,20251214,20261212
SC01316.S0,0,0,0,0,0,0,0,20260328,20261101
SC01319.S0,0,0,0,0,0,0,0,20260328,20261101
SC01320.S0,0,0,0,0,0,1,0,20251220,20261212
SC01322.S0,0,0,0,0,0,1,1,20251214,20261212
SC01323.S0,1,1,1,1,1,0,0,20251215,20261211
SC01324.S0,1,1,1,1,1,0,0,20260714,20261109
SC01325.S0,1,1,1,1,1,0,0,20251215,20261211
SC01326.S0,1,1,1,1,1,0,0,20251215,20261211
SC00434.S0,1,1,1,1,1,0,0,20260713,20261109
SC01327.S0,1,1,1,1,1,1,1,20251214,20261212
SC01328.S0,0,0,0,0,0,1,1,20260718,20261108
SC01329.S0,1,1,1,1,1,0,0,20260713,20261109
SC01330.S0,1,1,1,1,1,1,1,20251214,20261212
SC01331.S0,0,0,0,0,0,1,1,20251214,20261212
SC01332.S0,0,0,0,0,0,0,1,20260719,20261108
SC01333.S0,1,1,1,1,1,0,0,20260713,20261106
SC01335.S0,1,1,1,1,0,0,0,20251215,20261210
SC01336.S0,1,1,1,1,0,0,0,20260713,20261105
SC01338.S0,0,0,0,0,0,1,1,20251214,20261212
SC01339.S0,0,0,0,0,1,0,0,20251219,20261211
SC01340.S0,0,0,0,0,1,0,0,20260717,20261106
SC01341.S0,0,0,0,0,0,1,0,20251220,20261212
SC01342.S0,0,0,0,0,0,1,0,20260718,20261107
SC01344.S0,0,0,0,0,0,1,1,20251214,20261212
SC00293.S0,0,0,0,0,0,1,1,20261003,20261107
SC00391.S0,0,0,0,0,1,0,0,20251219,20261211
SC00435.S0,0,0,0,0,0,1,0,20251220,20261212
SC00436.S0,0,0,0,0,0,0,1,20251214,20261206
SC01345.S0,0,0,0,0,0,0,0,20251215,20261207
SC01346.S0,1,1,1,1,1,0,0,20251216,20261211
SC01349.S0,1,1,1,1,1,0,0,20251215,20261211
SC01350.S0,0,0,0,0,0,1,1,20251214,20261212
SC01351.S0,0,0,0,0,0,1,1,20251214,20261212
SC01352.S0,0,0,0,0,0,1,1,20251214,20261212
SC01356.S0,1,1,1,1,1,0,0,20251215,20261211
SC01363.S0,0,0,0,0,0,1,1,20251214,20261212
SC01366.S0,1,1,1,1,1,1,1,20251214,20261212
SC01371.S0,1,1,1,1,1,0,0,20251215,20261211
SC01374.S0,1,1,1,1,1,0,0,20251215,20261211
SC01376.S0,1,1,1,1,1,0,0,20251215,20261211
SC01377.S0,1,1,1,1,1,1,1,20251214,20261212
SC01378.S0,1,1,1,1,1,1,1,20251214,20261212
SC01379.S0,1,1,1,1,1,0,0,20251215,20261211
SC01380.S0,0,0,0,0,0,1,1,20251214,20261212
SC01381.S0,1,1,1,1,1,0,0,20251215,20261211
SC01382.S0,0,0,0,0,0,0,0,20251215,20261211
SC01383.S0,0,0,0,0,0,0,0,20260226,20261211
SC01384.S0,1,1,1,1,1,0,0,20260313,20261211
SC01385.S0,1,1,1,1,1,0,0,20251215,20261211
SC01387.S0,1,1,1,1,1,1,1,20251214,20261212
SC01390.S0,1,1,1,1,1,0,0,20251215,20261211
SC01391.S0,0,0,0,0,0,1,1,20251214,20261212
SC01392.S0,1,1,1,1,1,0,0,20251215,20261211
SC01393.S0,0,0,0,0,0,1,1,20251214,20261212
SC01394.S0,1,1,1,1,1,0,0,20251215,20261211
SC01395.S0,1,1,1,1,1,1,1,20251214,20261212
SC01396.S0,1,1,1,1,1,0,0,20251215,20261211
SC01398.S0,0,0,0,0,0,1,1,20251214,20261212
SC01399.S0,1,1,1,1,1,0,0,20251215,20261211
SC01400.S0,1,1,1,1,1,0,0,20251215,20261211
SC01401.S0,1,1,1,1,1,1,1,20251214,20261212
SC01402.S0,1,1,1,1,1,0,0,20251215,20261211
SC01403.S0,1,1,1,1,1,0,0,20251215,20261211
SC01404.S0,1,1,1,1,1,0,0,20251215,20261211
SC01405.S0,1,1,1,1,1,0,0,20251215,20261211
SC01406.S0,1,1,1,1,1,0,0,20251215,20261211
SC01407.S0,1,1,1,1,1,0,0,20251215,20261211
SC01408.S0,1,1,1,1,1,0,0,20251215,20261211
SC01409.S0,1,1,1,1,1,0,0,20251215,20261211
SC01410.S0,1,1,1,1,1,0,0,20251215,20261211
SC01411.S0,0,0,0,0,0,1,1,20251214,20261212
SC01412.S0,1,1,1,1,1,0,0,20251215,20261211
SC01413.S0,1,1,1,1,1,0,0,20251215,20261211
SC01414.S0,0,0,0,0,0,1,1,20251214,20261212
SC01415.S0,1,1,1,1,1,0,0,20251215,20261211
SC01422.S0,1,1,1,1,1,0,0,20251215,20261211
SC01424.S0,1,1,1,1,1,0,0,20251215,20261211
SC01425.S0,1,1,1,1,1,0,0,20251215,20261211
SC01427.S0,1,1,1,1,1,0,0,20251215,20261211
SC01428.S0,1,1,1,1,1,0,0,20251215,20261211
SC01429.S0,1,1,1,1,1,0,0,20251215,20261211
SC01430.S0,1,1,1,1,1,0,0,20251215,20261211
SC01431.S0,1,1,1,1,1,0,0,20251215,20261211
SC01432.S0,1,1,1,1,1,0,0,20251215,20261211
SC01433.S0,0,0,0,0,0,1,1,20251214,20261212
SC01437.S0,0,0,0,0,0,1,1,20260704,20261018
SC01439.S0,0,0,0,0,0,1,1,20251214,20261212
SC01441.S0,0,0,0,0,0,1,1,20251214,20261212
SC01444.S0,0,0,0,0,0,1,1,20251214,20261212
SC01445.S0,0,0,0,0,0,1,0,20251214,20261212
SC01446.S0,0,0,0,0,0,1,1,20251214,20261212
SC01447.S0,0,0,0,0,0,1,0,20251214,20261212
SC01448.S0,0,0,0,0,0,1,1,20251214,20261212
SC01449.S0,0,0,0,0,0,1,1,20260704,20261018
SC01450.S0,1,1,1,1,1,1,1,20260328,20261101
SC01451.S0,1,1,1,1,1,1,1,20260328,20261101
SC01452.S0,1,1,1,1,1,1,1,20260328,20261101
SC01453.S0,1,1,1,1,1,1,1,20260328,20261101
SC01454.S0,1,1,1,1,1,1,1,20260328,20261101
SC01455.S0,1,1,1,1,1,1,1,20260328,20261101
SC01456.S0,0,0,0,0,0,0,0,20260328,20261101
SC00409.S0,0,0,0,0,0,1,1,20260627,20261101
SC01457.S0,0,0,0,0,0,1,1,20260328,20261101
SC01458.S0,0,0,0,0,0,1,1,20260328,20261101
SC01459.S0,0,0,0,0,0,1,1,20260328,20261101
SC01460.S0,1,1,1,1,1,0,0,20251215,20261211
SC01462.S0,1,1,1,1,1,0,0,20251215,20261211
SC01463.S0,1,1,1,1,1,0,0,20251215,20261211
SC01467.S0,0,0,0,0,0,1,1,20260321,20261101
SC01468.S0,0,0,0,0,0,0,0,20261003,20261101
SC01469.S0,0,0,0,0,0,1,1,20260321,20261101
SC01472.S0,0,0,0,0,0,0,0,20261205,20261205
SC01473.S0,0,0,0,0,0,0,0,20260102,20261204
SC01474.S0,0,0,0,0,0,1,1,20260321,20261101
SC00232.S0,0,0,0,0,0,1,1,20260321,20261101
SC01476.S0,0,0,0,0,0,0,0,20260321,20261101
SC01480.S0,0,0,0,0,0,0,0,20260321,20261101
SC01483.S0,0,0,0,0,0,0,0,20260606,20261028
SC01485.S0,0,0,0,0,0,0,0,20260706,20261028
SC01486.S0,0,0,0,0,0,0,0,20251215,20261211
SC01487.S0,1,1,1,1,1,1,0,20251215,20261212
SC00172.S0,0,0,0,0,0,0,0,20261028,20261028
SC01489.S0,0,0,0,0,0,0,0,20251214,20261212
SC01491.S0,0,0,0,0,0,0,0,20251214,20261212
SC01492.S0,0,0,0,0,0,1,1,20260328,20261212
SC01493.S0,1,1,1,1,1,1,1,20251216,20261212
SC00185.S0,1,0,0,0,0,1,1,20260926,20261011
SC01521.S0,0,0,0,0,0,0,0,20251216,20261212
SC01530.S0,1,1,1,1,1,1,1,20260506,20261212
SC01534.S0,0,0,0,0,0,0,1,20251214,20261206
SC01535.S0,1,1,1,1,1,1,1,20251215,20261212
SC01548.S0,1,1,1,1,1,1,1,20251215,20261212
SC01550.S0,0,0,0,0,0,0,0,20251214,20261212
SC01551.S0,0,0,0,0,0,1,1,20251220,20261212
SC01553.S0,1,1,1,1,1,0,0,20251215,20261211
SC01555.S0,1,1,1,1,1,0,0,20251215,20261211
SC01557.S0,0,0,0,0,0,1,1,20251214,20261212
SC01559.S0,1,1,1,1,1,1,1,20251214,20261212
SC01561.S0,0,0,0,0,0,0,0,20251215,20261211
SC01562.S0,1,1,1,1,1,0,0,20260209,20261211
SC01563.S0,0,0,0,0,0,1,1,20251214,20261212
SC01564.S0,1,1,1,1,1,1,1,20251214,20261212
SC01565.S0,1,1,1,1,1,0,0,20251215,20261211
SC01566.S0,1,1,1,1,1,1,1,20251214,20261212
SC01568.S0,1,1,1,1,1,1,1,20251214,20261212
SC01571.S0,1,1,1,1,1,0,0,20251215,20261211
SC01572.S0,1,1,1,1,1,0,0,20251215,20261211
SC01573.S0,1,1,1,1,1,0,1,20251214,20261211
SC01575.S0,0,0,0,0,0,1,0,20251220,20261212
SC01576.S0,1,1,1,1,1,0,0,20251215,20261211
SC01577.S0,0,0,0,0,0,0,0,20251214,20261212
SC01578.S0,1,1,1,1,1,1,1,20260527,20261212
SC01579.S0,0,0,0,0,0,1,1,20251214,20261212
SC01580.S0,1,1,1,1,1,1,1,20251214,20261212
SC01581.S0,1,1,1,1,1,1,1,20251214,20261212
SC01582.S0,1,1,1,1,1,1,1,20251214,20261212
SC01583.S0,1,1,1,1,1,1,1,20251214,20261212
SC01585.S0,1,1,1,1,1,0,0,20251215,20261211
SC01588.S0,0,0,0,0,0,1,1,20251214,20261212
SC01590.S0,1,1,1,1,1,1,1,20251214,20261212
SC01595.S0,0,0,0,0,0,0,0,20251214,20261212
SC01598.S0,1,1,1,1,1,1,1,20260830,20261024
SC01599.S0,1,1,1,1,1,0,0,20251215,20261211
SC01600.S0,0,0,0,0,0,1,1,20251214,20261212
SC01601.S0,1,1,1,1,1,1,1,20251214,20261212
SC01602.S0,1,1,1,1,1,1,1,20251214,20261212
SC01611.S0,1,1,1,1,1,1,1,20251214,20261212
SC01613.S0,1,1,1,1,1,1,1,20251214,20261212
SC01614.S0,1,1,1,1,1,1,0,20251215,20261212
SC01617.S0,1,1,1,1,1,1,1,20251214,20261212
SC01618.S0,1,1,1,1,1,1,1,20251214,20261212
SC01619.S0,1,1,1,1,1,1,1,20251214,20261212
SC01620.S0,1,1,1,1,0,1,1,20251214,20261212
SC01624.S0,0,0,0,0,1,0,0,20251219,20261211
SC01627.S0,1,1,1,1,0,1,0,20251215,20261212
SC01631.S0,0,0,0,0,0,0,1,20251214,20261206
SC01633.S0,1,1,1,1,0,1,0,20251215,20261212
SC01638.S0,0,0,0,0,0,0,1,20251214,20261206
SC01639.S0,1,1,1,1,0,1,0,20251215,20261212
SC01640.S0,1,1,1,1,0,1,0,20251215,20261212
SC01641.S0,1,1,1,1,0,1,0,20251215,20261212
SC01642.S0,1,1,1,1,0,1,0,20251215,20261212
SC01644.S0,1,1,1,1,1,0,0,20251215,20261211
SC01648.S0,1,1,1,1,1,0,0,20251215,20261211
SC01651.S0,0,0,0,0,0,0,0,20251220,20261212
SC01652.S0,0,0,0,0,0,0,0,20251214,20261211
SC01656.S0,1,1,1,1,1,0,1,20260419,20261211
SC01660.S0,0,0,0,0,0,0,0,20260103,20261117
SC01662.S0,1,1,1,1,1,0,0,20251215,20261211
SC01664.S0,0,0,0,0,0,0,0,20260901,20261120
SC01665.S0,0,0,0,0,0,0,0,20251214,20261212
SC01666.S0,0,0,0,0,0,1,1,20251214,20261212
SC01668.S0,1,1,1,1,1,0,0,20251215,20261211
SC01669.S0,0,0,0,0,0,0,0,20251215,20261211
SC01670.S0,1,1,1,1,1,0,0,20260420,20261211
SC01671.S0,0,0,0,0,0,0,0,20251214,20261212
SC01672.S0,0,0,0,0,0,1,1,20251214,20261212
SC01673.S0,1,1,1,1,1,0,0,20251215,20261211
SC01674.S0,0,0,0,0,0,0,0,20251215,20261211
SC01675.S0,1,1,1,1,1,0,0,20260416,20261211
SC01676.S0,0,0,0,0,1,0,0,20251219,20261211
SC01677.S0,1,1,1,1,0,0,0,20251215,20261210
SC01678.S0,0,0,0,0,0,0,0,20251230,20261116
SC01679.S0,0,0,0,0,0,0,0,20251214,20261212
SC01682.S0,0,0,0,0,0,1,0,20251220,20261212
SC01686.S0,0,0,0,0,0,1,0,20251220,20261212
SC01687.S0,0,0,0,0,0,0,0,20251231,20261028
SC01688.S0,0,0,0,0,0,0,0,20251215,20261211
SC01689.S0,1,1,1,1,1,0,0,20260415,20261211
SC01690.S0,0,0,0,0,0,0,0,20251220,20261212
SC01692.S0,0,0,0,0,0,1,0,20260418,20261212
SC00202.S0,0,0,0,0,0,0,0,20261028,20261117
SC01693.S0,1,1,1,1,1,0,0,20251215,20261211
SC01694.S0,0,0,0,0,0,0,0,20251215,20261211
SC01696.S0,1,1,1,1,1,0,0,20260415,20261211
SC01697.S0,0,0,0,0,0,0,0,20251214,20261212
SC01699.S0,1,1,1,1,1,1,1,20260415,20261212
SC01700.S0,1,1,1,1,1,0,0,20251215,20261211
SC01701.S0,0,0,0,0,0,0,0,20251219,20261211
SC01702.S0,0,0,0,0,0,0,0,20251214,20261212
SC01703.S0,0,0,0,0,0,0,0,20251215,20261210
SC01704.S0,0,0,0,0,0,0,0,20260102,20261116
SC01705.S0,0,0,0,0,0,0,0,20251214,20261212
SC01707.S0,1,1,1,1,1,1,1,20260415,20261212
SC01708.S0,0,0,0,0,0,1,0,20251220,20261212
SC01711.S0,0,0,0,0,0,1,0,20251220,20261212
SC01713.S0,1,1,1,1,1,0,0,20251215,20261211
SC01715.S0,0,0,0,0,0,0,1,20251214,20261206
SC01717.S0,0,0,0,0,0,0,1,20251214,20261206
SC01718.S0,0,0,0,0,0,1,0,20251220,20261212
SC01719.S0,1,1,1,1,1,0,0,20251215,20261211
SC01722.S0,1,1,1,1,1,0,0,20251215,20261211
SC01723.S0,0,0,0,0,0,1,0,20251220,20261212
SC01724.S0,0,0,0,0,0,0,1,20251214,20261206
SC01725.S0,1,1,1,1,1,0,1,20251214,20261211
SC01727.S0,0,0,0,0,0,0,1,20251214,20261206
SC01728.S0,1,1,1,1,1,0,1,20251214,20261211
SC01729.S0,0,0,0,0,0,1,1,20251214,20261212
SC01731.S0,0,0,0,0,0,1,0,20251220,20261212
SC01733.S0,1,1,1,1,1,0,1,20251214,20261211
SC01734.S0,1,1,1,1,1,1,0,20251215,20261212
SC01736.S0,0,0,0,0,0,0,1,20251214,20261206
SC01737.S0,0,0,0,0,0,1,0,20251220,20261212
SC01738.S0,0,0,0,0,0,0,1,20251214,20261206
SC01739.S0,1,1,1,1,1,0,0,20251215,20261211
SC01740.S0,1,1,1,1,1,0,0,20251215,20261211
SC01741.S0,1,1,1,1,1,1,1,20251214,20261212
SC01743.S0,1,1,1,1,1,0,0,20251215,20261211
SC01744.S0,1,1,1,1,1,1,0,20251215,20261212
SC01746.S0,0,0,0,0,0,1,1,20251214,20261212
SC01748.S0,1,1,1,1,1,1,0,20251215,20261212
SC01749.S0,1,1,1,1,1,0,0,20251215,20261211
SC01751.S0,0,0,0,0,0,1,1,20251214,20261212
SC01752.S0,1,1,1,1,1,0,0,20251215,20261211
SC01754.S0,1,1,1,1,1,0,0,20251215,20261211
SC01756.S0,1,1,1,1,1,0,0,20251215,20261211
SC01757.S0,1,1,1,1,1,1,1,20251214,20261212
SC01759.S0,1,1,1,1,1,0,0,20251215,20261211
SC01765.S0,1,1,1,1,1,1,1,20251214,20261212
SC01767.S0,1,1,1,1,1,1,1,20251214,20261212
SC01768.S0,1,1,1,1,1,0,0,20251215,20261211
SC01770.S0,1,1,1,1,1,1,1,20251214,20261212
SC01772.S0,1,1,1,1,1,0,0,20251215,20261211
SC01773.S0,1,1,1,1,1,1,1,20251214,20261212
SC01774.S0,1,1,1,1,1,1,1,20251214,20261212
SC01776.S0,0,0,0,0,1,0,0,20251219,20261211
SC01778.S0,1,1,1,1,0,0,0,20251215,20261210
SC01780.S0,0,0,0,0,1,1,0,20251219,20261212
SC01784.S0,1,1,1,1,0,0,1,20251214,20261210
SC01785.S0,0,0,0,0,0,1,1,20260328,20261025
SC01787.S0,0,0,0,0,0,1,1,20260328,20261025
SC01788.S0,1,0,0,0,0,0,0,20251215,20261207
SC01790.S0,0,1,1,1,1,1,1,20251214,20261212
SC01792.S0,1,1,1,1,1,1,1,20251214,20261212
SC01793.S0,1,1,1,1,1,1,1,20251214,20261212
SC01794.S0,1,1,1,1,1,0,0,20251215,20261211
SC01795.S0,1,1,1,1,1,0,0,20251215,20261211
SC01796.S0,1,1,1,1,1,0,0,20251215,20261211
SC01797.S0,0,0,0,0,0,1,1,20251214,20261212
SC01798.S0,0,0,0,0,0,1,1,20251214,20261212
SC01802.S0,1,1,1,1,1,1,0,20251215,20261212
SC01804.S0,0,0,0,0,0,1,1,20260328,20261025
SC01807.S0,1,1,1,1,1,0,0,20251214,20261212
SC01808.S0,0,0,0,0,0,1,1,20260328,20261025
SC01810.S0,0,0,0,0,0,0,1,20260329,20261025
SC01812.S0,1,1,1,1,1,0,0,20251215,20261211
SC00173.S0,0,0,0,0,0,1,1,20251214,20261212
SC01813.S0,1,1,1,1,1,1,1,20251214,20261212
SC01815.S0,1,1,1,1,1,0,0,20251215,20261211
SC01817.S0,1,1,1,1,1,1,1,20251214,20261212
SC01818.S0,0,0,0,0,0,1,1,20251214,20261212
SC01819.S0,0,0,0,0,1,0,0,20251219,20261211
SC01820.S0,0,0,0,0,0,0,1,20251214,20261206
SC01821.S0,0,0,0,0,0,0,1,20251214,20261206
SC01822.S0,1,1,1,1,1,1,1,20251214,20261212
SC01823.S0,1,1,1,1,1,1,1,20251214,20261212
SC01824.S0,1,1,1,1,1,0,0,20251215,20261211
SC01825.S0,1,1,1,1,0,0,0,20251215,20261210
SC00181.S0,0,0,0,0,0,0,1,20251214,20261206
SC01828.S0,1,1,1,1,1,1,1,20251214,20261212
SC01832.S0,1,1,1,1,1,1,1,20251214,20261212
SC01833.S0,1,1,1,1,1,1,1,20251214,20261212
SC01834.S0,1,1,1,1,1,1,1,20251214,20261212
SC01835.S0,1,1,1,1,1,0,0,20251215,20261211
SC01836.S0,1,1,1,1,1,1,1,20251214,20261212
SC01837.S0,1,1,1,1,1,0,0,20251215,20261211
SC01838.S0,0,0,0,0,0,1,1,20251214,20261212
SC01839.S0,1,1,1,1,1,0,0,20251215,20261211
SC01840.S0,1,1,1,1,1,0,0,20251215,20261211
SC01841.S0,0,0,0,0,0,1,1,20251214,20261212
SC01842.S0,0,0,0,0,0,0,0,20260425,20261122
SC01843.S0,0,0,0,0,0,1,1,20251214,20261212
SC01847.S0,0,1,1,1,1,0,0,20251215,20261211
SC01848.S0,0,0,0,0,1,0,0,20251219,20261211
SC01850.S0,1,1,1,1,1,0,0,20251215,20261211
SC01851.S0,0,0,0,0,0,0,0,20261003,20261122
SC01852.S0,1,1,1,1,1,1,0,20251215,20261212
SC01855.S0,0,0,0,0,0,1,0,20251220,20261212
SC01856.S0,0,0,0,0,0,0,1,20251214,20261206
SC01858.S0,0,0,0,0,0,1,1,20251214,20261212
SC01859.S0,1,1,1,1,1,0,0,20251215,20261211
SC01860.S0,1,1,1,1,1,0,0,20251215,20261211
SC00460.S0,0,0,0,0,0,1,1,20251214,20261212
SC01862.S0,1,1,1,1,1,1,1,20251214,20261212
SC01864.S0,1,1,1,1,1,1,1,20251214,20261212
SC01865.S0,1,1,1,1,1,1,1,20251214,20261212
SC01866.S0,1,1,1,1,1,1,1,20251214,20261212
SC01867.S0,0,0,0,0,0,0,1,20251214,20261206
SC01868.S0,1,1,1,1,1,1,0,20251215,20261212
SC01869.S0,1,1,1,1,1,0,0,20251215,20261211
SC01870.S0,0,0,0,0,0,0,1,20251214,20261206
SC00264.S0,1,1,1,1,1,0,0,20251215,20261211
SC01876.S0,0,1,0,0,0,0,0,20251215,20261211
SC00283.S0,1,1,1,1,1,0,0,20260615,20261211
SC01877.S0,1,1,1,1,1,0,0,20251215,20261211
SC01879.S0,1,1,1,1,1,0,0,20251215,20261211
SC01880.S0,1,1,1,1,1,0,0,20251215,20261211
SC01881.S0,0,0,0,0,0,1,0,20251220,20261212
SC01882.S0,0,0,0,0,0,1,0,20260620,20261212
SC01883.S0,1,1,0,0,0,0,0,20251214,20261211
SC01884.S0,1,1,1,1,1,0,1,20260614,20261211
SC01885.S0,1,1,0,1,1,1,1,20251214,20261212
SC00487.S0,1,1,1,1,1,1,1,20260614,20261212
SC01886.S0,1,1,1,1,1,1,1,20251214,20261212
SC01887.S0,1,1,1,1,1,1,1,20251214,20261212
SC00316.S0,1,1,1,1,1,0,0,20251215,20261211
SC01888.S0,1,1,1,1,1,1,1,20251214,20261212
SC01889.S0,0,0,0,0,0,0,1,20251214,20261206
SC01890.S0,0,0,0,0,0,0,1,20251214,20261206
SC01891.S0,1,1,1,1,1,1,0,20251215,20261212
SC00437.S0,0,0,0,0,0,1,1,20251214,20261212
SC01892.S0,0,0,0,0,0,0,1,20251214,20261206
SC01893.S0,1,1,1,1,1,1,0,20251215,20261212
SC01896.S0,1,1,1,1,1,1,1,20251214,20261212
SC01898.S0,1,1,1,1,1,1,1,20251214,20261212
SC01899.S0,1,1,1,1,1,1,1,20251214,20261212
SC01900.S0,1,1,1,1,1,0,1,20251214,20261211
SC01901.S0,0,0,0,0,0,1,0,20251220,20261212
SC01902.S0,1,1,1,1,1,1,1,20251214,20261212
SC01903.S0,1,1,1,1,1,1,1,20251214,20261212
SC00148.S0,1,1,1,1,1,1,1,20251214,20261212
SC01904.S0,1,1,1,1,1,1,1,20251214,20261212
SC01905.S0,1,1,1,1,1,0,0,20251215,20261211
SC01906.S0,1,1,1,1,1,0,0,20251215,20261211
SC01907.S0,1,1,1,1,1,0,0,20251215,20261211
SC01908.S0,1,1,1,1,1,0,0,20251215,20261211
SC01909.S0,0,0,0,0,1,1,0,20251219,20261212
SC01910.S0,1,1,1,1,1,1,1,20260328,20261025
SC01911.S0,1,1,1,1,1,1,1,20260328,20261025
SC01912.S0,0,0,0,0,0,1,1,20251214,20261206
SC01913.S0,0,0,0,0,0,0,0,20251214,20261206
SC01914.S0,0,0,0,0,0,1,1,20260328,20261025
SC01915.S0,0,0,0,0,0,0,0,20260328,20261024
SC01916.S0,0,0,0,0,0,0,1,20260329,20261025
SC01917.S0,1,1,1,1,1,0,0,20251215,20261211
SC01919.S0,1,1,1,1,1,1,1,20251214,20261212
SC01920.S0,1,1,1,1,1,0,0,20260216,20261211
SC01923.S0,0,0,0,0,0,1,1,20251214,20261212
SC01924.S0,1,1,1,1,1,1,1,20251214,20261212
SC01925.S0,0,0,0,0,0,0,0,20251215,20261211
SC01926.S0,1,1,1,1,1,0,0,20260615,20261211
SC01927.S0,0,0,0,0,0,0,0,20251215,20261211
SC01928.S0,1,1,1,1,1,0,0,20260615,20261211
SC01930.S0,1,1,1,1,1,1,1,20251214,20261212
SC01931.S0,1,1,1,1,1,1,1,20251214,20261212
SC01932.S0,1,1,1,1,1,1,1,20251214,20261212
SC01933.S0,1,1,1,1,1,1,1,20251214,20261212
SC01934.S0,1,1,1,1,1,1,1,20251214,20261212
SC01936.S0,1,1,1,1,1,1,1,20251214,20261212
SC01937.S0,0,0,0,0,0,1,1,20251214,20261212
SC01938.S0,1,1,1,1,1,1,1,20251214,20261212
SC01939.S0,1,1,1,1,1,1,1,20251214,20261212
SC01941.S0,0,0,0,0,0,1,1,20251214,20261212
SC01942.S0,0,0,0,0,0,0,0,20251214,20261212
SC01943.S0,0,0,0,0,0,0,0,20260208,20261212
SC01944.S0,1,1,1,1,1,1,1,20260308,20261212
SC00149.S0,0,0,0,0,0,1,0,20251220,20261212
SC01945.S0,1,1,1,1,1,1,1,20251214,20261212
SC01946.S0,0,0,0,0,1,1,0,20251219,20261212
SC01948.S0,1,1,1,1,0,0,0,20251215,20261210
SC01950.S0,1,1,1,1,1,0,0,20251215,20261211
SC01951.S0,1,1,1,1,1,0,0,20251215,20261211
SC01955.S0,1,1,1,1,1,0,0,20251215,20261211
SC01957.S0,1,1,1,1,1,1,1,20251214,20261212
SC01959.S0,1,1,1,1,1,1,1,20251214,20261212
SC01961.S0,1,1,1,1,1,1,1,20251214,20261212
SC01962.S0,1,1,1,1,1,1,1,20251214,20261212
SC01963.S0,1,1,1,1,1,1,1,20261005,20261019
SC01964.S0,1,1,1,1,1,0,0,20251215,20261211
SC01965.S0,0,0,0,0,0,0,1,20251214,20261206
SC01966.S0,0,0,0,0,0,0,0,20251215,20261212
SC01969.S0,1,1,1,1,1,1,0,20260601,20261212
SC01971.S0,0,0,0,0,0,0,0,20251215,20261212
SC01972.S0,1,1,1,1,1,1,0,20260601,20261212
SC01973.S0,0,0,0,0,0,0,0,20251214,20261212
SC01976.S0,1,1,1,1,1,1,1,20260601,20261212
SC01978.S0,0,0,0,0,0,0,0,20251214,20261212
SC01980.S0,0,0,0,0,0,0,0,20251214,20261212
SC01981.S0,0,0,0,0,0,0,0,20251214,20261212
SC01983.S0,0,0,0,0,0,0,0,20251214,20261212
SC01984.S0,1,1,1,1,1,1,1,20260601,20261212
SC01985.S0,0,0,0,0,0,0,0,20251214,20261212
SC01986.S0,1,1,1,1,1,1,1,20260601,20261212
SC01988.S0,0,0,0,0,0,0,0,20251214,20261206
SC01989.S0,0,0,0,0,0,0,1,20260607,20261206
SC01990.S0,1,1,1,1,1,1,0,20251215,20261212
SC01991.S0,1,1,1,1,1,1,1,20251214,20261212
SC01992.S0,1,1,1,1,1,1,1,20251214,20261212
SC01994.S0,1,1,1,1,1,1,1,20251214,20261212
SC01995.S0,1,1,1,1,1,0,0,20251215,20261211
SC01996.S0,1,1,1,1,1,1,1,20251214,20261212
SC01997.S0,1,1,1,1,1,0,0,20251215,20261211
SC02002.S0,1,1,1,1,1,1,1,20260816,20261212
SC02006.S0,1,1,1,1,1,0,0,20260817,20261211
SC02008.S0,0,0,0,0,0,0,0,20251214,20261212
SC02009.S0,0,0,0,0,0,0,0,20251214,20261212
SC02010.S0,0,0,0,0,0,0,0,20251214,20261212
SC02012.S0,0,0,0,0,0,0,0,20261030,20261212
SC02013.S0,1,1,1,1,1,1,1,20260816,20261211
SC02015.S0,0,0,0,0,0,0,0,20251214,20261212
SC02018.S0,0,0,0,0,0,0,0,20251215,20261211
SC02020.S0,0,0,0,0,0,0,0,20251215,20261211
SC02021.S0,0,0,0,0,0,0,0,20251214,20261212
SC02023.S0,0,0,0,0,0,0,0,20251214,20261206
SC02026.S0,0,0,0,0,0,0,0,20251215,20261212
SC02030.S0,0,0,0,0,0,0,0,20251220,20261212
SC02033.S0,0,0,0,0,0,0,0,20251214,20261211
SC02036.S0,0,0,0,0,0,0,0,20251214,20261206
SC02037.S0,0,0,0,0,0,0,0,20251221,20261212
SC02038.S0,0,0,0,0,0,0,0,20251214,20261212
SC02041.S0,0,0,0,0,0,0,0,20251220,20261212
SC02042.S0,0,0,0,0,0,0,0,20251214,20261206
SC02044.S0,0,0,0,0,0,0,0,20251219,20261211
SC02048.S0,0,0,0,0,0,0,0,20251215,20261210
SC02053.S0,0,0,0,0,0,0,0,20251214,20261211
SC02055.S0,0,0,0,0,0,0,0,20251215,20261212
SC02058.S0,0,0,0,0,0,0,0,20251214,20261206
SC02059.S0,0,0,0,0,0,0,0,20251219,20261211
SC02060.S0,0,0,0,0,0,0,0,20251214,20261212
SC02062.S0,0,0,0,0,0,0,0,20251214,20261206
SC02063.S0,0,0,0,0,0,0,0,20251220,20261212
SC02064.S0,0,0,0,0,0,0,0,20251219,20261211
SC02065.S0,0,0,0,0,0,0,0,20251215,20261210
SC02066.S0,0,0,0,0,0,0,0,20251214,20261212
SC02067.S0,0,0,0,0,0,0,0,20251220,20261212
SC02068.S0,0,0,0,0,0,0,0,20251219,20261211
SC02069.S0,0,0,0,0,0,0,0,20251215,20261210
SC02070.S0,0,0,0,0,0,1,0,20260403,20261031
SC02072.S0,0,0,0,0,0,0,1,20260404,20261101
SC02075.S0,1,1,1,1,1,0,0,20260407,20261030
SC02077.S0,1,1,1,1,1,0,0,20260407,20261030
SC02078.S0,0,0,0,0,0,1,1,20260403,20261101
SC02080.S0,0,0,0,0,0,1,1,20260403,20261101
SC02081.S0,1,1,1,1,1,0,0,20260404,20261030
SC02082.S0,1,1,1,1,1,0,1,20260404,20261101
SC02085.S0,1,1,1,1,1,1,1,20261025,20261026
SC02086.S0,0,0,0,0,0,0,1,20260403,20261101
SC02087.S0,0,0,0,0,0,1,0,20260404,20261031
SC02088.S0,0,0,0,0,1,0,0,20260410,20261030
SC02090.S0,1,1,1,1,0,0,0,20260407,20261029
SC02092.S0,0,0,0,0,0,1,0,20260403,20261031
SC02093.S0,1,1,1,1,1,0,1,20260404,20261101
SC02094.S0,1,1,1,1,0,0,0,20260407,20261029
SC02095.S0,0,0,0,0,1,0,1,20260403,20261101
SC02097.S0,1,1,1,1,1,0,1,20261023,20261025
SC02098.S0,1,1,1,1,0,1,0,20260404,20261031
SC02101.S0,0,0,0,0,0,0,1,20260403,20261101
SC02102.S0,0,0,0,0,0,0,1,20260406,20261101
SC02103.S0,0,0,0,0,0,1,0,20260403,20261031
SC02104.S0,0,0,0,0,1,0,0,20260410,20261030
SC02105.S0,1,1,1,1,0,1,1,20260403,20261101
SC02107.S0,1,1,1,1,1,1,1,20260403,20261101
SC02109.S0,0,0,0,0,0,0,1,20260406,20261101
SC02110.S0,0,0,0,0,0,1,0,20260403,20261031
SC02112.S0,1,1,1,1,0,0,0,20260407,20261029
SC02114.S0,1,1,0,0,0,0,0,20251215,20261211
SC02115.S0,1,1,1,1,1,0,0,20251215,20261211
SC02117.S0,1,0,1,1,1,0,0,20261012,20261019
SC00211.S0,1,1,1,1,1,0,0,20261020,20261211
SC02119.S0,1,1,0,0,0,0,1,20251214,20261212
SC02118.S0,1,1,1,1,1,1,1,20260624,20261212
SC02124.S0,0,0,0,0,0,0,0,20251215,20261211
SC02123.S0,0,1,1,1,1,0,0,20260625,20261211
SC02125.S0,1,1,1,1,1,0,0,20261012,20261019
SC02129.S0,0,0,0,0,0,0,0,20251214,20261212
SC02128.S0,0,0,0,0,0,1,1,20260624,20261212
SC02132.S0,0,0,0,0,0,1,1,20261010,20261018
SC00212.S0,0,0,0,0,0,1,1,20261024,20261212
SC02133.S0,0,0,0,0,0,1,1,20251214,20261212
SC02136.S0,0,0,0,0,0,0,0,20251214,20261212
SC02137.S0,1,1,1,1,1,0,0,20251215,20261211
SC02142.S0,0,0,0,0,0,0,0,20251214,20261212
SC02141.S0,1,1,1,1,1,1,1,20260624,20261212
SC02148.S0,1,1,1,1,1,1,1,20261010,20261019
SC00169.S0,1,1,1,1,1,1,1,20261010,20261012
SC00215.S0,1,1,1,1,1,1,1,20261020,20261212
SC02150.S0,1,1,1,1,1,0,0,20260625,20261211
SC02152.S0,0,0,0,0,0,0,0,20251214,20261206
SC02151.S0,0,0,0,0,0,0,1,20260624,20261206
SC02155.S0,0,0,0,0,0,0,0,20261011,20261018
SC00219.S0,0,0,0,0,0,0,1,20261025,20261206
SC02158.S0,0,0,0,0,0,0,0,20251215,20261212
SC02157.S0,0,1,1,1,1,1,0,20260625,20261212
SC02168.S0,1,1,1,1,1,1,0,20261010,20261019
SC00217.S0,1,1,1,1,1,1,0,20261010,20261012
SC00218.S0,1,1,1,1,1,1,0,20261020,20261212
SC02171.S0,0,0,0,0,0,0,0,20251214,20261212
SC02170.S0,1,1,1,1,1,1,1,20260624,20261212
SC02172.S0,0,1,0,0,0,0,0,20251215,20261211
SC02174.S0,0,0,0,0,0,0,0,20251220,20261212
SC02173.S0,0,0,0,0,0,1,0,20260630,20261212
SC02176.S0,0,0,0,0,0,0,0,20261010,20261017
SC00220.S0,0,0,0,0,0,1,0,20261107,20261212
SC02178.S0,0,0,0,0,0,0,0,20251214,20261206
SC02177.S0,0,0,0,0,0,0,1,20260624,20261206
SC02181.S0,0,0,0,0,0,0,0,20251215,20261211
SC02180.S0,0,0,1,1,1,0,0,20260625,20261211
SC02185.S0,0,0,0,0,0,0,0,20251214,20261212
SC02184.S0,0,0,0,0,0,1,1,20260624,20261212
SC02187.S0,1,1,0,1,1,1,1,20251214,20261212
SC02186.S0,1,1,1,1,1,1,1,20260624,20261212
SC02188.S0,1,1,1,1,1,1,1,20261010,20261019
SC00225.S0,1,1,1,1,1,1,1,20261020,20261212
SC02190.S0,0,0,0,0,0,0,0,20251214,20261206
SC02189.S0,0,0,0,0,0,0,0,20260624,20261206
SC02191.S0,1,1,1,1,1,1,0,20251215,20261212
SC02197.S0,0,0,0,0,0,0,0,20251214,20261206
SC02196.S0,0,0,0,0,0,0,1,20260624,20261206
SC02199.S0,1,1,0,0,0,0,1,20251214,20261212
SC02198.S0,1,1,1,1,1,1,1,20260624,20261212
SC02200.S0,1,1,1,1,1,0,0,20251215,20261211
SC02202.S0,1,1,1,1,1,1,1,20251214,20261212
SC02204.S0,1,1,1,1,1,0,0,20251215,20261211
SC02205.S0,0,0,0,0,0,0,0,20251215,20261211
SC02207.S0,1,1,1,1,1,0,0,20260225,20261211
SC02208.S0,0,0,0,0,0,0,0,20251215,20261210
SC00190.S0,1,1,1,1,0,0,0,20261005,20261126
SC02213.S0,0,0,0,0,1,0,0,20251214,20261212
SC00191.S0,0,0,0,0,1,1,1,20261003,20261127
SC02217.S0,1,1,1,1,1,1,0,20251215,20261212
SC00192.S0,1,1,1,1,1,1,0,20261005,20261127
SC02218.S0,0,0,0,0,0,0,1,20251214,20261206
SC00193.S0,0,0,0,0,0,0,1,20261004,20261122
SC02219.S0,1,1,1,1,1,0,0,20251215,20261211
SC02220.S0,0,0,0,0,0,1,0,20260328,20261114
SC02221.S0,1,1,1,1,1,0,1,20251214,20261212
SC02224.S0,0,0,0,0,0,0,0,20260928,20261117
SC02225.S0,1,1,1,1,1,0,1,20251214,20261212
SC02226.S0,0,0,0,0,0,1,1,20251214,20261212
SC02227.S0,1,1,1,1,1,0,0,20251215,20261211
SC02229.S0,1,1,1,1,1,1,1,20251214,20261212
SC02231.S0,0,0,0,0,0,1,1,20260328,20261117
SC02232.S0,1,1,1,1,1,0,0,20251215,20261211
SC02233.S0,0,0,0,0,0,0,0,20251214,20261212
SC02234.S0,1,1,1,1,1,0,0,20251214,20261212
SC02235.S0,1,1,1,1,1,0,0,20251215,20261211
SC02237.S0,1,1,1,1,1,0,0,20251215,20261211
SC02238.S0,1,1,1,1,1,0,0,20251214,20261212
SC02239.S0,1,1,1,1,1,0,0,20251215,20261211
SC02240.S0,0,0,0,0,1,0,0,20251219,20261211
SC02241.S0,1,1,1,1,0,0,0,20251215,20261210
SC02243.S0,0,0,0,0,0,0,0,20260102,20261116
SC02244.S0,0,0,0,0,0,1,0,20260328,20261114
SC02245.S0,1,1,1,1,1,0,1,20251214,20261212
SC02247.S0,0,0,0,0,0,1,1,20260927,20261010
SC02248.S0,1,1,1,1,1,0,1,20251214,20261212
SC02249.S0,0,0,0,0,0,0,0,20251214,20261212
SC02250.S0,0,0,0,0,1,1,1,20251219,20261211
SC02251.S0,1,1,1,1,0,0,0,20251214,20261210
SC02252.S0,0,0,0,0,0,0,0,20260102,20261116
SC00319.S0,0,0,0,0,0,1,1,20261121,20261212
SC02253.S0,0,0,0,0,0,1,1,20251214,20261212
SC02255.S0,0,1,1,1,1,0,0,20251215,20261211
SC00194.S0,1,1,1,1,1,0,0,20261005,20261127
SC02258.S0,0,0,0,0,0,1,1,20251214,20261212
SC00195.S0,0,0,0,0,0,1,1,20261003,20261122
SC02267.S0,0,1,1,1,1,1,1,20251214,20261212
SC02274.S0,0,1,1,1,0,0,0,20261006,20261127
SC02275.S0,0,0,0,0,1,1,1,20261003,20261122
SC02276.S0,1,0,0,0,0,0,0,20251215,20261207
SC00196.S0,1,0,0,0,0,0,0,20261005,20261123
SC02281.S0,0,0,0,0,0,0,1,20251214,20261206
SC02282.S0,0,0,0,0,0,1,0,20251220,20261212
SC00197.S0,0,0,0,0,0,1,0,20261003,20261121
SC02283.S0,0,0,1,1,1,0,0,20251215,20261211
SC00198.S0,1,1,1,1,1,0,0,20261005,20261126
SC02294.S0,1,1,1,1,0,1,1,20251214,20261212
SC00226.S0,0,0,0,0,0,1,1,20261003,20261122
SC02297.S0,0,0,0,0,1,0,0,20251219,20261211
SC00199.S0,0,0,0,0,1,0,0,20261009,20261120
SC02299.S0,0,0,0,0,0,0,0,20251215,20261210
SC02302.S0,0,0,0,0,0,0,0,20251219,20261211
SC00200.S0,0,0,0,0,1,0,0,20261009,20261120
SC02307.S0,0,0,0,0,1,0,0,20251219,20261211
SC02308.S0,0,1,1,0,0,0,0,20251215,20261210
SC02309.S0,0,0,0,0,0,1,0,20251220,20261212
SC00201.S0,0,0,0,0,0,1,0,20261003,20261121
SC02310.S0,0,0,0,0,0,0,0,20251228,20261117
SC02311.S0,0,0,0,0,0,0,1,20251214,20261206
SC02314.S0,0,0,0,0,0,0,1,20251214,20261212
SC02315.S0,0,0,0,0,0,0,1,20261004,20261122
SC02316.S0,0,0,0,0,0,1,1,20251214,20261212
SC00203.S0,0,0,0,0,0,1,1,20261003,20261122
SC02317.S0,1,1,1,1,1,0,0,20251215,20261211
SC02318.S0,0,0,0,0,0,0,0,20251215,20261210
SC02319.S0,0,0,0,0,1,0,0,20251219,20261211
SC02320.S0,0,0,0,0,0,0,0,20251214,20261212
SC00204.S0,0,0,0,0,0,0,1,20261004,20261122
SC02321.S0,1,1,0,0,1,1,1,20251214,20261212
SC00205.S0,1,1,0,0,1,1,1,20261003,20261124
SC02323.S0,0,0,1,1,0,0,0,20251217,20261210
SC00206.S0,0,0,1,1,0,0,0,20261007,20261126
SC02326.S0,1,1,1,1,0,0,0,20251215,20261212
SC00207.S0,1,1,1,1,0,0,0,20261005,20261126
SC00208.S0,0,0,0,0,0,1,0,20261003,20261121
SC02328.S0,0,0,0,0,1,0,0,20251214,20261211
SC02335.S0,0,0,0,0,0,0,0,20251214,20261212
SC02336.S0,0,0,0,0,0,0,0,20251215,20261210
SC02337.S0,0,0,0,0,0,0,0,20251219,20261211
SC00227.S0,0,0,0,0,1,0,0,20261009,20261127
SC02338.S0,0,0,0,0,0,0,0,20251219,20261211
SC02339.S0,0,0,0,0,0,0,0,20251222,20261030
SC02341.S0,0,0,0,0,0,0,0,20251220,20261212
SC02342.S0,0,0,0,0,0,0,0,20251214,20261206
SC02343.S0,1,1,1,1,1,1,1,20251214,20261212
SC00175.S0,1,1,1,1,1,1,1,20261001,20261212
SC02345.S0,1,1,1,1,1,1,1,20251214,20261212
SC02347.S0,1,1,1,1,1,1,1,20251214,20261212
SC02349.S0,1,1,1,1,1,1,1,20251214,20261212
SC02350.S0,0,0,0,0,0,0,0,20251215,20261212
SC02351.S0,1,1,1,0,0,1,0,20261003,20261212
SC02352.S0,0,0,0,1,1,0,1,20251214,20261211
SC02355.S0,0,0,0,1,1,0,1,20261001,20261211
SC02356.S0,0,0,0,0,0,0,0,20251215,20261212
SC02358.S0,0,0,0,1,1,0,1,20251214,20261211
SC02360.S0,0,1,1,1,1,1,1,20251214,20261212
SC02363.S0,0,1,1,1,1,1,1,20261001,20261212
SC02364.S0,1,0,0,0,0,0,0,20251215,20261207
SC02368.S0,1,0,0,0,0,0,0,20261005,20261207
SC02369.S0,1,1,1,1,1,1,0,20251215,20261212
SC02371.S0,0,0,0,0,0,0,0,20261001,20261212
SC02372.S0,1,1,1,1,1,1,0,20261006,20261212
SC02373.S0,0,0,0,0,0,0,1,20251214,20261206
SC02374.S0,0,0,0,0,0,0,1,20261004,20261206
SC02375.S0,1,1,1,1,1,1,0,20251215,20261212
SC02376.S0,1,1,1,1,1,1,0,20261001,20261212
SC02377.S0,0,0,0,0,0,0,1,20251214,20261206
SC02378.S0,1,1,1,1,1,1,0,20251215,20261212
SC02379.S0,1,1,1,1,1,1,1,20251214,20261212
SC02380.S0,1,1,1,1,1,1,1,20251214,20261212
SC02382.S0,1,1,1,1,1,1,1,20251214,20261212
SC02384.S0,1,1,1,1,1,1,1,20251214,20261212
SC02390.S0,0,0,0,0,0,1,0,20251220,20261212
SC02392.S0,0,0,0,0,0,1,0,20261003,20261212
SC02393.S0,0,0,0,0,0,0,0,20251215,20261210
SC02398.S0,1,1,1,1,0,0,0,20261001,20261210
SC02399.S0,0,0,0,0,1,0,1,20251214,20261211
SC02403.S0,0,0,0,0,1,0,1,20261002,20261211
SC02404.S0,0,0,0,0,0,1,0,20251220,20261212
SC02405.S0,0,0,0,0,0,1,0,20261003,20261212
SC02406.S0,0,0,0,0,1,0,1,20251214,20261211
SC02408.S0,0,0,0,0,1,0,1,20261002,20261211
SC02409.S0,0,0,0,0,0,0,0,20251215,20261210
SC02410.S0,0,0,0,0,1,0,1,20251214,20261211
SC02413.S0,0,0,0,0,0,1,0,20251220,20261212
SC02414.S0,0,0,0,0,0,0,0,20251215,20261210
SC02416.S0,0,0,0,0,1,0,1,20251214,20261211
SC02418.S0,1,1,1,1,1,1,1,20251214,20261212
SC02419.S0,1,0,0,0,1,0,1,20260901,20261212
SC02421.S0,1,1,1,1,1,1,1,20260302,20261212
SC02422.S0,1,1,1,1,1,1,1,20260301,20261212
SC02425.S0,0,1,1,1,1,1,0,20251216,20261212
SC00182.S0,0,0,0,0,0,1,0,20260926,20261010
SC02426.S0,1,0,0,0,0,0,1,20251214,20261207
SC02428.S0,1,0,0,0,0,0,1,20260927,20261011
SC02429.S0,1,1,1,1,1,0,0,20251215,20261211
SC02431.S0,0,0,0,0,0,1,1,20251214,20261212
SC02434.S0,0,0,0,0,0,1,1,20260926,20261011
SC02435.S0,1,1,1,1,1,1,1,20260216,20261212
SC02437.S0,0,0,0,0,0,0,0,20251214,20261212
SC02439.S0,0,0,0,0,0,0,0,20260605,20261212
SC02440.S0,1,0,0,0,1,0,1,20260903,20261212
SC02450.S0,1,1,1,1,1,1,1,20260301,20261212
SC02457.S0,1,1,1,1,1,1,1,20260302,20261212
SC02462.S0,0,0,0,0,0,0,0,20260430,20261212
SC02464.S0,1,0,0,1,1,1,1,20260808,20261212
SC02466.S0,1,1,1,1,1,1,1,20260430,20261212
SC02467.S0,1,1,1,1,1,1,1,20260603,20261212
SC02470.S0,1,1,1,1,1,0,0,20260430,20261210
SC02473.S0,1,1,1,1,1,1,1,20260430,20261212
SC02475.S0,1,1,0,1,1,1,1,20260501,20261212
SC02479.S0,0,0,0,0,0,0,0,20260708,20261209
SC02481.S0,0,0,0,0,0,0,0,20260724,20261211
SC02482.S0,1,0,1,1,1,1,1,20260430,20261212
SC02483.S0,0,1,0,0,0,0,0,20260512,20261208
SC02488.S0,0,0,0,0,0,0,0,20260430,20261212
SC02491.S0,0,0,0,0,1,0,1,20260901,20261211
SC02492.S0,1,1,0,0,1,1,1,20260430,20261212
SC02493.S0,0,0,0,0,1,0,1,20260901,20261212
SC02494.S0,1,1,1,1,1,1,1,20260430,20261212
SC02495.S0,0,0,0,0,0,1,1,20260501,20261212
SC02497.S0,1,1,1,1,1,0,0,20251215,20261211
SC02498.S0,1,1,1,1,1,0,0,20251215,20261211
SC02499.S0,1,1,1,1,1,0,0,20251215,20261211
SC02500.S0,1,1,1,1,1,0,0,20251215,20261211
SC02501.S0,1,1,1,1,1,0,0,20251215,20261211
SC02504.S0,1,1,1,1,1,0,0,20251215,20261211
SC02505.S0,1,1,1,1,1,0,0,20251215,20261211
SC02506.S0,0,0,0,0,0,1,1,20251214,20261212
SC02510.S0,1,1,1,1,1,1,1,20251214,20261212
SC02512.S0,1,1,1,1,1,1,1,20251214,20261212
SC02513.S0,1,1,1,1,1,0,0,20251215,20261211
SC02514.S0,1,1,1,1,1,0,0,20251215,20261211
SC02515.S0,1,1,1,1,1,0,0,20251215,20261211
SC02517.S0,1,1,1,1,1,0,0,20251215,20261211
SC02518.S0,1,1,1,1,1,0,0,20251215,20261211
SC02519.S0,1,1,1,1,1,0,0,20251215,20261211
SC02521.S0,1,1,1,1,1,0,0,20251215,20261211
SC02522.S0,1,1,1,1,1,0,0,20251215,20261211
SC02523.S0,1,1,1,1,1,0,0,20251215,20261211
SC02524.S0,1,1,1,1,1,1,1,20251214,20261212
SC02527.S0,0,0,0,0,0,1,1,20251214,20261212
SC02528.S0,1,1,1,1,1,1,1,20251214,20261212
SC02529.S0,1,1,1,1,1,1,1,20251214,20261212
SC02531.S0,1,1,1,1,1,1,1,20251214,20261212
SC02532.S0,1,1,1,1,1,1,1,20251214,20261212
SC02533.S0,1,1,1,1,1,1,1,20251214,20261212
SC02535.S0,1,1,1,1,1,0,0,20251215,20261211
SC02539.S0,1,1,1,1,1,1,1,20251214,20261212
SC02541.S0,0,0,0,1,1,0,0,20251215,20261211
SC02544.S0,1,1,1,1,1,0,0,20251215,20261211
SC02545.S0,0,0,0,0,0,1,1,20251214,20261212
SC02547.S0,1,1,1,1,1,0,0,20251215,20261211
SC02550.S0,0,0,0,1,1,0,0,20251215,20261211
SC02551.S0,0,0,0,0,0,1,1,20251214,20261212
SC02552.S0,1,1,1,1,1,0,0,20251215,20261211
SC02553.S0,0,0,0,0,0,1,1,20251214,20261212
SC02555.S0,0,0,0,0,0,0,0,20251215,20261211
SC02557.S0,0,0,0,0,0,1,1,20251214,20261212
SC02558.S0,1,1,1,1,1,1,1,20251214,20261212
SC02559.S0,1,1,1,1,1,1,1,20251214,20261212
SC02560.S0,1,1,1,1,1,1,1,20251214,20261212
SC02561.S0,0,0,0,0,0,0,0,20251215,20261211
SC02562.S0,1,1,1,1,1,0,0,20251215,20261211
SC02563.S0,0,0,0,0,0,1,1,20251214,20261212
SC02564.S0,0,0,0,0,0,1,1,20251214,20261212
SC02565.S0,1,1,1,1,1,0,0,20251215,20261211
SC02567.S0,0,0,0,0,0,0,1,20251214,20261212
SC02566.S0,0,0,0,0,0,1,1,20260624,20261212
SC02570.S0,0,1,0,0,0,0,0,20251214,20261212
SC02569.S0,1,1,1,1,1,1,1,20260624,20261212
SC02574.S0,1,1,0,0,0,0,1,20251214,20261212
SC02573.S0,1,1,1,1,1,1,1,20260624,20261212
SC02575.S0,1,1,0,0,0,0,1,20251214,20261212
SC02579.S0,1,1,0,0,0,0,0,20251215,20261212
SC02578.S0,1,1,1,1,1,1,0,20260625,20261212
SC02581.S0,0,0,0,0,0,0,0,20251215,20261211
SC02583.S0,0,0,0,0,0,0,0,20260615,20261211
SC02582.S0,1,1,1,1,1,0,0,20260615,20261211
SC02584.S0,0,0,0,0,0,0,0,20251215,20261211
SC02587.S0,0,0,0,0,0,0,0,20251215,20261211
SC02586.S0,1,1,1,1,1,0,0,20260625,20261211
SC02588.S0,0,0,0,0,0,0,0,20251215,20261211
SC02589.S0,1,1,1,1,1,0,0,20260625,20261211
SC02591.S0,0,0,0,0,0,0,0,20251215,20261211
SC02590.S0,1,1,1,1,1,0,0,20260625,20261211
SC02595.S0,1,1,0,0,0,0,0,20251215,20261212
SC02594.S0,1,1,1,1,1,1,0,20260625,20261212
SC02599.S0,1,1,0,0,0,0,1,20251214,20261212
SC02598.S0,1,1,1,1,1,1,1,20260624,20261212
SC02601.S0,1,1,1,1,1,0,0,20251215,20261211
SC02603.S0,1,1,1,1,1,0,0,20251215,20261211
SC02605.S0,1,1,1,1,1,0,0,20251215,20261211
SC02113.S0,1,1,1,1,1,0,0,20251215,20261211
SC02606.S0,1,1,1,1,1,0,0,20251215,20261211
SC02611.S0,1,1,1,1,1,0,0,20251215,20261211
SC02612.S0,0,0,0,0,0,1,1,20251214,20261212
SC02615.S0,1,1,1,1,1,0,0,20251215,20261211
SC02617.S0,1,1,1,1,1,0,0,20251215,20261211
SC02619.S0,0,0,0,0,0,1,1,20251214,20261212
SC02620.S0,1,1,1,1,1,0,0,20251215,20261211
SC02622.S0,1,1,1,1,1,1,1,20251214,20261212
SC02626.S0,1,1,1,1,1,0,0,20251215,20261211
SC02627.S0,0,0,0,0,0,1,1,20251214,20261212
SC02628.S0,0,0,0,0,0,1,1,20251214,20261212
SC02629.S0,1,1,1,1,1,0,0,20251215,20261211
SC02630.S0,1,1,1,1,1,1,1,20251214,20261212
SC02633.S0,1,1,1,1,1,1,1,20251214,20261212
SC02634.S0,1,1,1,1,1,0,0,20251215,20261211
SC02637.S0,1,1,1,1,1,1,1,20251214,20261212
SC02639.S0,1,1,1,1,1,1,1,20251214,20261212
SC02640.S0,1,1,1,1,1,0,0,20251215,20261211
SC02641.S0,1,1,1,1,1,0,0,20251215,20261211
SC02643.S0,0,0,0,0,0,1,1,20251214,20261212
SC02644.S0,1,1,1,1,1,0,0,20260625,20261211
SC02647.S0,0,0,0,0,0,1,1,20251214,20261212
SC02648.S0,1,1,1,1,1,1,1,20251214,20261212
SC02651.S0,1,1,1,1,1,0,0,20260625,20261211
SC02653.S0,1,1,1,1,1,1,1,20251214,20261212
SC02656.S0,1,1,0,0,1,1,1,20251214,20261212
SC02655.S0,1,1,1,1,1,1,1,20260624,20261212
SC02658.S0,1,1,1,1,1,1,1,20251214,20261212
SC02659.S0,1,1,1,1,1,1,1,20251214,20261212
SC02660.S0,1,1,1,1,1,0,0,20251215,20261211
SC02662.S0,0,0,0,0,0,1,1,20251214,20261212
SC02663.S0,0,0,0,0,0,1,1,20251214,20261212
SC02664.S0,1,1,1,1,1,0,0,20251215,20261211
SC02665.S0,0,0,0,0,0,1,1,20251214,20261212
SC02666.S0,0,0,0,0,0,1,1,20251214,20261212
SC02667.S0,1,1,1,1,1,0,0,20251215,20261211
SC02668.S0,0,0,0,0,0,1,1,20251214,20261212
SC02669.S0,1,1,1,1,1,0,0,20251215,20261211
SC02670.S0,0,0,0,0,0,1,1,20251214,20261212
SC02671.S0,1,1,1,1,1,0,0,20251215,20261211
SC02672.S0,0,0,0,0,0,1,1,20251214,20261212
SC02673.S0,1,1,1,1,1,0,0,20251215,20261211
SC00120.S0,0,0,0,0,0,0,0,20261016,20261016
SC02674.S0,0,0,0,0,0,1,1,20251214,20261212
SC02675.S0,1,1,1,1,1,0,0,20251215,20261211
SC02676.S0,1,1,1,1,1,0,0,20251215,20261211
SC02677.S0,1,1,1,1,1,1,1,20251214,20261212
SC00392.S0,1,1,1,1,1,1,1,20261016,20261018
SC02678.S0,1,1,1,1,1,0,0,20251215,20261211
SC02681.S0,0,0,0,0,0,1,1,20251214,20261212
SC02682.S0,1,1,1,1,1,1,1,20251214,20261212
SC02683.S0,1,1,1,1,1,1,1,20251214,20261212
SC02684.S0,0,0,0,0,0,1,1,20251214,20261212
SC02685.S0,1,1,1,1,1,0,0,20251215,20261211
SC02687.S0,1,1,1,1,1,1,0,20251215,20261212
SC02688.S0,0,0,0,0,0,0,1,20251214,20261206
SC02689.S0,1,1,1,1,1,0,0,20251215,20261211
SC02692.S0,1,1,1,1,1,1,1,20251214,20261212
SC00278.S0,1,1,1,1,1,1,1,20261003,20261127
SC02695.S0,0,0,0,0,0,1,1,20251214,20261212
SC02696.S0,1,1,1,1,1,0,0,20251214,20261212
SC00402.S0,1,1,1,1,1,0,0,20261005,20261127
SC02697.S0,0,0,0,0,0,1,1,20260321,20261101
SC00235.S0,0,0,0,0,0,1,1,20261003,20261101
SC02698.S0,1,1,1,1,1,0,0,20251215,20261211
SC00252.S0,0,0,0,0,0,0,0,20251214,20261212
SC02699.S0,0,0,0,0,0,1,1,20251214,20261212
SC02700.S0,1,1,1,1,1,0,0,20251215,20261211
SC02701.S0,0,0,0,0,0,0,0,20251214,20261212
SC02702.S0,0,0,0,0,0,1,1,20260321,20261101
SC02703.S0,1,1,1,1,1,1,1,20251214,20261212
SC02704.S0,0,0,0,0,0,0,0,20251214,20261212
SC00403.S0,0,1,0,0,0,1,1,20261107,20261122
SC02705.S0,0,0,0,0,0,1,1,20260321,20261101
SC02706.S0,0,0,0,0,0,1,1,20251214,20261212
SC02707.S0,1,1,1,1,1,0,0,20251215,20261211
SC02708.S0,1,1,1,1,1,0,0,20251215,20261211
SC02709.S0,1,1,1,1,1,1,1,20251214,20261212
SC02710.S0,1,1,1,1,1,1,1,20251214,20261212
SC02711.S0,1,1,1,1,1,1,1,20251214,20261212
SC02712.S0,0,0,0,0,0,1,1,20251214,20261212
SC02713.S0,1,1,1,1,1,1,1,20251214,20261212
SC02714.S0,1,1,1,1,1,1,1,20251214,20261212
SC02715.S0,0,0,0,0,0,0,0,20251220,20261212
SC00404.S0,0,0,0,0,0,1,0,20260606,20261212
SC02716.S0,0,0,0,0,0,0,0,20251215,20261211
SC00242.S0,1,1,1,1,1,0,0,20260601,20261211
SC02718.S0,0,0,0,0,0,0,0,20251215,20261211
SC02719.S0,1,1,1,1,1,0,0,20260601,20261211
SC02720.S0,0,0,0,0,0,0,0,20251220,20261212
SC02721.S0,0,0,0,0,0,0,0,20251214,20261206
SC00240.S0,0,0,0,0,0,0,1,20260607,20261206
SC02722.S0,0,0,0,0,0,0,0,20251215,20261211
SC02723.S0,0,0,0,0,0,0,0,20251214,20261212
SC00231.S0,1,1,1,1,1,1,1,20260601,20261212
SC00269.S0,1,1,1,1,0,0,0,20251215,20261210
SC02724.S0,0,0,0,0,0,0,0,20251215,20261211
SC02725.S0,1,1,1,1,1,0,0,20260601,20261211
SC02726.S0,0,0,0,0,0,0,0,20251214,20261212
SC00243.S0,0,0,0,0,0,1,1,20260606,20261212
SC02727.S0,0,0,0,0,0,0,0,20251214,20261212
SC02729.S0,0,0,0,0,0,0,0,20251215,20261211
SC02730.S0,0,0,0,0,0,0,0,20251214,20261206
SC02731.S0,0,0,0,0,0,0,0,20251215,20261212
SC00230.S0,1,1,1,1,1,1,0,20260601,20261212
SC02732.S0,0,0,0,0,0,0,0,20251215,20261211
SC02733.S0,0,0,0,0,0,0,0,20251214,20261212
SC02734.S0,0,0,0,0,0,0,0,20251214,20261212
SC02737.S0,1,1,1,1,1,1,1,20260601,20261212
SC02738.S0,0,0,0,0,0,0,0,20251214,20261212
SC02739.S0,0,0,0,0,0,1,1,20260606,20261212
SC02740.S0,0,0,0,0,0,0,0,20251215,20261211
SC00405.S0,1,1,1,1,1,0,0,20260601,20261211
SC02741.S0,0,0,0,0,0,0,0,20251214,20261212
SC02742.S0,0,0,0,0,0,0,0,20251215,20261211
SC02743.S0,1,1,1,1,1,1,1,20260601,20261212
SC02744.S0,0,0,0,0,0,0,0,20251215,20261211
SC02745.S0,0,0,0,0,0,0,0,20251224,20261129
SC00406.S0,0,0,0,0,0,1,1,20261107,20261129
SC02746.S0,0,0,0,0,0,0,0,20251214,20261212
SC02747.S0,0,0,0,0,0,0,0,20251224,20261129
SC02748.S0,1,1,1,1,1,0,0,20260601,20261211
SC02749.S0,0,0,0,0,0,0,0,20251214,20261212
SC02750.S0,1,1,1,1,1,0,0,20260601,20261211
SC00407.S0,0,0,0,0,0,1,1,20260606,20261212
SC02751.S0,0,0,0,0,0,0,0,20251224,20261129
SC02752.S0,0,0,0,0,0,0,0,20251220,20261212
SC00291.S0,0,0,0,0,0,1,0,20260606,20261212
SC02753.S0,0,0,0,0,0,0,0,20251215,20261212
SC02755.S0,1,1,1,1,1,1,0,20260601,20261212
SC02756.S0,0,0,0,0,0,0,0,20251214,20261206
SC02757.S0,0,0,0,0,0,0,1,20260607,20261206
SC02758.S0,0,0,0,0,0,0,0,20251215,20261211
SC02759.S0,0,0,0,0,0,0,0,20251214,20261212
SC02760.S0,0,0,0,0,0,0,0,20251214,20261212
SC02761.S0,0,0,0,0,0,0,0,20251220,20261212
SC02762.S0,0,0,0,0,0,0,0,20251215,20261211
SC02763.S0,1,1,1,1,1,0,0,20260601,20261211
SC02764.S0,0,0,0,0,0,0,0,20251214,20261206
SC00408.S0,0,0,0,0,0,0,1,20260607,20261206
SC02765.S0,0,0,0,0,0,0,0,20251215,20261212
SC02766.S0,1,1,1,1,1,1,0,20260601,20261212
SC02767.S0,0,0,0,0,0,0,0,20251214,20261212
SC02768.S0,0,0,0,0,0,0,0,20251215,20261211
SC02769.S0,1,1,1,1,1,0,0,20260601,20261211
SC02770.S0,0,0,0,0,0,0,0,20251214,20261212
SC02771.S0,0,0,0,0,0,0,0,20251215,20261211
SC02772.S0,0,0,0,0,0,0,0,20251220,20261212
SC02773.S0,0,0,0,0,0,0,0,20251214,20261206
SC02774.S0,1,1,1,1,1,1,1,20251214,20261212
SC00377.S0,1,1,1,1,1,1,1,20251214,20261212
SC02776.S0,1,1,1,1,1,1,1,20251214,20261212
SC02778.S0,0,0,0,0,0,1,1,20251214,20261212
SC02780.S0,1,1,1,1,1,0,0,20251215,20261211
SC02782.S0,1,1,1,1,1,0,0,20251215,20261211
SC02783.S0,1,1,1,1,1,0,0,20251215,20261211
SC02784.S0,1,1,1,1,1,0,0,20251215,20261211
SC02785.S0,1,1,1,1,1,0,0,20251215,20261211
SC00379.S0,0,0,0,0,0,0,0,20251219,20261211
SC00380.S0,1,1,1,1,1,0,0,20251215,20261210
SC02786.S0,1,1,1,1,1,0,0,20251215,20261211
SC02787.S0,1,1,1,1,1,0,0,20251215,20261211
SC02789.S0,1,1,1,1,1,0,0,20251215,20261211
SC02790.S0,1,1,1,1,1,0,0,20251215,20261211
SC02791.S0,1,1,1,1,1,1,1,20251214,20261212
SC02792.S0,0,0,0,0,0,1,1,20251214,20261212
SC02793.S0,1,1,1,1,1,0,0,20251215,20261211
SC02794.S0,1,1,1,1,1,0,0,20251215,20261211
SC02796.S0,0,0,0,0,0,1,1,20251214,20261212
SC02797.S0,0,0,0,0,0,1,1,20251214,20261212
SC02798.S0,0,0,0,0,0,1,1,20251214,20261212
SC02799.S0,0,0,0,0,0,1,1,20251214,20261212
SC02800.S0,0,0,0,0,0,1,1,20251214,20261212
SC02801.S0,1,1,1,1,1,0,0,20251215,20261211
SC02803.S0,0,0,0,0,0,1,1,20251214,20261212
SC00384.S0,0,0,0,0,0,1,1,20261003,20261028
SC02804.S0,1,1,1,1,1,0,0,20251215,20261211
SC02806.S0,1,1,1,1,1,0,0,20251215,20261211
SC02808.S0,1,1,1,1,1,0,0,20251215,20261211
SC00385.S0,0,0,0,0,0,0,1,20251220,20261212
SC00248.S0,0,0,0,0,0,1,0,20260321,20261031
SC00386.S0,0,0,0,0,0,1,0,20251214,20261212
SC02809.S0,0,0,0,0,0,0,1,20260322,20261101
SC00387.S0,0,0,0,0,0,0,1,20251214,20261212
SC00262.S0,1,1,1,1,0,0,1,20251214,20261210
SC00388.S0,0,0,0,0,1,1,0,20251219,20261212
SC00268.S0,0,0,0,0,0,1,0,20251220,20261212
SC00284.S0,0,0,0,0,1,0,0,20251219,20261211
SC00389.S0,1,1,1,1,0,1,0,20251215,20261212
SC02810.S0,1,1,1,1,1,0,0,20251215,20261211
SC00390.S0,1,1,1,1,1,0,0,20261001,20261030
SC02811.S0,1,1,1,1,1,0,0,20251215,20261211
SC02812.S0,1,1,1,1,1,0,0,20251215,20261211
SC02813.S0,1,1,1,1,1,0,0,20251215,20261211
SC02814.S0,1,1,1,1,1,0,0,20261001,20261120
SC02815.S0,1,1,1,1,1,0,0,20251215,20261211
SC02816.S0,1,1,1,1,1,0,0,20251215,20261211
SC02817.S0,1,0,0,0,0,0,0,20251215,20261207
SC02818.S0,0,1,1,1,1,1,1,20251214,20261212
SC02819.S0,0,0,0,0,0,0,0,20251214,20261212
SC02820.S0,1,1,1,1,1,0,0,20251215,20261211
SC00489.S0,0,0,0,0,0,1,1,20260501,20261011
SC02822.S0,1,1,1,1,1,1,1,20251214,20261212
SC02823.S0,0,0,0,0,0,1,1,20251214,20261212
SC02826.S0,0,0,0,0,1,0,0,20251215,20261211
SC02828.S0,0,0,0,0,0,1,1,20260502,20261011
SC00490.S0,0,0,0,0,0,1,1,20251214,20261212
SC02829.S0,1,1,1,1,1,1,1,20260501,20261011
SC02830.S0,1,1,1,1,1,1,1,20251214,20261212
SC02831.S0,1,1,1,1,1,0,0,20251215,20261211
SC02832.S0,0,0,0,0,0,1,1,20260501,20261011
SC02834.S0,1,1,1,1,1,1,1,20251214,20261212
SC02835.S0,1,1,1,1,1,1,1,20251214,20261212
SC02836.S0,1,1,0,0,1,0,0,20251215,20261211
SC02837.S0,1,1,1,1,1,1,1,20260501,20261011
SC02838.S0,1,1,1,1,1,1,1,20251214,20261212
SC02839.S0,1,1,1,1,1,0,0,20251215,20261211
SC00491.S0,1,1,1,1,1,0,0,20251215,20261211
SC00492.S0,0,0,0,0,0,1,1,20251214,20261212
SC00140.S0,1,1,1,1,1,1,1,20251214,20261212
SC02840.S0,1,1,1,1,1,1,1,20251214,20261212
SC02841.S0,0,0,0,0,0,1,1,20251214,20261212
SC02842.S0,1,1,1,1,1,0,0,20251215,20261211
SC02843.S0,1,1,1,1,1,1,1,20251214,20261212
SC02844.S0,1,1,1,1,1,0,0,20251215,20261211
SC02845.S0,0,0,0,0,0,0,0,20251214,20261212
SC02847.S0,0,0,0,0,0,1,0,20260321,20261031
SC02848.S0,0,0,0,0,0,0,0,20251214,20261212
SC02850.S0,0,0,0,0,0,0,1,20260322,20261101
SC02851.S0,0,0,0,0,0,1,0,20260321,20261031
SC00382.S0,0,0,0,0,0,1,1,20251214,20261206
SC00383.S0,0,0,0,0,0,0,0,20251220,20261212
SC02852.S0,1,1,1,1,1,1,1,20251214,20261212
SC02853.S0,0,0,0,0,0,1,0,20260501,20261010
SC02854.S0,1,1,1,1,1,0,0,20251215,20261211
SC02855.S0,0,0,0,0,0,0,1,20251214,20261206
SC02856.S0,0,0,0,0,0,0,1,20260502,20261011
SC00440.S0,0,0,0,0,0,1,0,20251220,20261212
SC00439.S0,0,0,0,0,0,1,0,20260501,20261010
SC02857.S0,1,1,1,0,1,1,0,20251215,20261212
SC02858.S0,1,1,1,1,1,1,0,20260501,20261010
SC02859.S0,1,1,1,1,1,1,1,20251214,20261212
SC02860.S0,1,1,1,1,0,0,1,20260503,20261011
SC02861.S0,0,0,0,0,1,1,0,20260501,20261010
SC02862.S0,1,1,1,1,1,1,1,20251214,20261212
SC02863.S0,0,0,0,0,1,0,0,20260507,20261011
SC02864.S0,0,0,0,0,0,1,0,20260502,20261010
SC02865.S0,1,1,1,1,1,0,0,20251215,20261211
SC02866.S0,1,1,1,1,1,1,0,20251215,20261212
SC02869.S0,1,1,1,1,1,0,0,20251215,20261211
SC02870.S0,0,0,0,0,0,1,1,20251214,20261212
SC02872.S0,0,0,0,0,0,1,0,20251220,20261212
SC02874.S0,0,0,0,0,0,0,1,20251214,20261206
SC02876.S0,1,1,1,1,1,0,0,20251215,20261211
SC02879.S0,1,1,1,1,1,1,1,20251214,20261212
SC02881.S0,1,1,1,1,1,0,0,20251215,20261211
SC02882.S0,0,0,0,0,0,1,1,20260321,20261101
SC02888.S0,0,0,0,0,0,1,1,20251214,20261212
SC02889.S0,0,0,0,0,0,1,0,20251214,20261212
SC02890.S0,1,1,1,1,1,0,0,20251215,20261211
SC02891.S0,1,1,1,1,1,0,0,20251215,20261211
SC02893.S0,0,0,0,0,0,0,0,20251214,20261212
SC02895.S0,0,0,0,0,0,0,0,20251214,20261212
SC02896.S0,0,0,0,0,0,0,0,20260321,20261101
SC02897.S0,0,0,0,0,0,1,1,20251214,20261212
SC02898.S0,0,0,0,0,0,1,1,20251214,20261212
SC02899.S0,0,0,0,0,0,0,0,20260321,20261101
SC02900.S0,1,1,1,1,1,0,0,20251215,20261211
SC02902.S0,0,0,0,0,0,1,1,20251214,20261212
SC02904.S0,1,1,1,1,1,0,0,20251215,20261211
SC02905.S0,0,0,0,0,0,1,1,20251214,20261212
SC02906.S0,0,0,0,0,0,0,0,20251214,20261212
SC02909.S0,0,0,0,0,0,0,0,20260320,20261030
SC02917.S0,1,1,1,1,0,0,0,20251215,20261211
SC02919.S0,0,0,0,0,0,1,1,20251214,20261212
SC02921.S0,1,1,1,1,1,0,0,20251215,20261211
SC02922.S0,1,1,1,1,1,0,0,20251215,20261211
SC02923.S0,0,0,0,0,0,0,0,20251214,20261212
SC02924.S0,1,1,1,1,1,0,0,20251215,20261211
SC02925.S0,1,1,1,1,1,0,0,20251215,20261211
SC02926.S0,1,1,1,1,1,0,0,20251215,20261211
SC02928.S0,1,1,1,1,1,0,0,20251215,20261211
SC02929.S0,1,1,1,1,1,1,1,20251214,20261212
SC02930.S0,1,1,1,1,1,0,0,20251215,20261211
SC02931.S0,0,0,0,0,0,1,1,20251214,20261212
SC02932.S0,0,0,0,0,0,0,0,20251214,20261212
SC02933.S0,0,0,0,0,0,1,1,20251214,20261212
SC02934.S0,1,1,1,1,1,0,0,20260309,20261211
SC02935.S0,0,0,0,0,0,1,0,20251220,20261212
SC02937.S0,0,0,0,0,0,1,1,20260321,20261101
SC02938.S0,0,0,0,0,1,0,0,20260320,20261030
SC02939.S0,0,0,0,0,0,1,1,20251214,20261212
SC02940.S0,0,0,0,0,0,0,0,20251214,20261212
SC02941.S0,0,0,0,0,0,1,1,20260321,20261101
SC02942.S0,0,0,0,0,1,1,0,20260320,20261031
SC02949.S0,0,0,0,0,0,0,1,20260322,20261101
SC02954.S0,0,0,0,0,0,0,0,20251214,20261212
SC02955.S0,0,0,0,0,0,1,1,20251214,20261212
SC02956.S0,1,1,1,1,1,0,0,20260309,20261211
SC02957.S0,0,0,0,0,0,1,1,20251214,20261212
SC02958.S0,0,0,0,0,0,1,1,20260321,20261101
SC02959.S0,1,1,1,1,1,0,0,20251215,20261211
SC00151.S0,1,1,1,1,1,0,0,20261012,20261103
SC02961.S0,1,1,1,1,1,0,0,20251215,20261211
SC02962.S0,1,1,1,1,1,0,0,20251215,20261211
SC02963.S0,1,1,1,1,1,0,0,20251215,20261211
SC02964.S0,1,1,1,1,1,0,0,20251215,20261211
SC02965.S0,1,1,1,1,1,0,0,20251215,20261211
SC02966.S0,1,1,1,1,1,0,0,20251215,20261211
SC02967.S0,1,1,1,1,1,0,0,20251215,20261211
SC02968.S0,1,1,1,1,1,0,0,20251215,20261211
SC02969.S0,1,1,1,1,1,0,0,20251215,20261211
SC02970.S0,1,1,1,1,1,0,0,20251215,20261211
SC02971.S0,1,1,1,1,1,0,0,20251215,20261211
SC02972.S0,1,1,1,1,1,0,0,20251215,20261211
SC02973.S0,1,1,1,1,1,0,0,20251215,20261211
SC02974.S0,1,1,1,1,1,0,0,20251215,20261211
SC02975.S0,1,1,1,1,1,0,0,20251215,20261211
SC02976.S0,1,1,1,1,1,1,1,20251214,20261212
SC02977.S0,1,1,1,1,1,1,1,20251214,20261212
SC02978.S0,0,0,0,0,0,1,0,20251220,20261212
SC02980.S0,1,1,1,1,1,0,1,20251214,20261211
SC02984.S0,1,1,1,1,1,0,0,20251215,20261211
SC02986.S0,0,1,1,1,1,0,0,20261013,20261103
SC02987.S0,1,1,1,1,1,1,1,20251214,20261212
SC02991.S0,0,0,0,0,0,1,1,20251214,20261212
SC02994.S0,1,1,1,1,1,0,0,20251215,20261211
SC02995.S0,0,0,0,0,0,1,1,20251214,20261212
SC02997.S0,0,0,0,0,0,1,1,20251214,20261212
SC02998.S0,1,1,1,1,1,1,1,20251214,20261212
SC02999.S0,1,1,1,1,1,1,1,20251214,20261212
SC03001.S0,1,1,1,1,1,1,1,20251214,20261212
SC03002.S0,1,1,1,1,1,1,1,20251214,20261212
SC03003.S0,1,1,1,1,1,1,1,20251214,20261212
SC03004.S0,0,0,0,0,0,1,1,20251214,20261212
SC03005.S0,0,0,0,0,0,1,1,20251214,20261212
SC03007.S0,0,0,0,0,0,1,1,20251214,20261212
SC03008.S0,0,0,0,0,0,1,1,20251214,20261212
SC03009.S0,1,1,1,1,1,1,1,20251214,20261212
SC03013.S0,1,1,1,1,1,0,0,20251215,20261211
SC03014.S0,1,1,1,1,1,1,1,20251214,20261212
SC03015.S0,1,1,1,1,1,1,1,20251214,20261212
SC03019.S0,1,1,1,1,1,1,1,20251214,20261212
SC03021.S0,0,0,0,0,0,0,0,20251215,20261211
SC00412.S0,1,1,1,1,1,0,0,20260819,20261116
SC03024.S0,0,0,0,0,0,0,0,20251215,20261211
SC03026.S0,1,1,1,1,1,0,0,20260819,20261116
SC03028.S0,1,1,1,1,1,0,0,20251215,20261211
SC03029.S0,1,1,1,1,1,0,0,20260819,20261116
SC03030.S0,0,0,0,0,0,0,0,20251215,20261211
SC03032.S0,1,1,1,1,1,0,0,20251215,20261211
SC03033.S0,1,1,1,1,1,0,0,20251215,20261211
SC03035.S0,1,1,1,1,1,0,0,20260819,20261116
SC03037.S0,1,1,1,1,1,0,0,20251215,20261211
SC03038.S0,1,1,1,1,1,0,0,20260819,20261116
SC03039.S0,1,1,1,1,1,0,0,20251215,20261211
SC03040.S0,0,1,1,1,1,0,0,20260819,20261116
SC03042.S0,1,1,1,1,1,0,0,20251215,20261211
SC03043.S0,1,1,1,1,1,0,0,20251215,20261211
SC03045.S0,1,1,1,1,1,0,0,20251215,20261211
SC03046.S0,1,1,1,1,1,0,0,20251215,20261211
SC03047.S0,0,1,1,1,1,0,0,20260819,20261116
SC03049.S0,1,1,1,1,1,0,0,20260819,20261116
SC03050.S0,1,1,1,1,1,0,0,20251215,20261211
SC03051.S0,0,0,0,0,0,0,0,20251215,20261211
SC03053.S0,1,1,1,1,1,0,0,20251215,20261211
SC03054.S0,1,1,1,1,1,0,0,20251215,20261211
SC03055.S0,1,1,1,1,1,0,0,20251215,20261211
SC03057.S0,0,1,1,1,1,0,0,20260819,20261116
SC03058.S0,1,1,1,0,0,0,0,20261012,20261019
SC03059.S0,1,1,1,1,1,0,0,20251215,20261211
SC03061.S0,1,1,1,1,1,0,0,20260819,20261116
SC03062.S0,1,1,1,1,1,0,0,20251215,20261211
SC03063.S0,1,1,1,1,1,0,0,20251215,20261211
SC03064.S0,0,0,0,0,0,0,0,20251215,20261211
SC03066.S0,0,0,0,0,0,0,0,20251215,20261211
SC03068.S0,1,1,1,1,1,0,0,20251215,20261211
SC03069.S0,1,1,1,1,1,0,0,20251215,20261211
SC03070.S0,0,0,0,0,0,0,0,20251215,20261211
SC03072.S0,1,1,1,1,1,0,0,20251215,20261211
SC03075.S0,1,1,1,1,1,0,0,20251215,20261211
SC03076.S0,0,0,0,0,0,0,0,20251215,20261211
SC03078.S0,1,1,1,1,1,0,0,20251215,20261211
SC03080.S0,1,1,1,1,1,0,0,20251215,20261211
SC03081.S0,0,0,0,0,0,0,0,20251215,20261211
SC03083.S0,1,1,1,1,1,0,0,20251215,20261211
SC03085.S0,1,1,1,1,1,0,0,20260819,20261116
SC03086.S0,0,0,0,0,0,0,0,20251215,20261211
SC03088.S0,1,1,1,1,1,0,0,20260819,20261116
SC03089.S0,1,1,1,1,1,0,0,20251215,20261211
SC03091.S0,1,1,1,1,1,0,0,20260819,20261116
SC03092.S0,1,1,1,1,1,0,0,20251215,20261211
SC03093.S0,0,0,0,0,0,0,0,20251215,20261211
SC03095.S0,1,1,1,1,1,0,0,20251215,20261211
SC03097.S0,1,1,1,1,1,0,0,20260819,20261116
SC03098.S0,1,1,1,1,1,0,0,20251215,20261211
SC03100.S0,1,1,1,1,1,0,0,20251215,20261211
SC03101.S0,0,0,0,0,0,0,0,20251215,20261211
SC03103.S0,1,1,1,1,1,0,0,20251215,20261211
SC03104.S0,0,0,0,0,0,0,0,20251215,20261210
SC00414.S0,1,1,1,1,0,0,0,20260819,20261112
SC03106.S0,0,0,0,0,0,0,0,20251219,20261211
SC03108.S0,0,0,0,0,1,0,0,20260821,20261116
SC03109.S0,1,1,1,1,1,1,1,20251214,20261212
SC03116.S0,1,1,1,1,1,1,1,20260915,20261026
SC00415.S0,1,1,1,1,1,1,1,20261027,20261212
SC03117.S0,1,1,1,1,1,1,1,20251214,20261212
SC03119.S0,1,1,1,1,1,1,1,20260819,20261116
SC03120.S0,1,1,1,0,0,1,1,20261010,20261019
SC00416.S0,1,1,1,1,1,0,1,20261020,20261113
SC03121.S0,1,1,1,1,1,1,1,20251214,20261212
SC03123.S0,1,1,1,1,1,1,1,20251214,20261212
SC03127.S0,0,0,1,1,0,1,1,20260826,20261116
SC00374.S0,1,1,1,1,1,1,1,20261117,20261212
SC00417.S0,1,1,0,0,1,0,0,20261027,20261106
SC03128.S0,1,1,1,1,1,1,1,20251214,20261212
SC00418.S0,1,1,1,1,1,1,1,20261027,20261211
SC03132.S0,1,1,0,1,1,0,1,20251214,20261212
SC03134.S0,0,0,0,0,0,1,1,20260826,20261116
SC03135.S0,0,0,0,0,0,0,0,20261028,20261116
SC03136.S0,1,1,0,1,1,1,1,20251214,20261212
SC03139.S0,0,0,0,0,0,1,1,20260826,20261116
SC00373.S0,1,0,0,0,1,0,0,20261027,20261116
SC00376.S0,1,1,1,1,1,1,1,20261117,20261211
SC03140.S0,0,0,0,0,0,0,0,20251214,20261212
SC03142.S0,1,1,1,1,1,1,1,20260130,20261212
SC03151.S0,1,1,1,1,1,1,1,20260916,20261027
SC03152.S0,1,1,1,1,1,1,1,20261028,20261212
SC03153.S0,1,1,1,1,1,0,0,20251215,20261211
SC03155.S0,0,0,0,0,0,0,0,20260321,20261101
SC03156.S0,0,0,0,0,0,1,1,20260627,20261101
SC03160.S0,0,0,0,0,0,0,0,20260321,20261101
SC03161.S0,0,0,0,0,0,1,1,20260628,20261101
SC00410.S0,0,0,0,0,0,1,1,20260628,20261101
SC03165.S0,1,1,1,1,1,0,0,20251215,20261211
SC03167.S0,1,1,1,1,1,1,0,20251215,20261212
SC03171.S0,1,1,1,1,1,1,0,20261113,20261212
SC03172.S0,1,1,1,1,1,0,0,20251215,20261211
SC03175.S0,0,0,0,0,0,0,1,20251214,20261206
SC03177.S0,0,0,0,0,0,1,1,20251214,20261212
SC03178.S0,1,1,1,1,1,0,0,20251215,20261211
SC03180.S0,1,1,1,1,1,0,0,20251215,20261211
SC03181.S0,1,1,1,1,1,0,0,20261112,20261211
SC03182.S0,1,1,1,1,1,0,0,20251215,20261211
SC03184.S0,1,1,1,1,1,0,0,20251215,20261211
SC03185.S0,1,1,1,1,1,0,0,20261111,20261211
SC03186.S0,0,0,0,0,0,0,0,20261111,20261111
SC03187.S0,1,1,1,1,1,0,0,20251215,20261211
SC03193.S0,0,0,0,0,0,1,0,20251220,20261212
SC03196.S0,0,0,0,0,0,0,1,20251214,20261206
SC03197.S0,1,1,1,1,1,1,1,20251214,20261212
SC03199.S0,1,1,1,1,1,1,1,20251214,20261212
SC03201.S0,1,1,1,1,1,1,1,20251214,20261212
SC03207.S0,1,1,1,1,1,0,1,20251214,20261211
SC00184.S0,1,0,0,0,0,0,1,20260928,20261011
SC03211.S0,1,1,1,1,1,1,1,20251214,20261212
SC03213.S0,1,1,1,1,1,0,0,20251215,20261211
SC03215.S0,1,1,1,1,1,1,1,20251214,20261212
SC03216.S0,1,1,1,1,1,1,0,20251215,20261212
SC00150.S0,0,0,0,0,0,0,1,20251214,20261206
SC03218.S0,1,1,1,1,1,1,1,20251214,20261212
SC03219.S0,1,1,1,1,1,1,1,20251214,20261212
SC03220.S0,1,1,1,1,1,1,1,20251214,20261212
SC03223.S0,1,1,1,1,1,1,1,20251214,20261212
SC03226.S0,1,1,1,1,1,1,1,20251214,20261212
SC03227.S0,1,1,1,1,1,1,1,20251214,20261212
SC03230.S0,1,1,1,1,1,1,1,20251214,20261212
SC03231.S0,1,1,1,1,1,1,1,20251214,20261212
SC03232.S0,1,1,1,1,1,1,1,20251214,20261212
SC03233.S0,1,1,1,1,1,1,1,20251214,20261212
SC00179.S0,0,0,1,0,0,0,0,20261007,20261027
SC03235.S0,1,1,1,1,1,0,0,20251215,20261211
SC03237.S0,1,1,1,1,1,1,1,20251214,20261212
SC03238.S0,0,0,0,0,0,0,1,20251214,20261206
SC03240.S0,0,0,0,0,0,1,0,20251220,20261212
SC03242.S0,1,1,1,1,1,0,0,20251215,20261211
SC03245.S0,0,0,0,0,0,0,1,20251214,20261206
SC03246.S0,0,0,0,0,0,1,0,20251220,20261212
SC03247.S0,1,1,1,1,1,0,1,20251214,20261211
SC03253.S0,1,1,1,1,1,1,0,20251215,20261212
SC03255.S0,1,1,1,1,1,1,1,20251214,20261212
SC03258.S0,1,1,1,1,1,0,0,20251215,20261211
SC03260.S0,1,1,1,1,1,1,1,20251214,20261212
SC03269.S0,1,1,1,1,1,1,1,20251214,20261212
SC03271.S0,0,0,0,0,0,0,1,20251214,20261206
SC03272.S0,1,1,1,1,1,0,0,20251215,20261211
SC03273.S0,1,1,1,1,1,0,0,20260819,20261016
SC03274.S0,1,1,1,0,0,1,1,20261012,20261016
SC03275.S0,0,0,0,0,0,0,0,20251214,20261212
SC03283.S0,1,1,1,1,1,1,1,20260915,20261026
SC00157.S0,1,1,1,1,1,1,1,20261027,20261212
SC03284.S0,1,1,1,1,1,1,1,20251214,20261212
SC03291.S0,1,1,1,1,1,1,1,20260915,20261026
SC00155.S0,1,1,1,1,1,1,1,20261027,20261211
SC03293.S0,0,0,0,0,0,0,0,20251214,20261212
SC03296.S0,0,0,0,0,0,1,1,20261010,20261018
SC00153.S0,0,0,0,0,0,1,1,20261024,20261212
SC03297.S0,1,1,1,1,1,1,1,20251214,20261212
SC00160.S0,1,1,1,1,1,1,1,20261020,20261212
SC03298.S0,0,0,0,0,0,0,0,20251215,20261211
SC03301.S0,0,1,1,1,1,0,0,20261019,20261116
SC00161.S0,1,1,0,1,1,0,0,20261020,20261116
SC03302.S0,1,1,1,1,1,1,1,20251214,20261212
SC03303.S0,0,0,0,0,0,0,0,20251214,20261212
SC00162.S0,0,1,1,1,1,1,1,20261024,20261212
SC03307.S0,0,0,0,0,0,1,0,20251220,20261212
SC03308.S0,0,0,0,0,0,0,0,20251214,20261212
SC00163.S0,1,1,1,1,1,1,1,20261020,20261212
SC03310.S0,1,1,1,1,1,1,1,20251214,20261212
SC03312.S0,1,1,1,1,1,1,1,20251214,20261212
SC03314.S0,1,1,1,1,1,0,0,20251215,20261211
SC03315.S0,1,1,1,1,1,1,1,20251214,20261212
SC03317.S0,1,1,1,1,1,1,1,20251214,20261212
SC03318.S0,1,1,1,1,1,1,1,20251214,20261212
SC03320.S0,1,1,1,1,1,1,1,20251214,20261212
SC03321.S0,1,1,1,1,1,1,1,20251214,20261212
SC03322.S0,0,0,0,0,0,0,1,20251214,20261206
SC03324.S0,1,1,1,1,1,1,0,20251215,20261212
SC03325.S0,1,1,1,1,1,1,1,20251214,20261212
SC03327.S0,0,0,0,0,0,0,0,20251215,20261211
SC00166.S0,1,1,1,1,1,0,0,20261020,20261211
SC03330.S0,0,0,0,0,0,0,0,20251214,20261212
SC00164.S0,0,0,0,0,0,1,1,20261115,20261212
SC03334.S0,0,0,0,0,0,0,0,20251214,20261212
SC00167.S0,1,1,1,1,1,1,1,20261020,20261212
SC03335.S0,1,1,1,1,1,1,1,20251214,20261212
SC03340.S0,1,1,1,1,1,1,1,20251214,20261212
SC03342.S0,1,1,1,1,1,1,1,20251214,20261212
SC03343.S0,1,1,1,1,1,0,0,20251215,20261211
SC03344.S0,0,0,0,0,0,1,1,20251214,20261212
SC03345.S0,1,1,1,1,1,1,1,20251214,20261212
SC03346.S0,1,1,1,1,1,1,1,20251214,20261212
SC03347.S0,1,1,1,1,1,0,0,20251215,20261211
SC03349.S0,1,1,1,1,1,1,1,20251214,20261212
SC03350.S0,1,1,1,1,1,0,0,20251215,20261211
SC03354.S0,0,1,0,0,0,0,0,20251214,20261212
SC00168.S0,1,1,1,1,1,1,1,20261020,20261212
SC03355.S0,1,1,1,1,1,1,1,20251214,20261212
SC03356.S0,1,0,0,0,0,1,1,20261010,20261019
SC03357.S0,0,0,0,0,0,0,1,20251214,20261206
SC03358.S0,1,1,1,1,1,1,0,20251215,20261212
SC03359.S0,0,0,0,0,0,0,0,20251214,20261212
SC03362.S0,0,1,0,0,0,0,0,20251214,20261212
SC00170.S0,1,1,1,1,1,1,1,20261020,20261212
SC03363.S0,0,1,0,0,0,0,0,20251214,20261212
SC00171.S0,1,1,1,1,1,1,1,20261020,20261212
SC03366.S0,0,0,0,0,0,0,0,20251214,20261212
SC03367.S0,0,0,0,0,0,0,0,20251214,20261212
SC03368.S0,0,0,0,0,0,0,0,20251214,20261212
SC03371.S0,0,0,0,0,0,0,0,20251215,20261211
SC03372.S0,0,0,0,0,0,0,0,20261012,20261019
SC03376.S0,0,0,0,0,0,0,0,20251214,20261212
SC03377.S0,0,0,0,0,0,1,1,20261017,20261212
SC03378.S0,0,0,0,0,0,0,0,20251214,20261212
SC03380.S0,1,1,1,1,1,1,1,20251214,20261212
SC03381.S0,0,0,0,0,1,0,0,20251219,20261211
SC03382.S0,1,1,1,1,0,1,1,20251214,20261212
SC03383.S0,1,1,1,1,1,1,1,20251214,20261212
SC03384.S0,0,0,0,0,0,0,1,20260125,20261206
SC03385.S0,1,1,1,1,1,1,0,20251214,20261212
SC03386.S0,1,1,1,1,1,1,1,20251214,20261212
SC03387.S0,0,0,0,0,0,1,0,20251220,20261212
SC03388.S0,1,1,1,1,1,1,1,20251214,20261212
SC03394.S0,1,1,1,1,1,1,1,20251214,20261212
SC03395.S0,1,1,1,1,1,1,1,20251214,20261212
SC03396.S0,1,1,1,1,1,1,1,20251214,20261212
SC03397.S0,1,1,1,1,1,1,1,20251214,20261212
SC03398.S0,0,0,0,0,0,1,1,20251214,20261212
SC03399.S0,1,1,1,1,1,1,1,20260614,20261212
SC03400.S0,1,1,1,1,1,1,1,20251214,20261212
SC03401.S0,1,1,1,1,1,0,0,20251215,20261211
SC03402.S0,1,1,1,1,1,1,1,20251214,20261212
SC03403.S0,0,0,0,0,0,1,1,20251214,20261212
SC03404.S0,1,1,1,1,1,1,1,20251214,20261212
SC03406.S0,1,1,1,1,1,1,1,20251214,20261212
SC03407.S0,1,1,1,1,1,1,1,20251214,20261212
SC03408.S0,1,1,1,1,1,1,1,20251214,20261212
SC03410.S0,1,1,1,1,1,1,1,20251214,20261212
SC03413.S0,1,1,1,1,1,1,1,20251214,20261212
SC03415.S0,1,1,1,1,1,1,1,20251214,20261212
SC03416.S0,1,1,1,1,1,1,1,20251214,20261212
SC03417.S0,1,1,1,1,1,1,1,20251214,20261212
SC00174.S0,0,0,0,0,0,0,1,20251214,20261206
SC03418.S0,1,1,1,1,1,1,0,20251215,20261212
SC03420.S0,1,1,1,1,1,1,1,20251214,20261212
SC03424.S0,1,1,1,1,1,1,1,20251214,20261212
SC03426.S0,1,1,1,1,1,1,1,20251214,20261212
SC03427.S0,1,1,1,1,1,1,0,20251215,20261212
SC03428.S0,0,0,0,0,0,0,0,20251215,20261207
SC03429.S0,1,0,0,0,0,0,0,20260223,20261207
SC03430.S0,0,1,1,1,1,1,1,20251214,20261212
SC03431.S0,1,1,1,1,1,1,1,20251214,20261212
SC03434.S0,1,1,1,1,1,1,1,20251214,20261212
SC03436.S0,1,1,1,1,1,1,1,20251214,20261212
SC03437.S0,1,1,1,1,1,1,1,20251214,20261212
SC03438.S0,1,1,1,1,1,1,1,20251214,20261212
SC03442.S0,1,1,1,1,1,1,1,20251214,20261212
SC03443.S0,1,1,1,1,1,1,1,20251214,20261212
SC03446.S0,1,1,1,1,1,1,1,20251214,20261212
SC03448.S0,1,1,1,1,1,1,1,20251214,20261212
SC03449.S0,1,1,1,1,1,1,1,20251214,20261212
SC03450.S0,1,1,1,1,1,1,1,20251214,20261212
SC03452.S0,1,1,1,1,1,1,1,20251214,20261212
SC03454.S0,1,1,1,1,1,1,1,20260216,20261212
SC00134.S0,1,1,1,1,1,1,1,20260216,20261212
SC03455.S0,1,1,1,1,1,1,1,20260216,20261212
SC03456.S0,1,1,1,1,1,1,1,20251214,20261212
SC03457.S0,1,1,1,1,1,1,1,20251214,20261212
SC03458.S0,1,1,1,1,1,1,1,20260216,20261212
SC03459.S0,1,1,1,1,1,1,1,20260216,20261212
SC03461.S0,1,1,1,1,1,1,1,20251214,20261212
SC03464.S0,1,1,1,1,1,1,1,20251214,20261212
SC03468.S0,1,0,0,0,0,0,0,20260316,20261207
SC03476.S0,1,0,0,0,0,0,0,20260316,20261207
SC03480.S0,1,0,0,0,0,0,0,20260316,20261207
SC03483.S0,1,0,0,0,0,0,0,20260316,20261207
SC03485.S0,0,0,0,0,0,0,0,20251214,20261212
SC03490.S0,1,1,1,1,1,1,1,20260417,20261212
SC03494.S0,1,0,0,0,0,0,0,20260316,20261207
SC03501.S0,1,1,1,1,1,1,1,20251214,20261212
SC03502.S0,1,1,1,1,1,1,1,20251214,20261212
SC03503.S0,1,1,1,1,1,1,1,20251214,20261212
SC03504.S0,1,1,1,1,1,1,1,20260216,20261212
SC03505.S0,0,0,0,0,0,0,0,20251214,20261212
SC03507.S0,1,1,1,1,1,1,1,20251214,20261212
SC03510.S0,1,1,1,1,1,1,1,20251214,20261212
SC03512.S0,1,1,1,1,1,1,1,20260216,20261212
SC03514.S0,1,1,1,1,1,1,1,20260615,20261212
SC03515.S0,1,1,1,1,1,1,1,20260614,20261212
SC03516.S0,1,1,1,1,1,1,1,20251214,20261212
SC03518.S0,1,1,1,1,1,1,1,20251214,20261212
SC03520.S0,1,1,1,1,1,1,1,20251214,20261212
SC03524.S0,0,0,0,0,0,0,0,20260312,20261212
SC03526.S0,0,0,0,0,0,0,0,20251214,20261212
SC03530.S0,1,1,1,1,1,1,1,20251214,20261212
SC03531.S0,1,1,1,1,1,1,1,20251214,20261212
SC03532.S0,1,1,1,1,1,1,1,20251214,20261212
SC03534.S0,0,0,0,0,1,1,1,20260925,20261010
SC03535.S0,1,1,1,1,1,1,1,20251214,20261212
SC03539.S0,1,1,1,1,1,1,1,20251214,20261212
SC03540.S0,1,1,1,1,1,1,1,20251214,20261212
SC03544.S0,1,1,1,1,1,1,1,20251214,20261212
SC03545.S0,1,1,1,1,1,1,1,20251214,20261212
SC03548.S0,1,1,1,1,1,1,1,20251214,20261212
SC03552.S0,1,1,1,1,1,1,1,20251214,20261212
SC03554.S0,1,1,1,1,1,1,1,20251214,20261212
SC03556.S0,1,1,1,1,1,1,1,20251214,20261212
SC03557.S0,1,1,1,1,1,1,1,20251214,20261212
SC03559.S0,1,1,1,1,1,1,1,20251214,20261212
SC03560.S0,1,1,1,1,1,1,1,20251214,20261212
SC03561.S0,1,1,1,1,1,1,1,20251214,20261212
SC03562.S0,1,1,1,1,1,1,1,20251214,20261212
SC03563.S0,1,1,1,1,1,1,1,20251214,20261212
SC03564.S0,0,0,0,0,0,0,0,20251214,20261206
SC03565.S0,0,0,0,0,0,0,0,20251215,20261207
SC03567.S0,0,0,0,0,0,0,0,20251214,20261212
SC03566.S0,1,1,1,1,1,1,1,20260624,20261212
SC03572.S0,0,0,0,0,0,0,0,20251214,20261212
SC03571.S0,1,1,1,1,1,1,1,20260624,20261212
SC03575.S0,0,0,0,0,0,0,0,20251214,20261212
SC03577.S0,1,1,1,1,1,1,1,20260624,20261212
SC03578.S0,1,1,1,1,1,1,1,20260624,20261212
SC03580.S0,1,1,1,1,1,1,1,20260624,20261212
SC03582.S0,0,0,0,0,0,0,0,20251214,20261212
SC03584.S0,0,0,0,0,0,0,0,20251214,20261212
SC03586.S0,1,1,1,1,1,1,1,20251214,20261212
SC03589.S0,1,1,1,1,1,1,1,20251214,20261212
SC03590.S0,1,1,1,1,1,1,1,20251214,20261212
SC03593.S0,1,1,1,1,1,0,0,20251215,20261211
SC03594.S0,1,1,1,1,1,1,1,20251214,20261212
SC03596.S0,0,0,0,0,0,1,1,20251214,20261212
SC03597.S0,1,1,1,1,1,1,1,20251214,20261212
SC03598.S0,1,1,1,1,1,1,1,20251214,20261212
SC03599.S0,1,1,1,1,1,1,1,20251214,20261212
SC03600.S0,1,1,1,1,1,0,0,20251215,20261211
SC03602.S0,0,0,0,0,0,0,1,20251214,20261206
SC03605.S0,1,1,1,1,1,1,1,20251214,20261212
SC03608.S0,1,1,1,1,1,1,1,20251214,20261212
SC03611.S0,1,1,1,1,1,1,1,20251214,20261212
SC03614.S0,1,1,1,1,1,0,0,20251215,20261211
SC03618.S0,0,0,0,0,0,1,1,20251214,20261212
SC03622.S0,1,1,1,1,1,1,1,20251214,20261212
SC03624.S0,1,1,1,1,1,1,1,20251214,20261212
SC03625.S0,1,1,1,1,1,1,1,20251214,20261212
SC03627.S0,1,1,1,1,1,1,1,20251214,20261212
SC03628.S0,0,0,0,0,0,1,0,20251220,20261212
SC03630.S0,1,1,1,1,1,0,1,20251214,20261211
SC03631.S0,0,0,0,0,0,1,0,20251220,20261212
SC03632.S0,1,1,1,1,1,0,0,20251215,20261211
SC03634.S0,0,0,0,0,0,1,1,20251214,20261212
SC03636.S0,1,1,1,1,1,1,1,20251214,20261212
SC03638.S0,1,1,0,0,1,0,0,20251215,20261211
SC03640.S0,1,1,1,1,1,0,0,20251215,20261211
SC03641.S0,1,1,1,1,1,1,1,20251214,20261212
SC03643.S0,1,0,0,1,1,0,0,20261008,20261016
SC03644.S0,1,1,1,1,1,1,1,20251214,20261212
SC03646.S0,1,1,1,1,1,1,1,20251214,20261212
SC03648.S0,1,1,1,1,1,1,1,20251214,20261212
SC03649.S0,1,1,1,1,1,1,1,20251214,20261212
SC03650.S0,1,1,1,1,1,1,1,20251214,20261212
SC03653.S0,0,0,0,0,0,0,0,20251215,20261212
SC03654.S0,1,1,1,1,1,1,1,20260217,20261212
SC03655.S0,1,1,1,1,1,1,1,20251214,20261212
SC03661.S0,1,1,1,1,1,1,1,20251215,20261212
SC03663.S0,1,1,1,1,1,1,1,20251215,20261212
SC03670.S0,1,1,1,1,1,1,1,20251214,20261211
SC03679.S0,0,0,0,0,0,0,0,20251214,20261212
SC03681.S0,0,0,0,0,0,1,1,20251214,20261212
SC03682.S0,0,0,0,0,0,1,1,20251214,20261212
SC03688.S0,0,0,0,0,0,1,1,20251214,20261212
SC03690.S0,0,0,0,0,0,1,1,20251214,20261212
SC03691.S0,0,0,0,0,0,1,1,20251214,20261212
SC03692.S0,1,1,1,1,1,0,0,20251215,20261211
SC03695.S0,0,0,0,0,0,1,1,20251214,20261212
SC03696.S0,1,1,1,1,1,0,0,20251215,20261211
SC03697.S0,1,1,1,1,1,0,0,20251215,20261211
SC03698.S0,1,1,1,1,1,0,0,20251215,20261211
SC03699.S0,0,0,0,0,0,1,1,20251214,20261212
SC03701.S0,0,0,0,0,0,1,0,20251220,20261212
SC03703.S0,0,0,0,0,0,1,0,20251220,20261212
SC03704.S0,1,1,1,1,1,1,0,20251215,20261212
SC03706.S0,1,1,1,1,1,1,1,20251214,20261212
SC03708.S0,1,1,1,1,1,1,1,20251214,20261212
SC03710.S0,1,1,1,1,1,0,0,20251215,20261211
SC03712.S0,0,0,0,0,0,1,0,20251220,20261212
SC03713.S0,1,1,1,1,1,0,0,20251215,20261211
SC03714.S0,1,1,1,1,1,0,0,20251215,20261211
SC03716.S0,1,1,1,1,1,0,0,20251215,20261211
SC03717.S0,0,0,0,0,0,1,0,20251220,20261212
SC03718.S0,0,0,0,0,0,0,1,20251214,20261206
SC03720.S0,1,1,1,1,1,0,0,20251215,20261211
SC03721.S0,1,1,1,1,1,1,1,20251214,20261212
SC03723.S0,0,0,0,0,0,0,0,20251219,20261211
SC03724.S0,0,0,0,0,0,1,1,20251214,20261212
SC03725.S0,0,0,0,0,0,0,0,20251214,20261212
SC00421.S0,1,1,1,1,1,0,0,20251215,20261211
SC03726.S0,1,1,1,1,1,0,1,20251214,20261211
SC03727.S0,1,1,1,1,1,1,1,20251214,20261212
SC03729.S0,1,1,1,1,1,1,1,20261126,20261127
SC03730.S0,1,1,1,1,1,1,1,20251214,20261212
SC03732.S0,1,1,1,1,1,1,1,20251214,20261212
SC03733.S0,1,1,1,1,1,0,0,20251215,20261211
SC03734.S0,1,1,1,1,1,0,0,20251215,20261211
SC00313.S0,0,0,0,0,0,1,1,20251214,20261212
SC03736.S0,1,1,1,1,1,0,0,20251215,20261211
SC03737.S0,1,1,1,1,1,0,0,20260814,20261021
SC03738.S0,1,1,1,1,1,0,0,20251215,20261211
SC03740.S0,1,1,1,1,1,0,0,20260812,20261211
SC03741.S0,0,0,0,0,0,1,1,20251214,20261212
SC03742.S0,0,0,0,0,0,1,1,20260815,20261212
SC03743.S0,1,1,1,1,1,0,0,20251215,20261211
SC03744.S0,0,0,0,0,0,1,1,20251214,20261212
SC00348.S0,1,1,1,1,1,1,1,20261107,20261108
SC03746.S0,0,0,0,0,0,1,1,20251214,20261212
SC03748.S0,1,1,1,1,1,0,0,20251215,20261211
SC03749.S0,1,1,1,1,1,0,0,20251215,20261211
SC03751.S0,1,1,1,1,1,0,0,20260813,20261021
SC03752.S0,0,0,0,0,0,1,1,20251214,20261212
SC03753.S0,1,1,1,1,1,1,1,20251214,20261212
SC03754.S0,1,1,1,1,1,0,0,20251215,20261211
SC03755.S0,1,1,1,1,1,0,0,20260813,20261020
SC03756.S0,0,0,0,0,0,1,1,20251214,20261212
SC03757.S0,1,1,1,1,1,1,1,20251214,20261212
SC03758.S0,1,1,1,1,1,1,1,20260813,20261021
SC03759.S0,0,0,0,0,0,1,1,20261107,20261114
SC03760.S0,1,1,1,1,1,1,1,20261031,20261101
SC03761.S0,1,1,1,1,1,0,0,20251215,20261211
SC03762.S0,1,1,1,1,1,0,0,20260813,20261021
SC03763.S0,0,0,0,0,0,1,1,20251214,20261212
SC03764.S0,0,0,0,0,0,1,1,20261031,20261114
SC03765.S0,1,1,1,1,1,1,1,20251214,20261212
SC03767.S0,1,1,1,1,1,1,1,20260813,20261021
SC03768.S0,1,1,1,1,1,0,0,20251215,20261211
SC03769.S0,1,1,1,1,1,0,0,20260813,20261020
SC03770.S0,0,0,0,0,0,1,1,20251214,20261212
SC03771.S0,0,0,0,0,0,1,1,20260816,20261018
SC03772.S0,1,1,1,1,1,0,0,20251215,20261211
SC03773.S0,0,0,0,0,0,1,1,20251214,20261212
SC03774.S0,0,0,0,0,0,1,1,20251214,20261212
SC03775.S0,0,0,0,0,0,1,1,20251214,20261212
SC00394.S0,0,0,0,0,0,0,0,20261031,20261031
SC03776.S0,0,0,0,0,0,1,1,20251214,20261212
SC03777.S0,0,0,0,0,0,1,1,20260816,20261018
SC03778.S0,0,0,0,0,0,1,1,20251214,20261212
SC03779.S0,0,0,0,0,0,1,1,20251214,20261212
SC03780.S0,0,0,0,0,0,1,1,20251214,20261212
SC03781.S0,0,0,0,0,0,1,1,20260815,20261018
SC03782.S0,1,1,1,1,1,0,0,20251215,20261211
SC03784.S0,1,1,1,1,1,0,0,20261021,20261103
SC03785.S0,0,0,0,0,0,1,1,20251214,20261212
SC03786.S0,1,1,1,1,1,1,0,20251215,20261212
SC03787.S0,0,0,0,0,0,0,1,20251214,20261206
SC03788.S0,0,0,0,0,1,1,0,20251219,20261212
SC03789.S0,0,0,0,0,0,1,1,20251214,20261212
SC03790.S0,0,0,0,0,0,0,0,20261108,20261108
SC03791.S0,0,0,0,0,0,1,1,20251214,20261212
SC03792.S0,0,0,0,0,0,1,1,20251214,20261212
SC03793.S0,0,0,0,0,0,1,1,20251214,20261212
SC03794.S0,0,0,0,0,0,1,1,20260815,20261018
SC03795.S0,0,0,0,0,0,0,0,20261101,20261101
SC03796.S0,0,0,0,0,0,1,1,20251214,20261212
SC03797.S0,0,0,0,0,0,1,1,20251214,20261212
SC03798.S0,1,1,1,1,1,0,0,20251215,20261211
SC03799.S0,0,0,0,0,0,1,0,20251220,20261212
SC03800.S0,0,0,0,0,0,1,0,20260815,20261017
SC03801.S0,0,0,0,0,0,0,1,20251214,20261206
SC03803.S0,0,0,0,0,0,0,1,20260816,20261018
SC03804.S0,0,0,0,0,0,1,1,20251214,20261212
SC03805.S0,0,0,0,0,0,1,1,20251214,20261212
SC03807.S0,0,0,0,0,0,1,1,20251214,20261212
SC03808.S0,0,0,0,0,0,1,1,20260815,20261018
SC03809.S0,0,0,0,0,0,1,1,20251214,20261212
SC03810.S0,0,0,0,0,0,1,1,20251214,20261212
SC03811.S0,0,0,0,0,0,1,1,20251214,20261212
SC03812.S0,0,0,0,0,0,1,1,20260815,20261018
SC03813.S0,0,0,0,0,0,1,1,20251214,20261212
SC03814.S0,0,0,0,0,0,0,1,20251214,20261206
SC03816.S0,0,0,0,0,0,1,0,20251220,20261212
SC03817.S0,0,0,0,0,0,1,1,20251214,20261212
SC03819.S0,0,0,0,0,0,1,1,20251214,20261212
SC03820.S0,0,0,0,0,0,1,1,20251214,20261212
SC03821.S0,0,0,0,0,0,1,1,20251214,20261212
SC03822.S0,1,1,1,1,1,0,0,20260814,20261021
SC03823.S0,0,0,0,0,0,1,1,20251214,20261212
SC03824.S0,1,1,1,1,1,1,1,20251214,20261212
SC03825.S0,1,1,1,1,1,1,1,20260813,20261021
SC03826.S0,1,1,1,1,1,0,0,20251215,20261211
SC03827.S0,1,1,1,1,1,0,0,20251215,20261211
SC03828.S0,1,1,1,1,1,0,0,20251215,20261211
SC03829.S0,1,1,1,1,1,0,0,20251215,20261211
SC03830.S0,0,0,0,0,0,1,1,20251214,20261212
SC03831.S0,1,1,1,1,1,0,0,20251215,20261211
SC03832.S0,0,0,0,0,0,1,1,20251214,20261212
SC03833.S0,1,1,1,1,1,0,0,20251215,20261211
SC03835.S0,1,1,1,1,1,1,1,20251214,20261212
SC03837.S0,1,1,1,1,1,1,1,20260813,20261020
SC03838.S0,1,1,1,1,1,1,1,20261021,20261103
SC03839.S0,0,0,0,0,0,1,0,20251220,20261212
SC03841.S0,1,1,1,1,1,1,1,20251214,20261212
SC03843.S0,1,1,1,1,1,1,1,20251214,20261212
SC03844.S0,1,1,1,1,1,0,0,20251215,20261211
SC03845.S0,0,1,1,0,0,0,0,20261104,20261110
SC03846.S0,1,1,1,1,1,0,0,20251215,20261211
SC03849.S0,1,1,1,1,1,1,1,20251214,20261212
SC03850.S0,1,1,1,1,1,1,1,20251214,20261212
SC03851.S0,0,0,0,0,0,1,1,20251214,20261212
SC03852.S0,1,1,1,1,1,1,1,20251214,20261212
SC03853.S0,0,0,0,0,0,1,1,20251214,20261212
SC03854.S0,1,1,1,1,0,0,1,20251214,20261210
SC03855.S0,1,1,1,1,1,0,0,20251215,20261211
SC03856.S0,0,0,0,0,0,1,1,20251214,20261212
SC03857.S0,1,1,1,1,1,1,1,20251214,20261212
SC03858.S0,1,1,1,1,1,0,0,20251215,20261211
SC03859.S0,1,1,1,1,1,0,0,20251215,20261211
SC03860.S0,1,1,1,1,1,1,1,20251214,20261212
SC00296.S0,0,0,0,0,0,0,0,20261107,20261107
SC03861.S0,1,1,1,1,1,0,0,20251215,20261211
SC03862.S0,1,1,1,1,1,0,0,20251215,20261211
SC03863.S0,1,1,1,1,1,0,0,20251215,20261211
SC03866.S0,1,1,1,1,1,0,0,20251215,20261211
SC03867.S0,0,0,0,0,0,1,0,20251220,20261212
SC03868.S0,0,0,0,0,0,0,1,20251214,20261206
SC03869.S0,0,0,0,0,0,0,0,20251214,20261212
SC03870.S0,0,0,0,0,0,0,0,20251220,20261212
SC03871.S0,0,0,0,0,0,0,1,20251214,20261206
SC03873.S0,0,0,0,0,0,0,0,20251214,20261212
SC03874.S0,0,0,0,0,0,0,0,20251214,20261212
SC03875.S0,0,0,0,0,0,0,0,20251215,20261211
SC03876.S0,0,0,0,0,0,0,0,20251214,20261206
SC03877.S0,1,1,1,1,1,1,0,20251215,20261212
SC03878.S0,0,0,0,0,0,1,0,20260328,20261024
SC03879.S0,1,1,1,1,1,0,1,20251214,20261212
SC03880.S0,0,0,0,0,0,1,0,20260328,20261024
SC03882.S0,1,1,1,1,1,0,1,20251214,20261212
SC03885.S0,0,1,1,0,0,0,0,20261006,20261013
SC03886.S0,0,1,0,0,0,0,0,20251215,20261211
SC03887.S0,1,1,1,1,1,0,0,20251222,20261211
SC03888.S0,1,1,1,1,1,0,0,20251215,20261211
SC03889.S0,1,1,1,1,1,0,0,20261022,20261104
SC03890.S0,1,1,1,1,1,0,0,20251215,20261211
SC03891.S0,1,1,1,1,1,0,0,20251215,20261211
SC03892.S0,1,1,1,1,1,0,0,20251215,20261211
SC03897.S0,1,1,1,1,1,0,0,20251215,20261211
SC03898.S0,1,1,1,1,1,1,1,20251214,20261212
SC03901.S0,1,1,1,1,1,0,0,20251215,20261211
SC03902.S0,1,1,1,1,1,1,1,20251214,20261212
SC03904.S0,1,1,1,1,1,0,0,20251215,20261211
SC03905.S0,0,0,0,0,0,1,1,20251214,20261212
SC03906.S0,0,0,0,0,0,1,1,20260816,20261018
SC03907.S0,1,1,1,1,1,1,1,20251214,20261212
SC03908.S0,0,0,0,0,0,1,1,20261024,20261101
SC03909.S0,1,1,1,1,1,1,1,20251214,20261212
SC03910.S0,1,1,1,1,1,0,0,20251215,20261211
SC03911.S0,1,1,1,1,1,0,0,20251215,20261211
SC03912.S0,1,1,1,1,1,0,0,20251215,20261211
SC03913.S0,1,1,1,1,1,0,0,20251215,20261211
SC03914.S0,1,1,1,1,1,0,0,20251215,20261211
SC03915.S0,1,1,1,1,1,0,0,20251215,20261211
SC03916.S0,0,0,0,0,1,1,0,20251219,20261212
SC03917.S0,0,0,0,0,0,1,1,20251214,20261212
SC03918.S0,0,0,0,0,0,1,1,20251214,20261212
SC03919.S0,0,0,0,0,0,1,1,20251214,20261212
SC03920.S0,0,0,0,0,1,0,0,20251219,20261211
SC03923.S0,1,1,1,1,0,0,0,20251215,20261210
SC03926.S0,1,1,1,1,1,0,0,20251215,20261211
SC03927.S0,1,1,1,1,1,1,1,20251214,20261212
SC03929.S0,0,0,0,0,0,1,0,20251220,20261212
SC03930.S0,0,0,0,0,0,1,0,20251220,20261212
SC03932.S0,0,0,0,0,0,1,0,20251220,20261212
SC03933.S0,0,0,0,0,0,1,1,20251214,20261212
SC03935.S0,0,0,0,0,0,1,1,20251214,20261212
SC03936.S0,0,0,0,0,0,1,1,20251214,20261212
SC03937.S0,0,0,0,0,0,1,1,20251214,20261212
SC03938.S0,0,0,0,0,0,1,1,20251214,20261212
SC03939.S0,0,0,0,0,0,1,1,20251214,20261212
SC03941.S0,1,1,1,1,1,1,1,20251214,20261212
SC03942.S0,1,1,1,1,1,1,1,20251214,20261212
SC03943.S0,1,1,1,1,1,1,1,20251214,20261212
SC03944.S0,1,1,1,1,1,1,1,20251214,20261212
SC03945.S0,1,1,1,1,1,1,1,20251214,20261212
SC03946.S0,1,1,1,1,1,1,1,20251214,20261212
SC03947.S0,1,1,1,1,1,1,1,20251214,20261212
SC03948.S0,1,1,1,1,1,1,1,20251214,20261212
SC03949.S0,1,1,1,1,1,1,1,20251214,20261212
SC03950.S0,1,1,1,1,1,1,1,20251214,20261212
SC03952.S0,1,1,1,1,1,1,1,20251214,20261212
SC03955.S0,0,0,0,0,0,0,0,20260926,20261107
SC03956.S0,1,1,1,1,1,0,0,20251215,20261211
SC03958.S0,1,1,1,1,1,1,1,20251214,20261212
SC03959.S0,1,1,1,1,1,1,0,20251215,20261212
SC03961.S0,1,1,1,1,1,1,1,20251214,20261212
SC03962.S0,1,1,1,1,1,0,0,20251215,20261211
SC03964.S0,1,1,1,1,1,1,1,20251214,20261212
SC03966.S0,1,1,1,1,1,1,1,20251214,20261212
SC03967.S0,1,1,1,1,1,1,1,20251214,20261212
SC03968.S0,1,1,1,1,1,1,1,20251214,20261212
SC04015.S0,0,0,0,0,0,0,0,20260601,20261211
SC00241.S0,1,1,1,1,1,0,0,20260617,20261211
SC04016.S0,1,1,1,1,1,0,1,20251214,20261211
SC04019.S0,0,0,0,0,0,0,0,20251214,20261212
SC04020.S0,0,0,0,0,0,0,0,20260606,20261212
SC00285.S0,0,0,0,0,0,1,1,20260620,20261212
SC04021.S0,0,0,0,0,0,0,0,20251215,20261211
SC04024.S0,0,0,0,0,0,0,0,20260607,20261206
SC00286.S0,0,0,0,0,0,0,1,20260621,20261206
SC04025.S0,0,0,0,0,0,0,0,20260606,20261212
SC00287.S0,0,0,0,0,0,1,0,20260620,20261212
SC04026.S0,0,0,0,0,0,0,0,20251214,20261212
SC04027.S0,0,0,0,0,0,0,0,20260601,20261212
SC04028.S0,1,1,1,1,1,1,1,20260617,20261212
SC04030.S0,0,0,0,0,0,0,0,20251214,20261212
SC04031.S0,0,0,0,0,0,0,0,20251214,20261212
SC04032.S0,0,0,0,0,0,0,0,20251214,20261212
SC04033.S0,0,0,0,0,0,0,0,20251215,20261211
SC04034.S0,0,0,0,0,0,0,0,20251215,20261211
SC04035.S0,0,0,0,0,0,0,0,20251215,20261211
SC04036.S0,0,0,0,0,0,0,0,20251214,20261212
SC04037.S0,0,0,0,0,0,0,0,20260606,20261212
SC04038.S0,0,0,0,0,0,1,1,20260620,20261212
SC04039.S0,0,0,0,0,0,0,0,20251215,20261211
SC04040.S0,0,0,0,0,0,0,0,20251215,20261211
SC04041.S0,0,0,0,0,0,0,0,20251214,20261212
SC04042.S0,0,0,0,0,0,1,1,20260620,20261212
SC04043.S0,0,0,0,0,0,0,0,20251215,20261211
SC04044.S0,1,1,1,1,1,0,0,20260617,20261211
SC04045.S0,0,0,0,0,0,1,1,20251214,20261212
SC04046.S0,0,0,0,0,0,1,1,20260620,20261212
SC04048.S0,0,0,0,0,0,0,0,20251214,20261206
SC04049.S0,0,0,0,0,0,0,0,20260607,20261206
SC00288.S0,0,0,0,0,0,0,1,20260621,20261206
SC04050.S0,0,0,0,0,0,0,0,20251215,20261212
SC04051.S0,0,0,0,0,0,0,0,20260601,20261212
SC04052.S0,1,1,1,1,1,1,0,20260617,20261212
SC04054.S0,0,0,0,0,0,0,0,20251214,20261211
SC04055.S0,0,0,0,0,0,0,0,20260605,20261211
SC00289.S0,0,0,0,0,1,0,1,20260619,20261211
SC04056.S0,0,0,0,0,0,0,0,20251215,20261210
SC04057.S0,0,0,0,0,0,0,0,20260601,20261210
SC00290.S0,1,1,1,1,0,0,0,20260617,20261210
SC04058.S0,1,1,1,1,1,1,1,20251214,20261212
SC04059.S0,1,1,1,1,1,1,1,20251214,20261212
SC04060.S0,1,1,1,1,1,1,1,20251214,20261212
SC04062.S0,1,1,1,1,1,1,1,20251214,20261212
SC04064.S0,1,1,1,1,0,1,1,20251214,20261212
SC04065.S0,0,0,0,0,1,0,0,20251219,20261211
SC04066.S0,1,1,1,1,1,0,0,20251215,20261211
SC04067.S0,0,0,0,0,0,0,1,20251214,20261206
SC04068.S0,1,1,1,1,1,1,1,20251214,20261212
SC04070.S0,1,1,1,1,1,1,1,20251214,20261212
SC04072.S0,1,1,1,1,1,0,0,20251215,20261211
SC04073.S0,0,0,0,0,0,0,0,20251214,20261212
SC04074.S0,0,0,0,0,0,1,1,20251214,20261212
SC04075.S0,1,1,1,1,1,0,0,20251215,20261211
SC04076.S0,0,0,0,0,0,1,1,20260321,20261101
SC04077.S0,1,1,1,1,1,1,1,20251214,20261212
SC04079.S0,1,1,1,1,1,1,1,20251214,20261212
SC04080.S0,1,1,1,1,1,0,0,20251215,20261211
SC04081.S0,0,0,0,0,0,1,1,20251214,20261212
SC04082.S0,1,1,1,1,1,0,0,20251215,20261211
SC04083.S0,0,0,0,0,0,1,1,20260321,20261101
SC04085.S0,1,1,1,1,1,0,0,20251214,20261212
SC04086.S0,1,1,1,1,1,1,1,20251214,20261212
SC04087.S0,1,1,1,1,1,1,1,20251214,20261212
SC04088.S0,1,1,1,1,1,0,0,20251215,20261211
SC04090.S0,1,1,1,1,1,1,1,20251214,20261212
SC04091.S0,0,0,0,0,0,1,1,20251214,20261212
SC04092.S0,0,0,0,0,0,0,0,20251214,20261211
SC04093.S0,1,1,1,1,1,0,1,20260601,20261211
SC04100.S0,0,0,0,0,0,1,1,20251214,20261212
SC04101.S0,1,1,1,1,1,0,0,20251215,20261211
SC04103.S0,1,1,1,1,1,0,0,20260831,20261016
SC04104.S0,0,0,0,0,0,0,0,20251214,20261212
SC04113.S0,0,0,0,0,0,1,1,20260905,20261018
SC04114.S0,1,1,1,1,1,0,0,20251215,20261211
SC04115.S0,1,1,1,1,1,1,1,20251214,20261212
SC04116.S0,0,0,0,0,0,1,1,20251214,20261212
SC04117.S0,0,0,0,0,0,1,1,20251214,20261212
SC04118.S0,0,0,0,0,0,1,1,20251214,20261212
SC04119.S0,1,1,1,1,1,0,0,20251215,20261211
SC04121.S0,1,1,1,1,1,1,1,20251214,20261212
SC04124.S0,1,1,1,1,1,1,1,20251214,20261212
SC04125.S0,1,1,1,1,1,1,1,20251214,20261212
SC04126.S0,1,1,1,1,1,1,1,20251214,20261212
SC04128.S0,0,0,0,0,0,0,0,20251215,20261211
SC00251.S0,0,0,0,0,0,1,0,20251220,20261212
SC04129.S0,1,1,1,1,1,0,0,20251215,20261211
SC04130.S0,1,1,1,1,1,0,0,20251215,20261211
SC04131.S0,1,1,1,1,1,0,0,20261012,20261102
SC04132.S0,0,0,0,0,0,0,0,20261103,20261103
SC04133.S0,0,0,0,0,0,1,1,20251214,20261212
SC04134.S0,1,1,1,1,1,0,0,20251215,20261211
SC04135.S0,1,1,1,1,1,1,1,20251214,20261212
SC04136.S0,1,1,1,1,1,1,1,20261007,20261010
SC04137.S0,1,1,1,1,1,1,1,20251214,20261212
SC04138.S0,1,1,1,1,1,1,0,20251215,20261212
SC04139.S0,1,1,1,1,1,0,0,20251215,20261211
SC04141.S0,0,0,0,0,0,1,1,20251214,20261212
SC04143.S0,1,1,1,1,1,0,0,20251215,20261211
SC04144.S0,1,1,1,1,1,0,0,20251215,20261211
SC04145.S0,0,0,0,0,0,1,1,20251214,20261212
SC04147.S0,1,1,1,1,1,0,0,20251215,20261211
SC04148.S0,0,0,0,0,0,1,1,20251214,20261212
SC04149.S0,1,1,1,1,1,0,0,20251215,20261211
SC04150.S0,0,0,0,0,0,1,1,20251214,20261212
SC04151.S0,1,1,1,1,1,0,0,20251215,20261211
SC04152.S0,0,0,0,0,0,0,0,20251215,20261211
SC04153.S0,0,0,0,0,0,0,0,20251214,20261212
SC04154.S0,1,1,1,1,1,0,0,20251215,20261211
SC04156.S0,0,0,0,0,0,0,0,20251214,20261212
SC04157.S0,0,0,0,0,0,0,0,20251214,20261212
SC04159.S0,0,0,0,0,0,0,0,20251214,20261212
SC04160.S0,0,0,0,0,1,0,0,20251219,20261211
SC04162.S0,1,1,1,1,0,0,0,20251215,20261210
SC00187.S0,1,0,0,0,0,0,0,20251215,20261207
SC04164.S0,0,1,1,1,1,1,1,20251214,20261212
SC04165.S0,1,1,1,1,1,1,1,20251214,20261212
SC04166.S0,0,0,0,0,0,1,0,20251220,20261212
SC04167.S0,1,1,1,1,1,1,1,20251214,20261212
SC04168.S0,1,1,1,1,1,1,1,20251214,20261212
SC04169.S0,1,1,1,1,1,1,1,20251215,20261211
SC00254.S0,0,0,0,0,0,0,0,20251220,20261212
SC00255.S0,1,1,1,1,1,1,0,20251215,20261211
SC00253.S0,1,1,1,1,1,1,1,20251215,20261211
SC00256.S0,1,1,1,1,1,0,1,20251214,20261212
SC00257.S0,1,1,1,1,1,0,0,20251214,20261212
SC04170.S0,1,1,1,1,1,0,0,20251214,20261212
SC04171.S0,1,1,1,1,1,0,0,20251214,20261212
SC04174.S0,1,1,1,1,1,0,0,20251214,20261212
SC04175.S0,1,1,1,1,1,1,1,20251215,20261211
SC04176.S0,1,1,1,1,1,1,1,20251215,20261211
SC04177.S0,1,1,1,1,1,1,1,20251215,20261211
SC04179.S0,0,0,0,0,0,0,0,20251214,20261212
SC04178.S0,0,0,0,0,0,1,1,20260624,20261212
SC04182.S0,0,0,0,0,0,0,0,20251214,20261212
SC04181.S0,1,1,1,1,1,1,1,20260624,20261212
SC04188.S0,0,0,0,0,0,0,0,20251214,20261212
SC04187.S0,0,0,0,0,0,1,1,20260624,20261212
SC04190.S0,0,0,0,0,0,0,0,20251214,20261212
SC04194.S0,0,0,0,0,0,0,0,20251215,20261211
SC04193.S0,1,1,1,1,1,0,0,20260625,20261211
SC04198.S0,0,0,0,0,0,0,0,20251215,20261211
SC04197.S0,1,1,1,1,1,0,0,20260625,20261211
SC04200.S0,0,0,0,0,0,0,0,20251214,20261212
SC04206.S0,1,1,1,1,1,1,1,20260420,20261211
SC04214.S0,1,1,1,1,1,1,1,20261013,20261016
SC04215.S0,0,0,0,0,0,0,0,20251214,20261212
SC04228.S0,0,0,0,0,0,0,0,20251214,20261212
SC04230.S0,1,1,1,1,1,1,1,20251215,20261212
SC04231.S0,0,0,0,0,0,0,0,20251215,20261212
SC04233.S0,1,1,1,1,1,1,1,20251215,20261211
SC04234.S0,1,1,1,1,1,1,1,20251215,20261211
SC04235.S0,1,1,1,1,1,1,1,20251215,20261211
SC00258.S0,0,0,0,0,0,0,0,20251214,20261212
SC04236.S0,1,1,1,1,1,1,1,20251215,20261211
SC04237.S0,1,1,1,1,1,0,0,20251215,20261211
SC04238.S0,1,1,1,1,1,1,1,20251214,20261212
SC04239.S0,1,1,1,1,1,1,0,20251215,20261212
SC04241.S0,1,1,1,1,1,0,0,20260625,20261211
SC04243.S0,1,1,1,1,1,1,1,20251214,20261212
SC04245.S0,0,0,0,0,0,1,1,20251214,20261212
SC04244.S0,0,0,0,0,0,1,1,20260624,20261212
SC04247.S0,0,0,0,0,0,0,0,20251220,20261212
SC04246.S0,0,0,0,0,0,1,0,20260630,20261212
SC04248.S0,1,1,1,0,0,0,0,20251215,20261211
SC04249.S0,1,1,1,0,1,1,1,20251214,20261212
SC04253.S0,0,0,0,0,0,0,0,20260501,20261011
SC04255.S0,0,0,0,0,0,0,0,20260302,20261211
SC04254.S0,1,1,1,1,1,0,0,20260505,20261211
SC04256.S0,1,1,0,0,0,0,0,20251215,20261211
SC04258.S0,1,1,1,1,1,1,1,20251214,20261212
SC04260.S0,1,1,1,0,0,0,0,20251215,20261211
SC04259.S0,1,1,1,1,1,0,0,20260625,20261211
SC04262.S0,1,1,1,1,1,1,1,20251214,20261212
SC04261.S0,1,1,1,1,1,1,1,20260624,20261212
SC04264.S0,1,1,1,1,1,0,0,20251215,20261211
SC04263.S0,1,1,1,1,1,1,1,20260625,20261211
SC04265.S0,1,1,1,1,1,1,1,20251214,20261212
SC04267.S0,1,1,1,1,0,0,1,20251214,20261211
SC04266.S0,1,1,1,1,1,0,1,20260624,20261211
SC04269.S0,1,1,1,1,0,0,1,20251214,20261211
SC04268.S0,1,1,1,1,1,0,1,20260624,20261211
SC04271.S0,0,0,0,0,0,0,1,20251214,20261206
SC04270.S0,0,0,0,0,0,0,1,20260624,20261206
SC04273.S0,1,1,1,1,1,1,0,20251215,20261212
SC04272.S0,1,1,1,1,1,1,0,20260625,20261212
SC04275.S0,0,0,0,0,0,0,0,20251219,20261211
SC04274.S0,0,0,0,0,1,0,0,20260629,20261211
SC04276.S0,0,0,0,0,0,0,0,20260302,20261211
SC04277.S0,1,1,1,1,1,0,0,20251215,20261211
SC04278.S0,0,0,0,0,0,0,0,20251229,20261208
SC04281.S0,0,0,0,0,0,0,0,20251214,20261211
SC04280.S0,1,1,1,1,1,0,1,20260624,20261211
SC04283.S0,0,1,1,1,1,0,0,20251216,20261211
SC04286.S0,1,0,0,0,0,0,0,20251215,20261207
SC04289.S0,0,0,0,0,0,1,1,20251214,20261212
SC04292.S0,0,0,0,0,0,1,1,20251214,20261212
SC04293.S0,1,1,1,1,1,1,1,20251214,20261212
SC04295.S0,1,1,1,1,1,1,1,20251214,20261212
SC04296.S0,0,0,0,0,0,1,1,20251214,20261212
SC04297.S0,1,1,1,1,1,0,0,20251215,20261211
SC04298.S0,1,1,1,1,1,0,0,20251215,20261211
SC04300.S0,0,0,0,0,0,1,1,20251214,20261212
SC04301.S0,1,1,1,1,1,0,0,20251215,20261211
SC04302.S0,0,0,0,0,0,1,0,20251220,20261212
SC04304.S0,1,1,1,1,1,0,1,20251214,20261211
SC04307.S0,0,0,0,0,0,1,1,20251214,20261212
SC04308.S0,1,1,1,1,1,0,0,20251215,20261211
SC04309.S0,1,1,1,1,0,0,0,20251215,20261210
SC04312.S0,0,0,0,0,1,1,1,20251214,20261212
SC04315.S0,1,1,1,1,1,1,1,20251214,20261212
SC04316.S0,0,0,0,0,0,0,0,20251215,20261211
SC04317.S0,1,1,1,1,1,0,0,20260601,20261211
SC04319.S0,0,0,0,0,0,0,0,20251215,20261211
SC04320.S0,1,1,1,1,1,0,0,20260601,20261211
SC04321.S0,1,1,1,1,1,0,0,20251215,20261211
SC04322.S0,0,0,0,0,0,0,0,20251215,20261211
SC04324.S0,1,1,1,1,1,0,0,20260616,20261211
SC04326.S0,1,1,1,1,1,0,0,20251215,20261211
SC04327.S0,1,1,1,1,1,0,0,20251215,20261211
SC04329.S0,1,1,1,1,1,0,0,20251215,20261211
SC04332.S0,0,0,0,0,0,0,0,20251214,20261212
SC04333.S0,0,0,0,0,0,1,1,20251214,20261212
SC04334.S0,0,0,0,0,0,1,0,20251220,20261212
SC04336.S0,0,0,0,0,0,0,1,20251214,20261206
SC04338.S0,1,1,1,1,1,0,0,20251215,20261211
SC04339.S0,1,1,1,1,1,1,1,20251214,20261212
SC04340.S0,1,1,1,1,1,0,0,20251215,20261211
SC04341.S0,1,1,1,1,1,0,0,20260904,20261012
SC04342.S0,0,0,0,0,0,0,0,20251215,20261211
SC04352.S0,1,1,1,1,1,0,0,20260901,20261016
SC04353.S0,0,0,0,0,0,1,1,20251214,20261212
SC04354.S0,1,1,1,1,1,0,0,20251215,20261211
SC04355.S0,1,1,1,1,1,0,0,20251215,20261211
SC04361.S0,1,1,1,1,1,1,1,20260831,20261018
SC04362.S0,1,1,1,1,1,1,1,20260831,20261018
SC04363.S0,1,1,1,1,1,1,1,20251214,20261212
SC04364.S0,0,0,0,0,0,1,0,20251220,20261212
SC04365.S0,1,1,1,1,1,0,0,20251215,20261211
SC00311.S0,0,0,0,0,0,1,0,20251220,20261212
SC04367.S0,0,0,0,0,0,1,1,20251214,20261212
SC04368.S0,1,1,1,1,1,0,0,20251215,20261211
SC00143.S0,1,1,1,1,1,1,1,20251214,20261212
SC04369.S0,1,1,1,1,1,0,0,20251215,20261211
SC04371.S0,1,1,1,1,1,1,1,20251214,20261212
SC04372.S0,1,1,1,1,1,0,0,20260216,20261211
SC04373.S0,0,0,0,0,0,0,0,20251215,20261211
SC04376.S0,1,1,1,1,1,0,0,20260710,20261211
SC04380.S0,0,0,0,0,0,0,0,20251214,20261212
SC04385.S0,1,1,1,1,1,1,1,20260710,20261212
SC04387.S0,0,0,0,0,0,0,0,20251214,20261212
SC04391.S0,0,0,0,0,0,0,0,20251215,20261211
SC04394.S0,1,1,1,1,1,0,0,20260901,20261211
SC04395.S0,0,0,0,0,0,0,0,20251214,20261212
SC04398.S0,0,0,0,0,0,1,1,20260710,20261212
SC04399.S0,0,0,0,0,0,0,0,20251214,20261212
SC04404.S0,0,0,0,0,0,1,1,20260710,20261212
SC04405.S0,1,1,1,1,1,0,0,20260710,20261211
SC04406.S0,0,0,0,0,0,0,0,20251214,20261212
SC04409.S0,0,0,0,0,0,0,1,20251214,20261206
SC04410.S0,0,0,0,0,0,0,0,20251214,20261212
SC04411.S0,1,1,1,1,1,1,1,20260710,20261212
SC04414.S0,0,0,0,0,0,0,0,20251215,20261211
SC04415.S0,1,1,1,1,1,0,0,20260710,20261211
SC04416.S0,1,1,1,1,1,1,1,20251214,20261212
SC04417.S0,1,1,1,1,1,1,1,20251214,20261212
SC04418.S0,0,0,0,0,0,0,0,20251215,20261211
SC04422.S0,0,0,0,0,0,0,0,20251214,20261212
SC04424.S0,0,0,0,0,0,1,1,20260718,20261212
SC04425.S0,0,0,0,0,0,0,0,20251215,20261211
SC04427.S0,1,1,1,1,1,0,0,20251215,20261211
SC04432.S0,1,1,1,1,1,0,0,20251215,20261211
SC04433.S0,1,1,1,1,1,1,1,20251214,20261212
SC04434.S0,1,1,1,1,1,1,1,20260710,20261212
SC04436.S0,1,1,1,1,1,0,0,20260202,20261211
SC04437.S0,1,1,1,1,1,0,0,20251215,20261211
SC04438.S0,1,1,1,1,1,0,0,20260922,20261016
SC04439.S0,1,1,1,1,1,1,1,20251214,20261212
SC04441.S0,1,1,1,1,1,1,1,20260924,20261016
SC04442.S0,0,0,0,0,0,1,1,20251214,20261212
SC04443.S0,1,1,1,1,1,0,0,20251215,20261211
SC04444.S0,1,1,1,1,1,0,0,20260924,20261016
SC04445.S0,1,1,1,1,1,0,0,20251215,20261211
SC04446.S0,1,1,1,1,1,0,0,20251215,20261211
SC04447.S0,1,1,1,1,1,0,0,20260921,20261015
SC04448.S0,1,1,1,1,1,0,0,20251215,20261211
SC04449.S0,1,1,1,1,1,0,0,20251215,20261211
SC04450.S0,0,0,0,0,0,1,1,20251214,20261212
SC04451.S0,0,0,0,0,1,1,1,20251214,20261212
SC04452.S0,1,1,1,1,1,1,1,20260614,20261212
SC04453.S0,1,1,1,1,1,1,1,20260921,20261015
SC04454.S0,1,1,1,1,1,1,1,20251214,20261212
SC04455.S0,1,1,1,1,1,0,0,20260924,20261015
SC04461.S0,1,0,0,0,0,0,0,20260316,20261207
SC04463.S0,1,1,1,1,1,1,1,20251214,20261212
SC04464.S0,1,1,1,1,1,1,1,20251214,20261212
SC04466.S0,1,1,1,1,1,1,1,20251214,20261212
SC04467.S0,1,1,1,1,1,1,1,20251214,20261212
SC04468.S0,0,0,0,0,0,0,1,20251214,20261206
SC04469.S0,1,1,1,1,1,1,0,20251215,20261212
SC04470.S0,1,1,1,1,1,1,1,20251214,20261212
SC00086.S0,1,1,1,1,1,1,1,20261010,20261019
SC00321.S0,1,1,1,1,1,1,1,20261020,20261212
SC04471.S0,1,1,1,1,1,1,1,20251214,20261212
SC00375.S0,1,1,1,1,1,1,1,20261027,20261212
SC04475.S0,1,1,1,1,1,1,1,20251214,20261212
SC04477.S0,0,0,0,0,0,0,1,20260406,20261206
SC04479.S0,1,1,1,1,1,1,1,20251214,20261212
SC04482.S0,1,1,1,1,1,1,1,20251214,20261212
SC04483.S0,1,1,1,1,1,1,1,20251214,20261212
SC04484.S0,1,1,1,1,1,1,1,20251214,20261212
SC04486.S0,1,1,1,1,1,1,1,20251214,20261212
SC04487.S0,1,1,1,1,1,1,1,20251214,20261212
SC04488.S0,1,1,1,1,1,0,1,20251214,20261211
SC04490.S0,1,1,1,1,1,1,1,20251214,20261212
SC04495.S0,0,0,0,0,1,0,0,20260402,20261211
SC04497.S0,1,1,1,1,1,1,1,20251214,20261212
SC04498.S0,1,1,1,1,1,1,0,20251215,20261212
SC04500.S0,1,1,1,1,1,1,1,20251214,20261212
SC04505.S0,0,0,0,0,0,0,0,20251215,20261207
SC04506.S0,0,0,0,0,0,0,0,20251222,20261116
SC01072.S0,1,1,1,1,1,1,1,20251214,20261212
SC04507.S0,0,0,0,0,0,0,0,20251214,20261206
SC04509.S0,0,0,0,0,0,0,0,20251221,20261115
SC04510.S0,1,1,1,1,1,1,1,20251214,20261212
SC04514.S0,0,0,1,1,0,0,0,20261007,20261015
SC04515.S0,1,1,1,1,1,1,0,20251215,20261212
SC04516.S0,1,1,1,1,1,1,1,20251214,20261212
SC04525.S0,0,0,0,0,0,1,1,20251214,20261212
SC00176.S0,0,0,0,0,0,1,1,20261003,20261212
SC04527.S0,1,1,1,1,1,0,0,20251215,20261211
SC00177.S0,1,1,1,1,1,0,0,20261001,20261211
SC04529.S0,1,1,1,1,1,1,1,20251214,20261212
SC04530.S0,1,1,1,1,1,1,1,20251214,20261212
SC04531.S0,1,1,1,1,1,1,1,20251214,20261212
SC04532.S0,1,1,1,1,1,1,1,20251214,20261212
SC04533.S0,1,1,1,1,1,1,1,20251214,20261212
SC04534.S0,1,1,1,1,1,1,1,20251214,20261212
SC04535.S0,1,1,1,1,1,1,1,20251214,20261212
SC04536.S0,0,0,0,0,0,0,0,20251214,20261212
SC04537.S0,0,0,0,0,0,1,1,20260131,20261212
SC04538.S0,0,0,0,0,0,1,1,20260822,20261115
SC00320.S0,0,0,0,0,0,1,0,20261024,20261108
SC04539.S0,0,0,0,0,0,0,0,20251215,20261211
SC04540.S0,1,1,1,1,1,0,0,20260126,20261211
SC04541.S0,1,1,1,1,1,0,0,20260819,20261116
SC00318.S0,1,1,1,1,1,0,0,20261020,20261113
SC04542.S0,0,0,0,0,0,0,0,20251215,20261211
SC04543.S0,1,1,1,1,1,0,0,20260128,20261211
SC04544.S0,1,1,1,1,1,1,1,20251214,20261212
SC04547.S0,1,1,1,1,1,1,1,20251214,20261212
SC04548.S0,1,1,1,1,1,1,1,20260819,20261116
SC00323.S0,1,1,1,1,1,1,1,20261020,20261116
SC04549.S0,0,0,0,0,0,1,1,20251214,20261212
SC00324.S0,0,0,0,0,0,1,1,20261024,20261212
SC04550.S0,0,0,0,0,0,0,0,20251215,20261211
SC04551.S0,1,1,1,1,1,0,0,20260129,20261211
SC04552.S0,1,1,1,1,1,0,0,20260128,20261211
SC04553.S0,0,0,0,0,0,1,1,20251214,20261212
SC04554.S0,0,0,0,0,0,1,1,20260131,20261212
SC00325.S0,0,0,0,0,0,1,1,20261024,20261212
SC04555.S0,1,1,1,1,1,0,0,20260129,20261211
SC04556.S0,0,0,0,0,0,1,1,20260131,20261212
SC04557.S0,0,0,0,0,0,1,1,20260822,20261115
SC00326.S0,0,0,0,0,0,1,1,20261024,20261115
SC04558.S0,1,1,1,1,1,0,0,20251215,20261211
SC04559.S0,0,1,1,1,1,0,0,20260819,20261116
SC04560.S0,0,0,0,0,0,1,1,20260131,20261212
SC04561.S0,1,1,1,1,1,0,0,20260128,20261211
SC04562.S0,0,0,0,0,0,1,1,20260131,20261212
SC04563.S0,1,1,1,1,1,0,0,20260128,20261211
SC04564.S0,0,0,0,0,0,1,1,20251214,20261212
SC04565.S0,0,0,0,0,0,1,1,20251214,20261212
SC04566.S0,0,0,0,0,0,1,1,20260822,20261115
SC04567.S0,0,0,0,0,0,1,1,20251214,20261212
SC04568.S0,1,1,1,1,1,0,0,20251215,20261211
SC04569.S0,0,0,0,0,0,0,1,20251214,20261212
SC04570.S0,0,0,0,0,0,0,0,20261011,20261018
SC00335.S0,0,0,0,0,0,1,1,20261025,20261212
SC04571.S0,0,0,0,0,0,0,0,20251215,20261211
SC04572.S0,1,1,1,1,1,1,0,20260128,20261211
SC04573.S0,1,1,1,0,0,1,0,20261010,20261019
SC00334.S0,1,1,1,1,1,0,0,20261020,20261211
SC04574.S0,0,0,0,0,0,0,1,20251214,20261212
SC04575.S0,0,0,0,0,0,0,0,20260823,20261115
SC04576.S0,1,1,1,1,1,0,0,20260128,20261211
SC04577.S0,0,1,1,1,1,1,0,20260819,20261116
SC04578.S0,0,0,0,0,0,0,0,20251214,20261212
SC04579.S0,0,0,0,0,0,0,1,20260131,20261212
SC04580.S0,1,1,1,1,1,1,0,20251215,20261211
SC04581.S0,0,0,0,0,0,0,0,20251214,20261212
SC04582.S0,0,0,0,0,0,0,1,20260214,20261212
SC04583.S0,0,0,0,0,0,0,1,20260823,20261115
SC00341.S0,0,0,0,0,0,1,1,20261025,20261108
SC04584.S0,1,1,1,1,1,1,0,20260819,20261116
SC00340.S0,1,1,1,1,1,0,0,20261020,20261113
SC04585.S0,0,0,0,0,0,1,0,20260321,20261031
SC04586.S0,0,0,0,0,0,1,0,20260822,20261031
SC04587.S0,0,0,0,0,0,0,0,20261010,20261017
SC04588.S0,0,0,0,0,0,0,1,20260131,20261212
SC04589.S0,1,1,1,1,1,0,0,20251215,20261211
SC04590.S0,0,0,0,0,0,0,1,20251214,20261212
SC04591.S0,1,1,1,1,1,0,0,20251215,20261211
SC04592.S0,0,0,0,0,0,1,0,20260321,20261031
SC04593.S0,0,0,0,0,0,0,1,20251214,20261212
SC04595.S0,1,1,1,1,1,0,0,20260819,20261116
SC04596.S0,0,0,0,0,0,0,0,20251214,20261212
SC04597.S0,1,1,1,1,1,1,1,20260128,20261212
SC04599.S0,0,0,0,0,0,1,0,20260321,20261031
SC04600.S0,1,1,1,1,1,0,1,20251214,20261212
SC04603.S0,1,1,1,1,1,0,0,20260819,20261116
SC04604.S0,1,1,1,0,0,0,1,20261011,20261019
SC04605.S0,0,0,0,0,0,0,0,20251215,20261211
SC04607.S0,1,1,1,1,1,1,0,20260128,20261211
SC04609.S0,0,0,0,0,0,0,1,20251214,20261212
SC04610.S0,0,0,0,0,0,1,0,20260321,20261031
SC04611.S0,1,1,1,1,1,0,0,20251215,20261211
SC04612.S0,0,0,0,0,0,0,1,20251214,20261212
SC04613.S0,0,0,0,0,0,1,0,20260321,20261031
SC04614.S0,1,1,1,1,1,0,0,20251215,20261211
SC04616.S0,0,0,0,0,0,0,0,20251214,20261212
SC04617.S0,1,1,1,1,1,0,1,20260128,20261212
SC04618.S0,0,0,0,0,0,1,0,20260822,20261031
SC04619.S0,1,1,1,1,1,0,1,20251214,20261212
SC04621.S0,0,0,0,0,0,1,0,20260321,20261031
SC04622.S0,0,0,0,0,0,0,1,20260322,20261101
SC04623.S0,0,0,0,0,0,0,1,20260823,20261101
SC04624.S0,0,0,0,0,0,0,0,20251214,20261212
SC04625.S0,0,0,0,0,0,0,0,20260214,20261212
SC04626.S0,0,0,0,0,0,1,1,20261107,20261115
SC04627.S0,1,1,1,1,1,0,0,20251215,20261211
SC04628.S0,1,1,1,1,1,0,0,20251215,20261211
SC04629.S0,1,1,1,1,1,0,0,20251214,20261212
SC04630.S0,0,1,1,1,1,0,0,20260819,20261116
SC04631.S0,0,0,0,0,0,1,1,20260321,20261101
SC04632.S0,0,0,0,0,0,1,1,20260822,20261101
SC04633.S0,1,1,1,1,1,0,1,20251214,20261212
SC04634.S0,0,0,0,0,0,1,0,20260321,20261031
SC04635.S0,0,0,0,0,0,0,0,20251215,20261211
SC04636.S0,1,1,1,1,1,0,0,20260128,20261211
SC04637.S0,1,0,1,1,1,0,0,20260819,20261116
SC04638.S0,1,1,1,1,1,0,0,20251215,20261211
SC04639.S0,1,1,1,1,1,0,0,20260128,20261211
SC04640.S0,0,0,0,0,0,0,0,20251220,20261212
SC04641.S0,0,0,0,0,0,1,0,20260214,20261212
SC04642.S0,0,0,0,0,0,1,0,20260822,20261114
SC00330.S0,0,0,0,0,0,1,0,20261121,20261212
SC00331.S0,0,0,0,0,0,1,0,20261024,20261107
SC04643.S0,0,0,0,0,0,0,1,20251214,20261206
SC04644.S0,0,0,0,0,0,0,1,20260823,20261115
SC00332.S0,0,0,0,0,0,0,1,20261025,20261108
SC04645.S0,0,0,0,0,0,1,0,20260214,20261212
SC00342.S0,0,0,0,0,0,1,0,20261024,20261212
SC04646.S0,1,1,1,1,1,0,0,20260128,20261211
SC04647.S0,0,0,0,0,0,0,1,20251214,20261206
SC04648.S0,1,1,1,1,1,0,0,20251215,20261211
SC04649.S0,1,1,1,1,1,1,1,20260819,20261116
SC04650.S0,0,0,0,0,0,0,0,20251214,20261212
SC04651.S0,0,0,0,0,0,0,0,20260131,20261212
SC04652.S0,0,0,0,0,0,0,0,20251214,20261212
SC04653.S0,1,1,1,1,1,0,0,20260128,20261212
SC04654.S0,0,0,0,0,0,1,1,20260321,20261101
SC04655.S0,0,0,0,0,0,0,0,20251215,20261211
SC04656.S0,1,1,1,1,1,0,0,20260128,20261211
SC04658.S0,1,1,1,1,1,1,1,20260819,20261116
SC00354.S0,1,1,1,1,1,0,0,20261020,20261113
SC04659.S0,0,0,0,0,0,0,0,20260214,20261212
SC00356.S0,0,0,0,0,0,1,1,20261107,20261212
SC04660.S0,1,1,1,1,1,1,1,20260128,20261211
SC00355.S0,1,1,1,1,1,0,0,20261020,20261211
SC04661.S0,0,0,0,0,0,0,0,20251214,20261212
SC04662.S0,1,1,1,1,1,0,0,20251215,20261211
SC04663.S0,1,1,1,1,1,1,1,20251215,20261211
SC04665.S0,0,0,0,0,0,0,0,20251215,20261211
SC04666.S0,1,1,1,1,1,0,0,20260128,20261211
SC04667.S0,1,0,1,1,1,1,1,20260819,20261116
SC04668.S0,1,1,1,1,1,1,1,20260128,20261211
SC04669.S0,1,1,1,1,1,0,0,20251215,20261211
SC04670.S0,1,1,1,1,1,1,1,20251215,20261211
SC04671.S0,1,1,1,1,1,0,0,20260128,20261211
SC04672.S0,1,1,1,1,1,1,1,20260128,20261211
SC04673.S0,1,1,1,1,1,1,0,20251215,20261211
SC04674.S0,1,1,1,1,1,1,1,20260819,20261116
SC00359.S0,1,1,1,1,1,0,1,20261020,20261113
SC04675.S0,1,1,1,1,1,1,1,20260128,20261211
SC04676.S0,0,0,0,0,0,0,0,20251215,20261211
SC04677.S0,1,1,1,1,1,0,0,20260129,20261211
SC04678.S0,0,0,0,0,0,1,0,20251214,20261212
SC04679.S0,0,0,0,0,0,1,0,20260822,20261115
SC04680.S0,0,0,0,0,0,0,0,20251215,20261211
SC04681.S0,1,1,1,1,1,0,0,20260129,20261211
SC04682.S0,1,1,1,1,1,0,0,20260819,20261116
SC00360.S0,1,1,1,1,1,0,1,20261020,20261113
SC04683.S0,0,0,0,0,0,1,0,20260321,20261031
SC04684.S0,0,0,0,0,0,0,1,20260322,20261101
SC04685.S0,0,0,0,0,0,0,0,20260131,20261212
SC00362.S0,0,0,0,0,0,1,1,20261107,20261212
SC04686.S0,1,1,1,1,1,0,0,20260128,20261211
SC04687.S0,0,0,0,0,0,1,1,20251214,20261212
SC04688.S0,0,0,0,0,0,1,1,20260822,20261115
SC00363.S0,0,0,0,0,0,1,1,20261025,20261115
SC04689.S0,1,1,1,1,1,1,1,20251215,20261211
SC00364.S0,1,1,1,1,1,0,0,20261020,20261211
SC04690.S0,0,0,0,0,0,0,0,20251214,20261212
SC04691.S0,1,1,1,1,1,0,0,20260129,20261211
SC04692.S0,1,1,1,1,1,1,1,20260819,20261116
SC04693.S0,0,0,0,0,0,0,0,20251214,20261212
SC04694.S0,1,1,1,1,1,1,1,20260128,20261211
SC00365.S0,1,1,1,1,1,0,0,20261020,20261211
SC04695.S0,0,0,0,0,0,1,0,20251214,20261212
SC04696.S0,0,0,0,0,0,1,0,20260822,20261115
SC00367.S0,0,0,0,0,0,1,1,20261031,20261115
SC04697.S0,1,1,1,1,1,0,0,20260129,20261211
SC04698.S0,1,1,1,1,1,0,0,20260819,20261116
SC04699.S0,0,0,0,0,0,1,0,20260321,20261031
SC00368.S0,1,1,1,0,0,1,1,20261028,20261031
SC04700.S0,0,0,0,0,0,0,0,20251215,20261211
SC04701.S0,1,1,1,1,1,0,0,20260129,20261211
SC04702.S0,1,1,1,1,1,0,0,20260129,20261211
SC04703.S0,0,0,0,0,0,1,1,20251214,20261212
SC04704.S0,0,0,0,0,0,1,1,20260822,20261115
SC00369.S0,0,0,0,0,0,1,1,20261025,20261108
SC04705.S0,0,0,0,0,0,1,1,20251214,20261212
SC00370.S0,0,0,0,0,0,1,1,20261025,20261212
SC04706.S0,1,1,1,1,1,0,0,20260129,20261211
SC04707.S0,1,1,1,1,1,1,1,20251214,20261212
SC04708.S0,1,1,1,1,1,1,1,20260819,20261116
SC00371.S0,1,1,1,1,1,1,1,20261020,20261116
SC04709.S0,1,1,1,1,1,0,0,20251215,20261211
SC04711.S0,0,0,0,0,0,1,1,20251214,20261212
SC00372.S0,0,0,0,0,0,1,1,20261025,20261212
SC04712.S0,0,0,0,0,0,0,0,20251214,20261212
SC04713.S0,1,0,0,1,0,0,1,20260129,20261212
SC00156.S0,1,1,1,1,1,1,1,20260915,20261026
SC04714.S0,1,1,1,1,1,0,0,20260129,20261211
SC04715.S0,0,0,0,0,0,1,1,20251214,20261212
SC04716.S0,0,0,0,0,0,0,0,20260129,20261212
SC04717.S0,1,1,1,1,1,1,1,20260129,20261212
SC04718.S0,0,0,0,0,0,0,0,20251214,20261212
SC04719.S0,0,0,0,0,0,0,0,20260129,20261212
SC04721.S0,0,0,0,0,0,1,1,20260826,20261116
SC04723.S0,1,1,1,1,1,1,1,20251214,20261212
SC04724.S0,1,1,1,1,1,1,1,20260129,20261212
SC04725.S0,1,1,1,1,1,1,1,20251214,20261212
SC04728.S0,1,1,1,1,1,1,1,20251214,20261212
SC04729.S0,0,0,0,0,0,1,1,20251214,20261212
SC04730.S0,1,1,1,1,1,1,0,20251215,20261212
SC04732.S0,0,0,0,0,0,0,1,20251214,20261206
SC04733.S0,1,1,1,1,1,1,1,20251214,20261212
SC04735.S0,1,1,1,1,1,0,0,20251215,20261211
SC04736.S0,1,1,1,1,1,0,0,20251215,20261211
SC04737.S0,0,0,0,0,0,1,1,20251214,20261212
SC04738.S0,1,1,1,1,1,1,1,20251214,20261212
SC04739.S0,1,1,1,1,1,0,0,20251215,20261211
SC04740.S0,1,1,1,1,1,0,0,20251215,20261211
SC04741.S0,1,1,1,1,1,0,0,20251215,20261211
SC04742.S0,1,1,1,1,1,0,0,20251215,20261211
SC04743.S0,1,1,1,1,1,0,0,20251215,20261211
SC04744.S0,0,0,0,0,0,1,1,20251214,20261212
SC04746.S0,1,1,1,1,1,0,0,20251215,20261211
SC04747.S0,1,1,1,1,1,0,0,20251215,20261211
SC04748.S0,1,1,1,1,1,0,0,20251215,20261211
SC04749.S0,1,1,1,1,1,1,1,20251214,20261212
SC04750.S0,0,0,0,0,0,1,1,20251214,20261212
SC04751.S0,1,1,1,1,1,0,0,20251215,20261211
SC04753.S0,1,1,1,1,1,1,1,20251214,20261212
SC04754.S0,1,1,1,1,1,1,1,20251214,20261212
SC04755.S0,1,1,1,1,1,1,1,20251214,20261212
SC04757.S0,1,1,1,1,1,0,0,20251215,20261211
SC04758.S0,1,1,1,1,1,0,0,20251215,20261211
SC04759.S0,1,1,1,1,1,0,0,20251215,20261211
SC04760.S0,1,1,1,1,1,1,1,20251214,20261212
SC04761.S0,1,1,1,1,1,1,1,20251214,20261212
SC04764.S0,1,1,1,1,1,1,1,20251214,20261212
SC04767.S0,0,0,0,0,0,1,1,20251214,20261212
SC04768.S0,1,1,1,1,1,0,0,20251215,20261211
SC04769.S0,1,1,1,1,1,1,1,20251214,20261212
SC04771.S0,1,1,1,1,1,1,1,20251214,20261212
SC04772.S0,1,1,1,1,1,1,1,20251214,20261212
SC04773.S0,1,1,1,1,1,1,1,20251214,20261212
SC04775.S0,1,1,1,1,1,0,0,20251215,20261211
SC04776.S0,1,1,1,1,1,0,0,20251215,20261211
SC04777.S0,0,0,0,0,0,1,1,20251214,20261212
SC04778.S0,1,1,1,1,1,1,1,20251214,20261212
SC04779.S0,1,1,1,1,1,0,0,20251215,20261211
SC04780.S0,1,1,1,1,1,0,0,20251215,20261211
SC04781.S0,1,1,1,1,1,0,0,20251215,20261211
SC04782.S0,1,1,1,1,1,0,0,20251215,20261211
SC04783.S0,1,1,1,1,1,0,0,20251215,20261211
SC04784.S0,1,1,1,1,0,0,0,20251215,20261210
SC04785.S0,0,0,0,0,1,0,0,20251219,20261211
SC04786.S0,1,1,1,1,1,0,0,20251215,20261211
SC04787.S0,0,0,0,0,0,0,1,20251214,20261206
SC04788.S0,0,0,0,0,0,1,1,20251214,20261212
SC04789.S0,1,1,1,1,1,1,1,20251214,20261212
SC04790.S0,0,0,0,0,0,0,1,20251214,20261206
SC01058.S0,1,1,1,1,1,1,1,20251214,20261212
SC04791.S0,1,1,1,1,1,1,1,20251214,20261212
SC04793.S0,1,1,1,1,1,1,1,20251214,20261212
SC04794.S0,1,1,1,1,1,1,1,20251214,20261212
SC04795.S0,1,1,1,1,1,0,0,20251215,20261211
SC04796.S0,1,1,1,1,1,1,1,20251214,20261212
SC04797.S0,1,1,1,1,1,1,0,20251215,20261212
SC04799.S0,1,1,1,1,1,0,1,20251214,20261211
SC04801.S0,1,1,1,1,1,0,0,20251215,20261211
SC04802.S0,1,1,1,1,1,0,0,20251215,20261211
SC04803.S0,0,0,0,0,0,1,0,20251220,20261212
SC04804.S0,1,1,1,1,1,0,0,20251215,20261211
SC04805.S0,0,0,0,0,0,1,1,20251214,20261212
SC04806.S0,1,1,1,1,1,0,0,20251215,20261211
SC04807.S0,1,1,1,1,1,1,1,20261013,20261015
SC04808.S0,1,1,1,1,1,1,1,20251214,20261212
SC04809.S0,1,1,1,1,1,0,0,20251215,20261211
SC04810.S0,1,1,1,1,1,1,1,20251214,20261212
SC04811.S0,1,1,1,1,1,0,0,20251215,20261211
SC04812.S0,1,1,1,1,1,0,0,20251215,20261211
SC04813.S0,1,1,1,1,1,0,0,20251215,20261211
SC04814.S0,1,1,1,1,1,0,0,20251215,20261211
SC04815.S0,1,1,1,1,1,1,1,20251214,20261212
SC04816.S0,1,1,1,1,1,0,0,20251215,20261211
SC04818.S0,1,1,1,1,1,0,0,20251215,20261211
SC04819.S0,1,1,1,1,1,0,0,20251215,20261211
SC04820.S0,1,1,1,1,1,0,0,20251215,20261211
SC04821.S0,1,1,1,1,1,0,0,20251215,20261211
SC04822.S0,1,1,1,1,1,1,1,20251214,20261212
SC04823.S0,1,1,1,1,1,0,0,20251215,20261211
SC04824.S0,1,1,1,1,1,0,0,20251215,20261211
SC04825.S0,1,1,1,1,1,1,1,20251214,20261212
SC04826.S0,1,1,1,1,1,0,0,20251215,20261211
SC04827.S0,1,1,1,1,1,0,0,20260309,20261211
SC04828.S0,0,0,0,0,0,0,1,20251214,20261206
SC04829.S0,0,0,0,0,0,0,1,20251214,20261206
SC04830.S0,0,0,0,0,0,1,0,20251220,20261212
SC04831.S0,0,0,0,0,0,0,1,20251214,20261206
SC04832.S0,0,0,0,0,0,1,1,20251214,20261212
SC04833.S0,0,0,0,0,0,0,0,20251214,20261212
SC04841.S0,1,1,1,1,1,0,0,20251215,20261211
SC04842.S0,0,0,0,0,0,1,1,20251214,20261212
SC04843.S0,0,0,0,0,0,0,0,20251216,20261212
SC04852.S0,0,1,1,1,1,1,0,20260901,20261017
SC04855.S0,1,1,1,1,1,0,0,20251215,20261211
SC04857.S0,0,0,0,0,0,1,1,20251214,20261212
SC04859.S0,1,1,1,1,1,0,0,20251215,20261211
SC04860.S0,1,1,1,1,1,1,1,20251214,20261212
SC04862.S0,1,1,1,1,1,1,1,20251214,20261212
SC04863.S0,1,1,1,1,1,0,0,20251215,20261211
SC04864.S0,0,0,0,0,0,1,1,20251214,20261212
SC04865.S0,0,0,0,0,0,0,0,20251215,20261211
SC04866.S0,1,1,1,1,1,0,0,20251215,20261211
SC04867.S0,1,1,1,1,1,0,0,20251215,20261211
SC04870.S0,0,0,0,0,0,1,1,20251214,20261212
SC04871.S0,1,1,1,1,1,1,1,20251214,20261212
SC04874.S0,1,1,1,1,1,0,0,20251215,20261211
SC04875.S0,1,1,1,1,1,1,1,20251214,20261212
SC04877.S0,1,1,1,1,1,1,1,20251214,20261212
SC04878.S0,1,1,1,1,1,0,0,20251215,20261211
SC04880.S0,1,1,1,1,1,0,0,20251215,20261211
SC04881.S0,1,1,1,1,1,1,1,20251214,20261212
SC04882.S0,1,1,1,1,1,1,1,20251214,20261212
SC04883.S0,1,1,1,1,1,1,1,20251214,20261212
SC04884.S0,1,1,1,1,1,0,0,20251215,20261211
SC04885.S0,1,1,1,1,1,0,0,20251215,20261211
SC04888.S0,1,1,1,1,1,1,1,20251214,20261212
SC04890.S0,1,1,1,1,1,0,0,20251215,20261211
SC04891.S0,1,1,1,1,1,0,0,20251215,20261211
SC04892.S0,1,1,1,1,1,0,0,20251215,20261211
SC04893.S0,1,1,1,1,1,0,0,20251215,20261211
SC04895.S0,1,1,1,1,1,0,0,20251215,20261211
SC04899.S0,1,1,1,1,1,0,0,20251215,20261211
SC04900.S0,1,1,1,1,1,0,0,20251215,20261211
SC04901.S0,0,0,0,0,0,0,0,20251215,20261211
SC04902.S0,1,1,1,1,1,0,0,20260608,20261211
SC04903.S0,1,1,1,1,1,0,0,20251215,20261211
SC04904.S0,1,1,1,1,1,0,0,20251215,20261211
SC04905.S0,1,1,1,1,1,0,0,20251215,20261211
SC04906.S0,1,1,1,1,1,0,0,20251215,20261211
SC04907.S0,1,1,1,1,1,0,0,20251215,20261211
SC04908.S0,0,0,0,0,0,1,0,20251220,20261212
SC04909.S0,1,1,1,1,1,0,1,20251214,20261211
SC04910.S0,0,0,0,0,0,1,1,20251214,20261212
SC04911.S0,0,0,0,0,0,1,1,20251214,20261212
SC04912.S0,1,1,1,1,1,0,0,20251215,20261211
SC04914.S0,1,1,1,1,1,1,1,20251214,20261212
SC04915.S0,0,0,0,0,1,0,0,20251219,20261211
SC04916.S0,1,1,1,1,0,1,1,20251214,20261212
SC04917.S0,0,0,0,0,0,1,1,20251214,20261212
SC04918.S0,0,0,0,0,0,1,1,20251214,20261212
SC04919.S0,1,1,1,1,1,0,0,20251215,20261211
SC04920.S0,1,1,1,1,1,1,1,20260921,20261016
SC04921.S0,1,1,1,1,1,1,1,20251214,20261212
SC04922.S0,1,1,1,1,1,1,1,20251214,20261212
SC04923.S0,1,1,1,1,1,1,1,20251214,20261212
SC04924.S0,1,1,1,1,1,1,1,20260924,20261015
SC04925.S0,1,1,1,1,1,1,1,20251214,20261212
SC04926.S0,1,1,1,1,1,1,1,20251214,20261212
SC04928.S0,1,1,1,1,1,1,1,20260922,20261016
SC04929.S0,1,1,1,1,1,0,0,20251215,20261211
SC04931.S0,1,1,1,1,1,1,1,20251214,20261212
SC04933.S0,1,1,1,1,1,0,0,20251215,20261211
SC04934.S0,1,1,1,1,1,0,0,20251215,20261211
SC04936.S0,1,1,1,1,1,1,1,20251214,20261212
SC04937.S0,1,1,1,1,1,0,0,20251215,20261211
SC04939.S0,1,1,1,1,1,0,0,20251215,20261211
SC04940.S0,0,0,0,0,0,1,1,20251214,20261212
SC04943.S0,1,1,1,1,1,0,0,20251215,20261211
SC04945.S0,1,1,1,1,1,0,0,20251215,20261211
SC04946.S0,1,1,1,1,1,0,0,20260921,20261016
SC04947.S0,0,0,0,0,0,1,1,20251214,20261212
SC04948.S0,1,1,1,1,1,0,0,20251215,20261211
SC04949.S0,1,1,1,1,1,0,0,20251215,20261211
SC04950.S0,1,1,1,1,1,0,0,20251215,20261211
SC04953.S0,0,0,0,0,0,1,1,20251214,20261212
SC04954.S0,0,0,0,0,0,1,1,20251214,20261212
SC04955.S0,1,1,1,1,1,0,0,20251215,20261211
SC04957.S0,0,0,0,0,0,1,1,20251214,20261212
SC04958.S0,1,1,1,1,1,0,0,20251215,20261211
SC04959.S0,1,1,1,1,1,0,0,20251215,20261211
SC04960.S0,0,0,0,0,0,1,1,20251214,20261212
SC04961.S0,0,0,0,0,0,1,1,20251214,20261212
SC04962.S0,1,1,1,1,1,0,0,20251215,20261211
SC04963.S0,1,1,1,1,1,1,1,20251214,20261212
SC04966.S0,1,1,1,1,1,0,0,20251215,20261211
SC04967.S0,0,0,0,0,0,1,1,20251214,20261212
SC04968.S0,1,1,1,1,1,0,0,20251215,20261211
SC04970.S0,1,1,1,1,1,1,1,20251214,20261212
SC04973.S0,1,1,1,1,1,0,0,20251215,20261211
SC04975.S0,1,1,1,1,1,1,1,20251214,20261212
SC04977.S0,1,1,1,1,1,1,1,20251214,20261212
SC04978.S0,1,1,1,1,1,0,0,20251215,20261211
SC04979.S0,0,0,0,0,0,1,1,20251214,20261212
SC04980.S0,1,1,1,1,1,1,1,20251214,20261212
SC04982.S0,1,1,1,1,1,0,0,20251215,20261211
SC04984.S0,1,1,1,1,1,1,1,20251214,20261212
SC04985.S0,1,1,1,1,1,0,0,20251215,20261211
SC04986.S0,1,1,1,1,1,1,1,20251214,20261212
SC04987.S0,0,0,0,0,1,0,0,20251219,20261211
SC04988.S0,1,1,1,1,0,0,0,20251215,20261210
SC04989.S0,1,1,1,1,1,1,1,20251214,20261212
SC04990.S0,1,1,1,1,1,1,1,20251214,20261212
SC04991.S0,1,1,1,1,1,0,0,20251215,20261211
SC04992.S0,0,0,0,0,0,1,1,20251214,20261212
SC04993.S0,1,1,1,1,1,1,0,20251215,20261212
SC04995.S0,1,1,1,1,1,1,0,20260921,20261015
SC04996.S0,1,1,1,1,1,0,0,20251215,20261211
SC04997.S0,1,1,1,1,1,0,0,20251215,20261211
SC04998.S0,1,1,1,1,1,1,1,20251214,20261212
SC05002.S0,1,1,1,1,1,1,1,20251214,20261212
SC05003.S0,1,1,1,1,1,1,0,20251215,20261212
SC05004.S0,1,1,1,1,1,1,1,20251214,20261212
SC05005.S0,0,0,0,0,0,0,0,20251219,20261212
SC05006.S0,0,0,0,0,0,0,0,20260619,20261212
SC05008.S0,0,0,0,0,1,1,0,20260808,20261212
SC05009.S0,0,0,0,0,0,0,0,20251214,20261210
SC05010.S0,0,0,0,0,0,0,0,20260616,20261210
SC05012.S0,1,1,1,1,0,0,1,20260809,20261210
SC05013.S0,1,1,1,1,0,0,1,20260921,20261015
SC05014.S0,1,1,1,1,0,0,0,20251215,20261210
SC05015.S0,0,0,0,0,1,1,0,20251219,20261212
SC05016.S0,0,0,0,0,0,0,0,20260614,20261210
SC05017.S0,1,1,1,1,0,0,1,20260809,20261210
SC05018.S0,0,0,0,0,0,1,1,20251214,20261212
SC05019.S0,0,0,0,0,0,0,0,20251215,20261211
SC05022.S0,0,0,0,0,0,1,1,20251214,20261212
SC05023.S0,0,0,0,0,0,0,0,20251215,20261211
SC05025.S0,0,0,0,0,0,0,0,20251214,20261212
SC05027.S0,0,0,0,0,0,1,1,20260614,20261212
SC05028.S0,0,0,0,0,0,0,0,20251214,20261212
SC05030.S0,0,0,0,0,0,0,0,20251214,20261206
SC05032.S0,0,0,0,0,0,0,1,20260614,20261206
SC05033.S0,1,1,1,1,1,1,0,20251215,20261212
SC05034.S0,0,0,0,0,0,0,0,20251215,20261211
SC05037.S0,0,0,0,0,0,1,1,20251214,20261212
SC05038.S0,0,0,0,0,0,0,0,20251214,20261212
SC05039.S0,0,0,0,0,0,0,0,20251215,20261211
SC05041.S0,0,0,0,0,0,0,0,20251214,20261212
SC05044.S0,0,0,0,0,0,0,0,20251215,20261211
SC05046.S0,0,0,0,0,0,0,0,20251215,20261211
SC05047.S0,0,0,0,0,0,0,0,20251215,20261211
SC05048.S0,0,0,0,0,0,0,0,20251214,20261212
SC05050.S0,0,0,0,0,0,0,0,20251215,20261211
SC05051.S0,0,0,0,0,0,1,1,20251214,20261212
SC05052.S0,0,0,0,0,0,0,0,20251214,20261212
SC05054.S0,0,0,0,0,0,0,0,20251215,20261211
SC05056.S0,0,0,0,0,0,0,0,20251214,20261212
SC05057.S0,1,1,1,1,1,1,1,20251214,20261212
SC05058.S0,0,0,0,0,0,0,0,20251215,20261211
SC05059.S0,1,1,1,1,1,1,1,20251214,20261212
SC05060.S0,0,0,0,0,0,0,0,20251214,20261212
SC05061.S0,1,1,1,1,1,1,1,20260614,20261212
SC05062.S0,0,0,0,0,0,0,0,20251214,20261212
SC05064.S0,0,0,0,0,0,0,0,20260614,20261212
SC05065.S0,1,1,1,1,1,1,1,20260708,20261212
SC05066.S0,0,0,0,0,0,0,0,20251214,20261212
SC05067.S0,0,0,0,0,0,0,0,20251215,20261211
SC05068.S0,1,1,1,1,1,1,1,20251214,20261212
SC05069.S0,0,0,0,0,1,1,0,20251219,20261212
SC05070.S0,1,1,1,1,0,0,1,20251214,20261210
SC05071.S0,1,1,1,1,1,1,1,20251214,20261212
SC05072.S0,0,0,0,0,0,0,0,20251214,20261212
SC05073.S0,0,0,0,0,0,1,1,20260614,20261212
SC05074.S0,0,0,0,0,0,1,1,20260829,20261017
SC05075.S0,1,1,1,1,1,0,0,20251215,20261211
SC05076.S0,0,0,0,0,0,0,0,20251215,20261211
SC05077.S0,1,1,1,1,1,0,0,20260615,20261211
SC05078.S0,1,1,1,1,1,0,0,20260828,20261016
SC05079.S0,0,0,0,0,0,0,0,20251214,20261212
SC05080.S0,1,1,1,1,1,0,0,20260615,20261211
SC05081.S0,1,1,1,1,1,0,0,20251215,20261211
SC05082.S0,0,0,0,0,0,0,0,20251220,20261212
SC05084.S0,0,0,0,0,0,1,0,20260620,20261212
SC05086.S0,0,0,0,0,0,1,0,20260829,20261017
SC05087.S0,1,1,1,1,1,0,0,20251215,20261211
SC05088.S0,1,1,1,1,1,0,0,20251215,20261211
SC05089.S0,1,1,1,1,1,0,0,20260827,20261016
SC05090.S0,0,0,0,0,0,1,1,20251214,20261212
SC05091.S0,0,0,0,0,0,1,1,20260827,20261017
SC05094.S0,1,1,1,1,1,0,0,20251215,20261211
SC05096.S0,1,1,1,1,1,1,1,20251214,20261212
SC05097.S0,1,1,1,1,1,1,1,20251214,20261212
SC05102.S0,1,1,1,1,1,1,0,20251215,20261212
SC05108.S0,0,0,0,0,0,0,1,20251214,20261206
SC05109.S0,1,1,1,1,1,1,1,20251214,20261212
SC05112.S0,1,1,1,1,1,1,1,20251214,20261212
SC05114.S0,1,1,1,1,1,1,1,20251214,20261212
SC05115.S0,1,1,1,1,1,1,1,20251214,20261212
SC05116.S0,1,1,1,1,1,1,1,20251214,20261212
SC05117.S0,0,0,0,0,0,0,0,20251214,20261211
SC05121.S0,0,0,0,0,0,0,0,20251220,20261212
SC05123.S0,1,1,1,1,1,1,1,20251214,20261212
SC05126.S0,1,1,1,1,1,1,1,20251214,20261212
SC05127.S0,1,1,1,1,1,1,0,20251215,20261212
SC05130.S0,1,1,1,1,1,1,1,20251214,20261212
SC05133.S0,0,0,0,0,0,0,0,20260813,20261020
SC05134.S0,0,0,0,0,1,1,1,20260828,20261017
SC05135.S0,1,1,1,1,1,1,1,20251214,20261212
SC05141.S0,0,0,0,0,1,1,1,20260828,20261017
SC05142.S0,1,1,1,1,1,1,1,20251214,20261212
SC05145.S0,1,1,1,1,1,1,1,20251214,20261212
SC05147.S0,1,1,1,1,1,1,1,20251214,20261212
SC05148.S0,1,1,1,1,1,1,1,20251214,20261212
SC05149.S0,1,1,1,1,1,1,1,20251214,20261212
SC05150.S0,1,1,1,1,1,1,1,20251214,20261212
SC05153.S0,1,1,1,1,1,1,1,20261003,20261015
SC05154.S0,1,1,1,1,1,1,1,20251214,20261212
SC05155.S0,0,0,0,0,1,1,1,20260828,20261017
SC05156.S0,1,1,1,1,1,1,1,20251214,20261212
SC05159.S0,0,0,0,0,1,1,1,20260828,20261017
SC05160.S0,1,1,1,1,1,0,0,20251215,20261211
SC05163.S0,0,0,0,0,1,0,0,20260828,20261016
SC05164.S0,1,1,1,1,1,1,0,20251215,20261212
SC05166.S0,0,0,0,0,1,1,0,20260828,20261017
SC05167.S0,1,1,1,1,1,1,0,20260921,20261016
SC05168.S0,0,0,0,0,0,0,1,20251214,20261206
SC05170.S0,0,0,0,0,0,0,1,20260830,20261011
SC05171.S0,1,1,1,1,1,0,0,20251215,20261211
SC05172.S0,0,0,0,0,0,0,0,20260814,20261021
SC05173.S0,1,1,1,1,1,0,0,20260828,20261016
SC05174.S0,0,0,0,0,0,0,0,20251214,20261206
SC05175.S0,0,0,0,0,0,0,1,20260614,20261206
SC05176.S0,0,0,0,0,0,0,1,20260830,20261011
SC05177.S0,0,0,0,0,0,1,1,20251214,20261212
SC05178.S0,0,0,0,0,0,1,1,20251214,20261212
SC05179.S0,1,1,1,1,1,1,1,20251214,20261212
SC05182.S0,0,0,0,0,0,1,0,20251220,20261212
SC05183.S0,1,1,1,1,1,1,1,20251214,20261212
SC05184.S0,1,1,1,1,1,1,0,20251215,20261212
SC05187.S0,0,0,0,0,0,0,1,20251214,20261206
SC05188.S0,1,1,1,1,1,1,1,20251214,20261212
SC05190.S0,0,0,0,0,0,0,0,20251214,20261212
SC05192.S0,1,1,1,1,1,1,1,20260218,20261212
SC05194.S0,1,1,1,1,1,0,1,20251214,20261211
SC05195.S0,1,1,1,1,1,1,1,20251214,20261212
SC05197.S0,1,1,1,1,1,1,1,20251214,20261212
SC05200.S0,1,1,1,1,1,1,1,20251214,20261212
SC05201.S0,1,1,1,1,1,0,0,20251215,20261211
SC05203.S0,0,0,0,0,0,0,1,20251214,20261206
SC05204.S0,1,1,1,1,1,0,0,20251215,20261211
SC05205.S0,1,0,0,0,0,0,0,20251215,20261207
SC05208.S0,0,1,1,1,1,0,0,20251216,20261211
SC05212.S0,0,0,0,0,0,1,0,20251220,20261212
SC05213.S0,1,1,1,1,1,1,1,20251214,20261212
SC05216.S0,1,1,1,1,1,0,0,20251215,20261211
SC05217.S0,0,0,0,0,0,1,1,20251214,20261212
SC00419.S0,0,0,0,0,0,1,1,20260627,20261212
SC05218.S0,1,1,1,0,0,0,0,20251215,20261211
SC00250.S0,1,1,1,1,1,0,0,20260624,20261211
SC05219.S0,1,1,1,1,1,0,0,20251215,20261211
SC05220.S0,1,1,0,0,0,0,0,20251215,20261211
SC00420.S0,1,1,1,1,1,0,0,20260623,20261211
SC05221.S0,1,1,1,1,1,0,0,20251215,20261211
SC05222.S0,1,1,1,1,1,0,0,20251215,20261211
SC05223.S0,1,1,1,1,1,0,0,20251215,20261211
SC05224.S0,0,1,0,0,0,0,0,20251215,20261211
SC05225.S0,1,1,1,1,1,0,0,20251215,20261211
SC05226.S0,1,1,0,0,0,0,0,20251215,20261211
SC02585.S0,1,1,1,1,1,0,0,20251215,20261211
SC05228.S0,0,0,0,0,0,1,0,20251220,20261212
SC05230.S0,1,1,1,1,1,0,0,20251215,20261211
SC05233.S0,0,0,0,0,0,1,1,20251214,20261212
SC05235.S0,1,1,1,1,1,0,0,20251215,20261211
SC05236.S0,0,0,0,0,0,1,1,20251214,20261212
SC05238.S0,1,1,1,1,1,1,1,20251214,20261212
SC05240.S0,1,1,1,1,1,1,1,20251214,20261212
SC05242.S0,1,1,1,1,1,0,0,20251215,20261211
SC05244.S0,0,0,0,0,0,1,1,20251214,20261212
SC05245.S0,1,1,1,1,1,0,0,20251215,20261211
SC05247.S0,1,1,1,1,1,0,0,20251215,20261211
SC05248.S0,0,0,0,0,0,1,1,20251214,20261212
SC05249.S0,1,1,1,1,1,0,1,20251214,20261211
SC05253.S0,0,0,0,0,0,1,0,20251220,20261212
SC05255.S0,1,1,1,1,1,0,0,20251215,20261211
SC05256.S0,1,1,1,1,1,0,0,20251215,20261211
SC05257.S0,1,1,1,1,1,0,1,20251214,20261211
SC05258.S0,0,0,0,0,0,1,0,20251220,20261212
SC05259.S0,1,1,1,1,1,0,0,20251215,20261211
SC05260.S0,1,1,1,1,1,0,0,20251215,20261211
SC05261.S0,1,1,1,1,1,0,0,20260929,20261012
SC05262.S0,0,0,0,0,0,1,0,20251220,20261212
SC05263.S0,0,0,0,0,0,1,0,20261003,20261010
SC05264.S0,0,0,0,0,0,0,1,20251214,20261206
SC05265.S0,1,1,1,1,1,0,0,20251215,20261211
SC05266.S0,0,0,0,0,0,1,1,20251214,20261212
SC05267.S0,1,1,1,1,1,1,1,20251214,20261212
SC05269.S0,1,1,1,1,1,1,1,20251214,20261212
SC05270.S0,1,1,1,1,1,1,1,20251214,20261212
SC05271.S0,1,1,1,1,1,1,1,20251214,20261212
SC05273.S0,1,1,1,1,1,1,1,20251214,20261212
SC05274.S0,1,1,1,1,1,1,1,20251214,20261212
SC05276.S0,1,1,1,1,1,1,1,20251214,20261212
SC05277.S0,1,1,1,1,1,1,1,20251214,20261212
SC05278.S0,1,1,1,1,1,1,1,20251214,20261212
SC05280.S0,1,1,1,1,1,1,1,20260929,20261012
SC05281.S0,1,1,1,1,1,1,1,20251214,20261212
SC05284.S0,1,1,1,1,1,1,1,20260929,20261012
SC05285.S0,1,1,1,1,1,1,1,20251214,20261212
SC05286.S0,1,1,1,1,1,1,1,20251214,20261212
SC05287.S0,1,1,1,1,1,1,1,20251214,20261212
SC05288.S0,1,1,1,1,1,1,1,20251214,20261212
SC05290.S0,1,1,1,1,1,0,1,20251214,20261211
SC05292.S0,1,1,1,1,1,0,1,20260929,20261012
SC05293.S0,0,0,0,0,0,1,0,20251220,20261212
SC05294.S0,1,1,1,1,1,1,1,20251214,20261212
SC05295.S0,0,0,0,0,0,1,1,20251214,20261212
SC00314.S0,0,0,0,0,0,1,1,20261017,20261024
SC05296.S0,1,1,1,1,1,0,0,20251215,20261211
SC05297.S0,0,0,0,0,0,1,0,20251220,20261212
SC05298.S0,1,1,1,1,1,0,0,20251215,20261211
SC05299.S0,1,1,1,1,1,0,0,20251215,20261211
SC05300.S0,1,1,1,1,1,0,0,20251215,20261211
SC00266.S0,1,1,1,1,1,0,0,20261002,20261020
SC05301.S0,1,1,1,1,1,1,1,20251214,20261212
SC00267.S0,1,1,1,1,1,1,1,20261002,20261020
SC05303.S0,1,1,1,1,1,1,1,20251214,20261212
SC05306.S0,1,1,1,1,1,0,0,20251215,20261211
SC05307.S0,1,1,1,1,1,1,1,20251214,20261212
SC05308.S0,1,1,1,0,1,0,0,20251215,20261211
SC05311.S0,1,1,1,1,1,1,1,20251214,20261212
SC05314.S0,0,1,1,1,0,0,0,20251215,20261211
SC05315.S0,1,1,1,1,1,0,0,20251215,20261211
SC05316.S0,1,1,1,1,1,1,1,20251214,20261212
SC05317.S0,1,1,1,1,1,1,1,20251214,20261212
SC05318.S0,1,1,1,1,1,0,0,20251215,20261211
SC05319.S0,1,1,1,1,1,0,0,20251215,20261211
SC05320.S0,1,1,1,1,1,1,1,20251214,20261212
SC05321.S0,1,1,1,1,1,1,1,20251214,20261212
SC05322.S0,1,1,1,1,1,0,0,20251215,20261211
SC05323.S0,1,1,1,1,1,1,1,20251214,20261212
SC05324.S0,1,1,1,1,1,1,1,20251214,20261212
SC05325.S0,0,0,0,0,0,0,0,20251215,20261211
SC05326.S0,1,1,1,1,1,0,0,20260415,20261211
SC05327.S0,1,1,1,1,1,0,0,20251215,20261211
SC05328.S0,1,1,1,1,1,1,1,20251214,20261212
SC05329.S0,1,1,1,1,1,0,0,20251215,20261211
SC05330.S0,1,1,1,1,1,0,0,20251215,20261211
SC05331.S0,1,1,1,1,1,1,1,20251214,20261212
SC05332.S0,0,0,0,0,0,1,1,20251214,20261212
SC05333.S0,0,0,0,0,0,1,1,20261003,20261018
SC05334.S0,1,1,1,1,1,0,0,20251215,20261211
SC05335.S0,1,1,1,1,1,0,0,20261001,20261020
SC05336.S0,1,1,1,1,1,0,0,20251215,20261211
SC05337.S0,0,0,0,0,0,1,0,20251220,20261212
SC05338.S0,0,0,0,0,0,1,0,20261003,20261017
SC05339.S0,1,1,1,1,1,0,1,20251214,20261211
SC05340.S0,1,1,1,1,1,0,1,20261002,20261020
SC05342.S0,1,1,1,1,0,0,0,20251215,20261211
SC05343.S0,0,0,0,0,1,0,0,20260619,20261211
SC05344.S0,0,0,0,0,1,0,0,20261002,20261016
SC05359.S0,1,1,0,0,0,0,0,20251214,20261212
SC05360.S0,1,1,1,1,1,1,1,20261015,20261212
SC05361.S0,1,1,1,1,1,1,1,20251214,20261212
SC05363.S0,1,1,1,1,1,0,0,20251215,20261211
SC05366.S0,1,1,1,1,1,1,1,20251214,20261212
SC05367.S0,1,1,1,1,1,1,1,20251214,20261212
SC05369.S0,1,1,1,1,1,0,0,20251215,20261211
SC05371.S0,1,1,1,1,1,1,1,20251214,20261212
SC05372.S0,1,1,1,1,1,1,1,20251214,20261212
SC05375.S0,1,1,1,1,1,0,0,20251215,20261211
SC05376.S0,1,1,1,1,1,0,0,20251215,20261211
SC05377.S0,1,1,1,1,1,0,0,20251215,20261211
SC05378.S0,1,1,1,1,1,0,0,20251215,20261211
SC05379.S0,1,1,1,1,1,0,0,20251215,20261211
SC05380.S0,1,1,1,1,1,0,0,20251215,20261211
SC00448.S0,0,0,0,0,0,0,1,20251214,20261206
SC05381.S0,1,1,1,1,1,1,1,20251214,20261212
SC05382.S0,1,1,1,1,1,1,1,20251214,20261212
SC05383.S0,1,1,1,1,1,0,0,20251215,20261211
SC05384.S0,0,0,0,0,0,0,0,20251214,20261212
SC05385.S0,0,0,0,0,0,1,1,20260118,20261212
SC05386.S0,1,1,1,1,1,0,0,20251215,20261211
SC05387.S0,1,1,1,1,1,1,1,20251214,20261212
SC05388.S0,1,1,1,1,1,0,0,20251215,20261211
SC05389.S0,1,1,1,1,1,0,0,20251215,20261211
SC05390.S0,1,1,1,1,1,0,0,20251215,20261211
SC05391.S0,1,1,1,1,1,0,0,20251215,20261211
SC05392.S0,1,1,1,1,1,1,1,20251214,20261212
SC05393.S0,0,0,0,0,0,1,1,20251214,20261212
SC05395.S0,1,1,1,1,1,0,0,20251215,20261211
SC05397.S0,1,1,1,1,1,0,0,20251215,20261211
SC05399.S0,1,1,1,1,1,0,0,20251215,20261211
SC05401.S0,1,1,1,1,1,0,0,20251215,20261211
SC05403.S0,1,1,1,1,1,0,0,20251215,20261211
SC05404.S0,1,1,1,1,1,0,0,20251215,20261211
SC05405.S0,1,1,1,1,1,0,0,20251215,20261211
SC05408.S0,1,1,1,1,1,0,0,20260701,20261211
SC05409.S0,1,1,1,1,1,1,1,20251214,20261212
SC05410.S0,1,1,1,1,1,1,1,20251214,20261212
SC05411.S0,1,1,1,1,1,1,1,20251214,20261212
SC05412.S0,1,1,1,1,1,1,1,20251214,20261212
SC05413.S0,1,1,1,1,1,1,1,20251214,20261212
SC05414.S0,1,1,1,1,1,1,1,20251214,20261212
SC05415.S0,1,1,1,1,1,1,1,20251214,20261212
SC05416.S0,1,1,1,1,1,1,1,20251214,20261212
SC05417.S0,1,1,1,1,1,0,0,20260601,20261211
SC05419.S0,0,0,0,0,0,0,0,20251214,20261206
SC05421.S0,0,0,0,0,0,0,1,20260607,20261206
SC05422.S0,0,0,0,0,0,0,0,20251220,20261212
SC05423.S0,0,0,0,0,0,1,0,20260606,20261212
SC05424.S0,1,1,1,1,1,0,1,20251214,20261211
SC05426.S0,0,0,0,0,0,1,0,20251220,20261212
SC05427.S0,0,0,0,0,0,0,0,20251215,20261211
SC05429.S0,1,1,1,1,1,0,0,20260707,20261211
SC05430.S0,0,0,0,0,0,0,0,20251214,20261212
SC05433.S0,1,1,1,1,1,1,1,20260705,20261212
SC05434.S0,0,0,0,0,0,0,0,20251214,20261212
SC05436.S0,0,0,0,0,0,1,1,20260705,20261212
SC05437.S0,0,0,0,0,0,0,0,20251214,20261212
SC05438.S0,1,1,1,1,1,0,0,20260707,20261211
SC05441.S0,0,0,0,0,0,0,0,20251214,20261212
SC05442.S0,1,1,1,1,1,1,1,20260705,20261212
SC05443.S0,0,0,0,0,0,0,0,20251214,20261212
SC05444.S0,1,1,1,1,1,0,0,20260707,20261211
SC05445.S0,1,1,1,1,1,1,1,20251214,20261212
SC05447.S0,0,0,0,0,0,1,1,20260606,20261212
SC05448.S0,1,1,1,1,1,0,0,20260601,20261211
SC05449.S0,0,0,0,0,0,0,0,20251214,20261212
SC05450.S0,0,0,0,0,0,0,0,20251220,20261212
SC05451.S0,1,1,1,1,1,0,0,20260601,20261211
SC05452.S0,0,0,0,0,0,0,0,20251214,20261212
SC05453.S0,0,0,0,0,0,0,0,20251214,20261212
SC05454.S0,1,1,1,1,1,1,1,20260601,20261212
SC05455.S0,0,0,0,0,0,0,0,20251220,20261212
SC05456.S0,0,0,0,0,0,0,0,20260501,20261212
SC05457.S0,0,0,0,0,0,0,0,20251220,20261212
SC05458.S0,0,0,0,0,0,0,0,20251220,20261212
SC05459.S0,0,0,0,0,0,0,0,20251220,20261212
SC05460.S0,0,0,0,0,0,1,1,20260606,20261212
SC05461.S0,0,0,0,0,0,1,1,20251214,20261212
SC05462.S0,1,1,1,1,1,1,1,20251214,20261212
SC05463.S0,0,0,0,0,0,0,0,20260614,20261212
SC05464.S0,1,1,1,1,1,0,0,20251215,20261211
SC05467.S0,0,0,0,0,0,1,1,20251214,20261212
SC05469.S0,1,1,1,1,1,0,0,20251215,20261211
SC05471.S0,0,0,0,0,0,0,0,20251215,20261211
SC00259.S0,1,1,1,1,1,0,0,20260615,20261211
SC05473.S0,0,0,0,0,0,1,1,20251214,20261212
SC05474.S0,1,1,1,1,1,0,0,20251215,20261211
SC05475.S0,0,0,0,0,1,1,0,20251219,20261212
SC05477.S0,1,1,1,1,0,0,1,20251214,20261210
SC05481.S0,1,1,1,1,1,0,0,20251215,20261211
SC05482.S0,1,1,1,1,1,1,1,20251214,20261212
SC05483.S0,1,1,1,1,1,0,1,20251214,20261211
SC05484.S0,1,1,1,1,1,1,0,20251215,20261212
SC05485.S0,1,1,1,1,1,1,1,20251214,20261212
SC05486.S0,0,0,0,0,0,0,0,20251214,20261206
SC05488.S0,0,0,0,0,0,0,1,20260614,20261206
SC05489.S0,0,0,0,0,0,0,0,20260816,20261018
SC05490.S0,0,0,0,0,0,0,1,20260830,20261011
SC05491.S0,0,0,0,0,0,0,0,20251219,20261211
SC05492.S0,0,0,0,0,1,0,0,20260619,20261211
SC05493.S0,0,0,0,0,0,0,0,20260814,20261016
SC05494.S0,0,0,0,0,1,0,0,20260828,20261016
SC05495.S0,0,0,0,0,0,0,1,20251214,20261206
SC05496.S0,1,1,1,1,0,1,0,20251215,20261212
SC05498.S0,1,1,1,1,0,1,0,20260829,20261017
SC05499.S0,0,0,0,0,1,0,0,20251219,20261211
SC05500.S0,0,0,0,0,0,1,1,20251214,20261212
SC05502.S0,0,0,0,0,0,1,0,20251220,20261212
SC00189.S0,0,0,0,0,0,1,1,20260926,20261010
SC05503.S0,0,0,0,0,0,1,1,20251214,20261212
SC05504.S0,0,0,0,0,0,1,0,20251220,20261212
SC05505.S0,0,0,0,0,0,1,0,20260829,20261017
SC05506.S0,0,0,0,0,0,0,1,20251214,20261206
SC05507.S0,0,0,0,0,0,0,1,20260830,20261011
SC05508.S0,0,0,0,0,0,1,0,20251220,20261212
SC05509.S0,1,1,1,1,1,0,0,20251215,20261211
SC05510.S0,1,1,1,1,1,0,0,20251215,20261211
SC05511.S0,1,1,1,1,1,0,0,20251215,20261211
SC05513.S0,1,1,1,1,1,0,0,20251215,20261211
SC05514.S0,1,1,1,1,1,0,0,20251215,20261211
SC05515.S0,1,1,1,1,1,0,0,20251215,20261211
SC05517.S0,1,1,1,1,1,0,0,20251215,20261211
SC05518.S0,1,1,1,1,1,1,1,20251214,20261212
SC05520.S0,1,1,1,1,1,1,1,20251214,20261212
SC05522.S0,0,0,0,0,0,1,1,20251214,20261212
SC05524.S0,1,1,1,1,1,0,0,20251215,20261211
SC05526.S0,1,1,1,1,1,1,1,20251214,20261212
SC05527.S0,1,1,1,1,1,1,1,20251214,20261212
SC05531.S0,0,0,0,0,0,0,0,20251215,20261211
SC05534.S0,0,0,0,0,0,0,0,20251214,20261210
SC05533.S0,1,1,1,1,0,0,1,20260624,20261210
SC05537.S0,0,0,0,0,1,1,0,20251219,20261212
SC05536.S0,0,0,0,0,1,1,0,20260629,20261212
SC05538.S0,1,1,1,1,1,0,0,20251215,20261211
SC05540.S0,1,1,1,1,1,1,1,20251214,20261212
SC05541.S0,0,0,0,0,0,0,1,20251214,20261206
SC05543.S0,0,0,0,0,0,0,0,20251219,20261212
SC05544.S0,0,0,0,0,0,0,0,20251214,20261210
SC05545.S0,0,0,0,0,0,0,0,20251214,20261212
SC00186.S0,0,0,0,0,0,0,1,20251214,20261206
SC05546.S0,0,0,0,0,0,1,1,20251214,20261212
SC05547.S0,1,1,1,1,1,1,1,20251214,20261212
SC05548.S0,0,0,0,0,0,1,1,20251214,20261212
SC05549.S0,1,1,1,1,1,0,0,20251215,20261211
SC05550.S0,1,1,1,1,0,0,0,20251215,20261210
SC05551.S0,1,1,1,1,0,0,0,20261001,20261020
SC05552.S0,0,0,0,0,1,1,1,20251214,20261212
SC05553.S0,0,0,0,0,1,1,1,20261002,20261018
SC05554.S0,0,0,0,0,0,0,0,20260328,20261101
SC05555.S0,0,0,0,0,0,0,0,20260328,20261101
SC05556.S0,0,0,0,0,0,0,0,20260328,20261101
SC05557.S0,1,1,1,1,1,0,0,20251215,20261211
SC05572.S0,1,1,1,1,1,0,0,20251215,20261211
SC05574.S0,1,1,1,1,1,1,1,20251214,20261212
SC05575.S0,1,1,1,1,1,1,1,20251214,20261212
SC05578.S0,1,1,1,1,1,1,1,20251214,20261212
SC05579.S0,1,1,1,1,1,1,1,20251214,20261212
SC05580.S0,1,1,1,1,1,1,1,20261001,20261020
SC05581.S0,0,0,0,0,0,1,1,20251214,20261212
SC05582.S0,1,1,1,1,1,0,0,20251215,20261211
SC05583.S0,0,0,0,0,0,0,0,20251215,20261211
SC05585.S0,1,1,1,1,1,0,0,20251215,20261211
SC05588.S0,1,1,1,1,1,0,0,20251215,20261211
SC05589.S0,1,1,1,1,1,0,0,20251215,20261211
SC05590.S0,1,1,1,1,1,0,0,20251215,20261211
SC05591.S0,1,1,1,0,0,0,0,20261021,20261026
SC05592.S0,1,1,1,1,1,0,0,20251215,20261211
SC05594.S0,1,1,1,1,1,1,1,20251214,20261212
SC05595.S0,1,1,1,1,1,0,0,20251215,20261211
SC05596.S0,1,1,1,1,1,1,1,20251214,20261212
SC05597.S0,0,0,0,0,0,1,1,20251214,20261212
SC05598.S0,1,1,1,1,1,1,1,20251214,20261212
SC05599.S0,1,1,0,0,0,0,0,20251215,20261211
SC05600.S0,1,1,1,1,1,0,0,20260623,20261211
SC05601.S0,1,1,1,1,1,1,1,20251214,20261212
SC05603.S0,1,1,1,1,1,1,1,20251214,20261212
SC05604.S0,1,1,1,1,1,1,1,20251214,20261212
SC05605.S0,1,1,1,1,1,1,1,20251214,20261212
SC05606.S0,1,1,1,1,1,1,1,20251214,20261212
SC05607.S0,1,1,1,1,1,1,1,20251214,20261211
SC00233.S0,0,0,0,0,0,0,0,20261212,20261212
SC05608.S0,1,1,1,1,1,1,1,20251214,20261212
SC05609.S0,1,1,1,1,1,1,1,20251214,20261212
SC05610.S0,1,1,1,1,1,1,1,20251214,20261212
SC05611.S0,1,1,1,1,1,1,1,20251214,20261212
SC05612.S0,1,1,1,1,1,1,1,20251214,20261212
SC05613.S0,1,1,1,1,1,0,0,20251215,20261211
SC05614.S0,1,1,1,1,1,0,0,20251215,20261211
SC05615.S0,1,1,1,1,1,0,0,20251215,20261211
SC05616.S0,1,1,1,1,1,0,0,20251215,20261211
SC05617.S0,1,1,1,1,1,0,0,20251215,20261211
SC05618.S0,1,1,1,1,1,0,0,20251215,20261211
SC05619.S0,1,1,1,1,1,0,0,20251215,20261211
SC05620.S0,1,1,1,1,1,0,0,20251215,20261211
SC05621.S0,1,1,1,1,1,0,0,20251215,20261211
SC05622.S0,1,1,1,1,1,0,0,20251215,20261211
SC05623.S0,1,1,1,1,1,0,0,20251215,20261211
SC05624.S0,1,1,1,1,1,0,0,20251215,20261211
SC05625.S0,1,1,1,1,1,0,0,20251215,20261211
SC05626.S0,0,0,0,0,0,1,1,20251214,20261212
SC05627.S0,0,0,0,0,0,1,1,20251214,20261212
SC05629.S0,0,0,0,0,0,1,1,20251214,20261212
SC05630.S0,1,1,1,1,1,0,0,20251215,20261211
SC05631.S0,0,0,0,0,0,1,1,20251214,20261212
SC05632.S0,0,0,0,0,0,1,1,20251214,20261212
SC05634.S0,1,1,1,1,1,0,0,20251215,20261211
SC05635.S0,0,0,0,0,0,1,1,20251214,20261212
SC05636.S0,1,1,1,1,1,0,0,20251215,20261211
SC05637.S0,0,0,0,0,0,1,1,20251214,20261212
SC05638.S0,0,0,0,0,0,1,1,20251214,20261212
SC05639.S0,1,1,1,1,1,0,0,20251215,20261211
SC05640.S0,0,0,0,0,0,1,1,20251214,20261212
SC05641.S0,0,0,0,0,0,1,1,20251214,20261212
SC05642.S0,1,1,1,1,1,0,0,20251215,20261211
SC05643.S0,1,1,1,1,1,0,0,20251215,20261211
SC05644.S0,0,0,0,0,0,0,0,20251214,20261212
SC05646.S0,0,0,0,0,0,0,0,20260201,20261203
SC05648.S0,1,1,1,1,1,1,1,20260614,20261203
SC05649.S0,1,1,1,1,1,1,1,20260828,20261017
SC05650.S0,1,1,1,1,1,1,1,20251214,20261212
SC05652.S0,1,1,1,1,1,1,1,20251214,20261212
SC05653.S0,1,1,1,1,1,1,1,20251214,20261212
SC05654.S0,1,1,1,1,1,1,1,20251214,20261212
SC05656.S0,1,1,1,1,1,1,1,20251214,20261212
SC05657.S0,0,0,0,0,0,0,0,20251214,20261212
SC05659.S0,0,0,0,0,0,0,0,20260201,20261203
SC05660.S0,1,1,1,1,1,1,1,20260614,20261203
SC05661.S0,1,1,1,1,1,1,1,20260828,20261017
SC05662.S0,0,0,0,0,0,0,0,20251214,20261212
SC05663.S0,1,1,1,1,1,0,1,20260614,20261203
SC05664.S0,0,0,0,0,0,0,0,20260201,20261203
SC05666.S0,0,0,0,0,0,0,0,20260201,20261203
SC05667.S0,1,1,1,1,1,1,1,20251214,20261212
SC05668.S0,1,1,1,1,1,1,1,20251214,20261212
SC05669.S0,0,0,0,0,0,0,0,20251214,20261212
SC05672.S0,0,0,0,0,0,0,0,20251214,20261212
SC05674.S0,1,1,1,1,1,0,1,20260614,20261203
SC05675.S0,0,0,0,0,0,0,0,20251214,20261212
SC05678.S0,0,0,0,0,0,0,0,20260201,20261203
SC05679.S0,1,1,1,1,1,1,1,20260828,20261017
SC05681.S0,0,0,0,0,0,0,0,20260201,20261203
SC05682.S0,1,1,1,1,1,1,1,20260614,20261203
SC05683.S0,0,0,0,0,0,0,0,20251214,20261212
SC05685.S0,0,0,0,0,0,0,0,20260201,20261203
SC05686.S0,1,1,1,1,1,1,1,20260614,20261203
SC05687.S0,1,1,1,1,1,1,1,20260828,20261017
SC05688.S0,0,0,0,0,0,0,0,20251215,20261212
SC05691.S0,0,0,0,0,0,0,0,20260202,20261203
SC05693.S0,1,1,1,1,1,1,0,20260615,20261203
SC05694.S0,1,1,1,1,1,1,0,20260828,20261017
SC05695.S0,0,0,0,0,0,0,0,20251214,20261211
SC05698.S0,0,0,0,0,0,0,0,20260201,20261203
SC05701.S0,0,0,0,1,1,0,1,20260614,20261203
SC05703.S0,0,0,0,1,1,0,1,20260828,20261016
SC05704.S0,0,0,0,0,0,0,0,20251215,20261212
SC05705.S0,1,1,1,1,1,1,0,20260202,20261203
SC05707.S0,1,1,1,1,1,1,0,20261204,20261212
SC05708.S0,0,0,0,0,0,0,0,20251214,20261212
SC05709.S0,1,1,1,1,1,1,1,20260201,20261203
SC05710.S0,1,1,1,1,1,1,1,20261204,20261212
SC05711.S0,0,0,0,0,0,0,0,20251214,20261212
SC05712.S0,1,1,1,1,1,1,1,20260201,20261203
SC05713.S0,0,0,0,0,0,0,0,20251214,20261212
SC05714.S0,1,1,1,1,1,1,1,20260201,20261203
SC05715.S0,0,0,0,0,0,0,0,20251214,20261212
SC05716.S0,1,1,1,1,1,1,1,20260614,20261203
SC05719.S0,1,1,1,1,1,1,1,20260916,20261017
SC05720.S0,0,0,0,0,0,0,0,20251214,20261211
SC05721.S0,0,0,0,1,1,0,1,20260201,20261203
SC05722.S0,0,0,0,1,1,0,1,20261204,20261211
SC05723.S0,0,0,0,0,0,0,0,20251214,20261212
SC05724.S0,1,1,1,1,1,1,1,20260201,20261203
SC05725.S0,0,0,0,0,0,0,0,20251215,20261212
SC05728.S0,1,1,1,0,0,1,0,20260202,20261202
SC05730.S0,1,1,1,0,0,1,0,20261205,20261212
SC05731.S0,0,0,0,0,0,0,0,20251214,20261212
SC05732.S0,1,1,1,1,1,1,1,20260201,20261203
SC05734.S0,1,1,1,1,1,0,0,20251215,20261211
SC05735.S0,1,1,1,1,1,0,0,20251215,20261211
SC05736.S0,1,1,1,1,1,0,0,20251215,20261211
SC05737.S0,1,1,1,1,1,1,0,20251215,20261212
SC05739.S0,0,0,0,0,0,0,0,20260202,20261203
SC05740.S0,1,1,1,1,1,1,0,20260615,20261203
SC05741.S0,1,1,1,1,1,1,0,20260828,20261017
SC05742.S0,0,0,0,0,0,0,0,20251214,20261206
SC05744.S0,0,0,0,0,0,0,0,20260201,20261129
SC05745.S0,0,0,0,0,0,0,1,20260614,20261129
SC05746.S0,0,0,0,0,0,0,1,20260830,20261011
SC05747.S0,1,1,1,1,1,0,0,20251215,20261211
SC05748.S0,1,1,1,1,1,0,0,20251215,20261211
SC05749.S0,1,1,1,1,1,1,1,20251214,20261212
SC05750.S0,1,1,1,1,1,1,0,20251215,20261212
SC05751.S0,1,1,0,1,1,0,1,20251214,20261212
SC05752.S0,1,0,0,0,0,0,0,20251214,20261212
SC05754.S0,1,1,1,1,1,1,1,20260614,20261212
SC05755.S0,0,0,0,0,0,0,0,20251214,20261206
SC05757.S0,0,0,0,0,0,0,1,20260614,20261206
SC05758.S0,0,0,0,0,0,0,0,20251215,20261212
SC05759.S0,1,1,1,1,1,1,0,20260615,20261212
SC05760.S0,0,0,0,0,0,0,0,20251214,20261212
SC05761.S0,1,1,1,1,1,1,1,20260614,20261212
SC05762.S0,0,0,0,0,0,0,0,20260917,20261106
SC05763.S0,0,0,0,0,0,1,1,20251214,20261212
SC00312.S0,0,0,0,0,0,1,0,20251220,20261212
SC00234.S0,1,1,1,1,1,0,0,20260309,20261211
SC00395.S0,0,0,0,0,0,1,0,20260321,20261028
SC00396.S0,1,1,1,1,1,0,0,20251215,20261211
SC00397.S0,0,0,0,0,0,0,1,20251214,20261212
SC05764.S0,1,1,1,1,1,0,0,20260309,20261211
SC00381.S0,0,0,0,0,0,1,0,20260321,20261031
SC00398.S0,1,1,1,1,1,0,0,20251220,20261212
SC05765.S0,1,1,1,1,1,1,1,20251214,20261212
SC05768.S0,1,1,1,1,1,0,0,20251215,20261211
SC05769.S0,1,1,1,1,1,1,1,20251214,20261212
SC05774.S0,1,1,1,1,1,1,1,20251214,20261212
SC05775.S0,1,1,1,1,1,1,1,20251214,20261212
SC05776.S0,0,0,0,0,0,1,1,20251214,20261212
SC05777.S0,1,1,1,1,1,0,0,20251215,20261211
SC05778.S0,1,1,1,1,1,0,0,20260309,20261211
SC00399.S0,1,1,1,1,1,0,0,20260831,20261211
SC05780.S0,1,1,1,1,1,0,0,20260309,20261211
SC05782.S0,1,1,1,1,1,0,0,20260309,20261211
SC05783.S0,0,0,0,0,0,1,1,20251214,20261212
SC05784.S0,1,1,1,1,1,0,0,20251215,20261211
SC05785.S0,1,1,1,1,1,0,0,20251215,20261211
SC05786.S0,0,0,0,0,0,1,1,20251214,20261212
SC05787.S0,0,0,0,0,0,1,1,20251214,20261212
SC05788.S0,1,1,1,1,1,0,0,20251215,20261211
SC05789.S0,1,1,1,1,1,0,0,20251215,20261211
SC05790.S0,1,1,1,1,1,0,0,20251215,20261211
SC00400.S0,0,0,0,0,0,1,0,20251214,20261212
SC00401.S0,1,1,1,1,1,0,1,20251215,20261211
SC05791.S0,0,0,0,0,0,1,1,20251214,20261212
SC05792.S0,0,0,0,0,0,0,1,20260322,20261101
SC05793.S0,0,0,0,0,0,1,0,20251214,20261212
SC05794.S0,0,0,0,0,0,1,0,20251214,20261212
SC05795.S0,1,1,1,1,1,0,1,20251215,20261211
SC05797.S0,0,0,0,0,0,1,0,20251220,20261212
SC05798.S0,0,0,0,0,0,0,1,20251214,20261206
SC05799.S0,1,1,1,1,1,1,1,20251214,20261212
SC05802.S0,1,1,1,1,1,0,0,20251215,20261211
SC05803.S0,1,1,1,1,1,0,0,20251215,20261211
SC05804.S0,1,1,1,1,1,1,1,20251214,20261212
SC05807.S0,1,1,1,1,1,1,1,20260930,20261103
SC05808.S0,1,1,1,1,1,1,0,20251215,20261212
SC05811.S0,1,1,1,1,1,1,0,20260930,20261104
SC05812.S0,0,0,0,0,0,0,1,20251214,20261206
SC05813.S0,0,0,0,0,0,0,1,20261004,20261101
SC05814.S0,1,1,1,1,1,1,1,20251214,20261212
SC05815.S0,1,1,1,1,1,1,1,20251214,20261212
SC05821.S0,1,1,1,1,1,1,1,20260930,20261104
SC05822.S0,1,1,1,1,1,1,1,20251214,20261212
SC05824.S0,1,1,1,1,1,1,1,20260930,20261104
SC05825.S0,1,1,1,1,1,1,1,20251214,20261212
SC05826.S0,1,1,1,1,1,1,0,20251215,20261212
SC05827.S0,1,1,1,1,1,1,1,20251214,20261212
SC05829.S0,1,1,1,1,1,1,1,20251214,20261212
SC05833.S0,1,1,1,1,1,1,1,20251214,20261212
SC05834.S0,1,1,1,1,1,1,1,20251214,20261212
SC05835.S0,1,1,1,1,1,1,1,20260930,20261103
SC05836.S0,1,1,1,1,1,1,1,20251214,20261212
SC05837.S0,0,0,0,0,0,0,0,20251214,20261212
SC05838.S0,1,1,1,1,1,1,1,20260108,20261212
SC05839.S0,1,1,1,1,1,1,1,20251214,20261212
SC05840.S0,1,1,1,1,1,1,1,20251214,20261212
SC05841.S0,1,1,1,1,1,1,1,20251214,20261212
SC05842.S0,1,1,1,1,1,1,1,20260930,20261104
SC05843.S0,1,1,1,1,1,1,1,20251214,20261212
SC05844.S0,1,1,1,1,1,1,1,20251214,20261212
SC05845.S0,1,1,1,1,1,1,1,20251214,20261212
SC05846.S0,1,1,1,1,1,1,1,20251214,20261212
SC05847.S0,1,1,1,1,1,1,1,20251214,20261212
SC05850.S0,1,1,1,1,1,1,1,20251214,20261212
SC05851.S0,1,1,1,1,1,1,1,20251214,20261212
SC05853.S0,1,1,1,1,1,1,1,20251214,20261212
SC05854.S0,1,1,1,1,1,1,1,20251214,20261212
SC05856.S0,1,1,1,1,1,1,1,20251214,20261212
SC05857.S0,1,1,1,1,1,1,1,20251214,20261212
SC05858.S0,1,1,1,1,1,1,1,20251214,20261212
SC05859.S0,1,1,1,1,1,1,1,20251214,20261212
SC05861.S0,1,1,1,1,1,1,1,20251214,20261212
SC05862.S0,1,1,1,1,1,1,1,20251214,20261212
SC05863.S0,1,1,1,1,1,1,1,20251214,20261212
SC05864.S0,1,1,1,1,1,1,1,20251214,20261212
SC05866.S0,1,1,1,1,1,0,0,20251215,20261211
SC05868.S0,0,0,0,0,1,0,1,20251214,20261211
SC05869.S0,1,1,1,1,0,0,0,20251215,20261210
SC05871.S0,0,0,0,0,0,0,0,20251214,20261212
SC05870.S0,0,0,0,0,0,1,1,20260624,20261212
SC05872.S0,0,0,0,0,0,0,0,20251214,20261212
SC05876.S0,0,0,0,0,0,0,0,20251214,20261212
SC05875.S0,0,0,0,0,0,1,1,20260624,20261212
SC05877.S0,0,0,0,0,0,0,0,20251214,20261212
SC05878.S0,0,0,0,0,0,1,1,20260624,20261212
SC05880.S0,0,0,0,0,0,0,0,20251214,20261212
SC05879.S0,0,0,0,0,0,1,1,20260624,20261212
SC05883.S0,0,0,0,0,0,0,0,20251214,20261212
SC05882.S0,1,1,1,1,1,1,1,20260624,20261212
SC00315.S0,1,1,1,1,1,1,1,20261013,20261023
SC05888.S0,0,0,0,0,0,0,0,20251215,20261211
SC05887.S0,1,1,1,1,1,0,0,20260625,20261211
SC05892.S0,1,1,1,0,0,0,0,20251215,20261211
SC05891.S0,1,1,1,1,1,0,0,20260625,20261211
SC05894.S0,0,0,0,0,0,0,0,20251215,20261211
SC05896.S0,0,0,0,0,0,0,0,20251215,20261211
SC05895.S0,1,1,1,1,1,0,0,20260625,20261211
SC05899.S0,0,0,0,0,0,0,0,20251215,20261211
SC05900.S0,0,0,0,0,0,0,0,20251215,20261211
SC05901.S0,0,0,0,0,0,0,0,20251215,20261211
SC05902.S0,1,1,0,0,0,0,0,20251215,20261211
SC05903.S0,0,0,0,0,0,0,0,20251215,20261211
SC05904.S0,0,0,0,0,0,1,1,20251214,20261212
SC05905.S0,0,0,0,0,0,0,1,20251214,20261206
SC05907.S0,0,0,0,0,0,0,0,20251214,20261206
SC05906.S0,0,0,0,0,0,0,1,20260624,20261206
SC05909.S0,1,1,0,1,0,0,1,20251214,20261211
SC05911.S0,1,1,1,1,1,0,0,20251215,20261211
SC05912.S0,1,1,1,1,1,0,0,20251215,20261211
SC05913.S0,0,0,0,0,0,1,1,20251214,20261212
SC05916.S0,0,0,0,0,0,1,1,20251214,20261212
SC05918.S0,0,0,0,0,0,0,0,20251216,20261211
SC05921.S0,0,1,1,1,1,0,0,20260701,20261211
SC05923.S0,0,1,1,1,1,0,0,20261001,20261020
SC05924.S0,0,0,0,0,0,0,0,20251215,20261207
SC05925.S0,0,0,0,0,0,0,0,20251219,20261211
SC05926.S0,1,1,0,0,0,1,1,20251214,20261212
SC05928.S0,0,0,0,0,0,0,0,20251219,20261211
SC05930.S0,0,0,0,0,0,1,1,20251214,20261212
SC05932.S0,0,0,0,0,0,0,0,20251219,20261211
SC05933.S0,1,1,1,0,0,1,1,20251214,20261212
SC05934.S0,0,0,0,0,0,0,0,20251214,20261206
SC05935.S0,0,0,0,0,0,0,0,20260614,20261206
SC05936.S0,0,0,0,0,0,1,0,20251215,20261212
SC05937.S0,0,0,0,0,0,0,0,20260615,20261212
SC05938.S0,0,0,0,0,0,0,0,20251214,20261206
SC05939.S0,0,1,0,0,1,1,0,20251215,20261212
SC05940.S0,1,1,1,1,1,1,1,20251214,20261212
SC05941.S0,1,1,1,1,1,1,1,20251214,20261212
SC05942.S0,1,1,1,1,1,1,1,20260830,20261024
SC05943.S0,1,1,1,1,1,1,1,20251214,20261212
SC05944.S0,1,1,1,1,1,1,1,20251214,20261212
SC05945.S0,1,1,1,1,1,1,1,20251214,20261212
SC05946.S0,1,1,1,1,1,1,1,20260830,20261024
SC05947.S0,0,0,0,0,0,1,1,20260830,20261024
SC05948.S0,1,1,1,1,1,0,0,20260831,20261023
SC05949.S0,1,1,1,1,1,1,1,20260216,20261212
SC05950.S0,1,1,1,1,1,1,1,20251214,20261212
SC05951.S0,0,0,0,0,0,1,1,20251214,20261212
SC05953.S0,0,0,0,0,0,1,1,20261010,20261024
SC05954.S0,1,1,1,1,1,0,0,20251215,20261211
SC05956.S0,1,1,1,1,1,0,0,20261005,20261023
SC05957.S0,0,0,0,0,0,1,1,20251214,20261212
SC05958.S0,1,1,1,1,1,0,0,20251215,20261211
SC05960.S0,0,0,0,0,0,1,1,20251214,20261212
SC05961.S0,1,1,1,1,1,0,0,20251215,20261211
SC05962.S0,0,0,0,0,0,1,1,20251214,20261212
SC05963.S0,0,0,0,0,0,1,1,20251214,20261212
SC05964.S0,1,1,1,1,1,0,0,20251215,20261211
SC05965.S0,0,0,0,0,0,1,1,20251214,20261212
SC05967.S0,1,1,1,1,1,0,0,20251215,20261211
SC05968.S0,1,1,1,1,1,1,1,20251214,20261212
SC05971.S0,1,1,1,1,1,1,1,20261005,20261024
SC05972.S0,1,1,1,1,1,1,1,20251214,20261212
SC05975.S0,1,1,1,1,1,0,0,20251215,20261211
SC05976.S0,1,1,1,1,1,1,1,20251214,20261212
SC05977.S0,1,1,1,1,1,0,0,20251215,20261211
SC05978.S0,1,1,1,1,1,0,0,20251215,20261211
SC05979.S0,0,0,0,0,0,1,1,20251214,20261212
SC05980.S0,1,1,1,1,1,0,0,20251215,20261211
SC05981.S0,1,1,1,1,1,0,0,20251215,20261211
SC05983.S0,1,1,1,1,1,0,0,20251215,20261211
SC05985.S0,1,1,1,1,1,0,0,20251215,20261211
SC05986.S0,1,1,1,1,1,0,0,20251215,20261211
SC05987.S0,1,1,1,1,1,0,0,20251215,20261211
SC05988.S0,1,1,1,1,1,0,0,20251215,20261211
SC05989.S0,1,1,1,1,1,0,0,20251215,20261211
SC05990.S0,1,1,1,1,1,1,1,20251214,20261212
SC05991.S0,1,1,1,1,1,1,1,20261005,20261023
SC05992.S0,1,1,1,1,1,0,0,20251215,20261211
SC05994.S0,1,1,1,1,0,0,0,20251215,20261210
SC05996.S0,1,1,1,1,0,0,0,20261005,20261022
SC05997.S0,0,0,0,0,1,0,0,20251219,20261211
SC05999.S0,1,1,1,1,1,1,1,20251214,20261212
SC06000.S0,1,1,1,1,1,1,1,20251214,20261212
SC06001.S0,1,1,1,1,1,1,0,20251215,20261212
SC06003.S0,1,1,1,1,1,1,0,20261005,20261023
SC06004.S0,0,0,0,0,0,0,1,20251214,20261206
SC06006.S0,1,1,1,1,1,1,0,20251215,20261212
SC06007.S0,0,0,0,0,0,0,1,20251214,20261206
SC06008.S0,1,1,1,1,1,1,1,20251214,20261212
SC06009.S0,0,0,0,0,0,1,1,20251214,20261212
SC06010.S0,1,1,1,1,1,1,0,20251215,20261212
SC06011.S0,0,0,0,0,0,0,0,20261115,20261115
SC06012.S0,1,1,1,1,1,1,1,20251214,20261212
SC06013.S0,0,0,0,0,0,1,1,20251214,20261212
SC06014.S0,1,1,1,1,1,1,1,20251214,20261212
SC06016.S0,1,1,1,1,1,0,0,20251215,20261211
SC06017.S0,1,1,1,1,1,0,0,20251215,20261211
SC06018.S0,1,1,1,1,1,0,0,20251215,20261211
SC06019.S0,1,1,1,1,1,0,0,20251215,20261211
SC06021.S0,1,1,1,1,1,1,1,20251214,20261212
SC06025.S0,0,0,0,0,0,0,1,20251214,20261206
SC06026.S0,1,1,1,1,1,1,0,20251215,20261212
SC06027.S0,1,1,1,1,1,1,1,20251214,20261212
SC06028.S0,1,1,1,1,1,0,0,20251215,20261211
SC06029.S0,0,0,0,0,0,1,1,20251214,20261212
SC06030.S0,1,1,1,1,1,1,1,20251214,20261212
SC06031.S0,1,1,1,1,1,1,1,20251214,20261212
SC06032.S0,1,1,1,1,1,0,0,20251215,20261211
SC06033.S0,1,1,1,1,1,0,0,20251215,20261211
SC06034.S0,1,1,1,1,1,0,0,20251215,20261211
SC06035.S0,1,1,1,1,1,0,0,20251215,20261211
SC06036.S0,1,1,1,1,1,1,1,20251214,20261212
SC06037.S0,1,1,1,1,1,0,0,20251215,20261211
SC06038.S0,1,1,1,1,1,1,1,20251214,20261212
SC06039.S0,1,1,1,1,1,1,1,20251214,20261212
SC06040.S0,0,0,0,0,0,1,1,20251214,20261212
SC06041.S0,1,1,1,1,1,0,0,20251215,20261211
SC06042.S0,1,1,1,1,1,0,0,20251215,20261211
SC06043.S0,1,1,1,1,1,0,0,20251215,20261211
SC06044.S0,1,1,1,1,1,1,1,20251214,20261212
SC06045.S0,1,1,1,1,1,0,0,20251215,20261212
SC06048.S0,1,1,1,1,1,0,0,20251215,20261211
SC06049.S0,1,1,1,1,1,1,1,20251214,20261212
SC06050.S0,0,0,0,0,0,0,1,20251214,20261206
SC06052.S0,1,1,1,1,1,1,1,20251214,20261212
SC06054.S0,0,0,0,0,0,0,1,20251214,20261206
SC06055.S0,1,1,1,1,1,0,0,20251215,20261211
SC06056.S0,1,1,1,1,1,1,0,20251215,20261212
SC06057.S0,0,0,0,0,0,0,0,20251215,20261212
SC06058.S0,0,0,0,0,0,0,0,20251214,20261206
SC06059.S0,0,0,0,0,0,0,0,20251214,20261212
SC06060.S0,0,0,0,0,0,0,0,20251214,20261212
SC06061.S0,1,1,1,1,1,0,0,20251215,20261211
SC06062.S0,1,1,1,1,1,1,1,20261014,20261016
SC06063.S0,1,1,1,1,1,1,1,20251214,20261212
SC06065.S0,1,1,1,1,1,0,0,20251215,20261211
SC06066.S0,1,1,1,1,1,0,0,20251215,20261211
SC00304.S0,1,1,1,1,1,0,0,20261015,20261211
SC06067.S0,1,1,1,1,1,0,0,20251215,20261211
SC00306.S0,1,1,1,1,1,0,0,20261023,20261211
SC00307.S0,1,1,1,1,1,0,0,20261015,20261022
SC06068.S0,1,1,1,1,1,0,0,20251215,20261211
SC00305.S0,1,1,1,1,1,0,0,20261014,20261022
SC06069.S0,0,0,0,0,0,1,1,20251214,20261212
SC06070.S0,0,1,0,0,0,0,0,20251215,20261211
SC00308.S0,1,1,1,1,1,0,0,20261026,20261211
SC06071.S0,0,0,0,0,0,1,0,20251220,20261212
SC06073.S0,0,0,0,0,0,1,0,20261017,20261212
SC06074.S0,1,1,1,1,1,1,1,20251214,20261212
SC06075.S0,1,1,1,1,1,0,0,20251215,20261211
SC00309.S0,1,0,1,1,1,0,0,20261026,20261211
SC06076.S0,1,1,1,1,1,1,1,20251214,20261212
SC06078.S0,0,1,0,0,0,0,0,20251215,20261211
SC00310.S0,1,0,1,1,1,0,0,20261023,20261211
SC06079.S0,1,1,1,1,1,0,0,20251215,20261211
SC06080.S0,1,1,1,1,1,0,0,20261015,20261211
SC06081.S0,1,1,1,1,1,1,1,20251214,20261212
SC06082.S0,1,1,1,1,1,0,0,20251215,20261211
SC06083.S0,1,1,1,1,1,1,1,20251214,20261212
SC06084.S0,1,1,1,1,1,1,1,20251214,20261212
SC06085.S0,1,1,1,1,1,0,0,20251215,20261211
SC06086.S0,1,1,1,1,1,1,1,20251214,20261212
SC06087.S0,1,1,1,1,1,1,1,20251214,20261212
SC06088.S0,1,1,1,1,1,1,1,20261015,20261212
SC06089.S0,1,1,1,1,1,1,0,20251215,20261212
SC06091.S0,1,1,1,1,1,1,0,20261015,20261212
SC06092.S0,1,1,1,1,1,0,0,20251215,20261211
SC06095.S0,1,1,1,1,1,0,0,20251215,20261211
SC06096.S0,1,1,1,1,1,1,1,20251214,20261212
SC06098.S0,1,1,1,1,1,1,1,20251214,20261212
SC06099.S0,0,0,0,0,0,0,0,20261008,20261027
SC06100.S0,1,1,1,1,1,1,1,20251214,20261212
SC06101.S0,1,1,1,1,1,1,1,20251214,20261212
SC06102.S0,1,1,1,1,1,0,0,20251215,20261211
SC06103.S0,1,1,1,1,1,1,1,20251214,20261212
SC06104.S0,1,1,1,1,1,1,1,20251214,20261212
SC06105.S0,1,1,1,1,1,1,1,20251214,20261212
SC06106.S0,1,1,1,1,1,1,1,20251214,20261212
SC06107.S0,1,1,1,1,1,1,1,20251214,20261212
SC06108.S0,1,1,1,1,1,1,1,20251214,20261212
SC06109.S0,0,0,0,0,0,0,0,20261007,20261026
SC06110.S0,1,1,1,1,1,1,1,20251214,20261212
SC06111.S0,1,1,1,1,1,1,1,20251214,20261212
SC06112.S0,1,1,1,1,1,0,0,20251215,20261211
SC06114.S0,0,0,0,0,0,0,0,20260614,20261212
SC06115.S0,1,0,0,0,0,0,0,20251215,20261207
SC06116.S0,0,0,0,0,0,0,0,20251216,20261211
SC06119.S0,1,1,1,1,1,0,0,20251215,20261211
SC06120.S0,0,0,0,0,0,1,1,20251214,20261212
SC06121.S0,0,0,0,0,0,1,0,20251220,20261212
SC06122.S0,1,1,1,1,1,0,0,20251215,20261211
SC06123.S0,1,1,1,1,1,0,0,20251215,20261211
SC06124.S0,0,0,0,0,0,1,1,20251214,20261212
SC06125.S0,1,1,1,1,1,0,0,20251215,20261211
SC06126.S0,1,1,1,1,1,0,0,20261005,20261016
SC06127.S0,1,1,1,1,1,0,0,20251215,20261211
SC06129.S0,1,1,1,1,1,1,1,20251214,20261212
SC06130.S0,0,0,0,0,0,1,1,20251214,20261212
SC06133.S0,0,0,0,0,0,1,1,20251214,20261212
SC06134.S0,1,1,1,1,1,0,0,20251215,20261211
SC06135.S0,0,0,0,0,0,1,1,20251214,20261212
SC06136.S0,1,1,1,1,1,1,1,20251214,20261212
SC06140.S0,1,1,1,1,1,0,0,20251215,20261211
SC06144.S0,1,1,1,1,1,0,0,20251215,20261211
SC06147.S0,0,0,0,0,0,1,1,20251214,20261212
SC06148.S0,1,1,1,1,1,0,0,20251215,20261211
SC06149.S0,0,0,0,0,0,1,1,20251214,20261212
SC06150.S0,1,1,1,1,1,0,0,20251215,20261211
SC06151.S0,0,0,0,0,0,1,1,20251214,20261212
SC06152.S0,1,1,1,1,1,0,0,20251215,20261211
SC06153.S0,1,1,1,1,1,0,0,20251215,20261211
SC06154.S0,1,1,1,1,1,0,0,20251215,20261211
SC06155.S0,1,1,1,1,1,0,0,20251215,20261211
SC06156.S0,0,0,0,0,0,1,0,20251220,20261212
SC06157.S0,1,1,1,1,1,0,0,20251215,20261211
SC06158.S0,1,1,1,1,1,0,0,20251215,20261211
SC06159.S0,1,1,1,1,1,1,1,20251214,20261212
SC06161.S0,0,0,0,0,0,1,1,20251214,20261212
SC06162.S0,0,0,0,0,0,1,1,20251214,20261212
SC06163.S0,1,1,1,1,1,1,1,20251214,20261212
SC06164.S0,0,0,0,0,0,1,1,20251214,20261212
SC06166.S0,1,1,1,1,1,0,0,20251215,20261211
SC06168.S0,1,1,1,1,0,0,0,20251215,20261210
SC06170.S0,1,1,1,1,1,1,1,20251214,20261212
SC06171.S0,1,1,1,1,0,0,0,20251215,20261210
SC06172.S0,1,1,1,1,1,0,0,20251215,20261211
SC06173.S0,0,0,0,0,0,1,1,20251214,20261212
SC06174.S0,0,0,0,0,0,1,1,20251214,20261212
SC06175.S0,1,1,1,1,1,0,0,20251215,20261211
SC06176.S0,0,0,0,0,0,1,1,20251214,20261212
SC06177.S0,1,1,1,1,1,0,0,20251215,20261211
SC06178.S0,1,1,1,1,1,0,0,20251215,20261211
SC06179.S0,0,0,0,0,0,1,1,20251214,20261212
SC06180.S0,1,1,1,1,1,0,0,20251215,20261211
SC06181.S0,0,0,0,0,0,1,1,20251214,20261212
SC06182.S0,1,1,1,1,1,0,0,20251215,20261211
SC06183.S0,1,1,1,1,1,0,1,20251214,20261211
SC06190.S0,1,1,1,1,1,0,1,20260915,20261026
SC06191.S0,1,1,1,1,1,0,1,20261027,20261211
SC06192.S0,0,0,0,0,0,0,1,20251214,20261206
SC06193.S0,1,1,1,1,1,1,1,20251214,20261212
SC06194.S0,1,1,1,1,1,1,1,20251214,20261212
SC06195.S0,1,1,1,1,1,1,1,20251214,20261212
SC06196.S0,1,1,1,1,1,1,1,20251214,20261212
SC06197.S0,1,1,1,1,1,0,1,20251214,20261211
SC06198.S0,0,0,0,0,0,1,0,20251220,20261212
SC06201.S0,0,0,0,0,0,1,0,20260919,20261017
SC06202.S0,1,1,1,1,1,1,1,20251214,20261212
SC06203.S0,1,1,1,1,1,1,1,20251214,20261212
SC06208.S0,1,1,1,1,1,1,0,20251215,20261212
SC06210.S0,1,0,1,0,1,1,1,20251214,20261212
SC06211.S0,1,1,1,1,1,1,1,20260614,20261212
SC06213.S0,0,0,0,0,0,0,0,20251214,20261212
SC06215.S0,1,1,1,1,1,0,0,20251215,20261211
SC06218.S0,0,0,0,0,0,1,1,20251214,20261212
SC06220.S0,1,1,1,1,1,1,1,20251214,20261212
SC06221.S0,1,1,1,1,1,1,1,20251214,20261212
SC06222.S0,1,1,1,1,1,0,0,20251215,20261211
SC06223.S0,1,1,1,1,1,1,1,20251214,20261212
SC06225.S0,0,0,0,0,0,1,1,20251214,20261212
SC06226.S0,1,1,1,1,1,1,1,20251214,20261212
SC06227.S0,1,1,1,1,1,0,0,20251215,20261211
SC06229.S0,1,1,1,1,1,1,1,20251214,20261212
SC06230.S0,1,1,1,1,1,1,1,20251214,20261212
SC06232.S0,1,1,1,1,1,1,1,20251214,20261212
SC06233.S0,0,0,0,0,0,1,1,20251214,20261212
SC06235.S0,1,1,1,1,1,0,0,20251215,20261211
SC06237.S0,1,1,1,1,1,1,1,20251214,20261212
SC06238.S0,0,0,0,1,1,0,1,20251214,20261211
SC06240.S0,1,1,1,0,0,1,0,20251215,20261212
SC06242.S0,1,1,1,1,1,1,1,20251214,20261212
SC06243.S0,1,1,1,1,1,1,1,20261008,20261017
SC06244.S0,0,0,0,0,0,1,1,20251214,20261212
SC06245.S0,1,1,1,1,1,1,1,20251214,20261212
SC06246.S0,1,1,1,1,1,1,1,20251214,20261212
SC06247.S0,1,1,1,1,1,0,0,20251215,20261211
SC06248.S0,1,1,1,1,1,0,0,20251215,20261211
SC06249.S0,0,0,0,0,0,0,0,20251214,20261212
SC06250.S0,0,0,0,0,0,1,1,20251214,20261212
SC06251.S0,1,1,1,1,1,0,0,20251215,20261211
SC06252.S0,0,0,0,0,0,0,1,20251214,20261206
SC06253.S0,1,1,1,1,1,1,0,20251215,20261212
SC06254.S0,1,1,1,1,1,0,0,20260615,20261211
SC06255.S0,1,1,1,0,1,0,1,20251214,20261212
SC06256.S0,1,1,1,1,0,0,0,20251215,20261211
SC06258.S0,1,1,1,1,1,0,0,20260709,20261211
SC06259.S0,0,0,0,1,1,0,1,20251214,20261211
SC06261.S0,1,1,1,1,1,0,0,20251215,20261211
SC06262.S0,1,1,1,1,1,1,1,20251214,20261212
SC06263.S0,1,1,1,1,1,1,1,20251214,20261212
SC06264.S0,1,1,1,1,1,1,1,20251214,20261212
SC06265.S0,1,1,1,1,1,1,1,20251214,20261212
SC06266.S0,1,1,1,1,1,1,1,20251214,20261212
SC06267.S0,1,1,1,1,1,1,1,20251214,20261212
SC06268.S0,1,1,1,1,1,1,1,20251214,20261212
SC06269.S0,1,1,1,1,1,1,1,20251214,20261212
SC06270.S0,1,1,1,1,1,1,1,20251214,20261212
SC06271.S0,1,1,1,1,1,0,0,20251215,20261211
SC06273.S0,1,1,1,1,1,1,1,20251214,20261212
SC06274.S0,1,1,1,1,1,1,1,20251214,20261212
SC06275.S0,0,0,0,0,0,1,1,20251214,20261212
SC06276.S0,0,0,0,0,0,1,1,20251214,20261212
SC06277.S0,0,0,0,0,0,1,1,20251214,20261212
SC06278.S0,1,1,1,1,1,1,1,20251214,20261212
SC06279.S0,1,1,1,1,1,1,1,20251214,20261212
SC06280.S0,1,1,1,1,1,0,0,20251215,20261211
SC06282.S0,0,0,0,0,0,1,1,20251214,20261212
SC06283.S0,0,0,0,0,0,0,0,20260403,20261028
SC06284.S0,0,0,0,0,0,0,0,20260403,20261028
SC06285.S0,0,0,0,0,0,0,1,20251214,20261212
SC06286.S0,1,1,1,1,1,1,1,20260615,20261212
SC06287.S0,1,1,1,1,1,1,1,20251214,20261212
SC06289.S0,1,1,1,1,1,1,1,20251214,20261212
SC06290.S0,1,1,1,1,1,1,1,20251214,20261212
SC06292.S0,1,1,1,1,1,1,1,20251214,20261212
SC06293.S0,1,1,1,1,1,1,1,20251214,20261212
SC06294.S0,1,1,1,1,1,1,1,20251214,20261212
SC06295.S0,0,0,0,0,0,0,0,20251214,20261212
SC06296.S0,1,1,1,1,1,1,1,20260604,20261212
SC06297.S0,0,0,0,0,0,0,0,20251214,20261212
SC06298.S0,1,1,1,1,1,1,1,20260604,20261212
SC06299.S0,1,1,1,1,1,1,1,20251214,20261212
SC06300.S0,1,1,1,1,1,1,0,20251215,20261212
SC06302.S0,0,0,0,0,0,0,0,20251214,20261212
SC06303.S0,1,1,1,1,1,1,1,20260614,20261212
SC06304.S0,1,1,1,1,1,1,1,20251214,20261212
SC06309.S0,1,1,1,1,1,1,1,20251214,20261212
SC06310.S0,1,1,1,1,1,1,1,20251214,20261212
SC06311.S0,1,1,1,1,1,1,1,20251214,20261212
SC06313.S0,1,1,1,1,1,1,1,20251214,20261212
SC06314.S0,1,1,1,1,1,1,1,20251214,20261212
SC06315.S0,1,1,1,1,1,1,1,20251214,20261212
SC06316.S0,1,1,1,1,1,1,1,20251214,20261212
SC06318.S0,1,1,1,1,1,1,1,20251214,20261212
SC02597.S0,1,1,1,1,1,1,1,20251214,20261212
SC06319.S0,1,1,1,1,1,0,0,20251215,20261211
SC06320.S0,0,0,0,0,0,1,1,20251214,20261212
SC06321.S0,1,1,1,1,1,0,0,20251215,20261211
SC06322.S0,0,0,0,0,0,1,1,20251214,20261212
SC06323.S0,0,0,0,0,0,1,1,20251214,20261212
SC06324.S0,0,0,0,0,0,0,0,20251219,20261211
SC06325.S0,0,0,0,0,0,0,0,20251215,20261207
SC06326.S0,1,0,0,0,0,0,0,20260309,20261207
SC06330.S0,1,1,1,1,1,1,1,20251214,20261212
SC06331.S0,0,0,0,0,0,1,1,20251214,20261212
SC06332.S0,1,1,1,1,1,0,0,20251215,20261211
SC06334.S0,1,1,1,1,1,1,1,20251214,20261212
SC06335.S0,1,1,1,1,1,0,0,20251215,20261211
SC06336.S0,1,1,1,1,1,1,0,20251215,20261212
SC06337.S0,1,1,1,1,1,1,0,20251215,20261212
SC06338.S0,1,1,1,1,1,0,0,20251215,20261211
SC06339.S0,1,1,1,1,1,0,0,20251215,20261211
SC06340.S0,1,1,1,1,1,1,0,20251215,20261212
SC06341.S0,1,1,1,1,1,1,0,20251215,20261212
SC06342.S0,1,1,1,1,1,1,1,20251214,20261212
SC06343.S0,1,1,1,1,1,0,0,20251215,20261211
SC06344.S0,1,1,1,1,1,0,0,20251215,20261211
SC06345.S0,1,1,1,1,1,1,1,20251214,20261212
SC06346.S0,1,1,1,1,1,0,0,20251215,20261211
SC06347.S0,1,1,1,1,1,0,0,20251215,20261211
SC06348.S0,1,1,1,1,1,1,1,20251214,20261212
SC06349.S0,1,1,1,1,1,1,1,20251214,20261212
SC06350.S0,1,1,1,1,1,0,0,20251215,20261211
SC06351.S0,1,1,1,1,1,1,1,20251214,20261212
SC06353.S0,0,0,0,0,0,1,1,20251214,20261212
SC06354.S0,0,0,0,0,1,1,0,20251219,20261212
SC06355.S0,0,0,0,0,0,0,0,20251215,20261211
SC06359.S0,1,1,1,1,1,0,0,20251215,20261211
SC06360.S0,0,0,0,0,0,0,0,20251215,20261211
SC06362.S0,1,1,1,1,1,0,0,20251215,20261211
SC06365.S0,1,1,1,1,1,0,0,20251215,20261211
SC06366.S0,0,0,0,1,1,0,0,20251215,20261211
SC06367.S0,0,0,0,1,0,0,0,20251215,20261211
SC06368.S0,1,1,1,1,1,0,0,20251215,20261211
SC06369.S0,0,0,0,1,1,0,0,20251215,20261211
SC06371.S0,0,0,0,1,0,0,0,20251215,20261211
SC06373.S0,1,1,1,1,1,0,0,20251215,20261211
SC00422.S0,0,0,0,0,0,1,0,20251220,20261212
SC06375.S0,1,1,1,1,1,1,1,20251214,20261212
SC00423.S0,0,0,0,0,0,1,1,20251214,20261212
SC06377.S0,1,1,1,1,1,0,0,20251215,20261211
SC06378.S0,1,1,1,1,1,0,0,20251215,20261211
SC06379.S0,1,1,1,1,1,1,1,20251214,20261212
SC06380.S0,1,1,1,1,1,1,1,20251214,20261212
SC06381.S0,0,0,0,0,0,1,1,20251214,20261212
SC06382.S0,1,1,1,1,1,1,1,20251214,20261212
SC06383.S0,1,1,1,1,1,1,1,20251214,20261212
SC06384.S0,1,1,1,1,1,1,1,20251214,20261212
SC06385.S0,1,1,1,1,1,1,1,20251214,20261212
SC06386.S0,1,1,1,1,1,1,1,20251214,20261212
SC06387.S0,1,1,1,1,1,1,1,20251214,20261212
SC06389.S0,1,1,1,1,1,0,0,20251215,20261211
SC06391.S0,1,1,1,1,1,0,0,20251215,20261211
SC06392.S0,0,0,0,0,0,1,1,20251214,20261212
SC06394.S0,0,0,0,0,0,1,1,20251214,20261212
SC06395.S0,1,1,1,1,1,1,1,20251214,20261212
SC06396.S0,0,0,0,0,0,1,1,20251214,20261212
SC06397.S0,1,1,1,1,1,1,1,20251214,20261212
SC06399.S0,1,1,1,1,1,1,1,20251214,20261212
SC06400.S0,1,1,1,1,1,1,1,20251214,20261212
SC06401.S0,1,1,1,1,1,0,0,20251215,20261211
SC06403.S0,1,1,1,1,1,1,1,20251214,20261212
SC06405.S0,0,0,0,0,0,0,1,20251214,20261206
SC06406.S0,1,1,1,1,1,0,0,20251215,20261211
SC06407.S0,0,0,0,0,0,1,0,20251220,20261212
SC06408.S0,0,0,0,0,0,1,1,20260321,20261101
SC06413.S0,1,1,1,1,1,0,0,20251215,20261211
SC06414.S0,1,1,1,1,1,0,0,20251215,20261211
SC06415.S0,1,1,1,1,1,1,0,20251215,20261212
SC06416.S0,0,0,0,0,0,0,1,20251214,20261206
SC06417.S0,0,0,0,0,0,1,1,20251214,20261212
SC06418.S0,1,1,1,1,1,1,1,20251214,20261212
SC06419.S0,0,0,0,0,0,0,1,20251214,20261206
SC06420.S0,0,0,0,0,1,0,0,20251219,20261211
SC06421.S0,0,0,0,0,0,1,0,20251220,20261212
SC06422.S0,1,1,1,1,1,0,1,20251214,20261211
SC06424.S0,0,0,0,0,0,0,1,20251214,20261206
SC06425.S0,1,1,1,1,1,1,0,20251215,20261212
SC06427.S0,0,0,0,0,0,1,1,20251214,20261212
SC06428.S0,0,0,1,0,0,1,1,20261017,20261028
SC06429.S0,1,1,1,1,1,0,0,20251215,20261211
SC06430.S0,1,1,1,1,1,0,0,20251215,20261211
SC06431.S0,1,1,1,1,1,0,0,20251215,20261211
SC06432.S0,1,1,1,1,1,0,0,20251215,20261211
SC06433.S0,1,1,1,1,1,0,0,20251215,20261211
SC06434.S0,0,0,0,0,0,1,1,20260328,20261025
SC06435.S0,0,0,0,0,0,1,0,20251220,20261212
SC06436.S0,1,1,1,1,1,0,1,20251214,20261211
SC06437.S0,1,1,1,1,1,0,1,20251214,20261211
SC06438.S0,1,1,1,1,0,1,1,20251214,20261212
SC06439.S0,0,0,0,0,1,0,0,20251219,20261211
SC06443.S0,0,0,0,0,0,0,1,20260322,20261101
SC06445.S0,0,0,0,0,0,1,1,20260321,20261101
SC06446.S0,1,1,1,1,1,1,0,20251215,20261212
SC00239.S0,1,1,1,1,1,1,0,20261003,20261127
SC06448.S0,0,0,0,0,0,0,1,20251214,20261206
SC06449.S0,1,1,1,1,1,0,0,20251215,20261211
SC06450.S0,0,0,0,0,0,1,1,20251214,20261212
SC06451.S0,0,0,0,0,0,1,1,20260321,20261101
SC06452.S0,0,0,0,0,0,1,1,20260321,20261101
SC06453.S0,1,0,0,0,0,0,0,20260926,20261011
SC00237.S0,0,0,1,0,0,1,1,20261017,20261101
SC06454.S0,1,1,1,1,1,0,0,20251215,20261211
SC06455.S0,1,1,1,1,1,0,0,20260309,20261211
SC06457.S0,1,1,1,1,1,0,0,20260309,20261211
SC06458.S0,1,1,1,1,1,0,0,20251215,20261211
SC06460.S0,1,1,1,1,1,0,0,20251215,20261211
SC06461.S0,1,1,1,1,1,0,0,20251215,20261211
SC06462.S0,0,1,0,0,0,0,0,20251215,20261211
SC06464.S0,0,0,1,0,0,1,1,20251214,20261212
SC06463.S0,1,1,1,1,1,1,1,20260624,20261212
SC06466.S0,1,1,1,0,0,1,1,20251214,20261212
SC06465.S0,1,1,1,1,1,1,1,20260624,20261212
SC06468.S0,0,0,0,0,0,0,0,20251215,20261211
SC06470.S0,0,0,1,1,1,1,1,20251214,20261212
SC06469.S0,1,1,1,1,1,1,1,20260624,20261212
SC06471.S0,1,1,1,1,1,1,1,20260624,20261212
SC06472.S0,1,1,1,1,1,0,0,20260625,20261211
SC06474.S0,1,1,1,1,1,0,0,20260625,20261211
SC06476.S0,0,0,0,0,0,0,0,20251215,20261212
SC06475.S0,1,1,1,1,1,1,0,20260625,20261212
SC06479.S0,0,0,0,0,0,0,0,20251214,20261212
SC06480.S0,0,0,0,0,0,0,0,20251215,20261211
SC06481.S0,0,1,0,0,0,0,0,20251215,20261211
SC06483.S0,0,0,0,0,0,0,0,20251214,20261212
SC06482.S0,0,0,0,0,0,1,1,20260624,20261212
SC06485.S0,1,1,0,0,0,0,0,20251215,20261211
SC06486.S0,1,1,0,0,0,0,1,20251214,20261212
SC06487.S0,1,1,1,1,1,0,0,20251215,20261211
SC06488.S0,1,1,1,1,1,1,0,20251215,20261212
SC06489.S0,0,0,0,0,1,0,0,20251219,20261211
SC06491.S0,1,1,1,1,0,0,0,20251215,20261210
SC06493.S0,0,0,0,0,0,0,1,20251214,20261206
SC06494.S0,1,1,1,1,1,1,0,20251215,20261212
SC06495.S0,0,0,0,0,1,0,0,20251219,20261211
SC06496.S0,1,1,1,1,0,0,0,20251215,20261210
SC06497.S0,1,1,1,1,1,0,1,20251214,20261211
SC06498.S0,0,0,0,0,0,0,1,20251214,20261206
SC06499.S0,0,0,0,0,0,1,0,20251220,20261212
SC06500.S0,0,0,0,0,0,0,0,20251214,20261212
SC06501.S0,0,0,0,0,0,0,0,20251214,20261212
SC06503.S0,1,1,1,1,1,1,1,20260601,20261212
SC00427.S0,1,1,1,1,1,0,0,20261019,20261030
SC06504.S0,0,0,0,0,0,0,0,20251214,20261212
SC06505.S0,1,1,1,1,1,0,0,20251215,20261211
SC06507.S0,1,1,1,1,1,1,1,20251214,20261212
SC06509.S0,1,1,1,1,1,1,1,20251214,20261212
SC06511.S0,1,1,1,1,1,1,1,20251214,20261212
SC06513.S0,1,1,1,1,1,1,1,20251214,20261212
SC06515.S0,1,1,1,1,1,1,1,20251214,20261212
SC06516.S0,1,1,1,1,1,1,1,20251214,20261212
SC06517.S0,0,0,0,0,0,0,0,20251214,20261212
SC00229.S0,0,0,0,0,0,1,1,20260403,20261101
SC06518.S0,1,1,1,1,1,1,1,20251214,20261212
SC06519.S0,1,1,1,1,1,0,0,20251215,20261211
SC06520.S0,1,1,1,1,1,1,1,20251214,20261212
SC06521.S0,0,0,0,0,0,1,1,20251214,20261212
SC06522.S0,1,1,1,1,1,0,0,20251215,20261211
SC06524.S0,1,1,1,1,1,1,1,20251214,20261212
SC06525.S0,1,1,1,1,1,1,1,20251214,20261212
SC06526.S0,1,1,1,1,1,1,1,20251214,20261212
SC06527.S0,1,1,1,1,1,1,1,20251214,20261212
SC06528.S0,1,1,1,1,1,1,1,20251214,20261212
SC06529.S0,1,1,1,1,1,0,0,20251215,20261211
SC06530.S0,1,1,1,1,1,1,1,20251214,20261212
SC06531.S0,1,1,1,1,1,1,1,20251214,20261212
SC06532.S0,1,1,1,1,1,1,1,20251214,20261212
SC06533.S0,1,1,1,1,1,0,0,20251215,20261211
SC06535.S0,0,0,0,0,0,1,1,20251214,20261212
SC06537.S0,1,1,1,1,1,0,0,20251215,20261211
SC06538.S0,1,1,1,1,1,0,0,20251215,20261211
SC06539.S0,1,1,1,1,1,1,1,20261020,20261021
SC06540.S0,1,1,1,1,1,0,0,20251215,20261211
SC06541.S0,0,0,0,0,0,1,1,20251214,20261212
SC06542.S0,1,1,1,1,1,0,0,20251215,20261211
SC06544.S0,1,1,1,1,1,1,1,20251214,20261212
SC06547.S0,0,0,0,0,0,1,1,20251214,20261212
SC06548.S0,1,1,1,1,1,0,0,20251215,20261211
SC06549.S0,1,1,1,1,1,0,0,20251215,20261211
SC06550.S0,1,1,1,1,1,0,0,20251215,20261211
SC06551.S0,1,1,1,1,1,0,0,20251215,20261211
SC06552.S0,1,1,1,1,1,0,0,20251215,20261211
SC06553.S0,1,1,1,1,1,1,1,20261019,20261020
SC06554.S0,1,1,1,1,1,0,0,20251215,20261211
SC06555.S0,1,1,1,1,1,0,0,20251215,20261211
SC06557.S0,1,1,1,1,1,0,0,20251215,20261211
SC06558.S0,1,1,1,1,1,0,0,20251215,20261211
SC06559.S0,1,1,1,1,1,0,0,20251215,20261211
SC06560.S0,0,0,0,0,0,1,1,20251214,20261212
SC06561.S0,1,1,1,1,1,0,0,20251215,20261211
SC06562.S0,1,1,1,1,1,1,1,20251214,20261212
SC06565.S0,0,0,0,0,0,1,1,20251214,20261212
SC06566.S0,1,1,1,1,1,0,0,20251215,20261211
SC06567.S0,1,1,1,1,1,0,0,20260930,20261104
SC06568.S0,1,1,1,1,1,0,0,20251215,20261211
SC06569.S0,1,1,1,1,1,0,0,20251215,20261211
SC06570.S0,1,1,1,1,1,0,0,20260930,20261103
SC06571.S0,1,1,1,1,1,0,0,20251215,20261211
SC06572.S0,0,0,0,0,0,1,0,20251220,20261212
SC06573.S0,0,0,0,0,0,1,0,20261003,20261031
SC06574.S0,0,0,0,0,0,0,1,20251214,20261206
SC06575.S0,1,1,1,1,1,0,0,20251215,20261211
SC06576.S0,1,1,1,1,1,0,0,20260929,20261103
SC06577.S0,0,0,0,0,0,0,1,20251214,20261206
SC06578.S0,0,0,0,0,0,0,1,20261004,20261101
SC06579.S0,1,1,1,1,1,0,0,20251215,20261211
SC06581.S0,0,0,0,0,0,1,1,20251214,20261212
SC06582.S0,1,1,1,1,1,1,1,20251214,20261212
SC06584.S0,1,1,1,1,1,1,1,20251214,20261212
SC06585.S0,1,1,1,1,1,0,0,20251215,20261211
SC06587.S0,1,1,1,1,1,1,1,20251214,20261212
SC06589.S0,1,1,1,1,1,1,1,20251214,20261212
SC06590.S0,1,1,1,1,1,1,1,20251214,20261212
SC06591.S0,0,0,0,0,0,1,0,20251220,20261212
SC00450.S0,0,0,0,0,0,1,0,20261003,20261031
SC06592.S0,1,1,1,1,1,0,0,20251215,20261211
SC06593.S0,1,1,1,1,1,0,0,20251215,20261211
SC06594.S0,0,0,0,0,0,1,1,20251214,20261212
SC06595.S0,1,1,1,1,1,1,1,20251214,20261212
SC06596.S0,1,1,1,1,1,1,1,20260929,20261104
SC06597.S0,1,1,1,1,1,0,0,20260929,20261104
SC06598.S0,1,1,1,1,1,0,0,20251215,20261211
SC06599.S0,1,1,1,1,0,0,0,20251215,20261210
SC06600.S0,0,0,0,0,0,0,0,20261104,20261104
SC06601.S0,1,1,1,1,0,0,0,20260929,20261103
SC06602.S0,0,0,0,0,1,0,0,20251219,20261211
SC06603.S0,0,0,0,0,1,0,0,20261002,20261030
SC06604.S0,1,1,1,1,0,0,0,20251215,20261210
SC06605.S0,1,1,1,1,0,0,0,20251215,20261210
SC06606.S0,0,0,0,0,0,1,1,20251214,20261212
SC06607.S0,1,1,1,1,1,0,0,20251215,20261211
SC06608.S0,0,0,0,0,1,0,0,20251219,20261211
SC06609.S0,1,1,1,1,1,0,0,20251215,20261211
SC06610.S0,0,0,0,0,0,0,1,20251214,20261206
SC06611.S0,0,0,0,0,0,1,0,20251220,20261212
SC06612.S0,0,0,0,0,0,1,0,20251220,20261212
SC06613.S0,0,0,0,0,1,0,1,20251214,20261211
SC06614.S0,0,0,0,0,1,0,1,20261002,20261101
SC06615.S0,1,1,1,1,1,1,0,20251215,20261212
SC06617.S0,1,1,1,1,1,1,0,20261002,20261010
SC06618.S0,1,1,1,1,1,1,0,20261012,20261030
SC06619.S0,0,0,0,0,0,0,1,20251214,20261206
SC06620.S0,0,0,0,0,0,0,1,20261004,20261011
SC06621.S0,0,0,0,0,0,0,1,20261018,20261025
SC06622.S0,1,1,1,1,1,0,0,20251215,20261211
SC06624.S0,1,1,1,1,1,0,0,20261012,20261030
SC06625.S0,1,1,1,1,1,1,1,20251214,20261212
SC06626.S0,1,1,1,1,1,1,1,20261001,20261011
SC06627.S0,1,1,1,1,1,1,1,20261012,20261030
SC06628.S0,1,1,1,1,1,1,1,20251214,20261212
SC06629.S0,1,1,1,1,1,1,1,20261002,20261011
SC06630.S0,1,1,1,1,1,1,1,20251214,20261212
SC06631.S0,1,1,1,1,1,1,1,20251214,20261212
SC06632.S0,0,0,0,0,0,1,1,20251214,20261212
SC06633.S0,1,1,1,1,1,0,0,20251215,20261211
SC06634.S0,1,1,1,1,1,0,0,20261012,20261029
SC06635.S0,1,1,1,1,1,1,1,20251214,20261212
SC06637.S0,1,1,1,1,1,0,0,20251215,20261211
SC06638.S0,1,1,1,1,1,1,0,20251215,20261212
SC06639.S0,1,1,1,1,1,0,0,20251215,20261211
SC06640.S0,1,1,1,1,1,0,0,20251215,20261211
SC06641.S0,0,0,0,0,0,1,0,20260328,20261024
SC06642.S0,0,0,0,0,0,1,1,20251214,20261212
SC06643.S0,1,1,1,1,1,1,1,20251214,20261211
SC06644.S0,1,1,1,1,1,1,1,20251214,20261211
SC06645.S0,1,1,1,1,1,1,1,20251215,20261211
SC06646.S0,1,1,1,1,1,1,1,20251215,20261211
SC06647.S0,1,1,1,1,1,0,0,20251215,20261211
SC06648.S0,1,1,1,1,1,1,1,20251214,20261212
SC06649.S0,1,1,1,1,1,1,0,20251215,20261212
SC06650.S0,1,1,1,1,1,1,1,20251214,20261212
SC06651.S0,1,1,1,1,1,0,0,20251215,20261211
SC06652.S0,1,1,1,1,1,1,1,20251214,20261212
SC06653.S0,1,1,1,1,1,0,0,20251215,20261211
SC06655.S0,1,1,1,1,1,0,0,20251215,20261211
SC06656.S0,1,1,1,1,1,0,0,20251215,20261211
SC06657.S0,1,1,1,1,1,0,0,20251215,20261211
SC06658.S0,1,1,1,1,1,0,0,20251215,20261211
SC06659.S0,0,0,0,0,0,1,0,20251220,20261212
SC06660.S0,0,0,0,0,0,0,0,20251215,20261211
SC06665.S0,1,1,1,1,1,0,0,20251215,20261211
SC06666.S0,1,1,1,1,1,0,0,20251215,20261211
SC06667.S0,1,1,1,1,1,0,0,20251215,20261211
SC06668.S0,0,0,0,0,1,0,0,20260907,20261016
SC06669.S0,0,0,0,0,0,1,0,20251220,20261212
SC06670.S0,0,0,0,0,1,0,0,20251219,20261211
SC06671.S0,1,1,1,1,1,1,1,20251214,20261212
SC06672.S0,1,1,1,1,1,0,0,20251215,20261211
SC06673.S0,0,0,0,0,0,1,1,20251214,20261212
SC06675.S0,1,1,1,1,1,0,0,20251215,20261211
SC06676.S0,1,1,1,1,1,1,1,20251214,20261212
SC06677.S0,1,1,1,1,1,0,0,20251214,20261212
SC06679.S0,0,0,0,0,0,1,1,20260321,20261101
SC06680.S0,1,1,1,1,1,0,0,20251215,20261211
SC06681.S0,1,1,1,1,1,0,0,20251215,20261211
SC06682.S0,1,1,1,1,1,0,0,20251215,20261211
SC06683.S0,0,0,0,0,0,0,0,20260921,20261016
SC06684.S0,1,1,1,1,1,0,0,20260925,20261016
SC06685.S0,1,1,1,1,1,0,0,20251215,20261211
SC06686.S0,1,1,1,1,1,0,0,20251215,20261211
SC06687.S0,1,1,1,1,1,1,1,20251214,20261212
SC06688.S0,1,1,1,1,1,1,1,20251214,20261212
SC06689.S0,1,1,1,1,1,0,0,20251215,20261211
SC06690.S0,1,1,1,1,1,1,0,20251215,20261212
SC06691.S0,1,1,1,1,1,0,0,20251215,20261211
SC06692.S0,1,1,1,1,1,1,1,20260328,20261025
SC06693.S0,1,1,1,1,1,0,0,20251215,20261211
SC06694.S0,1,1,1,1,1,1,1,20260328,20261025
SC06696.S0,1,1,1,1,1,1,1,20251214,20261212
SC06697.S0,0,0,0,0,0,0,0,20251214,20261212
SC06698.S0,0,0,0,0,0,0,0,20260614,20261212
SC06699.S0,1,1,1,1,1,1,1,20260808,20261212
SC06701.S0,1,1,1,1,1,0,0,20251215,20261211
SC06705.S0,1,1,1,1,1,1,1,20260328,20261025
SC06706.S0,1,1,1,1,1,0,0,20260615,20261211
SC06707.S0,0,0,0,0,0,1,1,20251214,20261212
SC06708.S0,0,0,0,0,0,1,1,20260614,20261212
SC06709.S0,0,0,0,0,0,0,0,20251214,20261212
SC06710.S0,1,1,1,1,1,0,0,20251215,20261211
SC06713.S0,0,0,0,0,0,1,1,20251214,20261212
SC06715.S0,1,1,1,1,1,0,0,20251215,20261211
SC06716.S0,0,0,0,0,0,0,0,20251214,20261212
SC06717.S0,1,1,1,1,1,1,1,20260216,20261212
SC06720.S0,0,0,0,0,0,1,1,20251214,20261212
SC06722.S0,0,0,0,0,0,0,0,20251214,20261212
SC06723.S0,0,0,0,1,0,0,0,20251215,20261211
SC06725.S0,1,1,1,1,1,0,0,20251215,20261211
SC06727.S0,0,0,0,0,0,1,1,20251214,20261212
SC06728.S0,1,1,1,1,1,1,1,20251214,20261212
SC06729.S0,1,1,1,1,1,1,1,20251214,20261212
SC06730.S0,1,1,1,1,1,1,1,20251214,20261212
SC06731.S0,1,1,1,1,1,1,1,20251214,20261212
SC06733.S0,1,1,1,1,1,1,1,20251214,20261212
SC06734.S0,0,0,0,0,0,1,1,20251214,20261212
SC06736.S0,1,1,1,1,1,1,1,20251214,20261212
SC06737.S0,1,1,1,1,1,0,0,20251215,20261211
SC06738.S0,0,0,0,0,1,0,0,20251219,20261211
SC06741.S0,1,1,1,1,1,1,1,20251214,20261212
SC06742.S0,0,0,0,0,1,1,1,20251214,20261212
SC06745.S0,1,1,1,1,1,0,0,20251215,20261211
SC06746.S0,0,0,0,0,0,1,1,20251214,20261212
SC06747.S0,1,1,1,1,1,0,0,20251215,20261211
SC06748.S0,1,1,1,1,1,1,1,20251214,20261212
SC06749.S0,1,1,1,1,1,0,0,20251215,20261211
SC06751.S0,1,1,1,1,1,0,0,20251215,20261211
SC06752.S0,1,1,1,1,1,0,0,20251215,20261211
SC06753.S0,1,1,1,1,1,0,0,20251215,20261211
SC06754.S0,1,1,1,1,1,0,0,20251215,20261211
SC06755.S0,1,1,1,1,1,0,0,20251215,20261211
SC06756.S0,0,0,0,0,0,1,0,20251220,20261212
SC06758.S0,1,1,1,1,1,0,0,20251215,20261211
SC06759.S0,1,1,1,1,1,0,0,20251215,20261211
SC06760.S0,1,1,1,1,1,1,1,20251214,20261212
SC06761.S0,1,1,1,1,1,1,1,20251214,20261212
SC06764.S0,1,1,1,1,1,1,1,20251214,20261212
SC06767.S0,0,0,0,0,0,0,0,20251215,20261211
SC06768.S0,0,0,0,0,0,0,0,20251217,20261211
SC06769.S0,1,1,1,1,1,0,0,20251215,20261211
SC06771.S0,1,1,1,1,1,0,0,20251215,20261211
SC06772.S0,0,0,0,0,0,1,1,20251214,20261212
SC06773.S0,1,1,1,1,1,0,0,20251215,20261211
SC06774.S0,0,0,0,0,0,0,0,20251214,20261212
SC06775.S0,1,1,1,1,1,0,0,20251215,20261211
SC06776.S0,1,1,1,1,1,1,1,20251214,20261212
SC06777.S0,1,1,1,1,1,1,1,20251214,20261212
SC06778.S0,0,0,0,0,0,1,1,20251214,20261212
SC06779.S0,1,1,1,1,1,0,0,20251215,20261211
SC06780.S0,1,1,1,1,1,1,1,20251214,20261212
SC06781.S0,1,1,1,1,1,0,0,20251214,20261212
SC06782.S0,1,1,1,1,1,1,1,20251214,20261212
SC06783.S0,0,0,0,0,0,0,0,20251214,20261212
SC06784.S0,1,1,1,1,1,1,1,20251214,20261212
SC06785.S0,0,0,0,0,0,1,1,20251214,20261212
SC06786.S0,1,1,1,1,1,1,1,20251214,20261212
SC06787.S0,1,1,1,1,1,1,1,20251214,20261212
SC06788.S0,1,1,1,1,1,1,1,20251214,20261212
SC06789.S0,1,1,1,1,1,0,0,20251215,20261211
SC06790.S0,1,1,1,1,1,1,1,20251214,20261212
SC06791.S0,1,1,1,1,1,1,1,20251214,20261212
SC06793.S0,1,1,1,1,1,0,0,20251215,20261211
SC06795.S0,1,1,1,1,1,1,1,20251214,20261212
SC06796.S0,1,1,1,1,1,1,1,20251214,20261212
SC06797.S0,1,1,1,1,1,1,1,20251214,20261212
SC06798.S0,1,1,1,1,1,1,1,20251214,20261212
SC06799.S0,1,1,1,1,1,1,1,20251214,20261212
SC06800.S0,1,1,1,1,1,1,1,20251214,20261212
SC06801.S0,1,1,1,1,1,0,0,20251215,20261211
SC06802.S0,1,1,1,1,1,1,1,20251214,20261212
SC06804.S0,1,1,1,1,1,1,1,20251214,20261212
SC06805.S0,1,1,1,1,1,0,0,20251215,20261211
SC06806.S0,1,1,1,1,1,1,1,20251214,20261212
SC06807.S0,1,1,1,1,1,0,0,20251215,20261211
SC06808.S0,1,1,1,1,1,1,1,20251214,20261212
SC06810.S0,1,1,1,1,1,0,0,20251215,20261211
SC06811.S0,0,0,0,0,0,1,1,20251214,20261212
SC06812.S0,1,1,1,1,1,0,0,20251215,20261211
SC06813.S0,1,1,1,1,1,0,0,20251215,20261211
SC06814.S0,1,1,1,1,1,0,0,20251215,20261211
SC06815.S0,1,1,1,1,1,0,0,20251215,20261211
SC06816.S0,1,1,1,1,1,0,0,20251215,20261211
SC06817.S0,0,0,0,0,0,1,1,20251214,20261212
SC06818.S0,1,1,1,1,1,1,1,20251214,20261212
SC06819.S0,1,1,1,1,1,1,1,20251214,20261212
SC06820.S0,1,1,1,1,1,1,1,20251214,20261212
SC06821.S0,1,1,1,1,1,1,1,20251214,20261212
SC06822.S0,1,1,1,1,1,0,0,20251215,20261211
SC06823.S0,1,1,1,1,1,0,0,20251215,20261211
SC06824.S0,1,1,1,1,1,0,0,20251215,20261211
SC06825.S0,1,1,1,1,1,1,1,20251214,20261212
SC06826.S0,1,1,1,1,1,1,1,20251214,20261212
SC06827.S0,1,1,1,1,1,1,1,20251214,20261212
SC06828.S0,1,1,1,1,1,1,1,20251214,20261212
SC06829.S0,1,1,1,1,1,1,1,20251214,20261212
SC06831.S0,1,1,1,1,1,1,1,20251214,20261212
SC06832.S0,1,1,1,1,1,0,0,20260701,20261211
SC06833.S0,0,0,0,0,0,1,1,20260704,20261212
SC06835.S0,0,0,0,0,0,1,1,20251214,20261212
SC06836.S0,1,1,1,1,1,1,1,20251214,20261212
SC06838.S0,0,0,0,0,0,1,1,20251214,20261212
SC06839.S0,1,1,1,1,1,1,1,20251214,20261212
SC06840.S0,1,1,1,1,1,0,0,20251215,20261211
SC06841.S0,1,1,1,1,1,0,0,20251215,20261211
SC06843.S0,0,0,0,0,0,1,1,20251214,20261212
SC06844.S0,1,1,1,1,1,1,1,20251214,20261212
SC06845.S0,1,1,1,1,1,0,0,20251215,20261211
SC06850.S0,1,1,1,1,1,1,1,20251214,20261212
SC06855.S0,1,1,1,1,1,0,0,20251215,20261211
SC06859.S0,1,1,1,1,1,1,1,20251214,20261212
SC06864.S0,1,1,1,1,1,1,1,20251214,20261212
SC06867.S0,1,1,1,1,1,0,0,20251215,20261211
SC06868.S0,1,1,1,1,1,1,1,20251214,20261212
SC06869.S0,1,1,1,1,1,1,1,20251214,20261212
SC06871.S0,1,1,1,1,1,0,0,20251215,20261211
SC06872.S0,1,1,1,1,1,1,1,20251214,20261212
SC06876.S0,1,1,1,1,1,0,0,20251215,20261211
SC06880.S0,1,1,1,1,1,1,1,20251214,20261212
SC06881.S0,1,1,1,1,1,0,0,20251215,20261211
SC06882.S0,0,0,0,0,0,0,0,20251214,20261212
SC06884.S0,1,1,1,1,1,1,1,20260703,20261212
SC06885.S0,0,0,0,0,0,0,0,20251215,20261211
SC06887.S0,1,1,1,1,1,0,0,20260703,20261211
SC06888.S0,1,1,1,1,1,0,0,20251214,20261212
SC06890.S0,0,0,0,0,0,1,1,20260704,20261212
SC06891.S0,1,1,1,1,1,0,0,20251215,20261211
SC06892.S0,1,1,1,1,1,1,1,20251214,20261212
SC06893.S0,1,1,1,1,1,0,0,20251215,20261211
SC06894.S0,1,1,1,1,1,1,1,20251214,20261212
SC06895.S0,1,1,1,1,1,0,0,20251215,20261211
SC06896.S0,1,1,1,1,1,1,1,20251214,20261212
SC06897.S0,1,1,1,1,1,0,0,20251215,20261211
SC06898.S0,1,1,1,1,1,1,1,20251214,20261212
SC06899.S0,1,1,1,1,1,0,0,20251215,20261211
SC06901.S0,1,1,1,1,1,0,0,20251215,20261211
SC06902.S0,0,0,0,0,0,0,0,20251215,20261211
SC06914.S0,0,0,0,0,0,1,1,20251214,20261212
SC06915.S0,0,0,0,0,0,0,0,20251215,20261211
SC06927.S0,1,1,1,1,1,0,0,20251215,20261211
SC06928.S0,1,1,1,1,1,0,0,20251215,20261211
SC06929.S0,0,0,0,0,0,0,0,20251215,20261211
SC06930.S0,1,1,1,1,1,0,0,20251222,20261211
SC06931.S0,1,1,1,1,1,0,0,20251215,20261211
SC06932.S0,1,1,1,1,1,0,0,20251215,20261211
SC06933.S0,1,1,1,1,1,1,1,20251214,20261212
SC06934.S0,0,0,0,0,0,0,1,20260705,20261206
SC06935.S0,0,0,0,0,0,0,1,20260706,20261206
SC06936.S0,0,0,0,0,0,0,1,20260705,20261206
SC06937.S0,0,0,0,0,0,1,1,20251214,20261212
SC06938.S0,1,0,0,1,1,0,0,20260701,20261211
SC06941.S0,1,1,1,1,1,0,0,20260701,20261211
SC00477.S0,0,0,0,0,0,1,1,20260704,20261212
SC06942.S0,1,1,1,1,1,1,1,20260701,20261212
SC06943.S0,1,1,1,1,1,1,1,20260701,20261212
SC06945.S0,0,0,0,0,0,0,0,20260701,20261212
SC06950.S0,0,0,0,0,0,1,1,20260704,20261212
SC06952.S0,0,0,0,0,0,0,0,20260701,20261212
SC06955.S0,0,0,0,0,0,0,0,20260704,20261212
SC06958.S0,1,1,1,1,1,0,0,20251215,20261211
SC06959.S0,1,1,1,1,1,0,0,20261001,20261013
SC06960.S0,0,0,0,0,0,1,1,20251214,20261212
SC06961.S0,1,1,1,1,1,1,1,20251214,20261212
SC06962.S0,1,1,1,1,1,1,1,20261001,20261013
SC06963.S0,0,0,0,0,0,1,1,20260321,20261101
SC06964.S0,1,1,1,1,1,0,0,20251214,20261212
SC06965.S0,1,1,1,1,1,0,0,20251215,20261211
SC06966.S0,1,1,1,1,1,1,1,20251214,20261212
SC06967.S0,1,1,1,1,1,1,1,20251214,20261212
SC06969.S0,1,1,1,1,1,0,0,20251215,20261211
SC06971.S0,0,0,0,0,0,1,1,20251214,20261212
SC06972.S0,1,1,1,1,1,0,0,20251215,20261211
SC06973.S0,1,1,1,1,1,1,1,20251214,20261212
SC06974.S0,1,1,1,1,1,1,1,20251214,20261212
SC06975.S0,0,0,0,0,0,1,1,20251214,20261212
SC06976.S0,1,1,1,1,1,1,1,20251214,20261212
SC06977.S0,0,0,0,0,0,1,1,20251214,20261212
SC06978.S0,1,1,1,1,1,0,0,20251215,20261211
SC06979.S0,1,1,1,1,1,1,1,20251214,20261212
SC06980.S0,1,1,1,1,1,0,0,20251215,20261211
SC06981.S0,1,1,1,1,1,1,1,20251214,20261212
SC06982.S0,1,1,1,1,1,1,1,20251214,20261212
SC06983.S0,0,0,0,0,0,1,1,20251214,20261212
SC06984.S0,0,0,0,0,0,0,0,20251215,20261211
SC06985.S0,1,1,1,1,1,0,0,20251215,20261211
SC06986.S0,0,0,0,0,0,0,0,20251214,20261212
SC06987.S0,1,1,1,1,1,0,0,20251215,20261211
SC06988.S0,1,1,1,1,1,0,0,20251215,20261211
SC06989.S0,0,0,0,0,0,0,0,20251214,20261212
SC06990.S0,1,1,1,1,1,0,1,20260410,20261212
SC06991.S0,1,1,1,1,1,0,0,20251215,20261211
SC06992.S0,1,1,1,1,1,0,0,20251215,20261211
SC06993.S0,1,1,1,1,1,0,0,20251215,20261211
SC06994.S0,1,1,1,1,1,0,0,20251215,20261211
SC06995.S0,0,0,0,0,0,0,0,20251214,20261212
SC06996.S0,0,0,0,0,0,1,1,20260411,20261212
SC06997.S0,0,0,0,0,0,1,1,20251214,20261212
SC06998.S0,1,1,1,1,1,0,0,20251215,20261211
SC06999.S0,1,1,1,1,1,0,0,20251215,20261211
SC07000.S0,0,0,0,0,0,0,0,20251215,20261210
SC07001.S0,1,1,1,1,0,0,0,20260413,20261210
SC07002.S0,0,0,0,0,1,1,1,20251214,20261212
SC07003.S0,0,0,0,0,0,0,0,20251214,20261212
SC07004.S0,0,0,0,0,0,0,0,20251214,20261212
SC07005.S0,0,0,0,0,0,0,0,20260322,20261025
SC07006.S0,0,0,0,0,0,0,1,20260412,20261025
SC07007.S0,1,0,0,0,0,0,1,20260927,20261011
SC07008.S0,0,0,0,0,0,0,0,20260321,20261024
SC07009.S0,0,0,0,0,0,1,0,20260411,20261024
SC07010.S0,0,0,0,0,0,1,1,20251214,20261212
SC07011.S0,0,0,0,0,0,0,0,20251214,20261212
SC07012.S0,0,0,0,0,0,0,0,20251214,20261212
SC07013.S0,0,0,0,0,0,0,1,20260412,20261212
SC07014.S0,1,1,1,1,1,0,0,20251215,20261211
SC07015.S0,0,0,0,0,0,0,0,20260321,20261031
SC07016.S0,0,0,0,0,0,1,0,20260411,20261031
SC07017.S0,0,0,0,0,0,1,1,20260926,20261010
SC07018.S0,0,0,0,0,0,0,0,20260322,20261101
SC07019.S0,0,0,0,0,0,0,1,20260412,20261101
SC07020.S0,0,0,0,0,0,0,0,20260321,20261101
SC07021.S0,0,0,0,0,0,1,1,20260411,20261101
SC07022.S0,0,0,0,0,0,0,0,20251214,20261206
SC00445.S0,0,0,0,0,0,0,1,20261108,20261206
SC07023.S0,0,0,0,0,0,1,1,20251220,20261212
SC07024.S0,1,1,1,1,1,0,0,20251215,20261211
SC07025.S0,1,1,1,1,1,0,0,20251215,20261211
SC07026.S0,1,1,1,1,1,1,1,20251214,20261212
SC00452.S0,1,1,1,1,1,1,1,20261003,20261122
SC00459.S0,0,0,0,0,0,1,1,20251214,20261212
SC07027.S0,1,1,1,1,1,0,1,20251214,20261211
SC07028.S0,1,1,1,1,1,0,0,20251215,20261211
SC07029.S0,1,1,1,1,1,0,0,20251215,20261211
SC00449.S0,1,1,1,1,1,0,0,20261008,20261120
SC07030.S0,1,1,1,1,1,0,0,20251215,20261211
SC07031.S0,0,0,0,0,0,1,0,20251220,20261212
SC07032.S0,0,0,0,0,0,1,1,20251214,20261212
SC07033.S0,1,1,1,1,1,0,0,20251215,20261211
SC07034.S0,0,0,0,0,0,1,0,20260321,20261031
SC07035.S0,1,1,1,1,1,0,1,20251214,20261212
SC00451.S0,1,1,1,1,1,0,1,20261004,20261122
SC07036.S0,1,1,1,1,1,0,0,20251215,20261211
SC07037.S0,1,1,1,1,1,0,0,20251215,20261211
SC07039.S0,1,1,1,1,1,0,0,20251215,20261211
SC07040.S0,1,1,1,1,1,1,1,20251214,20261212
SC07041.S0,0,0,0,0,0,1,1,20251214,20261212
SC07042.S0,0,0,0,0,0,1,0,20251220,20261212
SC07043.S0,1,1,1,1,1,0,1,20251214,20261211
SC00456.S0,1,1,1,1,1,0,1,20261004,20261122
SC07044.S0,0,0,0,0,0,1,0,20251220,20261212
SC07045.S0,1,1,1,1,1,0,0,20251215,20261211
SC07046.S0,1,1,1,1,1,0,0,20251215,20261211
SC07047.S0,1,1,1,1,1,0,0,20251215,20261211
SC07048.S0,1,1,1,1,1,0,0,20251215,20261211
SC07049.S0,1,1,1,1,1,1,1,20251214,20261212
SC07050.S0,0,0,0,0,0,0,1,20251214,20261206
SC07053.S0,1,1,1,1,1,0,0,20251215,20261211
SC07054.S0,1,1,1,1,1,0,0,20251215,20261211
SC07055.S0,1,1,1,1,1,1,1,20251214,20261212
SC07056.S0,1,1,1,1,1,1,1,20251214,20261212
SC07058.S0,1,1,1,1,1,0,0,20251215,20261211
SC07059.S0,1,1,1,1,1,1,1,20251214,20261212
SC00183.S0,0,0,0,0,0,0,1,20251214,20261206
SC07060.S0,0,0,0,0,0,1,1,20251214,20261212
SC07061.S0,1,1,1,1,1,0,0,20251215,20261211
SC00457.S0,0,0,0,0,0,1,0,20251220,20261212
SC00458.S0,0,0,0,0,0,1,0,20251220,20261212
SC07062.S0,1,1,1,1,1,1,0,20251215,20261212
SC07064.S0,0,0,0,0,0,0,1,20251214,20261206
SC07065.S0,1,1,1,1,1,0,0,20251215,20261211
SC07066.S0,1,1,1,1,1,0,1,20251214,20261211
SC07067.S0,1,1,1,1,1,0,1,20251214,20261211
SC07068.S0,1,1,1,1,1,0,1,20251214,20261211
SC07069.S0,1,1,1,1,1,1,1,20251214,20261212
SC07070.S0,0,0,0,0,0,1,0,20251220,20261212
SC07071.S0,1,1,1,1,1,1,1,20251214,20261212
SC07074.S0,0,0,0,0,0,0,0,20251214,20261212
SC07073.S0,1,1,1,1,1,1,1,20260624,20261212
SC07075.S0,1,1,1,1,1,1,1,20260624,20261212
SC07077.S0,0,0,0,0,0,0,0,20260501,20261011
SC07076.S0,1,1,1,1,1,1,1,20260501,20261011
SC07079.S0,0,0,0,0,0,0,0,20251215,20261211
SC07078.S0,0,0,0,0,0,0,0,20260625,20261211
SC07080.S0,1,1,1,1,1,1,1,20260501,20261011
SC07083.S0,0,0,0,0,0,0,0,20251214,20261212
SC07082.S0,0,0,0,0,0,0,0,20260624,20261212
SC07085.S0,0,0,0,0,0,0,0,20251215,20261211
SC07084.S0,1,1,1,1,1,1,1,20260625,20261211
SC07087.S0,0,0,0,0,0,0,0,20251214,20261212
SC07086.S0,0,0,0,0,0,0,0,20260624,20261212
SC07089.S0,1,1,1,1,1,1,1,20260624,20261212
SC07091.S0,1,1,1,1,1,1,1,20260624,20261212
SC07094.S0,0,0,0,0,0,0,0,20251214,20261212
SC07096.S0,0,0,0,0,0,0,0,20251214,20261212
SC07097.S0,0,0,0,0,0,0,0,20251214,20261212
SC07099.S0,1,1,1,1,1,1,1,20251214,20261212
SC07100.S0,1,1,1,1,1,1,1,20251214,20261212
SC07072.S0,1,1,1,1,1,1,1,20251214,20261212
SC07101.S0,1,1,1,1,1,1,1,20251214,20261212
SC07088.S0,1,1,1,1,1,1,1,20251214,20261212
SC07102.S0,1,1,1,1,1,0,0,20251215,20261211
SC07105.S0,0,0,0,0,0,1,0,20260501,20261010
SC07107.S0,1,1,1,1,1,0,0,20251215,20261211
SC07108.S0,0,0,0,0,0,1,1,20251214,20261212
SC07109.S0,1,1,1,1,1,0,0,20251215,20261211
SC07110.S0,0,0,0,0,0,1,1,20251214,20261212
SC07090.S0,1,1,1,1,1,1,1,20251214,20261212
SC07095.S0,1,1,1,1,1,1,1,20251214,20261212
SC04279.S0,1,1,1,1,1,1,1,20251214,20261212
SC05530.S0,1,1,1,1,1,0,0,20251215,20261211
SC07113.S0,1,1,1,1,1,0,0,20251215,20261211
SC07093.S0,1,1,1,1,1,1,1,20251214,20261212
SC07115.S0,0,0,0,0,0,1,1,20251214,20261212
SC07116.S0,0,1,1,1,0,0,0,20251215,20261211
SC00446.S0,0,0,0,0,0,0,0,20260103,20261117
SC00447.S0,0,0,0,0,0,1,1,20251214,20261212
SC07119.S0,1,1,1,1,1,0,0,20251215,20261211
SC07121.S0,1,1,1,1,1,0,0,20251215,20261211
SC07122.S0,0,0,0,0,0,1,1,20251214,20261212
SC07123.S0,0,0,0,0,1,0,0,20251219,20261211
SC07127.S0,0,0,0,0,0,1,0,20251220,20261212
SC07131.S0,1,1,1,1,1,0,0,20251215,20261211
SC00424.S0,1,1,1,1,1,0,0,20260916,20261015
SC07132.S0,1,1,1,1,1,1,1,20251214,20261212
SC00425.S0,1,1,1,1,1,1,1,20260916,20261015
SC07133.S0,0,0,0,0,0,0,0,20251214,20261212
SC07134.S0,0,0,0,0,0,0,0,20260606,20261212
SC07135.S0,1,1,1,1,1,1,1,20260630,20261212
SC07136.S0,1,1,1,1,1,0,0,20251215,20261211
SC07138.S0,0,0,0,0,0,1,1,20260606,20261212
SC00245.S0,0,0,0,0,0,1,1,20260919,20261011
SC07139.S0,1,1,1,1,1,0,0,20251215,20261211
SC00426.S0,1,1,1,1,1,0,0,20261019,20261030
SC07141.S0,0,0,0,0,0,1,1,20261003,20261212
SC07143.S0,1,1,1,1,1,0,0,20251215,20261211
SC07144.S0,0,0,0,0,0,1,1,20251214,20261212
SC07145.S0,1,1,1,1,1,1,1,20251214,20261212
SC07146.S0,0,0,0,0,0,1,1,20251214,20261212
SC07147.S0,1,1,1,1,1,1,1,20251214,20261212
SC07148.S0,0,0,0,0,0,1,1,20251214,20261212
SC07149.S0,1,1,1,1,1,1,1,20251214,20261212
SC07150.S0,1,1,1,1,1,1,1,20251214,20261212
SC00428.S0,1,1,1,1,1,1,1,20260916,20261015
SC07151.S0,1,1,1,1,1,0,0,20251215,20261211
SC07152.S0,1,1,1,1,1,1,1,20251214,20261212
SC07153.S0,0,0,0,0,0,1,1,20251214,20261212
SC07154.S0,1,1,1,1,1,0,0,20251215,20261211
SC07155.S0,1,1,1,1,1,0,0,20251215,20261211
SC00429.S0,0,0,0,0,0,0,0,20251214,20261212
SC07156.S0,0,0,0,0,0,1,1,20260606,20261212
SC07157.S0,1,1,1,1,1,0,0,20251215,20261211
SC07158.S0,1,1,1,1,1,0,0,20251215,20261211
SC07160.S0,1,1,1,1,1,1,1,20251214,20261212
SC07161.S0,0,0,0,0,0,1,1,20251214,20261212
SC07162.S0,1,1,1,1,1,0,0,20251215,20261211
SC00430.S0,0,0,0,0,0,1,1,20251214,20261212
SC00431.S0,0,0,0,0,1,0,0,20251219,20261211
SC07163.S0,1,1,1,1,1,0,0,20251215,20261211
SC07164.S0,0,0,0,0,0,1,1,20251214,20261212
SC07165.S0,1,1,1,1,1,0,0,20251215,20261211
SC07166.S0,0,0,0,0,0,1,1,20251214,20261212
SC07167.S0,0,0,0,0,0,0,0,20251214,20261212
SC07168.S0,1,1,1,1,1,0,0,20260414,20261212
SC07169.S0,0,0,0,0,0,0,0,20251215,20261211
SC07170.S0,0,0,0,0,0,0,0,20251218,20261211
SC07171.S0,1,1,1,1,1,0,0,20251222,20261211
SC07174.S0,0,0,0,0,0,0,1,20251214,20261212
SC00454.S0,0,0,0,0,0,0,1,20261004,20261122
SC07175.S0,1,1,1,1,1,0,0,20251215,20261211
SC07177.S0,1,1,1,1,1,0,0,20251215,20261211
SC07179.S0,1,1,1,1,1,0,0,20251215,20261211
SC07180.S0,0,0,0,0,0,0,0,20251214,20261212
SC07181.S0,1,1,1,1,1,0,0,20251215,20261211
SC07182.S0,1,1,1,1,1,1,1,20251214,20261212
SC07184.S0,1,1,1,1,1,0,0,20251215,20261211
SC07185.S0,1,1,1,1,1,0,0,20251215,20261211
SC07186.S0,1,1,1,1,1,0,0,20251215,20261211
SC07188.S0,1,1,1,1,1,0,0,20251215,20261211
SC07189.S0,1,1,1,1,1,0,0,20251215,20261211
SC07190.S0,1,1,1,1,1,0,0,20251215,20261211
SC07191.S0,1,1,1,1,1,0,0,20251215,20261211
SC07192.S0,1,1,1,1,1,1,1,20251214,20261212
SC07193.S0,1,1,1,1,1,0,0,20251215,20261211
SC07194.S0,1,1,1,1,1,0,0,20251215,20261211
SC07195.S0,1,1,1,1,1,1,1,20251214,20261212
SC07196.S0,1,1,1,1,1,0,0,20251215,20261211
SC07197.S0,0,0,0,0,0,1,1,20251214,20261212
SC07198.S0,0,0,0,0,0,0,0,20251214,20261212
SC07199.S0,0,0,0,0,0,1,0,20251220,20261212
SC07203.S0,0,0,0,0,0,0,1,20251214,20261206
SC07207.S0,0,0,0,0,0,0,0,20251215,20261211
SC07208.S0,0,0,0,0,0,0,0,20251215,20261211
SC07209.S0,0,0,0,0,0,0,0,20251215,20261211
SC07211.S0,0,0,0,0,0,0,0,20251215,20261211
SC07212.S0,0,0,0,0,0,0,0,20251215,20261211
SC07213.S0,0,0,0,0,0,0,0,20251215,20261211
SC07214.S0,0,0,0,0,0,0,0,20251215,20261211
SC07215.S0,1,1,1,1,1,0,0,20251215,20261211
SC07216.S0,1,1,1,0,0,0,0,20251215,20261211
SC07218.S0,1,1,1,1,1,0,0,20260701,20261019
SC07219.S0,1,1,1,1,1,0,0,20251215,20261211
SC07220.S0,0,0,0,0,0,1,1,20251214,20261212
SC07221.S0,0,0,0,0,0,0,0,20251214,20261212
SC07222.S0,0,0,0,0,0,1,1,20260321,20261101
SC07223.S0,1,1,1,1,1,0,0,20251215,20261211
SC07224.S0,1,1,1,1,1,1,1,20251214,20261212
SC07225.S0,1,1,1,1,1,1,1,20251214,20261212
SC07226.S0,0,0,0,0,0,0,0,20251215,20261211
SC07228.S0,0,0,0,0,0,0,0,20251215,20261211
SC07227.S0,1,1,1,1,1,0,0,20260625,20261211
SC07230.S0,1,1,0,0,0,0,0,20251215,20261211
SC07229.S0,1,1,1,1,1,0,0,20260625,20261211
SC07233.S0,1,1,1,1,1,0,0,20260625,20261211
SC07234.S0,1,1,1,1,1,0,0,20261020,20261102
SC07236.S0,1,1,0,0,1,1,1,20251214,20261212
SC07235.S0,1,1,1,1,1,1,1,20260624,20261212
SC07239.S0,1,1,1,1,1,0,0,20260625,20261211
SC07240.S0,1,1,1,1,1,0,0,20261019,20261102
SC07242.S0,0,0,0,0,0,1,1,20251214,20261212
SC07241.S0,0,0,0,0,0,1,1,20260624,20261212
SC00349.S0,0,0,1,0,0,1,1,20261024,20261101
SC07243.S0,0,0,0,0,1,1,1,20251214,20261212
SC07245.S0,1,1,1,1,1,0,0,20260625,20261211
SC07247.S0,0,0,0,0,0,0,0,20251215,20261211
SC07246.S0,1,1,1,1,1,0,0,20260625,20261211
SC07250.S0,0,0,0,0,0,1,1,20251214,20261212
SC07249.S0,0,0,0,0,0,1,1,20260624,20261212
SC07253.S0,0,0,0,0,0,1,1,20251214,20261212
SC07255.S0,0,1,0,0,0,0,0,20251215,20261211
SC07254.S0,0,1,1,1,1,0,0,20260625,20261211
SC07257.S0,1,1,0,0,1,1,1,20251214,20261212
SC07256.S0,1,1,1,1,1,1,1,20260624,20261212
SC07258.S0,1,1,1,1,1,1,1,20260624,20261212
SC07259.S0,1,1,1,1,1,1,1,20261019,20261102
SC07261.S0,1,1,1,0,0,0,0,20251215,20261211
SC07260.S0,1,1,1,1,1,0,0,20260625,20261211
SC07262.S0,1,1,1,1,1,1,1,20251214,20261212
SC07264.S0,1,1,0,0,1,1,1,20251214,20261212
SC07265.S0,0,0,0,0,0,0,0,20251215,20261211
SC07267.S0,1,1,1,1,1,1,1,20260624,20261212
SC07268.S0,1,1,1,1,1,1,1,20251214,20261212
SC07269.S0,1,1,0,1,1,1,1,20251214,20261212
SC07270.S0,1,1,1,1,1,1,1,20260624,20261212
SC07271.S0,1,1,1,1,1,1,1,20261019,20261101
SC07272.S0,1,1,1,1,1,0,0,20251215,20261211
SC07274.S0,0,0,0,0,0,1,0,20251220,20261212
SC07276.S0,1,1,1,1,1,0,0,20251215,20261211
SC07277.S0,1,1,1,1,1,0,1,20251214,20261211
SC07266.S0,1,1,1,1,1,1,1,20251214,20261212
SC07280.S0,0,0,0,0,0,1,1,20251214,20261212
SC07281.S0,0,0,0,0,0,1,1,20251214,20261212
SC07282.S0,0,0,0,0,0,1,1,20251214,20261212
SC07283.S0,0,0,0,0,0,0,0,20251214,20261212
SC07284.S0,0,0,0,0,0,1,1,20260403,20261028
SC07285.S0,0,0,0,0,0,1,1,20260403,20261028
SC07286.S0,0,0,0,0,0,0,1,20251214,20261206
SC07287.S0,1,1,1,1,1,0,0,20251215,20261211
SC07288.S0,1,1,1,1,1,0,0,20251215,20261211
SC07289.S0,1,1,1,1,1,0,0,20251215,20261211
SC07290.S0,0,0,0,0,0,1,1,20251214,20261212
SC07291.S0,0,0,0,0,0,1,1,20251214,20261212
SC07292.S0,0,0,0,0,0,0,0,20251214,20261212
SC07296.S0,0,0,0,0,0,1,1,20261004,20261212
SC07297.S0,0,0,0,0,0,0,0,20251215,20261212
SC07301.S0,1,1,1,1,1,1,0,20261005,20261212
SC07302.S0,0,0,0,0,0,0,0,20251214,20261206
SC07306.S0,0,0,0,0,0,0,1,20261004,20261206
SC07307.S0,0,0,0,0,0,0,0,20260216,20261212
SC07311.S0,1,1,1,1,1,1,1,20261004,20261212
SC07312.S0,0,0,0,0,0,0,0,20251215,20261212
SC07316.S0,1,1,1,1,1,1,1,20261014,20261015
SC07317.S0,1,1,1,1,0,1,0,20261005,20261212
SC07318.S0,0,0,0,0,0,0,0,20251214,20261212
SC07321.S0,1,1,1,1,1,1,1,20261004,20261212
SC07322.S0,0,0,0,0,0,0,0,20251215,20261212
SC07328.S0,1,1,1,1,0,1,0,20261005,20261212
SC07329.S0,0,0,0,0,0,0,0,20251214,20261206
SC07332.S0,1,1,1,1,1,0,0,20251215,20261211
SC07333.S0,0,0,0,0,0,1,1,20251214,20261212
SC07334.S0,0,0,0,0,0,1,1,20251214,20261212
SC07335.S0,0,0,0,0,0,1,0,20260501,20261010
SC07337.S0,1,1,1,1,1,1,0,20251215,20261212
SC07338.S0,1,1,0,0,0,0,0,20251215,20261211
SC07339.S0,1,1,1,0,0,0,0,20251215,20261211
SC07340.S0,1,1,1,1,1,0,0,20260629,20261211
SC07341.S0,1,1,1,1,1,0,0,20261103,20261118
SC07342.S0,1,1,0,0,0,0,0,20251215,20261211
SC07343.S0,1,1,1,1,1,0,0,20251215,20261211
SC07344.S0,1,1,0,0,0,0,0,20251215,20261211
SC07345.S0,1,1,1,1,1,0,0,20260624,20261211
SC07346.S0,1,1,0,0,0,0,0,20251215,20261211
SC07347.S0,1,1,1,1,1,0,0,20260623,20261211
SC07348.S0,1,1,1,1,1,0,0,20251215,20261211
SC07349.S0,1,1,1,1,1,0,0,20251215,20261211
SC07351.S0,1,1,1,1,1,0,0,20251215,20261211
SC07352.S0,1,1,0,0,0,0,0,20251215,20261211
SC07353.S0,1,1,0,0,0,0,0,20251215,20261211
SC07354.S0,1,1,0,0,1,1,1,20251214,20261212
SC00462.S0,1,1,1,1,1,1,1,20260623,20261212
SC07355.S0,1,1,1,1,1,0,0,20251215,20261211
SC07356.S0,1,1,0,0,1,1,0,20251215,20261212
SC07357.S0,1,1,1,1,1,1,0,20260626,20261211
SC07358.S0,1,1,1,1,1,1,0,20261102,20261116
SC07359.S0,0,0,0,0,0,0,1,20251214,20261206
SC00463.S0,0,0,0,0,0,0,1,20260628,20261206
SC07360.S0,1,1,1,1,1,1,1,20251214,20261212
SC07361.S0,0,0,0,0,0,0,0,20251220,20261212
SC00464.S0,0,0,0,0,0,1,0,20260627,20261212
SC07362.S0,0,0,0,0,0,0,1,20251214,20261206
SC07363.S0,0,0,0,0,0,0,1,20260628,20261206
SC07364.S0,0,0,0,0,0,0,1,20261108,20261115
SC07365.S0,0,0,0,0,0,1,0,20251220,20261212
SC07367.S0,1,1,1,1,1,1,0,20251215,20261212
SC07372.S0,0,0,0,0,0,0,1,20251214,20261206
SC07374.S0,1,1,1,1,1,0,0,20251215,20261211
SC07377.S0,1,1,1,1,1,0,0,20251215,20261211
SC07378.S0,1,1,1,1,1,0,0,20251215,20261211
SC07380.S0,0,0,0,0,0,1,1,20251214,20261212
SC07383.S0,1,1,1,1,1,0,0,20251215,20261211
SC07384.S0,1,1,1,1,1,1,1,20251214,20261212
SC07388.S0,1,1,1,1,1,1,1,20251214,20261212
SC07389.S0,0,0,0,0,0,0,0,20251215,20261211
SC07391.S0,0,0,0,0,0,0,0,20260616,20261211
SC07392.S0,1,1,1,1,1,0,0,20260624,20261211
SC07393.S0,1,1,1,1,1,1,1,20251214,20261212
SC07394.S0,0,0,0,0,0,1,1,20251214,20261212
SC07395.S0,1,1,1,1,1,1,1,20251214,20261212
SC07398.S0,0,0,0,0,0,0,0,20251215,20261211
SC07399.S0,1,1,1,1,1,0,0,20260427,20261211
SC07400.S0,1,1,1,1,1,0,0,20251215,20261211
SC07402.S0,1,1,1,1,1,1,1,20251214,20261212
SC07403.S0,1,1,1,1,1,1,1,20251214,20261212
SC07408.S0,1,1,1,1,1,1,1,20251214,20261212
SC07409.S0,1,1,1,1,1,1,1,20251214,20261212
SC07410.S0,1,1,1,1,1,0,0,20251215,20261211
SC07411.S0,1,1,1,1,1,1,1,20251214,20261212
SC07412.S0,0,0,0,0,0,0,1,20251214,20261206
SC07414.S0,0,0,0,0,0,1,0,20251220,20261212
SC07416.S0,1,1,1,1,1,0,0,20251215,20261211
SC07419.S0,0,0,0,0,0,0,1,20251214,20261206
SC07420.S0,1,1,1,1,1,0,0,20251215,20261211
SC07421.S0,1,1,1,1,1,0,0,20251215,20261211
SC07424.S0,1,1,1,1,1,1,0,20251215,20261212
SC07429.S0,0,0,0,0,0,0,1,20251214,20261206
SC07430.S0,1,1,1,1,1,0,0,20251215,20261211
SC07431.S0,1,1,1,1,1,0,0,20251215,20261211
SC07432.S0,1,1,1,1,1,0,0,20251215,20261211
SC07433.S0,1,1,1,1,1,0,0,20251215,20261211
SC07434.S0,1,1,1,1,1,0,0,20251215,20261211
SC07435.S0,1,1,1,1,1,0,0,20251215,20261211
SC07436.S0,1,1,1,1,1,0,0,20251215,20261211
SC07437.S0,1,1,1,1,1,0,0,20251215,20261211
SC07438.S0,1,1,1,1,1,0,0,20260625,20261211
SC07439.S0,1,1,1,1,1,0,0,20260907,20261016
SC07441.S0,1,1,1,1,1,1,1,20260624,20261212
SC07442.S0,1,1,1,1,1,1,1,20260907,20261016
SC07444.S0,1,1,1,0,0,0,0,20251215,20261211
SC07445.S0,0,0,0,0,0,1,1,20260624,20261212
SC07446.S0,0,0,0,0,0,1,1,20260912,20261011
SC07450.S0,0,0,0,0,0,0,0,20260501,20261011
SC07451.S0,1,1,1,1,1,1,1,20260624,20261212
SC07453.S0,1,1,1,1,1,1,1,20251214,20261212
SC07452.S0,1,1,1,1,1,0,1,20260624,20261212
SC07455.S0,0,0,0,0,0,0,0,20260501,20261011
SC07457.S0,0,0,0,0,1,0,0,20251219,20261211
SC07456.S0,0,0,0,0,1,0,0,20260629,20261211
SC07458.S0,0,0,0,0,1,1,1,20260911,20261016
SC07461.S0,0,0,0,0,1,1,1,20260911,20261016
SC07463.S0,1,1,1,0,1,0,0,20251215,20261211
SC07462.S0,1,1,1,1,1,0,0,20260625,20261211
SC07464.S0,1,1,1,1,1,1,1,20260907,20261015
SC07466.S0,1,1,1,1,1,1,1,20251214,20261212
SC07465.S0,1,1,1,1,1,0,1,20260624,20261212
SC07467.S0,1,1,1,1,1,0,0,20260625,20261211
SC07468.S0,1,1,1,1,1,1,1,20260624,20261212
SC07469.S0,1,1,1,1,1,0,0,20251215,20261211
SC07470.S0,1,1,1,1,1,1,1,20260624,20261212
SC07472.S0,1,1,1,1,1,0,0,20251215,20261211
SC07471.S0,1,1,1,1,1,0,0,20260625,20261211
SC07473.S0,1,1,1,1,1,1,1,20260624,20261212
SC07474.S0,0,0,0,0,0,0,0,20260312,20261212
SC07475.S0,0,0,0,0,0,0,0,20260312,20261212
SC07476.S0,0,0,0,0,0,0,0,20260312,20261212
SC07477.S0,0,0,0,0,0,0,0,20260316,20261207
SC07478.S0,1,1,1,1,1,1,1,20251214,20261212
SC07479.S0,0,0,0,0,0,0,0,20260312,20261212
SC07480.S0,0,0,0,0,0,0,0,20260312,20261212
SC07481.S0,0,0,0,0,0,0,0,20260318,20261212
SC07482.S1,0,0,0,0,0,0,0,20260312,20261211
SC07484.S1,1,1,1,1,1,1,1,20260418,20261211
SC07485.S0,0,0,0,0,0,0,0,20260312,20261211
SC07486.S0,0,0,0,0,0,0,0,20260314,20261212
SC07487.S0,0,0,0,0,0,0,0,20260312,20261212
SC07489.S0,1,1,1,1,1,1,1,20260417,20261212
SC07490.S0,0,0,0,0,0,0,0,20260216,20261212
SC07491.S0,1,1,1,1,1,1,1,20261004,20261212
SC07492.S0,1,1,1,1,1,0,0,20251215,20261211
SC07493.S0,1,1,1,1,1,1,1,20251214,20261212
SC07494.S0,1,1,1,1,1,1,1,20251214,20261212
SC07496.S0,1,1,1,1,1,1,1,20251214,20261212
SC07497.S0,0,0,0,0,0,1,1,20251214,20261212
SC07498.S0,1,1,1,1,1,0,0,20251215,20261211
SC07501.S0,1,1,1,1,1,1,1,20251214,20261212
SC07502.S0,1,1,1,1,1,1,1,20251214,20261212
SC07503.S0,1,1,1,1,1,1,1,20251214,20261212
SC07504.S0,1,1,1,1,1,1,1,20251214,20261212
SC07505.S0,1,1,1,1,1,1,1,20251214,20261212
SC07506.S0,0,0,0,0,0,1,1,20251214,20261212
SC07507.S0,1,1,1,1,1,0,0,20251215,20261211
SC07508.S0,1,1,1,1,1,1,1,20251214,20261212
SC07509.S0,1,1,1,1,1,1,1,20251214,20261212
SC07510.S0,1,1,1,1,1,1,1,20251214,20261212
SC07511.S0,1,1,1,1,1,0,0,20251215,20261211
SC07512.S0,1,1,1,1,1,1,1,20251214,20261212
SC07513.S0,1,1,1,1,1,1,1,20251214,20261212
SC07514.S0,1,1,1,1,1,1,1,20251214,20261212
SC07515.S0,1,1,1,1,1,1,1,20251214,20261212
SC07516.S0,1,1,1,1,1,1,1,20251214,20261212
SC07517.S0,1,1,1,1,1,0,0,20251215,20261211
SC07518.S0,0,0,0,0,0,1,1,20251214,20261212
SC07519.S0,0,0,0,0,0,1,1,20260321,20261101
SC07521.S0,0,0,0,0,0,1,1,20260321,20261101
SC07522.S0,1,1,1,0,0,0,0,20251214,20261212
SC07523.S0,1,1,1,0,0,0,0,20251214,20261212
SC07524.S0,0,0,0,0,0,0,0,20251214,20261212
SC07526.S0,0,0,0,0,0,0,0,20251214,20261212
SC07528.S0,0,0,0,0,0,1,1,20261025,20261212
SC07529.S0,0,0,0,0,0,0,0,20260329,20261024
SC07531.S0,0,0,0,0,0,0,0,20251214,20261206
SC07532.S0,1,1,1,1,1,0,0,20260617,20261211
SC07533.S0,0,0,0,0,0,0,0,20251214,20261212
SC07534.S0,1,1,1,1,1,1,1,20260601,20261212
SC07535.S0,0,0,0,0,0,0,0,20251222,20261211
SC07536.S0,0,0,0,0,0,0,0,20251214,20261212
SC07542.S0,0,0,0,0,0,1,1,20260905,20261018
SC07543.S0,1,1,1,1,1,0,0,20251215,20261211
SC07547.S0,1,1,1,1,1,0,0,20251215,20261211
SC07551.S0,1,1,1,1,1,0,0,20251215,20261211
SC07552.S0,1,1,1,1,1,0,0,20251215,20261211
SC07553.S0,1,1,1,1,1,0,0,20251215,20261211
SC07554.S0,1,1,1,1,1,0,0,20251215,20261211
SC07555.S0,1,1,1,1,1,1,1,20251214,20261212
SC07556.S0,0,1,1,1,1,0,0,20251216,20261211
SC07558.S0,1,0,0,0,0,1,1,20251214,20261212
SC07559.S0,1,1,1,1,1,0,0,20251215,20261211
SC07561.S0,0,0,0,0,0,1,1,20251214,20261212
SC07563.S0,0,0,0,0,0,1,1,20251214,20261212
SC07564.S0,0,0,0,0,0,0,0,20260130,20261030
SC07565.S0,1,1,1,1,1,0,0,20251215,20261211
SC07566.S0,1,1,1,1,1,0,0,20251215,20261211
SC07567.S0,1,1,1,1,1,1,1,20251214,20261212
SC07572.S0,1,1,1,1,1,1,1,20251214,20261212
SC07573.S0,1,1,1,1,1,1,1,20251214,20261212
SC07574.S0,0,0,0,0,0,1,1,20251214,20261212
SC07575.S0,1,1,1,1,1,0,0,20251215,20261211
SC07576.S0,0,0,0,0,1,0,0,20251219,20261211
SC07579.S0,1,1,1,1,0,0,0,20251215,20261210
SC07581.S0,1,1,1,1,1,1,1,20251214,20261212
SC07582.S0,1,1,1,1,1,1,1,20251214,20261212
SC07583.S0,1,1,1,1,1,1,1,20251214,20261212
SC07584.S0,1,1,1,1,1,1,1,20251214,20261212
SC07585.S0,1,1,1,1,1,1,1,20251214,20261212
SC07586.S0,1,1,1,1,1,1,1,20251214,20261212
SC07587.S0,1,1,1,1,1,1,1,20251214,20261212
SC07588.S0,1,1,1,1,1,1,1,20251214,20261212
SC07589.S0,1,1,1,1,1,1,1,20251214,20261212
SC07590.S0,0,1,1,1,1,1,0,20251216,20261212
SC07595.S0,0,1,1,1,1,1,0,20261006,20261023
SC07596.S0,1,1,1,1,1,1,1,20251214,20261212
SC07598.S0,1,1,1,1,1,0,0,20251215,20261211
SC07599.S0,1,1,1,1,1,0,0,20251215,20261211
SC07600.S0,1,1,1,1,1,0,0,20251215,20261211
SC07603.S0,0,0,0,0,0,1,1,20251214,20261212
SC07604.S0,1,1,1,1,1,0,0,20251215,20261211
SC07605.S0,1,1,1,1,1,0,0,20251215,20261211
SC07607.S0,1,1,1,1,1,0,0,20251215,20261211
SC07608.S0,1,1,1,1,1,0,0,20251215,20261211
SC07609.S0,0,0,0,0,0,1,1,20251214,20261212
SC07610.S0,1,1,1,1,1,1,1,20251214,20261212
SC07611.S0,1,1,1,1,1,0,0,20251215,20261211
SC07612.S0,1,1,1,1,1,1,1,20251214,20261212
SC07613.S0,1,1,1,1,1,0,0,20251215,20261211
SC07614.S0,1,1,1,1,1,0,0,20251215,20261211
SC07615.S0,1,1,1,1,1,0,0,20251215,20261211
SC07616.S0,1,1,1,1,1,0,0,20251215,20261211
SC07617.S0,1,1,1,1,1,0,0,20251215,20261211
SC07618.S0,1,1,1,1,1,0,0,20251215,20261211
SC07619.S0,0,0,0,0,0,1,1,20251214,20261212
SC07620.S0,1,1,1,1,1,0,0,20251215,20261211
SC07621.S0,1,1,1,1,1,0,0,20251215,20261211
SC07622.S0,1,1,1,1,1,0,0,20251215,20261211
SC07623.S0,1,1,1,1,1,0,0,20251215,20261211
SC07624.S0,1,1,1,1,1,0,0,20251215,20261211
SC07625.S0,1,1,1,1,1,0,0,20251215,20261211
SC07626.S0,1,1,1,1,1,1,1,20251214,20261212
SC07627.S0,1,1,1,1,1,0,0,20251215,20261211
SC07630.S0,0,0,0,0,0,1,1,20251214,20261212
SC07631.S0,0,0,0,0,0,1,1,20251214,20261212
SC07632.S0,1,1,1,1,1,1,1,20251214,20261212
SC07635.S0,1,1,1,1,1,1,1,20251214,20261212
SC07637.S0,1,1,1,1,1,1,1,20251214,20261212
SC07638.S0,1,1,1,1,1,1,1,20251214,20261212
SC07640.S0,1,1,1,1,1,1,1,20251214,20261212
SC07641.S0,1,1,1,1,1,0,1,20251214,20261211
SC07643.S0,0,0,0,0,0,1,0,20251220,20261212
SC07644.S0,1,1,1,1,1,1,1,20251214,20261212
SC07645.S0,1,1,1,1,1,1,1,20251214,20261212
SC07646.S0,1,1,1,1,1,1,1,20251214,20261212
SC07647.S0,1,1,1,1,1,1,1,20251214,20261212
SC07648.S0,0,0,0,0,0,0,0,20251219,20261211
SC07649.S0,1,1,1,1,0,1,1,20251214,20261212
SC07651.S0,1,1,1,1,1,1,1,20251214,20261212
SC07652.S0,1,1,1,1,1,1,1,20251214,20261212
SC07653.S0,1,1,1,1,1,1,1,20251214,20261212
SC07654.S0,1,1,1,1,1,1,1,20251214,20261212
SC07655.S0,0,0,0,0,1,1,1,20251214,20261212
SC07657.S0,1,1,1,1,1,0,0,20251215,20261211
SC07661.S0,1,1,1,1,1,1,1,20251214,20261212
SC07662.S0,0,0,0,0,1,1,1,20251214,20261212
SC07663.S0,0,0,0,0,1,1,1,20261002,20261018
SC07664.S0,1,1,1,1,0,0,0,20251215,20261210
SC07665.S0,0,0,0,0,0,0,0,20251215,20261211
SC07666.S0,1,1,1,1,1,0,0,20260309,20261211
SC07667.S0,1,1,1,1,1,1,1,20251214,20261212
SC07669.S0,1,1,1,1,1,0,0,20251215,20261211
SC07670.S0,1,1,1,1,1,1,1,20251214,20261212
SC07671.S0,1,1,1,1,1,0,0,20251215,20261211
SC07672.S0,0,1,1,1,1,0,0,20251216,20261211
SC07673.S0,1,0,0,0,0,0,0,20251215,20261207
SC07675.S0,1,1,1,1,1,0,0,20251214,20261212
SC07677.S0,1,1,1,1,1,1,1,20251214,20261212
SC07679.S0,1,1,1,1,1,0,0,20251215,20261211
SC07680.S0,0,0,0,0,0,1,1,20251214,20261212
SC07682.S0,1,1,1,1,1,1,1,20251214,20261212
SC07683.S0,1,1,1,1,1,0,0,20251215,20261211
SC07684.S0,0,0,0,0,0,1,1,20251214,20261212
SC07685.S0,0,0,0,0,0,1,1,20251214,20261212
SC07686.S0,1,1,1,1,1,0,0,20251215,20261211
SC07687.S0,1,1,1,1,1,1,0,20251214,20261212
SC07688.S0,0,0,0,0,0,0,1,20260614,20261206
SC07690.S0,1,1,1,1,1,1,1,20251214,20261212
SC07691.S0,0,0,0,0,0,1,1,20251214,20261212
SC07692.S0,1,1,1,1,1,0,0,20251215,20261211
SC07695.S0,1,1,1,1,1,0,0,20251215,20261211
SC07696.S0,0,0,0,0,0,0,0,20251214,20261212
SC07697.S0,0,0,0,0,0,0,0,20251214,20261212
SC07698.S0,0,0,0,0,0,1,1,20251214,20261212
SC07700.S0,1,1,1,1,1,1,1,20251214,20261212
SC07701.S0,1,1,1,1,1,0,0,20251215,20261211
SC07703.S0,1,1,1,1,1,0,0,20261005,20261020
SC07704.S0,1,1,1,1,1,0,0,20251215,20261211
SC07705.S0,0,0,0,0,0,1,1,20251214,20261212
SC07706.S0,1,1,1,1,1,0,0,20251215,20261211
SC07707.S0,1,1,1,1,0,1,1,20251214,20261212
SC07708.S0,0,0,0,0,1,1,0,20251219,20261212
SC07709.S0,1,1,1,1,1,1,1,20251214,20261212
SC07710.S0,1,1,1,1,1,1,1,20251214,20261212
SC07711.S0,1,1,1,1,1,1,1,20251214,20261212
SC07712.S0,1,1,1,1,1,1,1,20251214,20261212
SC07713.S0,1,1,1,1,1,1,1,20251214,20261212
SC07714.S0,1,1,1,1,1,1,1,20251214,20261212
SC07715.S0,1,1,1,1,1,1,1,20251214,20261212
SC07716.S0,1,1,1,1,1,1,1,20251214,20261212
SC07717.S0,1,1,1,1,1,1,1,20251214,20261212
SC07718.S0,1,1,1,1,1,1,1,20251214,20261212
SC07719.S0,1,1,1,1,1,1,1,20251214,20261212
SC07720.S0,1,1,1,1,1,0,0,20251215,20261211
SC07721.S0,0,0,0,0,0,0,0,20251222,20261116
SC07726.S0,1,1,1,1,1,1,1,20251214,20261212
SC07727.S0,0,0,0,0,1,0,0,20251219,20261211
SC07729.S0,1,1,1,1,1,1,1,20251214,20261212
SC07730.S0,1,1,1,1,1,1,1,20251214,20261212
SC07731.S0,1,1,1,1,1,1,1,20251214,20261212
SC07732.S0,1,1,1,1,1,1,1,20251214,20261212
SC07733.S0,0,0,0,0,0,0,0,20251214,20261212
SC07734.S0,0,0,0,0,0,1,1,20251214,20261212
SC07736.S0,1,1,1,1,1,0,0,20251215,20261211
SC07737.S0,1,1,1,1,1,1,1,20251214,20261212
SC07738.S0,0,0,0,0,0,0,1,20251214,20261206
SC01082.S0,1,1,1,1,1,0,0,20251215,20261211
SC07741.S0,1,1,1,1,1,0,0,20251215,20261211
SC07742.S0,1,1,1,1,1,0,0,20251215,20261211
SC07743.S0,0,0,0,0,1,0,0,20251219,20261211
SC07744.S0,1,1,1,1,0,0,0,20251215,20261210
SC07745.S0,1,1,1,1,1,0,0,20251215,20261211
SC07746.S0,1,1,1,1,1,0,0,20251215,20261211
SC07747.S0,1,1,1,1,1,0,0,20251215,20261211
SC07748.S0,1,1,1,1,1,1,1,20251214,20261212
SC07749.S0,0,0,0,0,1,0,0,20251219,20261211
SC07750.S0,0,0,0,0,0,0,1,20251214,20261206
SC07751.S0,0,0,0,0,0,1,0,20251220,20261212
SC00455.S0,0,0,0,0,0,0,1,20251214,20261206
SC00265.S0,0,0,0,0,0,1,0,20251220,20261212
SC07753.S0,0,0,0,0,0,1,0,20251220,20261212
SC07754.S0,0,0,0,0,0,0,1,20251214,20261206
SC07755.S0,0,0,0,0,0,1,0,20251220,20261212
SC07756.S0,0,0,0,0,0,1,1,20251214,20261212
SC07757.S0,0,0,0,0,0,1,0,20251220,20261212
SC07759.S0,1,1,1,1,1,0,0,20251215,20261211
SC07760.S0,0,0,0,0,0,0,0,20251220,20261212
SC07761.S0,0,0,0,0,0,0,0,20251214,20261211
SC07762.S0,0,0,0,0,0,0,0,20251214,20261206
SC07763.S0,0,0,0,0,0,0,0,20251220,20261212
SC07764.S0,0,0,0,0,0,0,0,20251214,20261212
SC07766.S0,0,0,0,0,0,0,0,20251214,20261211
SC07767.S0,0,0,0,0,0,0,0,20251215,20261211
SC07768.S0,0,0,0,0,0,0,0,20251214,20261212
SC07769.S0,0,0,0,0,0,0,0,20251215,20261211
SC07770.S0,0,0,0,0,0,0,0,20251215,20261211
SC07771.S0,0,0,0,0,0,0,0,20251220,20261212
SC07772.S0,0,0,0,0,0,0,0,20251214,20261212
SC07773.S0,0,0,0,0,0,0,0,20251215,20261211
SC07774.S0,0,0,0,0,0,0,0,20251215,20261211
SC07776.S0,0,0,0,0,0,0,0,20251214,20261212
SC07777.S0,0,0,0,0,0,0,0,20251214,20261212
SC07778.S0,0,0,0,0,0,0,0,20251219,20261211
SC07779.S0,0,0,0,0,0,0,1,20251214,20261206
SC07781.S0,1,1,1,1,1,0,0,20251215,20261211
SC07782.S0,0,0,0,0,0,1,0,20251220,20261212
SC07785.S0,0,0,0,0,0,0,1,20251214,20261206
SC07786.S0,1,1,1,1,1,0,0,20251215,20261211
SC07787.S0,1,1,1,1,1,0,0,20251215,20261211
SC07788.S0,0,0,0,0,0,0,1,20251214,20261206
SC07791.S0,0,0,0,0,0,1,0,20251220,20261212
SC07792.S0,1,1,1,1,1,0,0,20251215,20261211
SC07793.S0,1,1,1,1,1,0,0,20251215,20261211
SC07794.S0,1,1,1,1,1,0,0,20260309,20261211
SC00260.S0,0,0,1,1,1,0,0,20260923,20261016
SC07795.S0,1,1,1,1,1,0,0,20251215,20261211
SC07796.S0,1,1,1,1,1,0,0,20251215,20261211
SC07797.S0,1,1,1,1,1,0,0,20251215,20261211
SC07798.S0,0,0,0,0,0,1,1,20251214,20261212
SC07799.S0,1,1,1,1,1,1,1,20251214,20261212
SC07800.S0,0,0,0,0,0,1,1,20251214,20261212
SC07801.S0,1,1,1,1,1,0,0,20251215,20261211
SC07802.S0,1,1,1,1,1,1,1,20251214,20261212
SC07803.S0,0,0,0,0,0,1,0,20251220,20261212
SC07805.S0,1,1,1,1,1,1,1,20251214,20261212
SC07806.S0,1,1,1,1,1,0,0,20251215,20261211
SC07807.S0,1,1,1,1,1,0,0,20251215,20261211
SC07808.S0,0,0,0,0,0,1,1,20251214,20261212
SC07809.S0,1,1,1,1,1,0,0,20251215,20261211
SC07810.S0,0,0,0,0,0,1,1,20251214,20261212
SC07811.S0,0,0,0,0,0,0,0,20251214,20261212
SC07812.S0,1,1,1,1,1,1,1,20251214,20261212
SC07814.S0,1,1,1,1,1,1,1,20251214,20261212
SC07815.S0,1,1,1,1,1,1,1,20251214,20261212
SC07818.S0,1,1,1,1,1,1,1,20251214,20261212
SC07819.S0,1,1,1,1,1,1,1,20251214,20261212
SC07820.S0,1,1,1,1,1,1,1,20251214,20261212
SC07821.S0,1,1,1,1,1,1,1,20251214,20261212
SC07822.S0,1,1,1,1,1,1,1,20251214,20261212
SC07823.S0,1,1,1,1,1,0,0,20251215,20261211
SC07824.S0,1,1,1,1,1,1,1,20251214,20261212
SC07825.S0,1,1,1,1,1,1,1,20251214,20261212
SC07826.S0,0,0,0,0,0,1,1,20251214,20261212
SC07828.S0,1,1,1,1,1,0,0,20251215,20261211
SC07829.S0,1,1,1,1,1,1,1,20251214,20261212
SC07830.S0,1,1,1,1,1,0,0,20251215,20261211
SC07831.S0,1,1,1,1,1,0,0,20251215,20261211
SC07832.S0,1,1,1,1,1,1,1,20251214,20261212
SC07833.S0,1,1,1,1,1,1,1,20251214,20261212
SC07834.S0,1,1,1,1,1,1,1,20251214,20261212
SC07835.S0,1,1,1,1,1,1,1,20251214,20261212
SC07836.S0,1,1,1,1,1,1,1,20251214,20261212
SC07837.S0,1,1,1,1,1,1,1,20251214,20261212
SC07838.S0,1,1,1,1,1,1,1,20251214,20261212
SC07839.S0,1,1,1,1,1,1,1,20251214,20261212
SC07840.S0,1,1,1,1,1,1,1,20251214,20261212
SC07841.S0,1,1,1,1,1,1,1,20251214,20261212
SC07842.S0,1,1,1,1,1,1,1,20251214,20261212
SC07843.S0,1,1,1,1,1,1,1,20251214,20261212
SC07844.S0,1,1,1,1,1,1,1,20251214,20261212
SC07845.S0,1,1,1,1,1,1,1,20251214,20261212
SC07846.S0,1,1,1,1,1,1,1,20251214,20261212
SC07848.S0,1,1,1,1,1,1,1,20251214,20261212
SC07849.S0,1,1,1,1,1,1,0,20251215,20261212
SC07851.S0,1,1,1,1,1,1,1,20251214,20261212
SC07853.S0,1,1,1,1,1,1,1,20251214,20261212
SC07855.S0,1,1,1,1,1,1,1,20251214,20261212
SC07856.S0,1,1,1,1,1,1,1,20251214,20261212
SC07857.S0,1,1,1,1,1,1,1,20251214,20261212
SC07859.S0,1,1,1,1,1,1,1,20251214,20261212
SC07860.S0,1,1,1,1,1,1,1,20251214,20261212
SC07861.S0,1,1,1,1,1,0,0,20251215,20261211
SC07862.S0,1,1,1,1,1,1,0,20251215,20261212
SC07864.S0,0,0,0,0,0,1,1,20251214,20261212
SC07867.S0,1,1,1,1,1,1,1,20251214,20261212
SC07869.S0,1,1,1,1,1,0,0,20251215,20261211
SC07870.S0,1,1,1,1,1,1,1,20251214,20261212
SC07871.S0,1,1,1,1,1,1,1,20251214,20261212
SC07872.S0,1,1,1,1,1,0,0,20251215,20261211
SC07873.S0,1,1,1,1,1,1,1,20251214,20261212
SC07874.S0,0,0,0,0,1,0,0,20251219,20261211
SC07876.S0,0,0,0,0,1,0,0,20260904,20261016
SC07877.S0,1,1,1,1,1,0,0,20251215,20261211
SC07878.S0,1,1,1,1,1,0,0,20251215,20261211
SC07880.S0,1,1,1,1,1,0,0,20251215,20261211
SC07881.S0,1,1,1,1,1,1,1,20251214,20261212
SC07882.S0,1,1,1,1,1,0,0,20251215,20261211
SC07884.S0,0,0,0,0,0,1,1,20251214,20261212
SC07885.S0,1,1,1,1,1,1,0,20251215,20261212
SC07886.S0,1,1,1,1,1,0,0,20251215,20261211
SC07887.S0,1,1,1,1,1,0,0,20251215,20261211
SC07888.S0,1,1,1,1,0,1,1,20251214,20261212
SC07889.S0,1,1,1,1,0,1,1,20260901,20261017
SC07890.S0,1,1,1,1,1,1,1,20251214,20261212
SC07891.S0,1,1,1,1,1,1,1,20251214,20261212
SC07893.S0,1,1,1,1,1,1,1,20251214,20261212
SC07894.S0,1,1,1,1,1,1,1,20251214,20261212
SC07895.S0,1,1,1,1,1,1,1,20260901,20261017
SC07896.S0,1,1,1,1,1,1,1,20251214,20261212
SC07898.S0,0,0,0,0,0,0,0,20251215,20261211
SC07900.S0,0,0,0,0,0,1,1,20251214,20261212
SC07901.S0,1,1,1,1,1,0,0,20251215,20261211
SC07903.S0,0,0,0,0,0,1,1,20251214,20261212
SC07905.S0,1,1,1,1,1,0,0,20251215,20261211
SC07907.S0,0,0,0,0,0,1,1,20251214,20261212
SC07909.S0,1,1,1,1,1,1,1,20251214,20261212
SC07910.S0,0,0,0,0,0,1,1,20251214,20261212
SC07912.S0,1,1,1,1,1,0,0,20251215,20261211
SC07914.S0,0,0,0,0,0,1,1,20251214,20261212
SC07916.S0,1,1,1,1,1,0,0,20251215,20261211
SC07917.S0,1,1,1,1,1,1,1,20251214,20261212
SC07919.S0,1,1,1,1,1,1,1,20251214,20261212
SC07920.S0,0,0,0,0,0,0,0,20251215,20261211
SC07922.S0,0,0,0,0,0,0,0,20251214,20261212
SC07923.S0,1,1,1,1,1,1,1,20251214,20261212
SC07929.S0,0,0,0,0,0,0,0,20251215,20261211
SC07930.S0,0,0,0,0,0,1,1,20251214,20261212
SC07934.S0,1,1,1,1,1,1,1,20251214,20261212
SC00261.S0,0,0,1,1,1,0,0,20260923,20261016
SC07937.S0,1,1,1,1,1,0,0,20251215,20261211
SC07939.S0,1,1,1,1,1,1,1,20251214,20261212
SC07941.S0,1,1,1,1,1,1,1,20251214,20261212
SC07943.S0,1,1,1,1,1,1,1,20251214,20261212
SC07944.S0,1,1,1,1,1,0,0,20251215,20261211
SC07945.S0,0,0,0,0,0,1,1,20251214,20261212
SC07948.S0,0,0,0,0,0,1,1,20251214,20261212
SC07949.S0,1,1,1,1,1,0,0,20251215,20261211
SC07951.S0,0,0,0,0,0,1,1,20251214,20261212
SC07953.S0,1,1,1,1,1,1,1,20251214,20261212
SC07955.S0,1,1,1,1,1,1,1,20251214,20261212
SC07959.S0,1,1,1,1,1,1,1,20251214,20261212
SC07960.S0,1,1,1,1,0,0,1,20251214,20261210
SC07967.S0,0,0,0,0,1,1,0,20251219,20261212
SC07974.S0,1,1,1,1,1,1,1,20251214,20261212
SC07975.S0,1,1,1,1,1,1,1,20251214,20261212
SC07976.S0,1,1,1,1,1,1,1,20251214,20261212
SC07977.S0,1,1,1,1,1,0,0,20251215,20261211
SC07978.S0,1,1,1,1,1,1,1,20251214,20261212
SC07980.S0,0,0,0,0,0,0,0,20251215,20261211
SC07981.S0,0,0,0,0,0,1,0,20251220,20261212
SC07984.S0,1,1,1,1,1,0,1,20251214,20261211
SC07986.S0,0,0,0,0,0,1,0,20251220,20261212
SC07988.S0,1,1,1,1,1,0,0,20251215,20261211
SC07989.S0,1,1,1,1,1,0,0,20251215,20261211
SC07990.S0,1,1,1,1,1,0,0,20251215,20261211
SC07991.S0,1,1,1,1,1,0,0,20251215,20261211
SC07992.S0,1,1,1,1,1,0,1,20251214,20261211
SC07994.S0,1,1,1,1,1,0,0,20251215,20261211
SC07995.S0,0,0,0,0,0,0,0,20251215,20261211
SC07996.S0,1,1,1,1,1,0,0,20260615,20261211
SC07997.S0,1,1,1,1,1,1,1,20251214,20261212
SC08000.S0,1,1,1,1,1,1,1,20251214,20261212
SC08001.S0,0,0,0,0,0,1,1,20251214,20261212
SC08002.S0,1,1,1,1,1,1,1,20260614,20261212
SC08003.S0,0,0,0,0,0,1,1,20251214,20261212
SC08004.S0,1,1,1,1,1,0,0,20251215,20261211
SC08005.S0,0,0,0,0,0,1,1,20251214,20261212
SC08006.S0,1,1,1,1,1,1,1,20260614,20261212
SC08007.S0,1,1,1,1,1,1,1,20251214,20261212
SC08010.S0,0,0,0,0,0,1,1,20251214,20261212
SC08011.S0,1,1,1,1,1,1,1,20260614,20261212
SC08012.S0,1,1,1,1,1,1,1,20251214,20261212
SC08013.S0,0,0,0,0,0,1,1,20251214,20261212
SC08014.S0,1,1,1,1,1,1,1,20260614,20261212
SC08015.S0,1,1,1,1,1,1,1,20251214,20261212
SC08016.S0,0,0,0,0,0,1,1,20251214,20261212
SC08017.S0,1,1,1,1,1,1,1,20251214,20261212
SC08018.S0,0,0,0,0,1,1,1,20251214,20261212
SC08019.S0,1,1,1,1,1,1,1,20260614,20261212
SC08020.S0,1,1,1,1,1,1,1,20251214,20261212
SC08021.S0,0,0,0,0,1,1,1,20251214,20261212
SC08022.S0,0,0,0,0,0,0,0,20251215,20261211
SC08023.S0,1,1,1,1,1,0,0,20260615,20261211
SC08024.S0,0,0,0,0,0,0,0,20251215,20261211
SC08025.S0,1,1,1,1,1,0,0,20251215,20261211
SC08026.S0,0,0,0,0,0,0,0,20251215,20261211
SC08027.S0,1,1,1,1,1,0,0,20260615,20261211
SC08028.S0,1,1,1,1,1,0,0,20251215,20261211
SC08029.S0,1,1,1,1,1,0,0,20251215,20261211
SC08030.S0,0,0,0,0,0,0,0,20251215,20261211
SC08031.S0,1,1,1,1,1,0,0,20260615,20261211
SC08032.S0,1,1,1,1,1,0,0,20251215,20261211
SC08033.S0,0,0,0,0,0,0,0,20251215,20261211
SC08034.S0,1,1,1,1,1,0,0,20251215,20261211
SC08035.S0,1,1,1,1,0,0,0,20251215,20261210
SC08036.S0,1,1,1,1,1,1,1,20251214,20261212
SC08037.S0,1,1,1,1,1,0,0,20251215,20261211
SC08038.S0,0,0,0,0,0,0,0,20251215,20261211
SC08039.S0,1,1,1,1,1,0,0,20260615,20261211
SC08040.S0,1,1,1,1,1,0,0,20251215,20261211
SC08041.S0,1,1,1,1,1,0,0,20251215,20261211
SC08042.S0,0,1,0,0,0,0,0,20251215,20261211
SC08043.S0,1,1,1,1,1,0,0,20251215,20261211
SC08044.S0,1,1,0,0,0,0,1,20251214,20261212
SC08046.S0,0,1,0,0,0,0,0,20251215,20261211
SC08045.S0,1,1,1,1,1,0,0,20260625,20261211
SC08048.S0,0,0,0,0,0,0,0,20251220,20261212
SC08047.S0,0,0,0,0,0,1,0,20260630,20261212
SC08050.S0,1,1,0,0,0,0,1,20251214,20261212
SC08049.S0,1,1,1,1,1,1,1,20260624,20261212
SC08051.S0,0,1,0,0,0,0,0,20251215,20261211
SC08052.S0,0,1,1,1,0,0,1,20251214,20261212
SC08054.S0,0,0,0,0,0,0,1,20251214,20261212
SC08053.S0,1,1,1,1,1,1,1,20260624,20261212
SC08056.S0,0,0,0,0,0,0,0,20251215,20261211
SC08055.S0,1,1,1,1,1,0,0,20260625,20261211
SC08058.S0,0,0,0,0,0,0,0,20251220,20261212
SC08057.S0,0,0,0,0,0,1,0,20260630,20261212
SC08059.S0,0,0,1,1,0,0,1,20251214,20261212
SC08061.S0,0,0,0,0,0,0,1,20251214,20261206
SC08060.S0,0,0,0,0,0,0,1,20260624,20261206
SC08063.S0,0,0,0,0,0,0,0,20251215,20261211
SC08062.S0,1,1,1,1,1,0,0,20260625,20261211
SC08064.S0,0,0,0,0,0,1,1,20251214,20261212
SC08066.S0,0,0,0,0,0,0,0,20251214,20261212
SC08065.S0,1,1,1,1,1,1,1,20260624,20261212
SC08068.S0,0,0,1,0,0,0,1,20251214,20261212
SC08070.S0,0,0,0,0,0,0,0,20251215,20261211
SC08072.S0,0,0,0,0,0,0,1,20251214,20261212
SC08071.S0,0,0,0,0,0,1,1,20260624,20261212
SC08073.S0,1,1,1,1,1,1,1,20251214,20261212
SC08075.S0,0,0,1,0,0,0,0,20251214,20261212
SC08074.S0,1,1,1,1,1,1,1,20260624,20261212
SC08076.S0,0,0,1,0,0,0,1,20251214,20261212
SC08078.S0,0,0,0,0,0,0,1,20251214,20261211
SC08077.S0,1,1,1,1,1,0,1,20260624,20261211
SC08081.S0,0,0,1,0,0,0,1,20251214,20261212
SC08080.S0,1,1,1,1,1,1,1,20260624,20261212
SC08082.S0,0,0,1,0,0,0,1,20251214,20261212
SC08083.S0,0,0,1,1,0,0,1,20251214,20261212
SC08084.S0,1,1,1,1,1,1,1,20251214,20261212
SC08086.S0,0,1,1,0,0,0,0,20251215,20261212
SC08085.S0,1,1,1,1,1,1,0,20260625,20261212
SC08088.S0,1,1,1,0,0,0,1,20251214,20261212
SC08089.S0,1,1,1,1,1,1,1,20251214,20261212
SC08090.S0,1,1,1,1,1,1,1,20260624,20261212
SC08092.S0,1,1,0,0,0,0,1,20251214,20261212
SC08091.S0,1,1,1,1,1,1,1,20260624,20261212
SC08093.S0,0,0,0,0,0,0,0,20251215,20261212
SC08094.S0,0,0,0,0,0,0,0,20251214,20261206
SC08095.S0,1,1,1,1,1,0,1,20251214,20261211
SC08097.S0,0,1,1,0,0,0,1,20251214,20261212
SC08096.S0,1,1,1,1,1,1,1,20260624,20261212
SC08099.S0,1,1,0,0,0,0,0,20251214,20261212
SC08098.S0,1,1,1,1,1,1,1,20260624,20261212
SC08100.S0,0,0,0,0,0,0,0,20251214,20261212
SC08102.S0,1,1,1,1,1,1,1,20251214,20261212
SC08104.S0,1,1,0,0,0,0,1,20251214,20261211
SC08103.S0,1,1,1,1,1,0,1,20260624,20261211
SC08105.S0,0,0,0,0,1,0,0,20251219,20261211
SC08106.S0,0,0,0,0,0,0,0,20260403,20261028
SC08107.S0,0,0,0,0,0,0,0,20251214,20261212
SC08108.S0,0,0,0,0,0,0,0,20251214,20261212
SC08110.S0,0,0,0,0,0,0,0,20260403,20261028
SC08111.S0,0,0,0,0,0,1,1,20251214,20261212
SC08112.S0,0,0,0,0,0,1,1,20251214,20261212
SC08113.S0,0,0,0,0,0,1,1,20251214,20261212
SC08115.S0,1,1,1,1,1,0,0,20251215,20261211
SC08117.S0,1,1,1,1,1,0,0,20251215,20261211
SC08118.S0,1,1,1,1,1,1,1,20251214,20261212
SC08120.S0,1,1,1,1,1,0,0,20251215,20261211
SC08121.S0,0,0,0,0,0,1,1,20251214,20261212
SC08122.S0,1,1,1,1,1,1,1,20251214,20261212
SC08123.S0,0,0,0,0,0,0,0,20251214,20261212
SC08124.S0,0,0,0,0,0,0,0,20251214,20261212
SC08125.S0,0,0,0,0,0,1,1,20251214,20261212
SC08126.S0,0,0,0,0,0,0,0,20251215,20261211
SC08127.S0,0,0,0,0,0,0,0,20251214,20261211
SC08128.S0,1,1,1,1,1,0,0,20251215,20261211
SC08129.S0,1,1,1,1,1,0,0,20251215,20261211
SC08130.S0,1,1,1,1,1,1,1,20251214,20261212
SC08131.S0,0,0,0,0,0,1,1,20251214,20261212
SC08132.S0,1,1,1,1,1,0,0,20251215,20261211
SC08133.S0,1,1,1,1,1,1,1,20251214,20261212
SC08134.S0,1,1,1,1,1,1,1,20251214,20261212
SC08136.S0,1,1,1,1,1,1,1,20251214,20261212
SC08137.S0,1,1,1,1,1,1,1,20251220,20261028
SC08138.S0,1,1,1,1,1,1,1,20251220,20261028
SC08139.S0,1,1,1,1,1,1,1,20251214,20261212
SC08140.S0,1,1,1,1,1,1,1,20251214,20261212
SC08141.S0,1,1,1,1,1,1,1,20251220,20261028
SC08142.S0,1,1,1,1,1,1,1,20251220,20261212
SC08143.S0,1,1,1,1,1,1,1,20251220,20261212
SC08144.S0,1,1,1,1,1,1,1,20251220,20261025
SC08145.S0,1,1,1,1,1,1,1,20251220,20261028
SC08146.S0,1,1,1,1,1,1,1,20251220,20261028
SC08147.S0,0,0,0,0,0,0,0,20251219,20261211
SC08149.S0,0,0,0,0,0,0,0,20251214,20261212
SC08150.S0,1,1,1,1,0,0,1,20251214,20261210
SC08153.S0,0,0,0,0,1,0,0,20251219,20261211
SC08154.S0,1,1,1,1,1,1,1,20251214,20261212
SC08155.S0,1,1,1,1,1,1,1,20251214,20261212
SC08156.S0,1,1,1,1,1,1,1,20251214,20261212
SC08157.S0,1,1,1,1,1,1,1,20251214,20261212
SC08158.S0,1,1,1,1,1,1,1,20251214,20261212
SC08159.S0,0,0,0,0,0,0,0,20251215,20261211
SC08160.S0,0,0,0,0,0,0,1,20251214,20261206
SC08161.S0,0,0,0,0,0,1,1,20251214,20261212
SC08162.S0,0,0,0,0,0,1,0,20251220,20261212
SC08163.S0,0,0,0,0,0,1,0,20251220,20261212
SC08165.S0,0,0,0,0,0,0,0,20251215,20261212
SC08166.S0,0,0,0,0,0,0,0,20251214,20261206
SC08167.S0,1,1,1,1,1,0,0,20251215,20261211
SC08168.S0,1,1,1,1,1,1,1,20251214,20261212
SC08169.S0,1,1,1,1,1,0,0,20251215,20261211
SC08170.S0,1,1,1,1,1,1,1,20251214,20261212
SC08171.S0,1,1,1,1,1,1,1,20251214,20261212
SC08172.S0,0,0,0,0,0,1,1,20251214,20261212
SC08173.S0,1,1,1,1,1,1,1,20251214,20261212
SC08174.S0,1,1,1,1,1,0,0,20251215,20261211
SC08175.S0,1,1,1,1,1,0,0,20251215,20261211
SC08176.S0,1,1,1,1,1,0,0,20251215,20261211
SC08177.S0,0,0,0,0,0,0,1,20251214,20261206
SC08178.S0,1,1,1,1,1,1,1,20251214,20261212
SC08180.S0,1,1,1,1,1,1,1,20251214,20261212
SC08181.S0,1,1,1,1,1,0,0,20251215,20261211
SC08182.S0,1,1,1,1,1,0,0,20251215,20261211
SC08183.S0,1,1,1,1,1,1,1,20251214,20261212
SC08184.S0,1,1,1,1,1,1,1,20251214,20261212
SC08185.S0,0,0,0,0,0,0,0,20251214,20261212
SC08186.S0,1,1,1,1,1,0,0,20251215,20261211
SC08187.S0,1,1,1,1,1,0,0,20251215,20261211
SC08188.S0,0,0,0,0,0,1,1,20251214,20261212
SC08190.S0,0,0,0,0,0,1,1,20251214,20261212
SC08191.S0,0,0,0,0,0,1,1,20251214,20261212
SC08192.S0,0,0,0,0,0,1,1,20251214,20261212
SC08194.S0,0,0,0,0,1,0,1,20251214,20261211
SC08196.S0,0,0,0,0,0,1,1,20251214,20261212
SC08197.S0,0,0,0,0,0,0,0,20251215,20261211
SC08198.S0,1,1,0,1,1,1,1,20251214,20261212
SC08199.S0,1,1,1,1,1,0,0,20251215,20261211
SC08200.S0,0,0,0,0,0,1,0,20251220,20261212
SC08201.S0,0,0,0,0,0,1,0,20261003,20261028
SC08202.S0,1,1,1,1,1,1,1,20251214,20261212
SC08204.S0,1,1,1,1,1,1,1,20261001,20261030
SC08205.S0,0,0,0,0,0,1,1,20251214,20261212
SC08206.S0,1,1,1,1,1,1,1,20251214,20261212
SC08207.S0,1,1,1,1,1,0,0,20251215,20261211
SC08208.S0,1,1,1,1,1,1,1,20251214,20261212
SC08209.S0,1,1,1,1,1,1,1,20251214,20261212
SC08210.S0,1,1,1,1,1,1,1,20251214,20261212
SC08211.S0,1,1,1,1,1,1,1,20251214,20261212
SC08212.S0,1,1,1,1,1,0,0,20251215,20261211
SC08213.S0,1,1,1,1,1,1,1,20251214,20261212
SC08214.S0,1,1,1,1,1,1,1,20251214,20261212
SC08215.S0,1,1,1,1,1,1,1,20251214,20261212
SC08216.S0,1,1,1,1,1,1,1,20251214,20261212
SC00188.S0,0,1,1,1,1,0,0,20251216,20261211
SC08217.S0,1,1,1,1,1,0,0,20251215,20261211
SC08218.S0,1,1,1,1,1,0,0,20251215,20261211
SC08219.S0,1,1,1,1,1,0,0,20251215,20261211
SC08220.S0,0,0,0,0,0,1,1,20251214,20261212
SC08221.S0,1,1,1,1,1,0,0,20251215,20261211
SC08222.S0,0,0,0,0,0,1,1,20251214,20261212
SC08223.S0,0,0,0,0,0,1,1,20251214,20261212
SC08224.S0,1,1,1,1,1,0,0,20251215,20261211
SC08226.S0,1,1,1,1,1,0,0,20251215,20261211
SC08227.S0,1,1,1,1,1,0,0,20251215,20261211
SC08228.S0,0,0,0,0,0,1,1,20251214,20261212
SC08229.S0,1,1,1,1,1,0,0,20251215,20261211
SC08230.S0,1,1,1,1,1,0,0,20251215,20261211
SC08231.S0,1,1,1,1,1,0,0,20251215,20261211
SC08232.S0,1,1,1,1,1,0,0,20251215,20261211
SC08233.S0,1,1,1,1,1,0,0,20251215,20261211
SC08235.S0,0,0,0,0,0,0,0,20251215,20261211
SC08236.S0,1,1,1,1,1,0,0,20251215,20261211
SC08237.S0,1,1,1,1,1,0,0,20251215,20261211
SC08238.S0,1,1,1,1,1,0,0,20251215,20261211
SC08239.S0,1,1,1,1,1,0,0,20251215,20261211
SC08240.S0,0,0,0,0,1,1,0,20251219,20261212
SC08242.S0,0,0,0,0,0,0,0,20251215,20261210
SC08243.S0,1,1,1,1,0,0,0,20260615,20261210
SC08245.S0,0,0,0,0,0,0,0,20251219,20261212
SC08246.S0,0,0,0,0,1,1,0,20260619,20261212
SC08248.S0,0,0,0,0,0,0,1,20251214,20261206
SC08249.S0,0,0,0,0,1,0,0,20251219,20261211
SC08251.S0,1,1,1,1,0,1,1,20251214,20261212
SC08253.S0,1,1,1,1,1,1,1,20251214,20261212
SC08254.S0,0,1,1,1,1,0,0,20251216,20261211
SC08256.S0,1,0,0,0,0,0,0,20251215,20261207
SC08257.S0,1,1,1,1,1,0,0,20251215,20261211
SC08259.S0,1,1,1,1,1,0,0,20251215,20261211
SC08262.S0,1,1,1,1,1,0,0,20251215,20261211
SC08263.S0,1,1,1,1,1,1,1,20251214,20261212
SC08265.S0,1,1,1,1,1,0,0,20251215,20261211
SC08266.S0,0,0,0,0,0,1,1,20251214,20261212
SC08267.S0,0,0,0,0,0,0,0,20251215,20261211
SC08268.S0,1,1,1,1,1,0,0,20260615,20261211
SC08269.S0,0,0,0,0,0,0,0,20251214,20261212
SC08270.S0,0,0,0,0,0,1,1,20251214,20261212
SC08271.S0,1,1,1,1,1,1,1,20251214,20261212
SC08272.S0,1,1,1,1,1,0,0,20251215,20261211
SC08273.S0,0,0,0,0,0,1,1,20251214,20261212
SC08275.S0,1,1,1,1,1,0,0,20251215,20261211
SC08276.S0,0,0,0,0,0,1,1,20251214,20261212
SC08277.S0,0,0,0,0,0,1,1,20251214,20261212
SC08278.S0,1,1,1,1,1,1,1,20251214,20261212
SC08280.S0,1,1,1,1,1,1,1,20251214,20261212
SC08286.S0,1,1,1,1,1,1,1,20251214,20261212
SC08289.S0,1,1,1,1,1,1,1,20251214,20261212
SC08290.S0,1,1,1,1,1,1,1,20251214,20261212
SC08291.S0,1,1,1,1,1,1,1,20251214,20261212
SC08292.S0,1,1,1,1,1,1,1,20251214,20261212
SC08293.S0,1,1,0,0,0,0,1,20251214,20261212
SC08294.S0,1,1,1,1,1,1,1,20260614,20261212
SC08295.S0,1,1,1,1,1,1,1,20251214,20261212
SC08296.S0,1,1,1,1,1,1,1,20251214,20261212
SC08297.S0,1,1,1,1,1,1,1,20251214,20261212
SC08298.S0,1,1,1,1,1,1,1,20251214,20261212
SC08299.S0,1,1,1,1,1,0,0,20251215,20261211
SC08302.S0,1,1,1,1,1,0,0,20251215,20261211
SC08303.S0,1,1,1,1,1,1,1,20251214,20261212
SC08304.S0,1,1,1,1,1,0,0,20251215,20261211
SC08305.S0,1,1,1,1,1,1,1,20251214,20261212
SC08306.S0,1,1,1,1,1,1,1,20251214,20261212
SC08307.S0,0,0,0,0,0,1,1,20251214,20261212
SC08308.S0,1,1,1,1,1,0,0,20251215,20261211
SC08309.S0,1,1,1,1,1,0,0,20251215,20261211
SC08310.S0,1,1,1,1,1,0,0,20251215,20261211
SC08311.S0,1,1,1,1,1,0,0,20251215,20261211
SC08312.S0,0,0,0,0,0,0,0,20251215,20261211
SC08313.S0,1,1,1,1,1,0,0,20251215,20261211
SC08315.S0,1,1,1,1,1,0,0,20251215,20261211
SC08316.S0,1,1,1,1,1,0,0,20251215,20261211
SC08317.S0,1,1,1,1,1,0,0,20251215,20261211
SC08318.S0,0,0,0,0,0,1,1,20251214,20261212
SC08319.S0,1,1,1,1,1,1,1,20260614,20261212
SC08322.S0,1,1,1,1,1,0,0,20251215,20261211
SC08323.S0,1,1,1,1,1,1,1,20251214,20261212
SC08324.S0,1,1,1,1,1,1,1,20251214,20261212
SC08325.S0,1,1,1,1,1,1,1,20251214,20261212
SC08326.S0,0,0,0,0,0,1,1,20251214,20261212
SC08327.S0,1,1,1,1,1,0,0,20251215,20261211
SC08328.S0,1,1,1,1,1,1,1,20251214,20261212
SC08329.S0,1,1,1,1,1,0,0,20251215,20261211
SC08330.S0,1,1,1,1,1,1,1,20251214,20261212
SC08331.S0,1,1,1,1,1,1,1,20251214,20261212
SC08332.S0,0,0,0,0,0,1,1,20251214,20261212
SC08333.S0,1,1,1,1,1,1,1,20260614,20261212
SC08334.S0,1,1,1,1,1,0,0,20251215,20261211
SC08335.S0,0,0,0,0,0,1,1,20251214,20261212
SC08336.S0,1,1,1,1,1,1,1,20260614,20261212
SC08337.S0,1,1,1,1,1,1,1,20251214,20261212
SC08338.S0,1,1,1,1,1,1,1,20251214,20261212
SC08339.S0,1,1,0,0,0,1,1,20251214,20261212
SC08340.S0,1,1,1,1,1,1,1,20260614,20261212
SC08341.S0,1,1,1,1,1,1,1,20251214,20261212
SC08342.S0,1,1,1,1,1,0,0,20251215,20261211
SC08345.S0,1,1,1,1,1,0,0,20251215,20261211
SC08346.S0,1,1,1,1,1,1,1,20251214,20261212
SC08347.S0,1,1,1,1,1,0,0,20251215,20261211
SC08348.S0,1,1,1,1,1,1,1,20251214,20261212
SC08351.S0,0,0,0,0,0,1,1,20251214,20261212
SC08353.S0,1,1,1,1,1,1,1,20260614,20261212
SC08355.S0,1,1,1,1,1,1,1,20251214,20261212
SC08357.S0,0,0,0,0,0,1,1,20251214,20261212
SC08358.S0,1,1,1,1,1,0,0,20251215,20261211
SC00294.S0,1,1,1,1,1,0,0,20260929,20261106
SC08360.S0,1,1,1,1,1,1,1,20251214,20261212
SC08361.S0,1,1,1,1,1,1,1,20251214,20261212
SC08362.S0,1,1,1,1,1,0,0,20260615,20261211
SC08363.S0,0,1,1,1,0,0,0,20251214,20261212
SC08364.S0,1,1,1,1,1,1,1,20260321,20261211
SC00297.S0,1,1,1,1,1,1,1,20260929,20261106
SC08366.S0,1,1,1,1,1,0,0,20251214,20261212
SC08367.S0,0,0,0,0,0,1,1,20260321,20261101
SC08368.S0,1,1,1,1,1,0,0,20251215,20261211
SC08369.S0,1,1,1,1,1,0,0,20251214,20261212
SC08370.S0,0,0,0,0,0,1,1,20260321,20261101
SC08371.S0,1,1,1,1,1,0,0,20251214,20261212
SC08372.S0,1,1,1,1,1,0,0,20251215,20261211
SC08373.S0,1,1,1,1,1,0,0,20251214,20261212
SC08374.S0,1,1,1,1,1,0,0,20251214,20261212
SC08376.S0,1,1,1,1,1,0,0,20251214,20261212
SC08377.S0,1,1,1,1,1,1,1,20251214,20261212
SC08378.S0,1,1,1,1,1,1,1,20251214,20261212
SC00295.S0,1,1,1,1,1,1,1,20260929,20261107
SC08379.S0,1,1,1,1,1,0,1,20251214,20261211
SC00298.S0,1,1,1,1,1,0,1,20260929,20261106
SC08380.S0,0,0,0,0,0,1,0,20251220,20261212
SC00299.S0,0,0,0,0,0,1,0,20261003,20261107
SC08381.S0,1,1,1,1,1,0,0,20251214,20261212
SC08382.S0,1,1,1,1,1,1,1,20251214,20261212
SC08383.S0,1,1,1,1,1,0,0,20251215,20261211
SC08384.S0,0,0,0,0,0,1,1,20251214,20261212
SC00300.S0,0,0,0,0,0,0,0,20251214,20261212
SC08385.S0,0,0,0,0,0,0,0,20251214,20261212
SC08386.S0,1,1,1,1,1,0,0,20251215,20261211
SC08387.S0,0,0,0,0,0,1,1,20251214,20261212
SC08388.S0,1,1,1,1,1,0,0,20251222,20261211
SC08391.S0,1,1,1,1,1,0,0,20251215,20261211
SC08392.S0,1,1,1,1,1,0,0,20251222,20261211
SC08393.S0,1,1,1,1,1,0,0,20251215,20261211
SC08394.S0,1,1,1,1,1,0,0,20251215,20261211
SC08395.S0,0,0,0,0,0,0,0,20251214,20261212
SC08396.S0,1,1,1,1,1,1,1,20251220,20261212
SC08398.S0,0,0,0,0,0,1,1,20251214,20261212
SC08399.S0,1,1,1,1,1,1,1,20251214,20261212
SC08400.S0,1,1,1,1,1,1,1,20251214,20261212
SC08401.S0,1,1,1,1,1,1,1,20251220,20261212
SC08402.S0,1,1,1,1,1,1,1,20251214,20261212
SC08403.S0,1,1,1,1,1,1,1,20251214,20261212
SC08404.S0,1,1,1,1,1,0,0,20251215,20261211
SC08405.S0,1,1,1,1,1,0,0,20251215,20261211
SC08406.S0,1,1,1,1,1,0,0,20251215,20261211
SC08408.S0,1,1,1,1,1,0,0,20251215,20261211
SC08409.S0,1,1,1,1,1,0,0,20251215,20261211
SC08410.S0,1,1,1,1,1,0,0,20251215,20261211
SC08411.S0,1,1,1,1,1,0,0,20251215,20261211
SC08412.S0,1,1,1,1,1,0,0,20251215,20261211
SC08414.S0,1,1,1,1,1,0,0,20251215,20261211
SC08415.S0,0,0,0,0,0,0,0,20251215,20261211
SC08416.S0,1,1,1,1,1,0,0,20260604,20261211
SC08417.S0,1,1,1,1,1,0,0,20251215,20261211
SC08418.S0,1,1,1,1,1,0,0,20251215,20261211
SC08419.S0,1,1,1,1,1,0,0,20251215,20261211
SC08420.S0,1,1,1,1,1,0,0,20251215,20261211
SC08422.S0,1,1,1,1,1,0,0,20260302,20261211
SC08423.S0,1,1,1,1,1,0,0,20251215,20261211
SC08424.S0,1,1,1,1,1,0,0,20251215,20261211
SC08425.S0,1,1,1,1,1,0,0,20260615,20261211
SC08426.S0,1,1,1,1,1,0,0,20251215,20261211
SC08427.S0,1,1,1,1,1,0,0,20251215,20261211
SC08428.S0,0,0,0,0,0,1,1,20251214,20261212
SC08429.S0,1,1,1,1,1,0,0,20251215,20261211
SC08430.S0,1,1,1,1,1,0,0,20251215,20261211
SC08431.S0,1,1,1,1,1,0,0,20251215,20261211
SC08432.S0,1,1,1,1,1,0,0,20251215,20261211
SC08433.S0,1,1,1,1,1,0,0,20251215,20261211
SC08434.S0,0,0,0,0,0,1,1,20251214,20261212
SC08435.S0,1,1,1,1,1,0,0,20251215,20261211
SC08436.S0,1,1,1,1,1,0,0,20251215,20261211
SC08437.S0,1,1,1,1,1,0,0,20251215,20261211
SC08438.S0,1,1,1,1,1,0,0,20251215,20261211
SC08439.S0,0,0,0,0,0,0,0,20260403,20261031
SC08440.S0,0,0,0,0,0,1,1,20260418,20261031
SC08441.S0,0,0,0,0,0,1,1,20260403,20261031
SC08442.S0,1,1,1,1,1,1,1,20251214,20261212
SC08443.S0,1,1,1,1,1,1,1,20251214,20261212
SC08444.S0,1,1,1,1,1,1,1,20251214,20261212
SC08445.S0,1,1,1,1,1,1,1,20251214,20261212
SC08446.S0,1,1,1,1,1,1,1,20251214,20261212
SC08448.S0,0,0,0,0,0,0,1,20251214,20261206
SC08449.S0,1,1,1,1,1,0,0,20251215,20261211
SC08450.S0,0,0,0,0,0,1,1,20251214,20261212
SC08451.S0,1,1,1,1,1,0,0,20251215,20261211
SC08452.S0,0,0,0,0,0,1,1,20251214,20261212
SC08453.S0,1,1,1,1,1,1,1,20251214,20261212
SC08454.S0,1,1,1,1,1,0,0,20251215,20261211
SC08455.S0,1,1,1,1,1,1,1,20251214,20261212
SC08456.S0,1,1,1,1,1,1,1,20251214,20261212
SC08457.S0,1,1,1,1,1,1,1,20251214,20261212
SC08458.S0,1,1,1,1,1,1,1,20251214,20261212
SC08459.S0,1,1,1,1,1,1,1,20251214,20261212
SC08460.S0,1,1,1,1,1,0,0,20251215,20261211
SC08461.S0,1,1,1,1,1,1,1,20251214,20261212
SC08462.S0,0,0,0,0,0,0,1,20251214,20261206
SC08463.S0,1,1,1,1,1,1,1,20251214,20261212
SC08464.S0,1,1,1,1,1,1,1,20251214,20261212
SC08465.S0,1,1,1,1,1,0,1,20251214,20261211
SC08466.S0,1,1,1,1,1,0,0,20251215,20261211
SC08467.S0,1,1,1,1,1,1,0,20251215,20261212
SC08469.S0,1,1,1,1,1,0,0,20251215,20261211
SC08471.S0,0,0,0,0,0,0,1,20251214,20261206
SC08472.S0,1,1,1,1,1,1,1,20251214,20261212
SC08473.S0,1,1,1,1,1,0,0,20251215,20261211
SC08475.S0,1,1,1,1,1,1,1,20251214,20261212
SC08476.S0,1,1,1,1,1,0,1,20251214,20261211
SC08478.S0,1,1,1,1,1,1,1,20251214,20261212
SC08480.S0,1,1,1,1,1,0,0,20251215,20261211
SC08481.S0,1,1,1,1,1,1,1,20251214,20261212
SC08483.S0,1,1,1,1,1,0,0,20251215,20261211
SC08484.S0,1,1,1,1,1,0,0,20251215,20261211
SC08485.S0,1,1,1,1,1,0,0,20251215,20261211
SC08486.S0,0,0,0,0,0,1,1,20251214,20261212
SC08487.S0,1,1,1,1,1,0,0,20251215,20261211
SC08490.S0,1,1,1,1,1,0,0,20251215,20261211
SC08491.S0,0,0,0,0,0,0,0,20251215,20261211
SC08497.S0,0,0,0,0,0,0,0,20251215,20261211
SC08500.S0,1,1,1,1,1,0,0,20251215,20261211
SC08501.S0,1,1,1,1,1,1,1,20251214,20261212
SC08503.S0,1,1,1,1,1,1,1,20251214,20261212
SC08504.S0,0,0,0,0,0,1,1,20251214,20261212
SC08505.S0,1,1,1,1,1,0,0,20251215,20261211
SC08507.S0,1,1,1,1,1,1,1,20251214,20261212
SC08508.S0,1,1,1,1,1,0,0,20251215,20261211
SC08514.S0,1,1,1,1,1,0,0,20251215,20261211
SC08515.S0,1,1,1,1,1,1,1,20251214,20261212
SC08516.S0,0,0,0,0,0,0,0,20251214,20261212
SC08519.S0,1,1,1,1,1,1,1,20251214,20261212
SC08520.S0,1,1,1,1,1,1,0,20251215,20261212
SC08521.S0,0,0,0,0,0,0,1,20251214,20261206
SC08522.S0,1,1,1,1,1,1,1,20251214,20261212
SC08523.S0,1,1,1,1,1,0,0,20251215,20261211
SC00466.S0,1,1,1,1,0,1,0,20251215,20261212
SC00467.S0,0,0,0,0,1,0,0,20251219,20261211
SC08524.S0,1,1,1,1,1,0,0,20251215,20261211
SC08526.S0,1,1,1,1,1,1,1,20251214,20261212
SC08527.S0,0,0,0,0,0,0,0,20251215,20261211
SC08528.S0,0,1,0,0,0,0,0,20251215,20261211
SC08529.S0,0,0,0,0,0,0,0,20260701,20261019
SC08530.S0,1,1,1,1,1,0,0,20260813,20261019
SC08531.S0,0,0,0,0,0,0,0,20251214,20261212
SC00357.S0,0,0,0,0,0,1,1,20261107,20261212
SC08532.S0,1,1,1,1,1,0,0,20260309,20261211
SC08533.S0,0,0,0,0,0,0,0,20260321,20261101
SC08534.S0,0,0,0,0,0,0,0,20260606,20261101
SC08535.S0,1,1,1,1,1,0,0,20251215,20261211
SC00438.S0,0,0,0,0,0,0,1,20251214,20261206
SC08536.S0,0,0,0,0,0,0,0,20261129,20261129
SC08537.S0,1,1,1,1,1,0,0,20251215,20261211
SC08539.S0,1,1,1,1,1,1,1,20251214,20261212
SC08541.S0,1,1,1,1,1,1,1,20260904,20261012
SC08542.S0,1,1,1,1,1,1,1,20261013,20261018
SC08543.S0,1,1,1,1,1,0,0,20251215,20261211
SC08544.S0,0,0,0,0,0,1,1,20251214,20261212
SC08546.S0,1,1,1,1,1,1,1,20251214,20261212
SC08548.S0,1,1,1,1,1,1,1,20260903,20261011
SC08549.S0,0,0,0,0,0,1,1,20251214,20261212
SC08550.S0,0,0,0,0,0,1,1,20260905,20261011
SC08551.S0,1,1,1,1,1,0,0,20251215,20261211
SC08552.S0,1,1,1,1,1,1,1,20251214,20261212
SC08553.S0,1,1,1,1,1,0,0,20251215,20261211
SC08555.S0,0,0,0,0,0,1,1,20251214,20261212
SC08556.S0,0,0,0,0,0,1,1,20251214,20261212
SC08557.S0,1,1,1,1,1,0,0,20251215,20261211
SC08559.S0,1,1,1,1,1,1,1,20251214,20261212
SC08560.S0,1,1,1,1,1,1,1,20261012,20261017
SC08561.S0,0,0,0,0,0,1,1,20251214,20261212
SC08562.S0,0,0,0,0,0,1,1,20251214,20261212
SC08563.S0,1,1,1,1,1,0,0,20251215,20261211
SC08564.S0,1,1,1,1,1,1,1,20251214,20261212
SC08566.S0,0,0,0,0,0,1,1,20251214,20261212
SC08567.S0,1,1,1,1,1,0,0,20251215,20261211
SC08568.S0,1,1,1,1,1,1,1,20251214,20261212
SC08569.S0,1,1,1,1,1,0,0,20251215,20261211
SC08570.S0,0,0,0,0,0,1,1,20251214,20261212
SC08571.S0,0,0,0,0,0,1,1,20251214,20261212
SC08572.S0,1,1,1,1,1,0,0,20251215,20261211
SC08573.S0,1,1,1,1,1,0,0,20251215,20261211
SC08574.S0,0,0,0,0,0,1,1,20251214,20261212
SC08575.S0,0,0,0,0,0,1,1,20251214,20261212
SC08576.S0,1,1,1,1,1,0,0,20251215,20261211
SC08577.S0,1,1,1,1,1,1,1,20251214,20261212
SC08578.S0,1,1,1,1,1,0,0,20251215,20261211
SC08579.S0,1,1,1,1,0,0,0,20251215,20261211
SC08580.S0,0,0,0,0,0,0,0,20260702,20261019
SC00470.S0,1,1,1,1,1,0,0,20260707,20261019
SC08581.S0,0,0,0,0,0,1,1,20251214,20261212
SC00301.S0,0,0,0,0,0,1,1,20260704,20261018
SC08582.S0,0,0,0,0,0,0,0,20260615,20261211
SC08584.S0,1,1,1,1,1,0,0,20260707,20261019
SC08585.S0,0,0,0,0,0,0,0,20251214,20261212
SC08587.S0,1,1,1,0,1,0,0,20251215,20261211
SC08588.S0,0,0,0,0,0,0,0,20260702,20261019
SC00471.S0,1,1,1,1,1,1,1,20260704,20261019
SC08589.S0,0,0,0,0,0,0,1,20251214,20261212
SC08590.S0,1,1,1,0,0,0,0,20251215,20261211
SC08591.S0,0,0,0,0,0,0,0,20260701,20261019
SC08592.S0,1,1,1,1,1,0,1,20251214,20261212
SC08593.S0,0,0,0,0,0,0,0,20260701,20261019
SC08594.S0,0,0,0,0,0,0,0,20260321,20261211
SC08595.S0,0,0,0,0,0,0,0,20260701,20261019
SC08596.S0,0,0,0,0,0,0,1,20251214,20261212
SC08597.S0,0,0,0,0,0,0,0,20260615,20261211
SC08599.S0,1,1,1,1,1,0,0,20260707,20261019
SC08600.S0,0,0,0,0,0,1,1,20251214,20261212
SC08601.S0,1,1,0,0,0,1,1,20251214,20261212
SC08603.S0,1,1,1,0,0,0,0,20251215,20261211
SC08604.S0,0,0,0,0,0,1,1,20251214,20261212
SC08605.S0,0,0,0,0,0,1,1,20261028,20261212
SC08606.S0,1,1,1,1,1,1,1,20251214,20261212
SC08607.S0,0,0,0,0,0,0,0,20260701,20261019
SC08608.S0,1,1,1,1,1,1,1,20260704,20261019
SC08609.S0,1,1,1,1,1,1,1,20251214,20261212
SC08610.S0,1,1,0,0,0,0,1,20251214,20261212
SC08613.S0,0,0,0,0,0,0,0,20260701,20261018
SC08614.S0,1,1,1,1,1,1,1,20260704,20261018
SC08615.S0,1,1,1,0,0,0,1,20251214,20261212
SC08618.S0,0,0,0,0,0,0,0,20260702,20261019
SC08619.S0,1,1,1,1,1,1,1,20260705,20261019
SC08621.S0,1,1,1,1,1,1,1,20251214,20261212
SC08622.S0,1,1,1,0,0,0,0,20251215,20261211
SC08623.S0,0,0,0,0,0,0,0,20260707,20261019
SC00475.S0,1,1,1,1,1,0,0,20260721,20261019
SC08624.S0,1,1,1,0,0,0,0,20251215,20261211
SC08625.S0,1,1,1,1,1,0,0,20260707,20261019
SC08626.S0,1,1,1,0,0,0,0,20251215,20261211
SC08628.S0,1,1,1,1,1,0,0,20260707,20261019
SC08629.S0,1,1,1,1,0,0,0,20261020,20261026
SC08630.S0,1,1,1,1,1,0,0,20261027,20261211
SC08631.S0,1,1,1,1,1,1,1,20251214,20261212
SC00473.S0,1,1,1,1,1,1,1,20260704,20261018
SC08632.S0,1,1,0,1,0,0,1,20251214,20261212
SC08633.S0,1,1,1,1,1,1,1,20260704,20261018
SC08634.S0,1,1,1,0,1,0,1,20251214,20261212
SC08635.S0,1,1,1,1,1,1,1,20260705,20261019
SC08636.S0,1,1,1,1,1,0,0,20251215,20261211
SC08638.S0,0,0,0,0,0,1,1,20251214,20261212
SC08639.S0,0,0,0,0,0,1,1,20251214,20261212
SC08641.S0,1,1,1,1,1,0,0,20251215,20261211
SC08645.S0,1,1,1,1,1,1,1,20251214,20261212
SC08647.S0,0,0,0,0,0,1,1,20251214,20261212
SC08648.S0,0,0,0,0,0,1,1,20251214,20261212
SC08649.S0,0,0,0,0,0,0,0,20251215,20261211
SC08650.S0,1,1,1,1,1,0,0,20260415,20261211
SC08651.S0,0,0,0,0,0,0,0,20251220,20261212
SC08652.S0,0,0,0,0,0,1,0,20260418,20261212
SC08653.S0,0,0,0,0,0,0,0,20251215,20261211
SC08655.S0,0,0,0,0,0,0,0,20251215,20261212
SC08657.S0,1,1,1,1,1,1,0,20260415,20261212
SC08660.S0,1,1,1,1,1,1,0,20261001,20261020
SC08661.S0,1,1,1,1,1,1,0,20260415,20261212
SC08662.S0,0,0,0,0,0,1,1,20251214,20261212
SC08663.S0,0,0,0,0,0,0,0,20251215,20261211
SC08664.S0,1,1,1,1,1,0,0,20260415,20261211
SC08665.S0,0,0,0,0,0,0,0,20251214,20261206
SC08666.S0,0,0,0,0,0,0,1,20260419,20261206
SC08667.S0,0,0,0,0,0,0,1,20261004,20261018
SC08668.S0,0,0,0,0,0,0,0,20251220,20261212
SC08669.S0,0,0,0,0,0,1,0,20260620,20261212
SC08670.S0,1,1,1,1,1,1,1,20251214,20261212
SC08671.S0,0,0,0,0,0,0,1,20251214,20261206
SC08672.S0,0,0,0,0,0,1,0,20251220,20261212
SC08673.S0,1,1,1,1,1,1,1,20251214,20261212
SC08674.S0,0,0,0,0,0,0,0,20251220,20261212
SC08675.S0,0,0,0,0,0,1,0,20260418,20261212
SC08676.S0,1,1,1,1,1,0,0,20251215,20261211
SC08677.S0,1,1,1,1,1,1,1,20251214,20261212
SC08678.S0,1,1,1,1,1,1,1,20251214,20261212
SC08679.S0,1,1,1,1,1,1,1,20251214,20261212
SC08682.S0,1,1,1,1,1,1,1,20251214,20261212
SC08683.S0,1,1,1,1,1,1,1,20251214,20261212
SC08684.S0,1,1,1,1,1,1,1,20251214,20261212
SC08685.S0,0,0,0,0,0,1,0,20251220,20261212
SC08686.S0,0,0,0,0,0,1,0,20260418,20261212
SC08687.S0,1,1,1,1,1,0,1,20251214,20261211
SC08689.S0,1,1,1,1,1,0,0,20251215,20261211
SC08690.S0,0,0,0,0,0,1,1,20251214,20261212
SC08691.S0,1,1,1,1,1,1,1,20251214,20261212
SC08692.S0,1,1,1,1,1,0,0,20251215,20261211
SC08693.S0,1,1,1,1,1,1,1,20251214,20261212
SC08694.S0,1,1,1,1,1,1,1,20251214,20261212
SC08695.S0,1,1,1,1,1,1,1,20251214,20261212
SC08696.S0,1,1,1,1,1,1,1,20251214,20261212
SC08701.S0,1,1,1,1,1,1,1,20251214,20261212
SC08702.S0,1,1,1,1,1,0,0,20251215,20261211
SC08703.S0,1,1,1,1,1,0,0,20251215,20261211
SC08705.S0,1,1,1,1,1,1,1,20251214,20261212
SC08706.S0,1,1,1,1,1,0,0,20251215,20261211
SC08707.S0,1,1,1,1,1,0,0,20251215,20261211
SC08708.S0,1,1,1,1,1,0,0,20251215,20261211
SC08710.S0,0,0,0,0,0,1,1,20251214,20261212
SC08712.S0,1,1,1,1,1,0,0,20251215,20261211
SC08713.S0,0,0,0,0,0,1,1,20251214,20261212
SC08714.S0,1,1,1,1,1,0,0,20251215,20261211
SC08715.S0,1,1,1,1,1,0,0,20251215,20261211
SC08716.S0,1,1,1,1,1,1,1,20251214,20261212
SC08719.S0,1,1,1,1,1,1,1,20251214,20261212
SC08721.S0,1,1,1,1,1,0,0,20251215,20261211
SC08722.S0,0,0,0,0,0,1,1,20251214,20261212
SC08723.S0,0,0,0,0,0,1,1,20251214,20261212
SC08724.S0,0,0,0,0,0,1,1,20251214,20261212
SC08725.S0,0,0,0,0,0,1,1,20251214,20261212
SC08726.S0,1,0,0,0,0,0,0,20251215,20261207
SC08727.S0,0,1,1,1,1,0,0,20251216,20261211
SC08728.S0,1,1,1,1,1,1,1,20251214,20261212
SC08729.S0,1,1,1,1,1,1,1,20251214,20261212
SC08730.S0,1,1,1,1,1,1,1,20251214,20261212
SC08731.S0,1,1,1,1,1,1,1,20251214,20261212
SC08732.S0,1,1,1,1,1,1,1,20251214,20261212
SC08733.S0,0,0,0,0,0,0,0,20251215,20261211
SC08735.S0,0,0,0,0,0,0,0,20251214,20261212
SC08737.S0,0,0,0,0,0,0,0,20251214,20261212
SC08738.S0,0,0,0,0,0,0,0,20251214,20261212
SC08739.S0,0,0,0,0,0,0,0,20251214,20261212
SC08740.S0,0,0,0,0,0,0,0,20251214,20261212
SC08741.S0,1,1,1,1,1,0,0,20251215,20261211
SC08742.S0,1,1,1,1,1,0,0,20251215,20261211
SC08743.S0,1,1,1,1,1,1,1,20260907,20261212
SC08744.S0,1,1,1,1,1,1,1,20260907,20261212
SC08745.S0,1,1,1,1,1,0,0,20260907,20261211
SC08746.S0,1,1,1,1,1,1,1,20260907,20261212
SC08747.S0,1,1,1,1,1,0,0,20260907,20261211
SC08748.S0,0,0,0,0,0,1,1,20260912,20261212
SC08749.S0,1,1,1,1,1,0,0,20260907,20261211
SC08750.S0,1,1,1,1,1,1,1,20260907,20261212
SC08751.S0,1,1,1,1,1,1,1,20260907,20261212
SC08752.S0,1,1,1,1,1,1,1,20260907,20261212
SC08753.S0,1,1,1,1,1,1,1,20260907,20261212
SC08754.S0,1,1,1,1,1,0,0,20251215,20261211
SC08756.S0,1,0,0,0,0,0,0,20251215,20261207
SC08757.S0,1,0,0,0,0,0,0,20261005,20261102
SC08758.S0,0,1,1,1,1,0,0,20251216,20261211
SC08759.S0,0,1,1,1,1,0,0,20260930,20261104
SC08760.S0,0,0,0,0,0,1,1,20251214,20261212
SC08761.S0,0,0,0,0,0,1,1,20251214,20261212
SC08762.S0,0,0,0,0,0,1,0,20251220,20261212
SC08763.S0,0,0,0,0,0,0,1,20251214,20261206
SC08764.S0,1,1,1,1,1,1,1,20251214,20261212
SC08765.S0,0,0,0,0,0,1,1,20251214,20261212
SC08766.S0,1,1,1,1,1,0,0,20251215,20261211
SC08767.S0,0,0,0,0,0,0,0,20251215,20261211
SC08768.S0,1,1,1,1,1,0,0,20260108,20261211
SC00147.S0,0,0,0,0,0,1,0,20251220,20261212
SC08769.S0,0,0,0,0,0,0,1,20251214,20261206
SC08771.S0,1,1,1,1,1,1,0,20251215,20261212
SC08772.S0,0,0,0,0,0,0,1,20251214,20261206
SC08773.S0,0,0,0,0,0,0,1,20251214,20261206
SC08774.S0,1,1,1,1,1,0,1,20251214,20261211
SC08775.S0,1,1,1,1,1,0,1,20260930,20261104
SC08776.S0,1,1,1,1,1,0,0,20251215,20261211
SC08777.S0,1,1,1,1,1,1,1,20251214,20261212
SC08778.S0,1,1,1,1,1,0,0,20251215,20261211
SC08779.S0,1,1,1,1,0,0,0,20251215,20261210
SC08780.S0,1,1,1,1,0,1,1,20251214,20261212
SC08781.S0,1,1,1,1,0,0,0,20260930,20261104
SC08782.S0,0,0,0,0,1,0,0,20251219,20261211
SC08783.S0,1,1,1,1,1,1,1,20251214,20261212
SC08784.S0,1,1,1,1,0,1,1,20251214,20261212
SC08785.S0,1,1,1,1,0,1,1,20260930,20261103
SC08786.S0,1,1,1,1,0,0,0,20251215,20261210
SC08787.S0,0,0,0,0,1,1,0,20251219,20261212
SC08788.S0,1,1,1,1,1,1,0,20251215,20261212
SC08789.S0,1,1,1,1,1,1,0,20260929,20261103
SC08790.S0,0,0,0,0,1,1,0,20251219,20261212
SC08791.S0,0,0,0,0,1,1,0,20261002,20261031
SC08792.S0,0,0,0,0,0,1,0,20251220,20261212
SC08793.S0,0,0,0,0,1,0,0,20251219,20261211
SC08794.S0,1,1,1,1,1,1,0,20251215,20261212
SC08795.S0,1,1,1,1,1,0,0,20251215,20261211
SC08796.S0,1,1,1,1,1,0,0,20251215,20261211
SC08797.S0,0,0,0,0,0,0,0,20251214,20261212
SC08798.S0,1,1,1,1,1,1,1,20260614,20261212
SC08799.S0,1,1,1,1,1,0,0,20251215,20261211
SC08800.S0,0,0,0,0,0,0,0,20251215,20261211
SC08801.S0,0,0,0,0,0,1,1,20251214,20261212
SC08804.S0,0,0,0,0,0,1,1,20251214,20261212
SC08806.S0,1,1,1,1,1,0,0,20251215,20261211
SC08808.S0,1,1,1,1,1,1,0,20251215,20261212
SC08809.S0,1,1,1,1,1,1,1,20251214,20261212
SC08810.S0,1,1,1,1,1,1,1,20251214,20261212
SC08812.S0,1,1,1,1,1,1,1,20251214,20261212
SC08813.S0,1,1,1,1,1,1,1,20251214,20261212
SC08814.S0,1,1,1,1,1,1,1,20251214,20261212
SC08815.S0,1,1,1,1,1,0,0,20251215,20261211
SC08817.S0,0,0,0,0,0,1,1,20251214,20261212
SC08819.S0,1,1,1,1,1,1,1,20251214,20261212
SC08821.S0,1,1,1,1,1,0,0,20251215,20261211
SC08822.S0,1,1,1,1,1,1,1,20251214,20261212
SC08823.S0,0,0,0,0,0,1,1,20251214,20261212
SC08824.S0,1,1,1,1,1,0,0,20251215,20261211
SC08825.S0,1,1,1,1,1,1,0,20251215,20261212
SC08827.S0,1,1,1,1,1,1,1,20251214,20261212
SC08828.S0,1,1,1,1,1,1,0,20251215,20261212
SC08830.S0,1,1,1,1,1,1,1,20251214,20261212
SC08831.S0,1,1,1,1,1,0,0,20251215,20261211
SC08832.S0,1,1,1,1,1,1,1,20251214,20261212
SC08833.S0,1,1,1,1,1,1,1,20251214,20261212
SC08834.S0,1,1,1,1,1,1,1,20251214,20261212
SC08835.S0,0,0,0,1,1,0,0,20251214,20261212
SC08836.S0,1,1,1,1,1,0,0,20251215,20261211
SC08837.S0,0,0,0,0,0,1,0,20251220,20261212
SC08838.S0,1,1,1,1,1,1,0,20251215,20261212
SC08841.S0,1,1,1,1,1,0,0,20251215,20261211
SC08842.S0,1,1,1,1,1,0,0,20251215,20261211
SC08843.S0,1,1,1,1,1,0,1,20251214,20261211
SC08844.S0,0,0,0,0,0,1,0,20251220,20261212
SC08845.S0,1,1,1,1,1,0,1,20251214,20261211
SC08846.S0,1,1,1,1,0,0,1,20251214,20261210
SC08847.S0,1,1,1,1,1,0,0,20251215,20261211
SC08848.S0,1,1,1,1,1,0,0,20251215,20261211
SC08849.S0,1,1,1,1,1,1,0,20251215,20261212
SC08850.S0,1,1,1,1,1,1,0,20251215,20261212
SC08852.S0,1,1,1,1,1,0,0,20251215,20261211
SC08853.S0,1,1,1,1,1,0,0,20251215,20261211
SC08854.S0,1,1,1,1,1,1,1,20251214,20261212
SC08855.S0,1,1,1,1,1,0,0,20251215,20261211
SC08856.S0,1,1,1,1,1,1,1,20251214,20261212
SC08858.S0,1,1,1,1,1,1,1,20251214,20261212
SC00441.S0,1,1,1,1,1,0,0,20251215,20261211
SC08861.S0,0,0,0,0,0,0,0,20251215,20261211
SC08862.S0,1,1,1,1,1,0,0,20251215,20261211
SC08863.S0,1,1,1,1,1,0,0,20251215,20261211
SC08864.S0,1,1,1,1,1,0,0,20251215,20261211
SC08865.S0,1,1,1,1,1,1,1,20251214,20261212
SC08867.S0,1,1,1,1,1,1,0,20251215,20261212
SC08868.S0,1,1,1,1,1,1,0,20251215,20261212
SC08872.S0,1,1,1,1,1,0,0,20251215,20261211
SC08873.S0,0,0,0,0,0,1,0,20251220,20261212
SC08875.S0,0,0,0,0,0,1,0,20251220,20261212
SC08876.S0,1,1,1,1,1,0,0,20251215,20261211
SC08877.S0,0,0,0,0,0,1,1,20251214,20261212
SC08878.S0,0,0,0,0,0,0,0,20251220,20261212
SC08879.S0,0,0,0,0,0,0,1,20251214,20261206
SC08880.S0,0,0,0,0,0,0,1,20251214,20261206
SC08881.S0,1,1,1,1,1,1,0,20251215,20261212
SC08883.S0,0,0,0,0,0,1,1,20251214,20261212
SC08884.S0,0,0,0,0,0,0,0,20251215,20261212
SC08885.S0,1,1,1,1,1,0,0,20251215,20261211
SC08886.S0,1,1,1,1,1,0,0,20251215,20261211
SC08887.S0,0,0,0,0,0,1,1,20251214,20261212
SC08888.S0,0,0,0,0,0,0,0,20251214,20261212
SC08889.S0,1,1,1,1,1,1,1,20260308,20261212
SC08890.S0,0,0,0,0,0,1,1,20251214,20261212
SC08891.S0,1,1,1,1,1,0,1,20251214,20261211
SC08893.S0,0,0,0,0,0,1,0,20251220,20261212
SC08894.S0,1,1,1,1,1,0,0,20251215,20261211
SC08895.S0,0,0,0,0,0,1,1,20251214,20261212
SC08896.S0,0,0,0,0,0,1,1,20251214,20261212
SC08897.S0,1,1,1,1,1,0,0,20251215,20261211
SC08898.S0,0,0,0,0,0,0,0,20251215,20261211
SC00478.S0,1,1,1,1,1,0,0,20260903,20261211
SC08900.S0,0,0,0,0,0,1,1,20251214,20261212
SC08901.S0,0,0,0,0,0,0,0,20251214,20261212
SC08902.S0,1,1,1,1,1,1,1,20251214,20261212
SC08903.S0,1,1,1,1,1,0,0,20251215,20261211
SC08904.S0,1,1,1,1,1,1,1,20251214,20261212
SC08905.S0,1,1,1,1,1,0,0,20251215,20261211
SC08906.S0,1,1,1,1,1,0,0,20251215,20261211
SC08907.S0,1,1,1,1,1,0,0,20251215,20261211
SC08908.S0,1,1,1,1,1,1,1,20251214,20261212
SC08909.S0,1,1,1,1,1,0,0,20251215,20261211
SC08910.S0,1,1,1,1,1,0,0,20251215,20261211
SC08911.S0,0,0,0,0,1,0,0,20251219,20261211
SC08913.S0,1,1,1,1,0,0,0,20251215,20261210
SC08915.S0,1,1,1,1,1,1,1,20251214,20261212
SC08916.S0,0,0,0,0,0,1,1,20251214,20261212
SC08917.S0,1,1,1,1,1,1,1,20251214,20261212
SC08918.S0,1,1,1,1,1,0,0,20251215,20261211
SC08919.S0,0,0,0,0,0,1,1,20251214,20261212
SC08920.S0,1,1,1,1,1,1,1,20251214,20261212
SC08921.S0,1,1,1,1,1,1,1,20251214,20261212
SC08922.S0,1,1,1,1,1,0,0,20251215,20261211
SC08923.S0,1,1,1,1,1,1,1,20251214,20261212
SC08924.S0,1,1,1,1,1,0,0,20251215,20261211
SC08926.S0,1,1,1,1,1,1,1,20251214,20261212
SC08928.S0,1,1,1,1,1,1,1,20251214,20261212
SC08930.S0,1,1,1,1,1,0,0,20251215,20261211
SC08932.S0,0,0,0,0,0,1,1,20251214,20261212
SC08934.S0,1,1,1,1,1,0,0,20260813,20261019
SC08935.S0,0,0,0,0,0,1,1,20251214,20261212
SC08936.S0,0,0,0,0,0,0,0,20260813,20261019
SC08937.S0,1,1,1,1,1,0,0,20260902,20261019
SC08938.S0,0,0,0,0,0,0,1,20251214,20261212
SC08939.S0,0,0,0,0,0,0,0,20260704,20261018
SC08940.S0,0,0,0,0,0,1,1,20260815,20261018
SC08941.S0,1,1,1,0,0,0,0,20251215,20261211
SC08942.S0,1,1,1,1,1,0,1,20251214,20261212
SC08943.S0,0,0,0,0,0,0,0,20260701,20261019
SC08944.S0,1,1,1,1,1,1,1,20260813,20261019
SC08945.S0,1,1,1,1,1,1,1,20261020,20261130
SC08946.S0,1,1,0,1,1,0,1,20251214,20261212
SC08947.S0,0,1,0,0,0,0,0,20251215,20261211
SC08948.S0,1,0,0,1,1,0,1,20251214,20261212
SC08949.S0,1,1,1,1,1,0,1,20251214,20261212
SC08950.S0,0,0,0,0,0,1,1,20251214,20261212
SC08951.S0,1,1,1,1,1,0,1,20251214,20261212
SC08952.S0,1,1,1,1,1,0,1,20251214,20261212
SC08953.S0,1,1,0,0,0,0,0,20251215,20261211
SC08955.S0,1,0,0,0,0,0,0,20251214,20261212
SC08959.S0,0,0,0,0,0,0,0,20251215,20261211
SC08961.S0,0,0,0,0,0,0,0,20251215,20261211
SC08962.S0,0,0,0,0,0,0,1,20251214,20261212
SC08963.S0,0,0,0,0,0,0,0,20251214,20261212
SC08964.S0,0,0,0,0,0,1,1,20260704,20261018
SC08965.S0,1,1,1,1,1,0,0,20251215,20261211
SC08966.S0,0,0,0,0,0,0,0,20251214,20261212
SC08967.S0,1,1,1,1,1,0,0,20251215,20261211
SC08969.S0,1,1,1,1,1,0,0,20251215,20261211
SC08971.S0,0,0,0,0,0,1,1,20260501,20261011
SC08972.S0,1,1,1,1,1,0,0,20251215,20261211
SC08974.S0,1,1,1,1,1,0,0,20251215,20261211
SC08975.S0,1,1,1,1,1,1,1,20251214,20261212
SC08977.S0,1,1,1,1,1,0,0,20251215,20261211
SC08979.S0,0,0,0,0,0,1,1,20251214,20261212
SC08980.S0,1,1,1,1,1,0,0,20251215,20261211
SC08982.S0,1,1,1,1,1,0,0,20251215,20261211
SC08984.S0,1,1,1,1,1,0,0,20251215,20261211
SC08985.S0,1,1,1,1,1,0,0,20251215,20261211
SC08986.S0,1,1,1,1,1,0,0,20251215,20261211
SC00493.S0,0,0,0,0,0,0,1,20251214,20261206
SC08987.S0,1,1,1,1,1,0,0,20251215,20261211
SC08988.S0,1,1,1,1,1,0,0,20251215,20261211
SC08990.S0,0,0,0,0,0,1,1,20251214,20261212
SC08991.S0,0,0,0,0,0,1,1,20251214,20261212
SC08992.S0,1,1,1,1,1,0,0,20251215,20261211
SC08993.S0,0,0,0,0,0,1,1,20251214,20261212
SC08994.S0,1,1,1,1,1,0,0,20251215,20261211
SC08995.S0,0,0,0,0,0,1,1,20251214,20261212
SC08996.S0,1,1,1,1,1,0,0,20251215,20261211
SC08997.S0,0,0,0,0,0,1,1,20251214,20261212
SC08998.S0,1,1,1,1,1,0,0,20251215,20261211
SC08999.S0,0,0,0,0,0,1,1,20251214,20261212
SC09000.S0,0,0,0,0,0,1,1,20251214,20261212
SC09001.S0,1,1,1,1,1,1,1,20251214,20261212
SC09003.S0,1,1,1,1,1,1,1,20251214,20261212
SC09004.S0,1,1,1,1,1,0,1,20251214,20261211
SC09005.S0,1,1,1,1,1,1,1,20251214,20261212
SC09007.S0,1,1,1,1,1,1,1,20251214,20261212
SC09008.S0,1,1,1,1,1,1,1,20251214,20261212
SC09009.S0,1,1,1,1,1,1,1,20251214,20261212
SC09010.S0,1,1,1,1,1,0,0,20251215,20261211
SC09011.S0,1,1,1,1,1,0,0,20251215,20261211
SC09012.S0,1,1,1,1,1,1,1,20251214,20261212
SC09014.S0,1,1,1,1,1,0,0,20251215,20261211
SC09015.S0,1,1,1,1,1,1,1,20251214,20261212
SC09016.S0,1,1,1,1,1,0,0,20251215,20261211
SC00263.S0,0,0,0,0,1,1,0,20251219,20261212
SC09017.S0,1,1,1,1,1,0,0,20251215,20261211
SC09019.S0,1,1,1,1,1,1,1,20251214,20261212
SC09021.S0,0,0,0,0,0,1,1,20251214,20261212
SC09023.S0,1,1,1,1,1,0,0,20251215,20261211
SC09024.S0,0,0,0,0,0,1,1,20251214,20261212
SC09026.S0,1,1,1,1,1,0,0,20251215,20261211
SC09028.S0,1,1,1,1,1,0,0,20251215,20261211
SC09030.S0,1,1,1,1,1,1,1,20251214,20261212
SC09032.S0,1,1,1,1,1,1,1,20251214,20261212
SC09033.S0,1,1,1,1,1,1,1,20251214,20261212
SC09034.S0,0,0,0,0,0,1,1,20251214,20261212
SC09036.S0,1,1,1,1,1,1,1,20251214,20261212
SC09038.S0,1,1,1,1,1,1,1,20261005,20261020
SC09039.S0,1,1,1,1,1,1,1,20251214,20261212
SC09041.S0,1,1,1,1,1,0,1,20251215,20261211
SC09042.S0,0,0,0,0,0,0,0,20251214,20261212
SC09043.S0,1,1,1,1,1,1,1,20251214,20261212
SC09044.S0,1,1,1,1,1,0,0,20251215,20261211
SC09046.S0,1,1,1,1,1,0,0,20251215,20261211
SC09048.S0,0,0,0,0,0,1,1,20251214,20261212
SC09049.S0,1,1,1,1,1,1,1,20251214,20261212
SC09050.S0,1,1,1,1,1,1,1,20251214,20261212
SC09052.S0,1,1,1,1,1,0,0,20251215,20261211
SC09053.S0,1,1,1,1,1,0,0,20261006,20261020
SC09054.S0,1,1,1,1,1,0,0,20251215,20261211
SC09055.S0,1,1,1,1,1,0,0,20251215,20261211
SC09056.S0,1,1,1,1,1,0,0,20251215,20261211
SC09058.S0,1,1,1,1,1,0,0,20261005,20261019
SC09059.S0,1,1,1,1,1,1,1,20251214,20261212
SC09060.S0,0,0,0,0,0,1,1,20251214,20261212
SC09061.S0,1,1,1,1,1,0,0,20251215,20261211
SC09062.S0,1,1,1,1,1,0,0,20251215,20261211
SC09064.S0,1,1,1,1,1,1,1,20251214,20261212
SC09065.S0,1,1,1,1,0,0,1,20251214,20261210
SC09066.S0,1,1,1,1,1,1,0,20251215,20261212
SC09067.S0,1,1,1,1,1,0,0,20251215,20261211
SC09068.S0,1,1,1,1,1,0,0,20251215,20261211
SC09069.S0,1,1,1,1,1,0,0,20251215,20261211
SC09071.S0,0,0,0,0,0,0,0,20251214,20261212
SC09072.S0,1,1,1,1,1,1,1,20251214,20261212
SC09075.S0,1,1,1,1,1,0,0,20251215,20261211
SC09076.S0,1,1,1,1,1,0,0,20251215,20261211
SC09078.S0,1,1,1,1,1,1,1,20251214,20261212
SC09080.S0,1,1,1,1,1,0,0,20251215,20261211
SC09081.S0,1,1,1,1,1,0,0,20251215,20261211
SC09082.S0,0,0,0,0,0,1,1,20251214,20261212
SC09084.S0,1,1,1,1,1,0,0,20251215,20261211
SC09085.S0,1,1,1,1,1,1,1,20251214,20261212
SC09086.S0,1,1,1,1,1,1,1,20251214,20261212
SC09087.S0,0,0,0,0,0,1,1,20251214,20261212
SC09088.S0,1,1,1,1,1,0,0,20251215,20261211
SC09089.S0,1,1,1,1,1,0,0,20251215,20261211
SC09090.S0,1,1,1,1,1,0,0,20260903,20261012
SC09091.S0,1,1,1,1,1,1,1,20251214,20261212
SC09092.S0,1,1,1,1,1,1,1,20260903,20261012
SC09093.S0,1,1,1,1,1,1,1,20251214,20261212
SC09094.S0,1,1,1,1,1,1,1,20251214,20261212
SC09095.S0,1,1,1,1,1,1,1,20251214,20261212
SC09096.S0,1,1,1,1,1,1,1,20251214,20261212
SC09097.S0,0,0,0,0,0,1,1,20251214,20261212
SC09098.S0,1,1,1,1,1,1,1,20251214,20261212
SC09099.S0,0,0,0,0,1,1,0,20251219,20261212
SC09101.S0,1,1,1,1,1,0,0,20251215,20261211
SC09102.S0,1,1,1,1,1,0,0,20260929,20261109
SC09103.S0,1,1,1,1,1,0,0,20251215,20261211
SC09104.S0,1,1,1,1,1,1,0,20251215,20261212
SC09105.S0,1,1,1,1,1,1,0,20260929,20261109
SC09106.S0,1,1,1,1,1,1,1,20251214,20261212
SC09107.S0,1,1,1,1,1,1,1,20260929,20261109
SC09108.S0,1,1,1,1,1,0,0,20251215,20261211
SC09109.S0,1,1,1,1,1,1,1,20251214,20261212
SC09110.S0,1,1,1,1,1,1,1,20251214,20261212
SC09111.S0,1,1,1,1,1,1,1,20251214,20261212
SC09112.S0,1,1,1,1,1,1,1,20251214,20261212
SC09113.S0,1,1,1,1,1,1,1,20251214,20261212
SC09114.S0,1,1,1,1,1,1,1,20251214,20261212
SC09115.S0,1,1,1,1,1,1,1,20251214,20261212
SC09116.S0,1,1,1,1,1,0,0,20251215,20261211
SC09117.S0,1,1,1,1,1,0,0,20251215,20261211
SC09118.S0,1,1,1,1,1,0,0,20251215,20261211
SC09119.S0,1,1,1,1,1,0,0,20251215,20261211
SC09120.S0,1,1,1,1,1,0,0,20251215,20261211
SC09121.S0,0,0,0,0,0,0,0,20260328,20261101
SC09122.S0,1,1,1,1,1,0,0,20251215,20261211
SC09123.S0,1,1,1,1,1,0,0,20251215,20261211
SC04240.S0,1,1,1,1,1,0,0,20251215,20261211
SC09124.S0,0,0,0,0,0,1,1,20260328,20261101
SC09125.S0,1,1,1,1,1,0,0,20260615,20261211
SC00480.S0,0,0,0,0,0,0,0,20261029,20261116
SC09126.S0,0,0,0,0,0,1,1,20260614,20261212
SC00481.S0,0,0,0,0,0,1,1,20261028,20261117
SC09127.S0,1,1,1,1,1,0,0,20260615,20261211
SC09129.S0,0,0,0,0,0,0,0,20251220,20261212
SC09130.S0,0,0,0,0,0,1,0,20260620,20261212
SC00483.S0,0,0,0,0,0,1,0,20261028,20261117
SC09131.S0,0,0,0,0,0,0,0,20251214,20261206
SC09132.S0,0,0,0,0,0,0,1,20260614,20261206
SC00482.S0,0,0,0,0,0,0,1,20261101,20261115
SC09133.S0,0,0,0,0,0,0,0,20251220,20261212
SC09134.S0,0,0,0,0,0,1,0,20260620,20261212
SC09135.S0,0,0,0,0,0,0,1,20251214,20261206
SC09136.S0,0,0,0,0,0,0,1,20260614,20261206
SC09137.S0,1,1,1,1,1,0,0,20260615,20261211
SC09138.S0,0,1,0,0,0,0,0,20251215,20261211
SC09139.S0,0,0,0,0,0,0,0,20251215,20261211
SC09141.S0,1,1,1,1,1,0,0,20260615,20261211
SC09142.S0,0,0,0,0,0,0,0,20251219,20261211
SC09143.S0,0,0,0,0,1,0,0,20260619,20261211
SC09144.S0,0,1,0,0,0,0,0,20251215,20261210
SC09145.S0,1,1,1,1,0,0,0,20260615,20261210
SC00485.S0,0,0,0,0,0,0,0,20261029,20261116
SC09146.S0,1,1,1,1,0,0,0,20260615,20261210
SC09147.S0,1,1,1,1,0,0,0,20260615,20261210
SC09148.S0,1,1,0,0,0,0,0,20251214,20261211
SC09149.S0,1,1,1,1,1,0,1,20260614,20261211
SC00488.S0,0,0,0,0,0,0,1,20261028,20261117
SC09150.S0,0,0,0,0,0,1,0,20251220,20261212
SC09151.S0,0,0,0,0,0,1,0,20260620,20261212
SC00486.S0,0,0,0,0,0,1,0,20261031,20261114
SC09152.S0,0,0,0,0,1,0,0,20260619,20261211
SC09153.S0,1,1,0,1,1,1,1,20251214,20261212
SC09154.S0,0,0,0,0,0,0,1,20251214,20261206
SC09155.S0,0,0,0,0,0,0,1,20260614,20261206
SC09156.S0,0,0,0,0,0,0,0,20251220,20261212
SC09157.S0,0,0,0,0,0,1,0,20260620,20261212
SC09158.S0,1,1,1,1,1,1,1,20260614,20261212
SC09159.S0,1,1,1,1,1,0,0,20260615,20261211
SC09165.S0,0,0,0,0,0,0,0,20251222,20261030
SC09164.S0,0,0,0,0,0,0,0,20260429,20261030
SC09166.S0,0,0,0,0,0,0,0,20251215,20261211
SC09167.S0,0,0,0,0,0,1,1,20251214,20261212
SC09168.S0,0,0,0,0,0,0,0,20251215,20261211
SC09170.S0,0,0,0,0,0,0,0,20260107,20261211
SC09169.S0,0,0,0,0,0,0,0,20260515,20261211
SC09172.S0,1,1,1,1,1,0,0,20260615,20261211
SC09173.S0,0,0,0,0,0,0,0,20260207,20261212
SC09174.S0,0,0,0,0,0,1,1,20260523,20261212
SC09176.S0,0,0,0,0,0,0,0,20260203,20261211
SC09177.S0,1,1,1,1,1,0,0,20260521,20261211
SC09179.S0,0,0,0,0,0,1,1,20260207,20261212
SC09181.S0,1,1,1,1,1,0,0,20260203,20261211
SC09183.S0,1,1,1,1,1,0,0,20260203,20261211
SC09184.S0,1,0,0,0,0,0,1,20251214,20261207
SC09188.S0,1,0,0,0,0,0,1,20261005,20261019
SC09189.S0,1,1,1,1,1,1,1,20251214,20261212
SC09191.S0,1,1,1,1,1,1,0,20251215,20261212
SC09192.S0,0,0,0,0,0,1,0,20251220,20261212
SC09196.S0,1,1,1,1,1,0,1,20251214,20261211
SC09205.S0,1,1,1,1,1,1,1,20260210,20261212
SC09206.S0,0,0,0,0,0,1,0,20251220,20261212
SC09211.S0,1,1,1,1,1,0,0,20251215,20261211
SC09212.S0,1,1,1,1,1,0,0,20251215,20261211
SC09213.S0,1,1,1,1,1,0,0,20251215,20261211
SC09214.S0,1,1,1,1,1,1,1,20251216,20261212
SC09218.S0,1,1,1,1,1,0,0,20251222,20261211
SC09226.S0,1,1,1,1,1,0,0,20260202,20261211
SC09227.S0,1,1,1,1,1,1,1,20260202,20261212
SC09228.S0,1,1,1,1,1,1,1,20260202,20261212
SC09231.S0,0,0,0,0,0,1,1,20260207,20261212
SC09232.S0,0,0,0,0,0,1,1,20260207,20261212
SC09233.S0,0,0,0,0,0,1,1,20260207,20261212
SC09234.S0,0,0,0,0,0,1,1,20260207,20261212
SC09235.S0,1,1,1,1,1,1,1,20260302,20261212
SC09236.S0,0,0,0,0,0,1,1,20260307,20261212
SC09237.S0,1,1,1,1,1,0,0,20260302,20261211
SC09239.S0,0,0,0,0,0,0,0,20260308,20261206
SC09238.S0,0,0,0,0,0,0,1,20260511,20261206
SC09241.S0,0,0,0,0,0,0,0,20260302,20261212
SC09240.S0,1,1,1,1,1,1,0,20260505,20261212
SC09243.S0,0,0,0,0,0,0,0,20260313,20261211
SC09246.S0,0,0,0,0,1,0,0,20261009,20261211
SC09248.S0,0,0,0,0,0,0,0,20260313,20261211
SC09249.S0,0,0,0,0,1,0,0,20261009,20261211
SC09250.S0,1,1,1,1,1,0,0,20260216,20261211
SC09251.S0,1,1,1,1,1,0,0,20260216,20261211
SC09252.S0,1,1,1,1,1,0,0,20260216,20261211
SC09253.S0,1,1,1,1,1,0,0,20260216,20261211
SC09254.S0,0,0,0,0,0,0,0,20260216,20261211
SC09255.S0,1,1,1,1,1,0,0,20260217,20261211
SC09256.S0,1,1,1,1,1,0,0,20260216,20261211
SC09257.S0,0,0,0,0,0,0,0,20260312,20261211
SC09259.S0,1,1,1,1,1,0,0,20261005,20261211
SC09263.S0,1,1,1,1,1,0,0,20260309,20261211
SC09264.S0,1,1,1,1,1,1,1,20260313,20261212
SC09267.S0,0,0,0,0,0,0,0,20260313,20261212
SC09269.S0,1,1,1,1,1,1,1,20260831,20261018
SC09270.S0,0,0,0,0,0,0,0,20260313,20261212
SC09272.S0,0,0,0,0,0,0,0,20260313,20261211
SC09274.S0,1,1,1,1,0,0,0,20260831,20261016
SC09277.S0,0,0,0,0,0,0,0,20260325,20261212
SC09287.S0,0,0,0,0,0,0,0,20260309,20261211
SC09289.S0,0,0,0,0,0,0,1,20260308,20261206
SC09292.S0,1,1,1,1,1,1,0,20260309,20261212
SC09300.S0,1,1,1,1,1,1,1,20260308,20261212
SC09302.S0,1,1,1,1,1,0,0,20260309,20261211
SC09304.S0,1,1,1,1,1,0,0,20260309,20261211
SC09305.S0,0,0,0,0,0,1,1,20260308,20261212
SC09309.S0,1,1,1,1,1,1,1,20260128,20261212
SC09311.S0,1,1,1,1,1,1,1,20260514,20261212
SC09313.S0,1,1,1,1,1,0,0,20260325,20261211
SC09315.S0,1,1,1,1,1,1,1,20260325,20261212
SC09318.S0,1,1,1,1,0,0,1,20260325,20261210
SC09319.S0,0,0,0,0,1,1,0,20260327,20261212
SC09320.S0,1,1,1,1,1,0,0,20260430,20261211
SC00378.S0,0,0,0,0,0,1,1,20260403,20261101
SC09322.S0,0,0,0,0,0,1,1,20260403,20261212
SC09323.S0,0,0,0,0,0,0,0,20260403,20261031
SC09324.S0,0,0,0,0,0,1,0,20260411,20261031
SC09325.S0,0,0,0,0,0,0,0,20260403,20261212
SC09326.S0,0,0,0,0,0,1,1,20260411,20261212
SC09328.S0,0,0,0,0,0,1,1,20260328,20261212
SC09329.S0,1,1,1,1,1,0,0,20260325,20261211
SC09331.S0,0,0,0,0,0,1,1,20260328,20261212
SC09333.S0,1,1,1,1,1,0,0,20260309,20261211
SC09334.S0,0,0,0,0,0,0,0,20260309,20261211
SC09335.S0,0,1,1,1,1,0,0,20260310,20261211
SC09339.S0,1,1,1,1,1,0,0,20260309,20261211
SC09347.S0,0,0,0,0,0,1,1,20260501,20261212
SC09349.S0,0,0,0,0,0,0,0,20260214,20261212
SC09350.S0,1,1,1,1,1,1,1,20260601,20261212
SC00244.S0,1,1,1,1,1,0,0,20260916,20261015
SC09351.S0,0,0,0,0,0,1,0,20260314,20261212
SC00152.S0,0,0,0,0,0,0,1,20260308,20261206
SC09357.S0,1,1,1,1,1,1,1,20260416,20261212
SC09360.S0,1,1,1,1,1,0,0,20260416,20261211
SC09367.S0,0,0,0,0,0,0,0,20260405,20261129
SC09393.S0,1,1,1,1,1,0,0,20260415,20261211
SC09394.S0,1,1,1,1,1,0,1,20260415,20261211
SC09395.S0,0,0,0,0,0,0,1,20260419,20261206
SC09396.S0,0,0,0,0,0,1,0,20260418,20261212
SC09397.S0,0,1,0,1,0,0,1,20260416,20261210
SC09398.S0,0,1,0,1,0,1,0,20260416,20261212
SC09399.S0,0,0,0,0,0,1,1,20261128,20261212
SC09400.S0,0,0,0,0,0,1,1,20260418,20261212
SC09401.S0,1,1,1,1,1,0,1,20260415,20261211
SC09402.S0,0,0,0,0,0,1,1,20260418,20261101
SC09403.S0,0,0,0,0,0,1,1,20260418,20261101
SC09404.S0,1,1,1,1,1,0,0,20260415,20261211
SC09405.S0,0,0,0,0,0,1,1,20260418,20261212
SC09406.S0,0,0,0,0,0,1,0,20260418,20261212
SC09407.S0,1,1,1,1,1,1,1,20260415,20261212
SC09408.S0,1,1,1,1,1,0,0,20260415,20261211
SC09409.S0,1,1,1,1,1,1,1,20260415,20261212
SC09410.S0,0,0,0,0,1,0,0,20260417,20261211
SC09411.S0,0,0,0,0,0,1,1,20260418,20261101
SC09413.S0,0,0,0,0,0,1,1,20260418,20261101
SC09415.S0,0,0,0,0,0,0,0,20260415,20261212
SC09416.S0,0,0,0,0,0,0,0,20260415,20261212
SC09417.S0,0,0,0,0,0,0,0,20260415,20261212
SC09419.S0,0,0,0,0,0,0,0,20260415,20261212
SC09420.S0,0,0,0,0,0,0,0,20260415,20261211
SC09421.S0,1,1,1,1,1,1,1,20260415,20261212
SC09423.S0,1,1,1,1,0,0,0,20260415,20261210
SC09424.S0,0,0,0,0,1,0,0,20260417,20261211
SC09425.S0,0,0,0,0,0,1,0,20260418,20261212
SC09427.S0,1,1,1,1,1,0,1,20260424,20261212
SC09429.S0,1,1,1,1,1,1,1,20261015,20261212
SC09430.S0,0,0,0,0,0,0,0,20261116,20261116
SC09431.S0,1,0,1,0,1,1,0,20260424,20261212
SC09432.S0,0,1,0,1,0,0,1,20260423,20261210
SC09434.S0,1,1,1,1,1,1,1,20260415,20261212
SC09438.S0,0,0,0,0,0,0,0,20260415,20261211
SC09439.S0,1,1,1,1,1,0,0,20260525,20261211
SC09440.S0,1,1,1,1,1,0,0,20260415,20261211
SC09441.S0,1,1,1,1,1,0,0,20260415,20261211
SC09442.S0,1,1,1,1,1,1,1,20260415,20261212
SC09443.S0,1,1,1,1,1,0,0,20260415,20261211
SC09444.S0,1,1,1,1,1,0,0,20260415,20261211
SC09445.S0,1,1,1,1,1,1,1,20260415,20261212
SC09446.S0,1,1,1,1,1,1,1,20260415,20261212
SC09447.S0,0,1,1,1,1,1,1,20260501,20261212
SC09449.S0,0,1,1,1,1,1,1,20260501,20261212
SC09450.S0,0,1,1,1,1,1,1,20260502,20261212
SC09452.S0,1,1,1,1,1,0,0,20260415,20261211
SC09453.S0,1,1,1,1,1,1,1,20260415,20261212
SC09454.S0,1,1,1,1,1,0,0,20260415,20261211
SC09455.S0,1,1,1,1,1,0,0,20260415,20261211
SC09456.S0,0,0,0,0,0,0,0,20260415,20261212
SC09457.S0,1,1,1,1,1,1,1,20260701,20261212
SC09458.S0,1,1,1,1,1,0,0,20260415,20261211
SC09459.S0,0,0,0,0,0,1,1,20260418,20261212
SC09460.S0,1,1,1,1,1,0,0,20260415,20261211
SC09461.S0,1,1,1,1,1,0,0,20260415,20261211
SC09462.S0,1,1,1,1,1,0,0,20260415,20261211
SC09463.S0,1,1,1,1,1,1,1,20260415,20261212
SC09464.S0,1,1,1,1,1,0,0,20260415,20261211
SC09465.S0,1,1,1,1,1,0,0,20260415,20261211
SC09466.S0,1,1,1,1,1,1,1,20260415,20261212
SC09467.S0,1,1,1,1,1,0,0,20260415,20261211
SC09469.S0,1,1,1,1,1,0,0,20260615,20261211
SC09470.S0,1,1,1,1,1,1,1,20260614,20261212
SC09471.S0,0,0,0,0,0,0,0,20260415,20261211
SC09472.S0,0,0,0,0,0,0,0,20260415,20261212
SC09473.S0,1,1,1,1,1,1,1,20260701,20261212
SC09474.S0,1,1,1,1,1,1,1,20260701,20261212
SC09475.S0,0,0,0,0,0,0,0,20260415,20261212
SC09476.S0,0,0,0,0,0,0,0,20260415,20261212
SC09477.S0,0,0,0,0,0,0,0,20260415,20261212
SC09478.S0,0,0,0,0,0,0,0,20260415,20261211
SC09479.S0,1,1,1,1,1,0,0,20260701,20261211
SC09483.S0,0,1,1,1,1,1,1,20260501,20261212
SC09484.S0,1,1,1,1,1,1,1,20260528,20261211
SC09486.S0,0,1,1,1,1,1,1,20260501,20261212
SC09487.S0,1,1,1,1,1,1,1,20260701,20261212
SC00135.S0,1,1,1,1,1,1,1,20260501,20261212
SC09488.S0,0,0,0,0,0,0,0,20260415,20261212
SC09489.S0,0,1,1,1,1,1,1,20260501,20261212
SC09490.S0,0,1,1,1,1,1,1,20260502,20261212
SC09491.S0,0,1,1,0,1,0,1,20260502,20261212
SC09494.S0,1,1,1,1,1,1,1,20260501,20261212
SC09495.S0,0,0,0,0,0,0,0,20260415,20261212
SC09496.S0,0,0,0,0,0,0,0,20260415,20261211
SC09497.S0,0,0,0,0,0,0,0,20260418,20261212
SC09498.S0,0,0,0,0,0,0,0,20260415,20261212
SC09499.S0,0,0,0,0,0,0,0,20260415,20261212
SC09500.S0,0,0,0,0,0,0,0,20260415,20261212
SC09501.S0,0,0,0,0,0,0,0,20260415,20261211
SC09502.S0,0,1,1,1,1,1,1,20260502,20261212
SC09503.S0,1,1,1,1,1,1,1,20260502,20261212
SC09512.S0,1,1,1,1,1,1,1,20260617,20261212
SC09513.S0,1,1,1,1,1,1,1,20260617,20261212
SC09514.S0,1,1,1,1,1,1,1,20260617,20261212
SC09515.S0,1,1,1,1,1,1,1,20260617,20261212
SC09517.S0,1,1,1,1,1,1,1,20260901,20261212
SC09519.S0,1,1,1,1,1,1,1,20260831,20261212
SC09521.S0,1,1,1,1,1,1,1,20260614,20261212
SC09522.S0,0,0,0,0,0,0,0,20260501,20261028
SC09523.S0,0,0,0,0,0,0,0,20260705,20261028
SC09534.S0,0,0,0,0,0,0,0,20260614,20261206
SC00465.S0,0,0,0,0,0,0,1,20260628,20261206
SC09535.S0,0,0,0,0,0,0,0,20260618,20261212
SC09536.S0,1,1,1,1,1,1,0,20260624,20261212
SC09548.S0,1,1,1,1,1,1,1,20260630,20261212
SC09553.S0,1,1,1,1,1,1,1,20260614,20261212
SC09552.S0,0,0,0,1,1,0,0,20261009,20261015
SC09554.S0,1,1,1,1,1,1,1,20260614,20261212
SC09555.S0,1,1,1,1,1,1,1,20260614,20261212
SC09557.S0,1,1,1,1,1,1,1,20260828,20261017
SC09558.S0,0,0,0,0,0,0,1,20260614,20261206
SC09559.S0,0,0,0,0,0,0,1,20260830,20261011
SC09560.S0,0,0,0,0,0,1,1,20260614,20261212
SC09561.S0,0,0,0,0,0,1,1,20260829,20261017
SC09562.S0,0,0,0,0,0,1,1,20260614,20261212
SC09563.S0,1,1,1,1,1,0,0,20260615,20261211
SC09564.S0,1,1,1,1,1,0,0,20260615,20261211
SC09565.S0,1,1,1,1,1,0,0,20260907,20261016
SC09566.S0,0,0,0,0,0,1,1,20260613,20261212
SC09567.S0,0,0,0,0,0,0,0,20260615,20261211
SC09568.S0,0,1,1,1,1,0,0,20260615,20261211
SC09571.S0,0,0,0,0,0,0,0,20260615,20261211
SC09572.S0,1,0,0,0,0,0,0,20260626,20261211
SC09574.S0,1,1,1,1,1,1,1,20260614,20261212
SC09575.S0,1,1,1,1,1,1,1,20260827,20261017
SC09576.S0,1,1,1,1,1,1,1,20260614,20261212
SC09577.S0,1,1,1,1,1,1,1,20260827,20261017
SC09578.S0,1,1,1,1,1,1,1,20260614,20261212
SC09579.S0,1,1,1,1,1,1,1,20260614,20261212
SC09580.S0,1,1,1,1,1,1,1,20260614,20261212
SC09581.S0,1,1,1,1,1,1,1,20260907,20261017
SC09582.S0,0,0,0,1,0,0,0,20260604,20261210
SC09584.S0,0,0,0,0,1,0,0,20260605,20261211
SC09586.S0,0,0,0,0,0,0,0,20260703,20261212
SC09588.S0,0,0,0,0,0,0,0,20260620,20261212
SC09589.S0,0,0,0,0,0,1,0,20260905,20261212
SC09590.S0,1,0,0,0,0,0,0,20260615,20261207
SC09591.S0,0,0,0,0,1,0,0,20260619,20261211
SC09592.S0,0,0,0,0,1,0,0,20261002,20261211
SC09593.S0,0,0,0,0,0,0,0,20260606,20261205
SC00292.S0,0,0,0,0,0,1,0,20260620,20261205
SC09594.S0,0,0,0,0,0,0,0,20260620,20261205
SC09595.S0,0,0,0,0,0,1,0,20260905,20261205
SC09596.S0,0,0,0,0,0,0,1,20260621,20261206
SC09597.S0,1,1,1,1,1,1,1,20260525,20261117
SC09598.S0,1,1,1,1,1,1,1,20260525,20261117
SC09599.S0,1,1,1,1,1,1,1,20260525,20261117
SC09600.S0,1,1,1,1,1,1,1,20260525,20261117
SC09601.S0,1,1,1,1,1,1,1,20260525,20261117
SC09602.S0,1,1,1,1,1,0,0,20260615,20261211
SC09603.S0,0,0,0,0,0,1,1,20260614,20261212
SC09604.S0,1,1,1,1,1,1,1,20260525,20261117
SC09605.S0,0,0,0,0,1,0,0,20260619,20261211
SC09606.S0,1,1,1,1,1,1,1,20260525,20261117
SC09611.S0,0,0,0,0,0,0,1,20260621,20261206
SC09612.S0,0,0,0,1,0,0,0,20260618,20261210
SC09613.S0,0,0,0,0,1,0,0,20260619,20261211
SC09620.S0,1,1,1,1,1,0,0,20260615,20261211
SC09621.S0,1,1,1,1,1,0,0,20260615,20261211
SC09622.S0,0,0,0,0,0,0,1,20260614,20261206
SC09623.S0,0,0,0,0,0,1,1,20260614,20261212
SC09624.S0,1,1,1,1,1,0,0,20260615,20261211
SC09625.S0,0,0,0,0,0,1,1,20260614,20261212
SC09627.S0,0,0,0,0,0,1,1,20260614,20261212
SC09628.S0,1,1,1,1,1,1,1,20260614,20261212
SC09629.S0,1,1,1,1,1,0,1,20260614,20261211
SC09630.S0,0,0,0,0,0,1,1,20260614,20261212
SC09631.S0,0,0,0,0,0,0,0,20260615,20261211
SC09633.S0,1,1,1,1,1,0,0,20260819,20261211
SC09634.S0,1,1,1,1,1,1,1,20260614,20261212
SC09635.S0,0,0,0,0,0,1,1,20260614,20261212
SC09636.S0,0,0,0,0,0,1,1,20260919,20261212
SC09637.S0,0,1,1,1,1,0,0,20260615,20261211
SC09638.S0,1,1,1,1,1,0,0,20260918,20261211
SC09639.S0,0,0,0,0,0,1,0,20260620,20261212
SC09640.S0,0,0,0,0,0,1,1,20260614,20261212
SC09641.S0,0,0,0,0,1,0,0,20260619,20261211
SC09642.S0,0,0,0,0,0,1,0,20260620,20261024
SC09643.S0,0,0,0,0,0,1,1,20260620,20261028
SC09644.S0,0,0,0,0,0,1,1,20260620,20261028
SC09650.S0,0,0,0,0,0,0,0,20260620,20261212
SC09654.S0,0,0,0,1,1,1,1,20260625,20261212
SC09659.S0,0,0,0,0,0,0,0,20260625,20261211
SC09662.S0,0,0,0,0,0,0,0,20260919,20261211
SC09663.S0,1,1,0,0,0,0,0,20260921,20261208
SC09665.S0,0,0,1,0,0,0,0,20260923,20261015
SC09666.S0,0,0,1,1,1,1,0,20260625,20261211
SC09668.S0,1,0,0,0,0,0,0,20260928,20261208
SC09669.S0,0,0,0,0,0,0,1,20260809,20261206
SC09671.S0,0,1,0,0,0,0,0,20260929,20261208
SC09673.S0,1,1,1,1,1,1,1,20260701,20261212
SC09675.S0,1,1,1,1,1,1,1,20261013,20261107
SC09676.S0,1,1,1,1,1,0,0,20260701,20261211
SC09678.S0,1,1,1,1,1,0,0,20261013,20261106
SC09679.S0,0,0,0,0,0,1,1,20260704,20261212
SC09681.S0,0,0,0,0,0,1,1,20260905,20261011
SC09682.S0,0,0,0,0,0,1,1,20261017,20261107
SC09683.S0,1,1,1,1,1,0,0,20261013,20261106
SC09685.S0,1,1,1,1,1,0,0,20260701,20261211
SC09686.S0,1,1,1,1,1,1,1,20260701,20261212
SC09687.S0,1,1,1,1,1,1,1,20260701,20261212
SC09689.S0,1,1,1,1,1,1,1,20261013,20261106
SC09690.S0,1,1,1,1,1,1,1,20260701,20261212
SC09691.S0,0,0,0,0,0,1,1,20260704,20261212
SC09692.S0,1,0,0,0,0,0,0,20260907,20261207
SC09693.S0,1,0,0,0,0,0,0,20261005,20261019
SC09694.S0,0,0,0,0,1,0,0,20260904,20261211
SC09695.S0,1,1,1,1,0,1,1,20260701,20261212
SC09696.S0,1,1,1,1,0,1,1,20261001,20261020
SC09697.S0,0,0,0,0,0,0,1,20260906,20261206
SC09698.S0,1,1,1,1,1,1,0,20260701,20261212
SC09699.S0,1,1,1,1,1,1,0,20260701,20261212
SC09700.S0,0,0,0,0,0,0,1,20260906,20261206
SC09701.S0,1,1,1,1,1,0,0,20260701,20261211
SC09702.S0,1,1,1,1,1,0,0,20260701,20261211
SC09703.S0,1,0,0,0,0,0,0,20260713,20261207
SC09704.S0,0,1,1,1,1,0,0,20260701,20261211
SC09706.S0,1,1,1,1,1,1,1,20260701,20261212
SC09711.S0,1,1,1,1,1,0,0,20260901,20261211
SC09712.S0,1,1,1,1,1,0,0,20261014,20261106
SC09713.S0,1,1,1,1,1,1,1,20260701,20261212
SC09715.S0,1,1,1,1,1,1,1,20261014,20261107
SC09716.S0,0,0,0,0,0,1,1,20260701,20261212
SC09717.S0,0,0,0,0,0,1,1,20261017,20261107
SC09718.S0,0,0,0,0,0,1,1,20260701,20261212
SC09720.S0,1,1,1,1,1,0,0,20260701,20261211
SC09721.S0,1,1,1,1,1,0,0,20261013,20261106
SC09722.S0,1,1,1,1,1,1,1,20261013,20261107
SC09723.S0,1,1,1,1,1,0,0,20260901,20261211
SC09724.S0,1,1,1,1,1,1,1,20260701,20261212
SC09725.S0,1,1,1,1,1,1,1,20261013,20261106
SC09726.S0,1,1,1,1,1,1,1,20261013,20261107
SC09740.S0,1,1,1,1,1,0,0,20260714,20261109
SC09775.S0,0,0,0,0,0,1,1,20260816,20261212
SC09785.S0,1,1,1,1,1,0,0,20260831,20261016
SC09787.S0,1,1,1,1,1,1,1,20260828,20261017
SC09788.S0,0,0,0,1,1,0,1,20260917,20261016
SC09789.S0,1,1,1,1,1,1,0,20260916,20261017
SC09790.S0,1,1,1,0,0,1,0,20260829,20261017
SC09801.S0,0,0,0,0,0,0,0,20261010,20261011
SC09807.S0,1,1,1,1,1,1,1,20260929,20261011
SC09808.S0,1,1,1,1,1,0,0,20260930,20261012
SC09809.S0,1,1,1,1,1,1,1,20261001,20261012
SC09810.S0,1,1,1,1,1,0,0,20260921,20261211
SC09811.S0,1,1,1,1,1,1,1,20260919,20261212
SC09812.S0,0,0,0,0,0,1,1,20261031,20261114
SC09813.S0,1,1,1,1,1,0,0,20260930,20261104
SC09814.S0,1,1,1,1,1,0,0,20260929,20261103
SC09815.S0,1,1,1,1,1,1,0,20260929,20261104
SC09817.S0,1,1,1,1,1,0,0,20261001,20261029
SC09818.S0,1,1,1,1,1,0,0,20260929,20261103
SC09819.S0,1,1,1,1,1,1,1,20261001,20261212
SC09820.S0,1,1,1,1,1,1,1,20261003,20261127
SC09821.S0,1,1,1,1,1,1,1,20261005,20261016
SC09822.S0,1,1,1,1,1,1,0,20261005,20261016
SC09823.S0,1,1,1,1,1,0,1,20261005,20261016
SC09824.S0,1,1,1,1,1,1,1,20261003,20261126
SC09825.S0,1,1,1,1,1,1,1,20261003,20261126
SC09826.S0,1,1,1,1,1,1,1,20261004,20261127
SC09827.S0,1,1,1,1,1,1,1,20261003,20261126
SC00347.S0,1,1,1,1,1,1,1,20261020,20261212
SC00353.S0,1,1,1,1,1,1,1,20261020,20261212
SC00358.S0,1,1,1,1,1,0,0,20261020,20261211
SC00339.S0,1,1,1,1,1,0,0,20261020,20261211
SC09828.S0,1,1,1,1,1,0,0,20261015,20261211
SC00165.S0,1,1,1,1,1,0,0,20261015,20261019
SC00317.S0,1,1,1,1,1,0,0,20261020,20261211
SC00159.S0,1,1,1,1,1,1,1,20261015,20261019
SC00322.S0,1,1,1,1,1,1,1,20261117,20261212
SC00344.S0,1,1,1,1,1,1,1,20261020,20261116
SC00352.S0,1,1,1,1,1,1,1,20261020,20261116
SC00350.S0,1,1,1,1,1,1,1,20261020,20261116
SC00366.S0,1,1,1,1,1,0,1,20261020,20261116
SC00336.S0,1,1,1,1,1,1,0,20261020,20261116
SC09829.S0,0,0,1,0,0,0,0,20261007,20261026
SC00328.S0,1,1,1,1,1,0,0,20261020,20261116
SC00333.S0,1,1,1,1,1,1,0,20261015,20261019
SC00158.S0,1,1,1,1,1,0,0,20261118,20261211
SC00413.S0,1,1,1,1,1,0,0,20261015,20261116
SC09830.S0,1,1,1,1,1,1,1,20261015,20261026
SC00345.S0,1,1,1,1,1,0,1,20261015,20261019
SC09831.S0,1,1,1,1,1,1,1,20261202,20261203
SC00338.S0,0,0,0,0,0,1,1,20261025,20261212
SC00303.S0,0,0,0,0,0,1,1,20261024,20261212
SC00351.S0,0,0,0,0,0,1,1,20261107,20261115
SC00346.S0,0,0,1,0,0,1,0,20261024,20261031
SC00472.S0,1,1,1,1,1,1,1,20261020,20261212
SC00474.S0,1,1,1,1,1,1,1,20261019,20261212
SC00329.S0,0,0,0,0,0,1,1,20261024,20261115
SC00337.S0,0,0,0,0,0,1,1,20261025,20261115
SC00361.S0,0,0,0,0,0,0,1,20261025,20261101
SC00327.S0,0,0,0,0,0,1,1,20261117,20261212
