service_id,monday,tuesday,wednesday,thursday,friday,saturday,sunday,start_date,end_date
6678,1,1,1,1,1,0,0,20261002,20261002
15458,1,1,1,1,1,0,0,20261002,20261002
7933,1,1,1,1,1,0,0,20261002,20261002
7934,1,1,1,1,1,0,0,20261002,20261002
6656,1,1,1,1,1,0,0,20261002,20261002
7935,1,1,1,1,1,0,0,20261002,20261002
7936,1,1,1,1,1,0,0,20261002,20261002
6420,1,1,1,1,1,0,0,20261002,20261002
6821,1,1,1,1,1,0,0,20261002,20261002
6401,1,1,1,1,1,0,0,20261002,20261002
15470,1,1,1,1,1,0,0,20261002,20261002
6822,1,1,1,1,1,0,0,20261002,20261002
6644,1,1,1,1,1,0,0,20261002,20261002
6823,1,1,1,1,1,0,0,20261002,20261002
6824,1,1,1,1,1,0,0,20261002,20261002
6402,1,1,1,1,1,0,0,20261002,20261002
6825,1,1,1,1,1,0,0,20261002,20261002
6645,1,1,1,1,1,0,0,20261002,20261002
6826,1,1,1,1,1,0,0,20261002,20261002
7709,1,1,1,1,1,0,0,20261002,20261002
6403,1,1,1,1,1,0,0,20261002,20261002
6827,1,1,1,1,1,0,0,20261002,20261002
6828,1,1,1,1,1,0,0,20261002,20261002
7231,1,1,1,1,1,0,0,20261002,20261002
6646,1,1,1,1,1,0,0,20261002,20261002
6829,1,1,1,1,1,0,0,20261002,20261002
15469,1,1,1,1,1,0,0,20261002,20261002
6830,1,1,1,1,1,0,0,20261002,20261002
6397,1,1,1,1,1,0,0,20261002,20261002
6831,1,1,1,1,1,0,0,20261002,20261002
6832,1,1,1,1,1,0,0,20261002,20261002
6647,1,1,1,1,1,0,0,20261002,20261002
7710,1,1,1,1,1,0,0,20261002,20261002
15488,1,1,1,1,1,0,0,20261002,20261002
6833,1,1,1,1,1,0,0,20261002,20261002
6834,1,1,1,1,1,0,0,20261002,20261002
6835,1,1,1,1,1,0,0,20261002,20261002
15468,1,1,1,1,1,0,0,20261002,20261002
6404,1,1,1,1,1,0,0,20261002,20261002
7711,1,1,1,1,1,0,0,20261002,20261002
6836,1,1,1,1,1,0,0,20261002,20261002
6837,1,1,1,1,1,0,0,20261002,20261002
15487,1,1,1,1,1,0,0,20261002,20261002
6648,1,1,1,1,1,0,0,20261002,20261002
15467,1,1,1,1,1,0,0,20261002,20261002
6649,1,1,1,1,1,0,0,20261002,20261002
6838,1,1,1,1,1,0,0,20261002,20261002
15466,1,1,1,1,1,0,0,20261002,20261002
6839,1,1,1,1,1,0,0,20261002,20261002
6650,1,1,1,1,1,0,0,20261002,20261002
6840,1,1,1,1,1,0,0,20261002,20261002
6393,1,1,1,1,1,0,0,20261002,20261002
6841,1,1,1,1,1,0,0,20261002,20261002
6842,1,1,1,1,1,0,0,20261002,20261002
7193,1,1,1,1,1,0,0,20261002,20261002
15452,1,1,1,1,1,0,0,20261002,20261002
8183,1,1,1,1,1,0,0,20261002,20261002
6651,1,1,1,1,1,0,0,20261002,20261002
15451,1,1,1,1,1,0,0,20261002,20261002
15450,1,1,1,1,1,0,0,20261002,20261002
8184,1,1,1,1,1,0,0,20261002,20261002
15449,1,1,1,1,1,0,0,20261002,20261002
8185,1,1,1,1,1,0,0,20261002,20261002
7194,1,1,1,1,1,0,0,20261002,20261002
8186,1,1,1,1,1,0,0,20261002,20261002
15448,1,1,1,1,1,0,0,20261002,20261002
7195,1,1,1,1,1,0,0,20261002,20261002
8187,1,1,1,1,1,0,0,20261002,20261002
8188,1,1,1,1,1,0,0,20261002,20261002
15447,1,1,1,1,1,0,0,20261002,20261002
7196,1,1,1,1,1,0,0,20261002,20261002
15446,1,1,1,1,1,0,0,20261002,20261002
15445,1,1,1,1,1,0,0,20261002,20261002
7197,1,1,1,1,1,0,0,20261002,20261002
15444,1,1,1,1,1,0,0,20261002,20261002
6652,1,1,1,1,1,0,0,20261002,20261002
15443,1,1,1,1,1,0,0,20261002,20261002
15442,1,1,1,1,1,0,0,20261002,20261002
8189,1,1,1,1,1,0,0,20261002,20261002
7198,1,1,1,1,1,0,0,20261002,20261002
15441,1,1,1,1,1,0,0,20261002,20261002
7199,1,1,1,1,1,0,0,20261002,20261002
15486,1,1,1,1,1,0,0,20261002,20261002
7200,1,1,1,1,1,0,0,20261002,20261002
6653,1,1,1,1,1,0,0,20261002,20261002
7712,1,1,1,1,1,0,0,20261002,20261002
7201,1,1,1,1,1,0,0,20261002,20261002
6405,1,1,1,1,1,0,0,20261002,20261002
15440,1,1,1,1,1,0,0,20261002,20261002
15439,1,1,1,1,1,0,0,20261002,20261002
6654,1,1,1,1,1,0,0,20261002,20261002
15438,1,1,1,1,1,0,0,20261002,20261002
15437,1,1,1,1,1,0,0,20261002,20261002
15436,1,1,1,1,1,0,0,20261002,20261002
15465,1,1,1,1,1,0,0,20261002,20261002
15435,1,1,1,1,1,0,0,20261002,20261002
15434,1,1,1,1,1,0,0,20261002,20261002
7202,1,1,1,1,1,0,0,20261002,20261002
15433,1,1,1,1,1,0,0,20261002,20261002
7203,1,1,1,1,1,0,0,20261002,20261002
15432,1,1,1,1,1,0,0,20261002,20261002
8190,1,1,1,1,1,0,0,20261002,20261002
15431,1,1,1,1,1,0,0,20261002,20261002
15485,1,1,1,1,1,0,0,20261002,20261002
15430,1,1,1,1,1,0,0,20261002,20261002
15429,1,1,1,1,1,0,0,20261002,20261002
15428,1,1,1,1,1,0,0,20261002,20261002
15427,1,1,1,1,1,0,0,20261002,20261002
8191,1,1,1,1,1,0,0,20261002,20261002
8192,1,1,1,1,1,0,0,20261002,20261002
15426,1,1,1,1,1,0,0,20261002,20261002
8193,1,1,1,1,1,0,0,20261002,20261002
7204,1,1,1,1,1,0,0,20261002,20261002
8194,1,1,1,1,1,0,0,20261002,20261002
15425,1,1,1,1,1,0,0,20261002,20261002
6655,1,1,1,1,1,0,0,20261002,20261002
8195,1,1,1,1,1,0,0,20261002,20261002
15424,1,1,1,1,1,0,0,20261002,20261002
8196,1,1,1,1,1,0,0,20261002,20261002
15423,1,1,1,1,1,0,0,20261002,20261002
8197,1,1,1,1,1,0,0,20261002,20261002
15422,1,1,1,1,1,0,0,20261002,20261002
8198,1,1,1,1,1,0,0,20261002,20261002
8199,1,1,1,1,1,0,0,20261002,20261002
15464,1,1,1,1,1,0,0,20261002,20261002
8200,1,1,1,1,1,0,0,20261002,20261002
15421,1,1,1,1,1,0,0,20261002,20261002
8201,1,1,1,1,1,0,0,20261002,20261002
15420,1,1,1,1,1,0,0,20261002,20261002
7205,1,1,1,1,1,0,0,20261002,20261002
8202,1,1,1,1,1,0,0,20261002,20261002
8203,1,1,1,1,1,0,0,20261002,20261002
15419,1,1,1,1,1,0,0,20261002,20261002
7713,1,1,1,1,1,0,0,20261002,20261002
8204,1,1,1,1,1,0,0,20261002,20261002
8205,1,1,1,1,1,0,0,20261002,20261002
7714,1,1,1,1,1,0,0,20261002,20261002
8206,1,1,1,1,1,0,0,20261002,20261002
8207,1,1,1,1,1,0,0,20261002,20261002
7715,1,1,1,1,1,0,0,20261002,20261002
7716,1,1,1,1,1,0,0,20261002,20261002
8208,1,1,1,1,1,0,0,20261002,20261002
7717,1,1,1,1,1,0,0,20261002,20261002
7718,1,1,1,1,1,0,0,20261002,20261002
15484,1,1,1,1,1,0,0,20261002,20261002
7719,1,1,1,1,1,0,0,20261002,20261002
15463,1,1,1,1,1,0,0,20261002,20261002
7720,1,1,1,1,1,0,0,20261002,20261002
7721,1,1,1,1,1,0,0,20261002,20261002
7206,1,1,1,1,1,0,0,20261002,20261002
7722,1,1,1,1,1,0,0,20261002,20261002
7723,1,1,1,1,1,0,0,20261002,20261002
7724,1,1,1,1,1,0,0,20261002,20261002
7725,1,1,1,1,1,0,0,20261002,20261002
7726,1,1,1,1,1,0,0,20261002,20261002
7207,1,1,1,1,1,0,0,20261002,20261002
14643,0,0,0,0,1,0,0,20261002,20261002
14642,0,0,0,0,1,0,0,20261002,20261002
15462,1,1,1,1,1,0,0,20261002,20261002
14639,1,1,1,1,1,0,0,20261002,20261002
7208,1,1,1,1,1,0,0,20261002,20261002
14638,1,1,1,1,1,0,0,20261002,20261002
7209,1,1,1,1,1,0,0,20261002,20261002
14637,1,1,1,1,1,0,0,20261002,20261002
14636,1,1,1,1,1,0,0,20261002,20261002
14635,1,1,1,1,1,0,0,20261002,20261002
14634,1,1,1,1,1,0,0,20261002,20261002
7210,1,1,1,1,1,0,0,20261002,20261002
14633,1,1,1,1,1,0,0,20261002,20261002
15461,1,1,1,1,1,0,0,20261002,20261002
14632,1,1,1,1,1,0,0,20261002,20261002
14631,1,1,1,1,1,0,0,20261002,20261002
6406,1,1,1,1,1,0,0,20261002,20261002
14630,1,1,1,1,1,0,0,20261002,20261002
14629,1,1,1,1,1,0,0,20261002,20261002
15460,1,1,1,1,1,0,0,20261002,20261002
14628,1,1,1,1,1,0,0,20261002,20261002
14627,1,1,1,1,1,0,0,20261002,20261002
14626,1,1,1,1,1,0,0,20261002,20261002
14625,1,1,1,1,1,0,0,20261002,20261002
7211,1,1,1,1,1,0,0,20261002,20261002
14624,1,1,1,1,1,0,0,20261002,20261002
14623,1,1,1,1,1,0,0,20261002,20261002
7727,1,1,1,1,1,0,0,20261002,20261002
6407,1,1,1,1,1,0,0,20261002,20261002
15459,1,1,1,1,1,0,0,20261002,20261002
7728,1,1,1,1,1,0,0,20261002,20261002
7212,1,1,1,1,1,0,0,20261002,20261002
7729,1,1,1,1,1,0,0,20261002,20261002
7730,1,1,1,1,1,0,0,20261002,20261002
7731,1,1,1,1,1,0,0,20261002,20261002
7732,1,1,1,1,1,0,0,20261002,20261002
7930,1,1,1,1,1,0,0,20261002,20261002
7931,1,1,1,1,1,0,0,20261002,20261002
7213,1,1,1,1,1,0,0,20261002,20261002
7937,1,1,1,1,1,0,0,20261002,20261002
15457,1,1,1,1,1,0,0,20261002,20261002
7938,1,1,1,1,1,0,0,20261002,20261002
7214,1,1,1,1,1,0,0,20261002,20261002
7939,1,1,1,1,1,0,0,20261002,20261002
15483,1,1,1,1,1,0,0,20261002,20261002
6408,1,1,1,1,1,0,0,20261002,20261002
7215,1,1,1,1,1,0,0,20261002,20261002
7940,1,1,1,1,1,0,0,20261002,20261002
7941,1,1,1,1,1,0,0,20261002,20261002
6657,1,1,1,1,1,0,0,20261002,20261002
7942,1,1,1,1,1,0,0,20261002,20261002
15456,1,1,1,1,1,0,0,20261002,20261002
7943,1,1,1,1,1,0,0,20261002,20261002
7944,1,1,1,1,1,0,0,20261002,20261002
7216,1,1,1,1,1,0,0,20261002,20261002
7945,1,1,1,1,1,0,0,20261002,20261002
7946,1,1,1,1,1,0,0,20261002,20261002
7217,1,1,1,1,1,0,0,20261002,20261002
7947,1,1,1,1,1,0,0,20261002,20261002
7948,1,1,1,1,1,0,0,20261002,20261002
7949,1,1,1,1,1,0,0,20261002,20261002
15455,1,1,1,1,1,0,0,20261002,20261002
7950,1,1,1,1,1,0,0,20261002,20261002
7951,1,1,1,1,1,0,0,20261002,20261002
7218,1,1,1,1,1,0,0,20261002,20261002
7952,1,1,1,1,1,0,0,20261002,20261002
7953,1,1,1,1,1,0,0,20261002,20261002
6658,1,1,1,1,1,0,0,20261002,20261002
7954,1,1,1,1,1,0,0,20261002,20261002
7219,1,1,1,1,1,0,0,20261002,20261002
7955,1,1,1,1,1,0,0,20261002,20261002
7956,1,1,1,1,1,0,0,20261002,20261002
15454,1,1,1,1,1,0,0,20261002,20261002
8162,1,1,1,1,1,0,0,20261002,20261002
8163,1,1,1,1,1,0,0,20261002,20261002
6659,1,1,1,1,1,0,0,20261002,20261002
8164,1,1,1,1,1,0,0,20261002,20261002
8165,1,1,1,1,1,0,0,20261002,20261002
7220,1,1,1,1,1,0,0,20261002,20261002
8166,1,1,1,1,1,0,0,20261002,20261002
6396,1,1,1,1,1,0,0,20261002,20261002
8167,1,1,1,1,1,0,0,20261002,20261002
15482,1,1,1,1,1,0,0,20261002,20261002
8168,1,1,1,1,1,0,0,20261002,20261002
7221,1,1,1,1,1,0,0,20261002,20261002
8169,1,1,1,1,1,0,0,20261002,20261002
6660,1,1,1,1,1,0,0,20261002,20261002
13893,1,1,1,1,1,0,0,20261002,20261002
13892,1,1,1,1,1,0,0,20261002,20261002
6661,1,1,1,1,1,0,0,20261002,20261002
7222,1,1,1,1,1,0,0,20261002,20261002
15453,1,1,1,1,1,0,0,20261002,20261002
7223,1,1,1,1,1,0,0,20261002,20261002
15481,1,1,1,1,1,0,0,20261002,20261002
6662,1,1,1,1,1,0,0,20261002,20261002
6409,1,1,1,1,1,0,0,20261002,20261002
7224,1,1,1,1,1,0,0,20261002,20261002
6663,1,1,1,1,1,0,0,20261002,20261002
7225,1,1,1,1,1,0,0,20261002,20261002
6664,1,1,1,1,1,0,0,20261002,20261002
7226,1,1,1,1,1,0,0,20261002,20261002
6410,1,1,1,1,1,0,0,20261002,20261002
7227,1,1,1,1,1,0,0,20261002,20261002
7228,1,1,1,1,1,0,0,20261002,20261002
15480,1,1,1,1,1,0,0,20261002,20261002
8170,1,1,1,1,1,0,0,20261002,20261002
15479,1,1,1,1,1,0,0,20261002,20261002
7229,1,1,1,1,1,0,0,20261002,20261002
8171,1,1,1,1,1,0,0,20261002,20261002
6665,1,1,1,1,1,0,0,20261002,20261002
8172,1,1,1,1,1,0,0,20261002,20261002
7230,1,1,1,1,1,0,0,20261002,20261002
15478,1,1,1,1,1,0,0,20261002,20261002
6666,1,1,1,1,1,0,0,20261002,20261002
8173,1,1,1,1,1,0,0,20261002,20261002
6411,1,1,1,1,1,0,0,20261002,20261002
8174,1,1,1,1,1,0,0,20261002,20261002
6398,1,1,1,1,1,0,0,20261002,20261002
6667,1,1,1,1,1,0,0,20261002,20261002
8175,1,1,1,1,1,0,0,20261002,20261002
6412,1,1,1,1,1,0,0,20261002,20261002
6668,1,1,1,1,1,0,0,20261002,20261002
6669,1,1,1,1,1,0,0,20261002,20261002
6670,1,1,1,1,1,0,0,20261002,20261002
6671,1,1,1,1,1,0,0,20261002,20261002
15477,1,1,1,1,1,0,0,20261002,20261002
8176,1,1,1,1,1,0,0,20261002,20261002
6672,1,1,1,1,1,0,0,20261002,20261002
8177,1,1,1,1,1,0,0,20261002,20261002
8178,1,1,1,1,1,0,0,20261002,20261002
8179,1,1,1,1,1,0,0,20261002,20261002
6413,1,1,1,1,1,0,0,20261002,20261002
8180,1,1,1,1,1,0,0,20261002,20261002
6673,1,1,1,1,1,0,0,20261002,20261002
13545,1,1,1,1,1,0,0,20261002,20261002
6674,1,1,1,1,1,0,0,20261002,20261002
13544,1,1,1,1,1,0,0,20261002,20261002
6675,1,1,1,1,1,0,0,20261002,20261002
13543,1,1,1,1,1,0,0,20261002,20261002
13542,1,1,1,1,1,0,0,20261002,20261002
6395,1,1,1,1,1,0,0,20261002,20261002
13541,1,1,1,1,1,0,0,20261002,20261002
13520,1,1,1,1,1,0,0,20261002,20261002
8181,1,1,1,1,1,0,0,20261002,20261002
13519,1,1,1,1,1,0,0,20261002,20261002
15476,1,1,1,1,1,0,0,20261002,20261002
13518,1,1,1,1,1,0,0,20261002,20261002
6676,1,1,1,1,1,0,0,20261002,20261002
13517,1,1,1,1,1,0,0,20261002,20261002
13516,1,1,1,1,1,0,0,20261002,20261002
6677,1,1,1,1,1,0,0,20261002,20261002
13515,1,1,1,1,1,0,0,20261002,20261002
6414,1,1,1,1,1,0,0,20261002,20261002
13514,1,1,1,1,1,0,0,20261002,20261002
7232,1,1,1,1,1,0,0,20261002,20261002
6415,1,1,1,1,1,0,0,20261002,20261002
13513,1,1,1,1,1,0,0,20261002,20261002
7932,1,1,1,1,1,0,0,20261002,20261002
13512,1,1,1,1,1,0,0,20261002,20261002
6416,1,1,1,1,1,0,0,20261002,20261002
13511,1,1,1,1,1,0,0,20261002,20261002
15475,1,1,1,1,1,0,0,20261002,20261002
6679,1,1,1,1,1,0,0,20261002,20261002
13477,1,1,1,1,1,0,0,20261002,20261002
13476,1,1,1,1,1,0,0,20261002,20261002
6680,1,1,1,1,1,0,0,20261002,20261002
13475,1,1,1,1,1,0,0,20261002,20261002
13474,1,1,1,1,1,0,0,20261002,20261002
6681,1,1,1,1,1,0,0,20261002,20261002
13473,1,1,1,1,1,0,0,20261002,20261002
13472,1,1,1,1,1,0,0,20261002,20261002
15474,1,1,1,1,1,0,0,20261002,20261002
13471,1,1,1,1,1,0,0,20261002,20261002
6399,1,1,1,1,1,0,0,20261002,20261002
13470,1,1,1,1,1,0,0,20261002,20261002
6682,1,1,1,1,1,0,0,20261002,20261002
6683,1,1,1,1,1,0,0,20261002,20261002
13469,1,1,1,1,1,0,0,20261002,20261002
13468,1,1,1,1,1,0,0,20261002,20261002
13467,1,1,1,1,1,0,0,20261002,20261002
6684,1,1,1,1,1,0,0,20261002,20261002
13403,1,1,1,1,1,0,0,20261002,20261002
6685,1,1,1,1,1,0,0,20261002,20261002
13402,1,1,1,1,1,0,0,20261002,20261002
13401,1,1,1,1,1,0,0,20261002,20261002
15473,1,1,1,1,1,0,0,20261002,20261002
13400,1,1,1,1,1,0,0,20261002,20261002
6400,1,1,1,1,1,0,0,20261002,20261002
13399,1,1,1,1,1,0,0,20261002,20261002
6686,1,1,1,1,1,0,0,20261002,20261002
6687,1,1,1,1,1,0,0,20261002,20261002
6417,1,1,1,1,1,0,0,20261002,20261002
8182,1,1,1,1,1,0,0,20261002,20261002
6688,1,1,1,1,1,0,0,20261002,20261002
6689,1,1,1,1,1,0,0,20261002,20261002
15472,1,1,1,1,1,0,0,20261002,20261002
6394,1,1,1,1,1,0,0,20261002,20261002
6690,1,1,1,1,1,0,0,20261002,20261002
6418,1,1,1,1,1,0,0,20261002,20261002
6817,1,1,1,1,1,0,0,20261002,20261002
6419,1,1,1,1,1,0,0,20261002,20261002
15471,1,1,1,1,1,0,0,20261002,20261002
6818,1,1,1,1,1,0,0,20261002,20261002
6819,1,1,1,1,1,0,0,20261002,20261002
6820,1,1,1,1,1,0,0,20261002,20261002
7708,1,1,1,1,1,0,0,20261002,20261002
17599,0,0,0,0,0,1,0,20261002,20261003
17268,1,1,1,1,1,0,0,20261002,20261004
12072,1,1,1,1,1,0,0,20261002,20261004
17267,1,1,1,1,1,0,0,20261002,20261004
17298,1,1,1,1,1,0,0,20261002,20261004
17266,1,1,1,1,1,0,0,20261002,20261004
12071,1,1,1,1,1,0,0,20261002,20261004
17265,1,1,1,1,1,0,0,20261002,20261004
17264,1,1,1,1,1,0,0,20261002,20261004
17263,1,1,1,1,1,0,0,20261002,20261004
12070,1,1,1,1,1,0,0,20261002,20261004
17262,1,1,1,1,1,0,0,20261002,20261004
12069,1,1,1,1,1,0,0,20261002,20261004
17261,1,1,1,1,1,0,0,20261002,20261004
12068,1,1,1,1,1,0,0,20261002,20261004
17523,0,0,0,0,1,1,1,20261002,20261004
12067,1,1,1,1,1,0,0,20261002,20261004
17269,1,1,1,1,1,0,0,20261002,20261004
12167,1,1,1,1,1,0,0,20261002,20261004
17276,1,1,1,1,1,0,0,20261002,20261004
17315,0,0,0,0,0,1,1,20261002,20261004
12099,0,0,0,0,0,1,1,20261002,20261004
12098,0,0,0,0,0,1,0,20261002,20261004
17304,0,0,0,0,0,1,1,20261002,20261004
17404,0,0,0,0,1,1,1,20261002,20261004
12097,0,0,0,0,0,1,1,20261002,20261004
12096,0,0,0,0,0,1,1,20261002,20261004
12095,0,0,0,0,0,1,1,20261002,20261004
12094,0,0,0,0,0,1,1,20261002,20261004
17286,1,1,1,1,1,0,0,20261002,20261004
12093,0,0,0,0,0,1,1,20261002,20261004
17306,0,0,0,0,0,1,1,20261002,20261004
17300,0,0,0,0,0,1,1,20261002,20261004
12092,0,0,0,0,0,1,1,20261002,20261004
12091,1,1,1,1,1,0,0,20261002,20261004
12090,1,1,1,1,1,0,0,20261002,20261004
12089,1,1,1,1,1,0,0,20261002,20261004
12088,1,1,1,1,1,0,0,20261002,20261004
17593,0,0,0,0,1,1,1,20261002,20261004
12087,1,1,1,1,1,0,0,20261002,20261004
17301,0,0,0,0,0,1,1,20261002,20261004
12086,1,1,1,1,1,0,0,20261002,20261004
12085,1,1,1,1,1,0,0,20261002,20261004
17297,1,1,1,1,1,0,0,20261002,20261004
12084,1,1,1,1,1,0,0,20261002,20261004
17583,0,0,0,0,1,1,1,20261002,20261004
12083,1,1,1,1,1,0,0,20261002,20261004
12082,1,1,1,1,1,0,0,20261002,20261004
17285,1,1,1,1,1,0,0,20261002,20261004
12081,1,1,1,1,1,0,0,20261002,20261004
13394,0,0,0,0,1,1,1,20261002,20261004
12080,1,1,1,1,1,0,0,20261002,20261004
12079,1,1,1,1,1,0,0,20261002,20261004
12078,1,1,1,1,1,0,0,20261002,20261004
17514,0,0,0,0,1,0,0,20261002,20261004
12077,1,1,1,1,1,0,0,20261002,20261004
17273,1,1,1,1,1,0,0,20261002,20261004
12076,1,1,1,1,1,0,0,20261002,20261004
17284,1,1,1,1,1,0,0,20261002,20261004
17517,0,0,0,0,1,1,1,20261002,20261004
12075,1,1,1,1,1,0,0,20261002,20261004
17520,0,0,0,0,1,1,1,20261002,20261004
17271,1,1,1,1,1,0,0,20261002,20261004
12074,1,1,1,1,1,0,0,20261002,20261004
17270,1,1,1,1,1,0,0,20261002,20261004
12073,1,1,1,1,1,0,0,20261002,20261004
17272,1,1,1,1,1,0,0,20261002,20261004
15808,0,0,0,0,1,1,1,20261002,20261004
17526,0,0,0,0,1,1,1,20261002,20261004
17291,1,1,1,1,1,0,0,20261002,20261004
17283,1,1,1,1,1,0,0,20261002,20261004
17529,0,0,0,0,1,1,1,20261002,20261004
17532,0,0,0,0,1,1,1,20261002,20261004
17535,0,0,0,0,1,1,1,20261002,20261004
17538,0,0,0,0,1,1,1,20261002,20261004
17274,1,1,1,1,1,0,0,20261002,20261004
17282,1,1,1,1,1,0,0,20261002,20261004
17541,0,0,0,0,1,1,1,20261002,20261004
17294,1,1,1,1,1,0,0,20261002,20261004
17544,0,0,0,0,1,1,1,20261002,20261004
17307,0,0,0,0,0,1,1,20261002,20261004
17302,0,0,0,0,0,1,1,20261002,20261004
17281,1,1,1,1,1,0,0,20261002,20261004
17547,0,0,0,0,1,1,1,20261002,20261004
17550,0,0,0,0,1,1,1,20261002,20261004
17553,0,0,0,0,1,1,1,20261002,20261004
17556,0,0,0,0,1,1,1,20261002,20261004
17296,1,1,1,1,1,0,0,20261002,20261004
17559,0,0,0,0,1,1,1,20261002,20261004
17562,0,0,0,0,1,1,1,20261002,20261004
17280,1,1,1,1,1,0,0,20261002,20261004
17565,0,0,0,0,1,1,1,20261002,20261004
17568,0,0,0,0,1,1,1,20261002,20261004
17303,0,0,0,0,0,1,1,20261002,20261004
17279,1,1,1,1,1,0,0,20261002,20261004
17290,1,1,1,1,1,0,0,20261002,20261004
17601,0,0,0,0,0,0,1,20261002,20261004
17289,1,1,1,1,1,0,0,20261002,20261004
15805,0,0,0,0,1,1,1,20261002,20261004
17586,0,0,0,0,1,1,1,20261002,20261004
17292,1,1,1,1,1,0,0,20261002,20261004
17571,0,0,0,0,1,1,1,20261002,20261004
17305,0,0,0,0,0,1,1,20261002,20261004
17577,0,0,0,0,1,1,1,20261002,20261004
17308,0,0,0,0,0,1,1,20261002,20261004
17275,1,1,1,1,1,0,0,20261002,20261004
17288,1,1,1,1,1,0,0,20261002,20261004
17293,1,1,1,1,1,0,0,20261002,20261004
12185,0,0,0,0,0,0,1,20261002,20261004
12184,0,0,0,0,0,0,1,20261002,20261004
12183,1,1,1,1,1,0,0,20261002,20261004
12182,1,1,1,1,1,0,0,20261002,20261004
17299,0,0,0,0,0,1,1,20261002,20261004
17580,0,0,0,0,1,1,1,20261002,20261004
17278,1,1,1,1,1,0,0,20261002,20261004
12181,1,1,1,1,1,0,0,20261002,20261004
12180,1,1,1,1,1,0,0,20261002,20261004
17590,0,0,0,0,1,1,1,20261002,20261004
12179,1,1,1,1,1,0,0,20261002,20261004
12178,1,1,1,1,1,0,0,20261002,20261004
17309,0,0,0,0,0,1,1,20261002,20261004
12177,1,1,1,1,1,0,0,20261002,20261004
12176,1,1,1,1,1,0,0,20261002,20261004
17287,1,1,1,1,1,0,0,20261002,20261004
17310,0,0,0,0,0,1,1,20261002,20261004
12175,1,1,1,1,1,0,0,20261002,20261004
12174,1,1,1,1,1,0,0,20261002,20261004
17311,0,0,0,0,0,1,1,20261002,20261004
17312,0,0,0,0,0,1,1,20261002,20261004
17295,1,1,1,1,1,0,0,20261002,20261004
12173,1,1,1,1,1,0,0,20261002,20261004
12172,1,1,1,1,1,0,0,20261002,20261004
12171,1,1,1,1,1,0,0,20261002,20261004
12170,1,1,1,1,1,0,0,20261002,20261004
17313,0,0,0,0,0,1,1,20261002,20261004
12169,1,1,1,1,1,0,0,20261002,20261004
17314,0,0,0,0,0,1,1,20261002,20261004
12168,1,1,1,1,1,0,0,20261002,20261004
17277,1,1,1,1,1,0,0,20261002,20261004
17511,1,0,0,0,1,0,0,20261002,20261005
17508,1,0,0,0,1,1,1,20261002,20261005
17574,1,0,0,0,1,0,0,20261002,20261005
15811,1,0,0,0,1,1,1,20261002,20261005
17500,1,0,0,0,1,1,1,20261002,20261005
17497,1,0,0,0,1,1,1,20261002,20261005
17494,1,0,0,0,1,0,0,20261002,20261005
5830,1,0,0,0,1,1,1,20261002,20261005
17503,1,0,0,0,1,0,0,20261002,20261005
17504,0,0,0,0,0,1,1,20261002,20261005
10491,1,1,1,1,1,0,0,20261002,20261011
10484,1,1,1,1,1,0,0,20261002,20261011
10487,1,1,1,1,1,0,0,20261002,20261011
10503,1,1,1,1,1,0,0,20261002,20261011
10505,1,1,1,1,1,0,0,20261002,20261011
10492,1,1,1,1,1,0,0,20261002,20261011
10493,1,1,1,1,1,0,0,20261002,20261011
10485,1,1,1,1,1,0,0,20261002,20261011
10501,1,1,1,1,1,0,0,20261002,20261011
10483,1,1,1,1,1,0,0,20261002,20261011
10494,1,1,1,1,1,0,0,20261002,20261011
10498,1,1,1,1,1,0,0,20261002,20261011
10504,1,1,1,1,1,0,0,20261002,20261011
10486,1,1,1,1,1,0,0,20261002,20261011
10495,1,1,1,1,1,0,0,20261002,20261011
10496,1,1,1,1,1,0,0,20261002,20261011
10497,1,1,1,1,1,0,0,20261002,20261011
10500,1,1,1,1,1,0,0,20261002,20261011
10488,1,1,1,1,1,0,0,20261002,20261011
10502,1,1,1,1,1,0,0,20261002,20261011
10499,1,1,1,1,1,0,0,20261002,20261011
10489,1,1,1,1,1,0,0,20261002,20261011
10490,1,1,1,1,1,0,0,20261002,20261011
11761,0,0,0,0,0,1,1,20261002,20261018
11755,0,0,0,0,0,1,1,20261002,20261018
11769,0,0,0,0,0,1,1,20261002,20261018
11758,0,0,0,0,0,1,1,20261002,20261018
11759,0,0,0,0,0,1,1,20261002,20261018
11762,0,0,0,0,0,1,1,20261002,20261018
11764,0,0,0,0,0,1,1,20261002,20261018
11757,0,0,0,0,0,1,1,20261002,20261018
11760,0,0,0,0,0,1,1,20261002,20261018
11765,0,0,0,0,0,1,1,20261002,20261018
11766,0,0,0,0,0,1,1,20261002,20261018
11763,0,0,0,0,0,1,1,20261002,20261018
11756,0,0,0,0,0,1,1,20261002,20261018
11768,0,0,0,0,0,1,1,20261002,20261018
11767,0,0,0,0,0,1,1,20261002,20261018
11770,0,0,0,0,0,1,1,20261002,20261018
4253,1,1,1,1,1,0,0,20261002,20261028
4843,1,1,1,1,1,0,0,20261002,20261028
4838,1,1,1,1,1,0,0,20261002,20261028
4836,1,1,1,1,1,0,0,20261002,20261028
4258,1,1,1,1,1,0,0,20261002,20261028
4832,1,1,1,1,1,0,0,20261002,20261028
4830,1,1,1,1,1,0,0,20261002,20261028
4825,1,1,1,1,1,0,0,20261002,20261028
4262,1,1,1,1,1,0,0,20261002,20261028
4821,1,1,1,1,1,0,0,20261002,20261028
4817,1,1,1,1,1,0,0,20261002,20261028
4265,1,1,1,1,1,0,0,20261002,20261028
4813,1,1,1,1,1,0,0,20261002,20261028
184,1,1,1,1,1,0,0,20261002,20261028
4269,1,1,1,1,1,0,0,20261002,20261028
4811,1,1,1,1,1,0,0,20261002,20261028
186,1,1,1,1,1,0,0,20261002,20261028
4807,1,1,1,1,1,0,0,20261002,20261028
4274,1,1,1,1,1,0,0,20261002,20261028
4804,1,1,1,1,1,0,0,20261002,20261028
4276,1,1,1,1,1,0,0,20261002,20261028
4802,1,1,1,1,1,0,0,20261002,20261028
4798,1,1,1,1,1,0,0,20261002,20261028
4796,1,1,1,1,1,0,0,20261002,20261028
4280,1,1,1,1,1,0,0,20261002,20261028
4792,1,1,1,1,1,0,0,20261002,20261028
4790,1,1,1,1,1,0,0,20261002,20261028
4785,1,1,1,1,1,0,0,20261002,20261028
188,1,1,1,1,1,0,0,20261002,20261028
4781,1,1,1,1,1,0,0,20261002,20261028
4286,1,1,1,1,1,0,0,20261002,20261028
4777,1,1,1,1,1,0,0,20261002,20261028
4289,1,1,1,1,1,0,0,20261002,20261028
4775,1,1,1,1,1,0,0,20261002,20261028
4771,1,1,1,1,1,0,0,20261002,20261028
4292,1,1,1,1,1,0,0,20261002,20261028
4767,1,1,1,1,1,0,0,20261002,20261028
4761,1,1,1,1,1,0,0,20261002,20261028
4297,1,1,1,1,1,0,0,20261002,20261028
4759,1,1,1,1,1,0,0,20261002,20261028
4299,1,1,1,1,1,0,0,20261002,20261028
4753,1,1,1,1,1,0,0,20261002,20261028
4751,1,1,1,1,1,0,0,20261002,20261028
4746,1,1,1,1,1,0,0,20261002,20261028
4303,1,1,1,1,1,0,0,20261002,20261028
4744,1,1,1,1,1,0,0,20261002,20261028
4305,1,1,1,1,1,0,0,20261002,20261028
4738,1,1,1,1,1,0,0,20261002,20261028
4307,1,1,1,1,1,0,0,20261002,20261028
4736,1,1,1,1,1,0,0,20261002,20261028
4732,1,1,1,1,1,0,0,20261002,20261028
4311,1,1,1,1,1,0,0,20261002,20261028
4730,1,1,1,1,1,0,0,20261002,20261028
4726,1,1,1,1,1,0,0,20261002,20261028
4315,1,1,1,1,1,0,0,20261002,20261028
4722,1,1,1,1,1,0,0,20261002,20261028
194,1,1,1,1,1,0,0,20261002,20261028
4318,1,1,1,1,1,0,0,20261002,20261028
4718,1,1,1,1,1,0,0,20261002,20261028
4716,1,1,1,1,1,0,0,20261002,20261028
4321,1,1,1,1,1,0,0,20261002,20261028
4712,1,1,1,1,1,0,0,20261002,20261028
4710,1,1,1,1,1,0,0,20261002,20261028
196,1,1,1,1,1,0,0,20261002,20261028
4326,1,1,1,1,1,0,0,20261002,20261028
4706,1,1,1,1,1,0,0,20261002,20261028
4702,1,1,1,1,1,0,0,20261002,20261028
4329,1,1,1,1,1,0,0,20261002,20261028
4699,1,1,1,1,1,0,0,20261002,20261028
4697,1,1,1,1,1,0,0,20261002,20261028
4333,1,1,1,1,1,0,0,20261002,20261028
4693,1,1,1,1,1,0,0,20261002,20261028
198,1,1,1,1,1,0,0,20261002,20261028
4691,1,1,1,1,1,0,0,20261002,20261028
4337,1,1,1,1,1,0,0,20261002,20261028
4687,1,1,1,1,1,0,0,20261002,20261028
4683,1,1,1,1,1,0,0,20261002,20261028
4679,1,1,1,1,1,0,0,20261002,20261028
4342,1,1,1,1,1,0,0,20261002,20261028
4677,1,1,1,1,1,0,0,20261002,20261028
4344,1,1,1,1,1,0,0,20261002,20261028
4674,1,1,1,1,1,0,0,20261002,20261028
4670,1,1,1,1,1,0,0,20261002,20261028
4347,1,1,1,1,1,0,0,20261002,20261028
4665,1,1,1,1,1,0,0,20261002,20261028
4663,1,1,1,1,1,0,0,20261002,20261028
4659,1,1,1,1,1,0,0,20261002,20261028
4351,1,1,1,1,1,0,0,20261002,20261028
4657,1,1,1,1,1,0,0,20261002,20261028
4353,1,1,1,1,1,0,0,20261002,20261028
4651,1,1,1,1,1,0,0,20261002,20261028
4355,1,1,1,1,1,0,0,20261002,20261028
4649,1,1,1,1,1,0,0,20261002,20261028
4357,1,1,1,1,1,0,0,20261002,20261028
4645,1,1,1,1,1,0,0,20261002,20261028
4643,1,1,1,1,1,0,0,20261002,20261028
4639,1,1,1,1,1,0,0,20261002,20261028
4361,1,1,1,1,1,0,0,20261002,20261028
4637,1,1,1,1,1,0,0,20261002,20261028
4631,1,1,1,1,1,0,0,20261002,20261028
4629,1,1,1,1,1,0,0,20261002,20261028
4365,1,1,1,1,1,0,0,20261002,20261028
4625,1,1,1,1,1,0,0,20261002,20261028
4367,1,1,1,1,1,0,0,20261002,20261028
4623,1,1,1,1,1,0,0,20261002,20261028
4620,1,1,1,1,1,0,0,20261002,20261028
4370,1,1,1,1,1,0,0,20261002,20261028
4617,1,1,1,1,1,0,0,20261002,20261028
4372,1,1,1,1,1,0,0,20261002,20261028
4612,1,1,1,1,1,0,0,20261002,20261028
4610,1,1,1,1,1,0,0,20261002,20261028
4606,1,1,1,1,1,0,0,20261002,20261028
4604,1,1,1,1,1,0,0,20261002,20261028
4377,1,1,1,1,1,0,0,20261002,20261028
4600,1,1,1,1,1,0,0,20261002,20261028
4379,1,1,1,1,1,0,0,20261002,20261028
4598,1,1,1,1,1,0,0,20261002,20261028
4595,1,1,1,1,1,0,0,20261002,20261028
4382,1,1,1,1,1,0,0,20261002,20261028
4590,1,1,1,1,1,0,0,20261002,20261028
4588,1,1,1,1,1,0,0,20261002,20261028
4585,1,1,1,1,1,0,0,20261002,20261028
4386,1,1,1,1,1,0,0,20261002,20261028
4582,1,1,1,1,1,0,0,20261002,20261028
4388,1,1,1,1,1,0,0,20261002,20261028
4578,1,1,1,1,1,0,0,20261002,20261028
4575,1,1,1,1,1,0,0,20261002,20261028
4573,1,1,1,1,1,0,0,20261002,20261028
4392,1,1,1,1,1,0,0,20261002,20261028
4569,1,1,1,1,1,0,0,20261002,20261028
4394,1,1,1,1,1,0,0,20261002,20261028
4565,1,1,1,1,1,0,0,20261002,20261028
4562,1,1,1,1,1,0,0,20261002,20261028
4397,1,1,1,1,1,0,0,20261002,20261028
4559,1,1,1,1,1,0,0,20261002,20261028
4553,1,1,1,1,1,0,0,20261002,20261028
4551,1,1,1,1,1,0,0,20261002,20261028
4401,1,1,1,1,1,0,0,20261002,20261028
4547,1,1,1,1,1,0,0,20261002,20261028
4545,1,1,1,1,1,0,0,20261002,20261028
4542,1,1,1,1,1,0,0,20261002,20261028
4405,1,1,1,1,1,0,0,20261002,20261028
4538,1,1,1,1,1,0,0,20261002,20261028
4407,1,1,1,1,1,0,0,20261002,20261028
4534,1,1,1,1,1,0,0,20261002,20261028
4530,1,1,1,1,1,0,0,20261002,20261028
4527,1,1,1,1,1,0,0,20261002,20261028
4411,1,1,1,1,1,0,0,20261002,20261028
4525,1,1,1,1,1,0,0,20261002,20261028
4413,1,1,1,1,1,0,0,20261002,20261028
4522,1,1,1,1,1,0,0,20261002,20261028
4518,1,1,1,1,1,0,0,20261002,20261028
4515,1,1,1,1,1,0,0,20261002,20261028
4417,1,1,1,1,1,0,0,20261002,20261028
4513,1,1,1,1,1,0,0,20261002,20261028
4419,1,1,1,1,1,0,0,20261002,20261028
4509,1,1,1,1,1,0,0,20261002,20261028
4505,1,1,1,1,1,0,0,20261002,20261028
4422,1,1,1,1,1,0,0,20261002,20261028
4503,1,1,1,1,1,0,0,20261002,20261028
4499,1,1,1,1,1,0,0,20261002,20261028
4496,1,1,1,1,1,0,0,20261002,20261028
4426,1,1,1,1,1,0,0,20261002,20261028
4493,1,1,1,1,1,0,0,20261002,20261028
4428,1,1,1,1,1,0,0,20261002,20261028
4489,1,1,1,1,1,0,0,20261002,20261028
4487,1,1,1,1,1,0,0,20261002,20261028
4483,1,1,1,1,1,0,0,20261002,20261028
4432,1,1,1,1,1,0,0,20261002,20261028
4481,1,1,1,1,1,0,0,20261002,20261028
4434,1,1,1,1,1,0,0,20261002,20261028
4476,1,1,1,1,1,0,0,20261002,20261028
4472,1,1,1,1,1,0,0,20261002,20261028
4470,1,1,1,1,1,0,0,20261002,20261028
4466,1,1,1,1,1,0,0,20261002,20261028
4439,1,1,1,1,1,0,0,20261002,20261028
4462,1,1,1,1,1,0,0,20261002,20261028
4441,1,1,1,1,1,0,0,20261002,20261028
4453,1,1,1,1,1,0,0,20261002,20261028
4449,1,1,1,1,1,0,0,20261002,20261028
4444,1,1,1,1,1,0,0,20261002,20261028
200,1,1,1,1,1,0,0,20261002,20261028
202,1,1,1,1,1,0,0,20261002,20261028
204,1,1,1,1,1,0,0,20261002,20261028
209,1,1,1,1,1,0,0,20261002,20261028
211,1,1,1,1,1,0,0,20261002,20261028
214,1,1,1,1,1,0,0,20261002,20261028
216,1,1,1,1,1,0,0,20261002,20261028
218,1,1,1,1,1,0,0,20261002,20261028
17257,1,1,1,1,1,0,0,20261002,20261028
221,1,1,1,1,1,0,0,20261002,20261028
17252,1,1,1,1,1,0,0,20261002,20261028
223,1,1,1,1,1,0,0,20261002,20261028
17248,1,1,1,1,1,0,0,20261002,20261028
17244,1,1,1,1,1,0,0,20261002,20261028
226,1,1,1,1,1,0,0,20261002,20261028
17240,1,1,1,1,1,0,0,20261002,20261028
229,1,1,1,1,1,0,0,20261002,20261028
17236,1,1,1,1,1,0,0,20261002,20261028
231,1,1,1,1,1,0,0,20261002,20261028
17232,1,1,1,1,1,0,0,20261002,20261028
17230,1,1,1,1,1,0,0,20261002,20261028
234,1,1,1,1,1,0,0,20261002,20261028
17224,1,1,1,1,1,0,0,20261002,20261028
236,1,1,1,1,1,0,0,20261002,20261028
17222,1,1,1,1,1,0,0,20261002,20261028
17218,1,1,1,1,1,0,0,20261002,20261028
239,1,1,1,1,1,0,0,20261002,20261028
17214,1,1,1,1,1,0,0,20261002,20261028
241,1,1,1,1,1,0,0,20261002,20261028
17210,1,1,1,1,1,0,0,20261002,20261028
17206,1,1,1,1,1,0,0,20261002,20261028
17202,1,1,1,1,1,0,0,20261002,20261028
246,1,1,1,1,1,0,0,20261002,20261028
17198,1,1,1,1,1,0,0,20261002,20261028
248,1,1,1,1,1,0,0,20261002,20261028
17194,1,1,1,1,1,0,0,20261002,20261028
17192,1,1,1,1,1,0,0,20261002,20261028
252,1,1,1,1,1,0,0,20261002,20261028
17186,1,1,1,1,1,0,0,20261002,20261028
254,1,1,1,1,1,0,0,20261002,20261028
17184,1,1,1,1,1,0,0,20261002,20261028
17180,1,1,1,1,1,0,0,20261002,20261028
257,1,1,1,1,1,0,0,20261002,20261028
17176,1,1,1,1,1,0,0,20261002,20261028
259,1,1,1,1,1,0,0,20261002,20261028
17172,1,1,1,1,1,0,0,20261002,20261028
17168,1,1,1,1,1,0,0,20261002,20261028
17164,1,1,1,1,1,0,0,20261002,20261028
263,1,1,1,1,1,0,0,20261002,20261028
17162,1,1,1,1,1,0,0,20261002,20261028
265,1,1,1,1,1,0,0,20261002,20261028
17156,1,1,1,1,1,0,0,20261002,20261028
17154,1,1,1,1,1,0,0,20261002,20261028
17150,1,1,1,1,1,0,0,20261002,20261028
269,1,1,1,1,1,0,0,20261002,20261028
1019,1,1,1,1,1,0,0,20261002,20261028
1021,1,1,1,1,1,0,0,20261002,20261028
1025,1,1,1,1,1,0,0,20261002,20261028
1027,1,1,1,1,1,0,0,20261002,20261028
1029,1,1,1,1,1,0,0,20261002,20261028
1031,1,1,1,1,1,0,0,20261002,20261028
1033,1,1,1,1,1,0,0,20261002,20261028
1035,1,1,1,1,1,0,0,20261002,20261028
1038,1,1,1,1,1,0,0,20261002,20261028
17148,1,1,1,1,1,0,0,20261002,20261028
271,1,1,1,1,1,0,0,20261002,20261028
17143,1,1,1,1,1,0,0,20261002,20261028
273,1,1,1,1,1,0,0,20261002,20261028
17141,1,1,1,1,1,0,0,20261002,20261028
17135,1,1,1,1,1,0,0,20261002,20261028
17133,1,1,1,1,1,0,0,20261002,20261028
278,1,1,1,1,1,0,0,20261002,20261028
1050,1,1,1,1,1,0,0,20261002,20261028
1052,1,1,1,1,1,0,0,20261002,20261028
1056,1,1,1,1,1,0,0,20261002,20261028
1059,1,1,1,1,1,0,0,20261002,20261028
1061,1,1,1,1,1,0,0,20261002,20261028
1064,1,1,1,1,1,0,0,20261002,20261028
1067,1,1,1,1,1,0,0,20261002,20261028
1070,1,1,1,1,1,0,0,20261002,20261028
1072,1,1,1,1,1,0,0,20261002,20261028
1074,1,1,1,1,1,0,0,20261002,20261028
1077,1,1,1,1,1,0,0,20261002,20261028
1079,1,1,1,1,1,0,0,20261002,20261028
1082,1,1,1,1,1,0,0,20261002,20261028
1086,1,1,1,1,1,0,0,20261002,20261028
1089,1,1,1,1,1,0,0,20261002,20261028
1092,1,1,1,1,1,0,0,20261002,20261028
1094,1,1,1,1,1,0,0,20261002,20261028
1097,1,1,1,1,1,0,0,20261002,20261028
1101,1,1,1,1,1,0,0,20261002,20261028
1104,1,1,1,1,1,0,0,20261002,20261028
1107,1,1,1,1,1,0,0,20261002,20261028
1109,1,1,1,1,1,0,0,20261002,20261028
1111,1,1,1,1,1,0,0,20261002,20261028
1114,1,1,1,1,1,0,0,20261002,20261028
1116,1,1,1,1,1,0,0,20261002,20261028
1118,1,1,1,1,1,0,0,20261002,20261028
1120,1,1,1,1,1,0,0,20261002,20261028
1123,1,1,1,1,1,0,0,20261002,20261028
1126,1,1,1,1,1,0,0,20261002,20261028
1130,1,1,1,1,1,0,0,20261002,20261028
1132,1,1,1,1,1,0,0,20261002,20261028
1134,1,1,1,1,1,0,0,20261002,20261028
17127,1,1,1,1,1,0,0,20261002,20261028
1138,1,1,1,1,1,0,0,20261002,20261028
1140,1,1,1,1,1,0,0,20261002,20261028
1144,1,1,1,1,1,0,0,20261002,20261028
1148,1,1,1,1,1,0,0,20261002,20261028
1150,1,1,1,1,1,0,0,20261002,20261028
1153,1,1,1,1,1,0,0,20261002,20261028
1156,1,1,1,1,1,0,0,20261002,20261028
1158,1,1,1,1,1,0,0,20261002,20261028
1160,1,1,1,1,1,0,0,20261002,20261028
14187,0,0,0,0,0,1,1,20261002,20261028
1163,1,1,1,1,1,0,0,20261002,20261028
14186,0,0,0,0,0,1,1,20261002,20261028
1167,1,1,1,1,1,0,0,20261002,20261028
1169,1,1,1,1,1,0,0,20261002,20261028
1172,1,1,1,1,1,0,0,20261002,20261028
1175,1,1,1,1,1,0,0,20261002,20261028
1177,1,1,1,1,1,0,0,20261002,20261028
1180,1,1,1,1,1,0,0,20261002,20261028
1183,1,1,1,1,1,0,0,20261002,20261028
1186,1,1,1,1,1,0,0,20261002,20261028
1188,1,1,1,1,1,0,0,20261002,20261028
1191,1,1,1,1,1,0,0,20261002,20261028
1194,1,1,1,1,1,0,0,20261002,20261028
1197,1,1,1,1,1,0,0,20261002,20261028
280,1,1,1,1,1,0,0,20261002,20261028
1201,1,1,1,1,1,0,0,20261002,20261028
17125,1,1,1,1,1,0,0,20261002,20261028
1205,1,1,1,1,1,0,0,20261002,20261028
1208,1,1,1,1,1,0,0,20261002,20261028
13738,1,1,1,1,1,0,0,20261002,20261028
13736,1,1,1,1,1,0,0,20261002,20261028
1211,1,1,1,1,1,0,0,20261002,20261028
13734,1,1,1,1,1,0,0,20261002,20261028
282,1,1,1,1,1,0,0,20261002,20261028
13732,1,1,1,1,1,0,0,20261002,20261028
1215,1,1,1,1,1,0,0,20261002,20261028
13730,1,1,1,1,1,0,0,20261002,20261028
17119,1,1,1,1,1,0,0,20261002,20261028
13728,1,1,1,1,1,0,0,20261002,20261028
13725,1,1,1,1,1,0,0,20261002,20261028
1220,1,1,1,1,1,0,0,20261002,20261028
13722,1,1,1,1,1,0,0,20261002,20261028
1222,1,1,1,1,1,0,0,20261002,20261028
13689,1,1,1,1,1,0,0,20261002,20261028
1224,1,1,1,1,1,0,0,20261002,20261028
13686,1,1,1,1,1,0,0,20261002,20261028
13683,1,1,1,1,1,0,0,20261002,20261028
17117,1,1,1,1,1,0,0,20261002,20261028
285,1,1,1,1,1,0,0,20261002,20261028
1231,1,1,1,1,1,0,0,20261002,20261028
1233,1,1,1,1,1,0,0,20261002,20261028
13675,1,1,1,1,1,0,0,20261002,20261028
1236,1,1,1,1,1,0,0,20261002,20261028
13671,1,1,1,1,1,0,0,20261002,20261028
1239,1,1,1,1,1,0,0,20261002,20261028
1241,1,1,1,1,1,0,0,20261002,20261028
13667,1,1,1,1,1,0,0,20261002,20261028
17111,1,1,1,1,1,0,0,20261002,20261028
13663,1,1,1,1,1,0,0,20261002,20261028
1246,1,1,1,1,1,0,0,20261002,20261028
13661,1,1,1,1,1,0,0,20261002,20261028
1248,1,1,1,1,1,0,0,20261002,20261028
13658,1,1,1,1,1,0,0,20261002,20261028
17109,1,1,1,1,1,0,0,20261002,20261028
1251,1,1,1,1,1,0,0,20261002,20261028
1253,1,1,1,1,1,0,0,20261002,20261028
1257,1,1,1,1,1,0,0,20261002,20261028
1259,1,1,1,1,1,0,0,20261002,20261028
288,1,1,1,1,1,0,0,20261002,20261028
1262,1,1,1,1,1,0,0,20261002,20261028
1264,1,1,1,1,1,0,0,20261002,20261028
1267,1,1,1,1,1,0,0,20261002,20261028
17103,1,1,1,1,1,0,0,20261002,20261028
1273,1,1,1,1,1,0,0,20261002,20261028
1275,1,1,1,1,1,0,0,20261002,20261028
1278,1,1,1,1,1,0,0,20261002,20261028
1280,1,1,1,1,1,0,0,20261002,20261028
291,1,1,1,1,1,0,0,20261002,20261028
17101,1,1,1,1,1,0,0,20261002,20261028
1285,1,1,1,1,1,0,0,20261002,20261028
1287,1,1,1,1,1,0,0,20261002,20261028
17095,1,1,1,1,1,0,0,20261002,20261028
294,1,1,1,1,1,0,0,20261002,20261028
1293,1,1,1,1,1,0,0,20261002,20261028
1295,1,1,1,1,1,0,0,20261002,20261028
17093,1,1,1,1,1,0,0,20261002,20261028
296,1,1,1,1,1,0,0,20261002,20261028
1301,1,1,1,1,1,0,0,20261002,20261028
1303,1,1,1,1,1,0,0,20261002,20261028
17087,1,1,1,1,1,0,0,20261002,20261028
298,1,1,1,1,1,0,0,20261002,20261028
1309,1,1,1,1,1,0,0,20261002,20261028
1311,1,1,1,1,1,0,0,20261002,20261028
17085,1,1,1,1,1,0,0,20261002,20261028
17079,1,1,1,1,1,0,0,20261002,20261028
1317,1,1,1,1,1,0,0,20261002,20261028
1319,1,1,1,1,1,0,0,20261002,20261028
301,1,1,1,1,1,0,0,20261002,20261028
17077,1,1,1,1,1,0,0,20261002,20261028
13385,1,1,1,1,1,0,0,20261002,20261028
1325,1,1,1,1,1,0,0,20261002,20261028
13380,1,1,1,1,1,0,0,20261002,20261028
13375,1,1,1,1,1,0,0,20261002,20261028
13370,1,1,1,1,1,0,0,20261002,20261028
1330,1,1,1,1,1,0,0,20261002,20261028
13366,1,1,1,1,1,0,0,20261002,20261028
304,1,1,1,1,1,0,0,20261002,20261028
1333,1,1,1,1,1,0,0,20261002,20261028
13359,1,1,1,1,1,0,0,20261002,20261028
13355,1,1,1,1,1,0,0,20261002,20261028
1336,1,1,1,1,1,0,0,20261002,20261028
13346,1,1,1,1,1,0,0,20261002,20261028
13342,1,1,1,1,1,0,0,20261002,20261028
17073,1,1,1,1,1,0,0,20261002,20261028
1340,1,1,1,1,1,0,0,20261002,20261028
13337,1,1,1,1,1,0,0,20261002,20261028
1342,1,1,1,1,1,0,0,20261002,20261028
13331,1,1,1,1,1,0,0,20261002,20261028
13329,1,1,1,1,1,0,0,20261002,20261028
13321,1,1,1,1,1,0,0,20261002,20261028
17069,1,1,1,1,1,0,0,20261002,20261028
1347,1,1,1,1,1,0,0,20261002,20261028
13313,1,1,1,1,1,0,0,20261002,20261028
1349,1,1,1,1,1,0,0,20261002,20261028
13309,1,1,1,1,1,0,0,20261002,20261028
13302,1,1,1,1,1,0,0,20261002,20261028
17065,1,1,1,1,1,0,0,20261002,20261028
1353,1,1,1,1,1,0,0,20261002,20261028
13300,1,1,1,1,1,0,0,20261002,20261028
13290,1,1,1,1,1,0,0,20261002,20261028
308,1,1,1,1,1,0,0,20261002,20261028
13287,1,1,1,1,1,0,0,20261002,20261028
1358,1,1,1,1,1,0,0,20261002,20261028
13278,1,1,1,1,1,0,0,20261002,20261028
1360,1,1,1,1,1,0,0,20261002,20261028
13276,1,1,1,1,1,0,0,20261002,20261028
1362,1,1,1,1,1,0,0,20261002,20261028
13267,1,1,1,1,1,0,0,20261002,20261028
13264,1,1,1,1,1,0,0,20261002,20261028
1365,1,1,1,1,1,0,0,20261002,20261028
13256,1,1,1,1,1,0,0,20261002,20261028
13252,1,1,1,1,1,0,0,20261002,20261028
1368,1,1,1,1,1,0,0,20261002,20261028
13247,1,1,1,1,1,0,0,20261002,20261028
17063,1,1,1,1,1,0,0,20261002,20261028
1371,1,1,1,1,1,0,0,20261002,20261028
13240,1,1,1,1,1,0,0,20261002,20261028
13235,1,1,1,1,1,0,0,20261002,20261028
1374,1,1,1,1,1,0,0,20261002,20261028
13229,1,1,1,1,1,0,0,20261002,20261028
13222,1,1,1,1,1,0,0,20261002,20261028
310,1,1,1,1,1,0,0,20261002,20261028
13214,1,1,1,1,1,0,0,20261002,20261028
1379,1,1,1,1,1,0,0,20261002,20261028
13210,1,1,1,1,1,0,0,20261002,20261028
13208,1,1,1,1,1,0,0,20261002,20261028
1382,1,1,1,1,1,0,0,20261002,20261028
13200,1,1,1,1,1,0,0,20261002,20261028
13198,1,1,1,1,1,0,0,20261002,20261028
17061,1,1,1,1,1,0,0,20261002,20261028
1386,1,1,1,1,1,0,0,20261002,20261028
13190,1,1,1,1,1,0,0,20261002,20261028
17058,1,1,1,1,1,0,0,20261002,20261028
13186,1,1,1,1,1,0,0,20261002,20261028
13181,1,1,1,1,1,0,0,20261002,20261028
1391,1,1,1,1,1,0,0,20261002,20261028
13178,1,1,1,1,1,0,0,20261002,20261028
13172,1,1,1,1,1,0,0,20261002,20261028
1394,1,1,1,1,1,0,0,20261002,20261028
13169,1,1,1,1,1,0,0,20261002,20261028
13165,1,1,1,1,1,0,0,20261002,20261028
313,1,1,1,1,1,0,0,20261002,20261028
1398,1,1,1,1,1,0,0,20261002,20261028
13159,1,1,1,1,1,0,0,20261002,20261028
1400,1,1,1,1,1,0,0,20261002,20261028
13156,1,1,1,1,1,0,0,20261002,20261028
13151,1,1,1,1,1,0,0,20261002,20261028
1403,1,1,1,1,1,0,0,20261002,20261028
13148,1,1,1,1,1,0,0,20261002,20261028
13144,1,1,1,1,1,0,0,20261002,20261028
13140,1,1,1,1,1,0,0,20261002,20261028
1407,1,1,1,1,1,0,0,20261002,20261028
13133,1,1,1,1,1,0,0,20261002,20261028
17054,1,1,1,1,1,0,0,20261002,20261028
1411,1,1,1,1,1,0,0,20261002,20261028
13129,1,1,1,1,1,0,0,20261002,20261028
13124,1,1,1,1,1,0,0,20261002,20261028
1415,1,1,1,1,1,0,0,20261002,20261028
1417,1,1,1,1,1,0,0,20261002,20261028
316,1,1,1,1,1,0,0,20261002,20261028
1420,1,1,1,1,1,0,0,20261002,20261028
1425,1,1,1,1,1,0,0,20261002,20261028
1427,1,1,1,1,1,0,0,20261002,20261028
17051,1,1,1,1,1,0,0,20261002,20261028
1430,1,1,1,1,1,0,0,20261002,20261028
17048,1,1,1,1,1,0,0,20261002,20261028
1435,1,1,1,1,1,0,0,20261002,20261028
319,1,1,1,1,1,0,0,20261002,20261028
1438,1,1,1,1,1,0,0,20261002,20261028
17045,1,1,1,1,1,0,0,20261002,20261028
1443,1,1,1,1,1,0,0,20261002,20261028
1446,1,1,1,1,1,0,0,20261002,20261028
322,1,1,1,1,1,0,0,20261002,20261028
17043,1,1,1,1,1,0,0,20261002,20261028
1453,1,1,1,1,1,0,0,20261002,20261028
1455,1,1,1,1,1,0,0,20261002,20261028
17039,1,1,1,1,1,0,0,20261002,20261028
325,1,1,1,1,1,0,0,20261002,20261028
1460,1,1,1,1,1,0,0,20261002,20261028
17033,1,1,1,1,1,0,0,20261002,20261028
327,1,1,1,1,1,0,0,20261002,20261028
1466,1,1,1,1,1,0,0,20261002,20261028
1468,1,1,1,1,1,0,0,20261002,20261028
1471,1,1,1,1,1,0,0,20261002,20261028
17031,1,1,1,1,1,0,0,20261002,20261028
1475,1,1,1,1,1,0,0,20261002,20261028
17027,1,1,1,1,1,0,0,20261002,20261028
1480,1,1,1,1,1,0,0,20261002,20261028
1482,1,1,1,1,1,0,0,20261002,20261028
1484,1,1,1,1,1,0,0,20261002,20261028
330,1,1,1,1,1,0,0,20261002,20261028
1489,1,1,1,1,1,0,0,20261002,20261028
17025,1,1,1,1,1,0,0,20261002,20261028
1492,1,1,1,1,1,0,0,20261002,20261028
17019,1,1,1,1,1,0,0,20261002,20261028
1496,1,1,1,1,1,0,0,20261002,20261028
1501,1,1,1,1,1,0,0,20261002,20261028
334,1,1,1,1,1,0,0,20261002,20261028
1505,1,1,1,1,1,0,0,20261002,20261028
1507,1,1,1,1,1,0,0,20261002,20261028
1511,1,1,1,1,1,0,0,20261002,20261028
1513,1,1,1,1,1,0,0,20261002,20261028
1517,1,1,1,1,1,0,0,20261002,20261028
1520,1,1,1,1,1,0,0,20261002,20261028
17017,1,1,1,1,1,0,0,20261002,20261028
1524,1,1,1,1,1,0,0,20261002,20261028
17013,1,1,1,1,1,0,0,20261002,20261028
337,1,1,1,1,1,0,0,20261002,20261028
1529,1,1,1,1,1,0,0,20261002,20261028
1531,1,1,1,1,1,0,0,20261002,20261028
17011,1,1,1,1,1,0,0,20261002,20261028
17005,1,1,1,1,1,0,0,20261002,20261028
1537,1,1,1,1,1,0,0,20261002,20261028
1539,1,1,1,1,1,0,0,20261002,20261028
340,1,1,1,1,1,0,0,20261002,20261028
17003,1,1,1,1,1,0,0,20261002,20261028
1545,1,1,1,1,1,0,0,20261002,20261028
1547,1,1,1,1,1,0,0,20261002,20261028
1553,1,1,1,1,1,0,0,20261002,20261028
1555,1,1,1,1,1,0,0,20261002,20261028
1560,1,1,1,1,1,0,0,20261002,20261028
1564,1,1,1,1,1,0,0,20261002,20261028
16662,1,1,1,1,1,0,0,20261002,20261028
1569,1,1,1,1,1,0,0,20261002,20261028
1571,1,1,1,1,1,0,0,20261002,20261028
16659,1,1,1,1,1,0,0,20261002,20261028
16655,1,1,1,1,1,0,0,20261002,20261028
1577,1,1,1,1,1,0,0,20261002,20261028
16647,1,1,1,1,1,0,0,20261002,20261028
1581,1,1,1,1,1,0,0,20261002,20261028
16645,1,1,1,1,1,0,0,20261002,20261028
1585,1,1,1,1,1,0,0,20261002,20261028
1589,1,1,1,1,1,0,0,20261002,20261028
1591,1,1,1,1,1,0,0,20261002,20261028
1593,1,1,1,1,1,0,0,20261002,20261028
16641,1,1,1,1,1,0,0,20261002,20261028
16639,1,1,1,1,1,0,0,20261002,20261028
1599,1,1,1,1,1,0,0,20261002,20261028
16633,1,1,1,1,1,0,0,20261002,20261028
1603,1,1,1,1,1,0,0,20261002,20261028
1605,1,1,1,1,1,0,0,20261002,20261028
16630,1,1,1,1,1,0,0,20261002,20261028
1610,1,1,1,1,1,0,0,20261002,20261028
1612,1,1,1,1,1,0,0,20261002,20261028
16627,1,1,1,1,1,0,0,20261002,20261028
1616,1,1,1,1,1,0,0,20261002,20261028
16621,1,1,1,1,1,0,0,20261002,20261028
1621,1,1,1,1,1,0,0,20261002,20261028
16618,1,1,1,1,1,0,0,20261002,20261028
1625,1,1,1,1,1,0,0,20261002,20261028
1627,1,1,1,1,1,0,0,20261002,20261028
1631,1,1,1,1,1,0,0,20261002,20261028
1633,1,1,1,1,1,0,0,20261002,20261028
16612,1,1,1,1,1,0,0,20261002,20261028
16608,1,1,1,1,1,0,0,20261002,20261028
16605,1,1,1,1,1,0,0,20261002,20261028
16603,1,1,1,1,1,0,0,20261002,20261028
1641,1,1,1,1,1,0,0,20261002,20261028
1643,1,1,1,1,1,0,0,20261002,20261028
1647,1,1,1,1,1,0,0,20261002,20261028
1649,1,1,1,1,1,0,0,20261002,20261028
16600,1,1,1,1,1,0,0,20261002,20261028
16594,1,1,1,1,1,0,0,20261002,20261028
1655,1,1,1,1,1,0,0,20261002,20261028
1657,1,1,1,1,1,0,0,20261002,20261028
16592,1,1,1,1,1,0,0,20261002,20261028
16588,1,1,1,1,1,0,0,20261002,20261028
1663,1,1,1,1,1,0,0,20261002,20261028
1665,1,1,1,1,1,0,0,20261002,20261028
1669,1,1,1,1,1,0,0,20261002,20261028
1671,1,1,1,1,1,0,0,20261002,20261028
16582,1,1,1,1,1,0,0,20261002,20261028
1676,1,1,1,1,1,0,0,20261002,20261028
1678,1,1,1,1,1,0,0,20261002,20261028
1682,1,1,1,1,1,0,0,20261002,20261028
16578,1,1,1,1,1,0,0,20261002,20261028
1686,1,1,1,1,1,0,0,20261002,20261028
16575,1,1,1,1,1,0,0,20261002,20261028
1690,1,1,1,1,1,0,0,20261002,20261028
1692,1,1,1,1,1,0,0,20261002,20261028
1695,1,1,1,1,1,0,0,20261002,20261028
1697,1,1,1,1,1,0,0,20261002,20261028
8455,1,1,1,1,1,0,0,20261002,20261028
3498,1,1,1,1,1,0,0,20261002,20261028
6233,1,1,1,1,1,0,0,20261002,20261028
6229,1,1,1,1,1,0,0,20261002,20261028
6225,1,1,1,1,1,0,0,20261002,20261028
3502,1,1,1,1,1,0,0,20261002,20261028
6221,1,1,1,1,1,0,0,20261002,20261028
6217,1,1,1,1,1,0,0,20261002,20261028
3506,1,1,1,1,1,0,0,20261002,20261028
6213,1,1,1,1,1,0,0,20261002,20261028
6211,1,1,1,1,1,0,0,20261002,20261028
3509,1,1,1,1,1,0,0,20261002,20261028
6207,1,1,1,1,1,0,0,20261002,20261028
6201,1,1,1,1,1,0,0,20261002,20261028
3513,1,1,1,1,1,0,0,20261002,20261028
6199,1,1,1,1,1,0,0,20261002,20261028
6195,1,1,1,1,1,0,0,20261002,20261028
3516,1,1,1,1,1,0,0,20261002,20261028
6193,1,1,1,1,1,0,0,20261002,20261028
6185,1,1,1,1,1,0,0,20261002,20261028
3519,1,1,1,1,1,0,0,20261002,20261028
6183,1,1,1,1,1,0,0,20261002,20261028
786,1,1,1,1,1,0,0,20261002,20261028
6179,1,1,1,1,1,0,0,20261002,20261028
3523,1,1,1,1,1,0,0,20261002,20261028
6177,1,1,1,1,1,0,0,20261002,20261028
3526,1,1,1,1,1,0,0,20261002,20261028
6173,1,1,1,1,1,0,0,20261002,20261028
3528,1,1,1,1,1,0,0,20261002,20261028
6171,1,1,1,1,1,0,0,20261002,20261028
6165,1,1,1,1,1,0,0,20261002,20261028
6163,1,1,1,1,1,0,0,20261002,20261028
3532,1,1,1,1,1,0,0,20261002,20261028
6155,1,1,1,1,1,0,0,20261002,20261028
6151,1,1,1,1,1,0,0,20261002,20261028
3536,1,1,1,1,1,0,0,20261002,20261028
6147,1,1,1,1,1,0,0,20261002,20261028
6145,1,1,1,1,1,0,0,20261002,20261028
3539,1,1,1,1,1,0,0,20261002,20261028
6137,1,1,1,1,1,0,0,20261002,20261028
3541,1,1,1,1,1,0,0,20261002,20261028
6135,1,1,1,1,1,0,0,20261002,20261028
150,1,1,1,1,1,0,0,20261002,20261028
3544,1,1,1,1,1,0,0,20261002,20261028
6131,1,1,1,1,1,0,0,20261002,20261028
3546,1,1,1,1,1,0,0,20261002,20261028
6129,1,1,1,1,1,0,0,20261002,20261028
6123,1,1,1,1,1,0,0,20261002,20261028
3549,1,1,1,1,1,0,0,20261002,20261028
6121,1,1,1,1,1,0,0,20261002,20261028
6115,1,1,1,1,1,0,0,20261002,20261028
3552,1,1,1,1,1,0,0,20261002,20261028
6113,1,1,1,1,1,0,0,20261002,20261028
790,1,1,1,1,1,0,0,20261002,20261028
3555,1,1,1,1,1,0,0,20261002,20261028
6107,1,1,1,1,1,0,0,20261002,20261028
6105,1,1,1,1,1,0,0,20261002,20261028
3558,1,1,1,1,1,0,0,20261002,20261028
6101,1,1,1,1,1,0,0,20261002,20261028
3560,1,1,1,1,1,0,0,20261002,20261028
6099,1,1,1,1,1,0,0,20261002,20261028
6095,1,1,1,1,1,0,0,20261002,20261028
3564,1,1,1,1,1,0,0,20261002,20261028
6093,1,1,1,1,1,0,0,20261002,20261028
3567,1,1,1,1,1,0,0,20261002,20261028
6089,1,1,1,1,1,0,0,20261002,20261028
793,1,1,1,1,1,0,0,20261002,20261028
6086,1,1,1,1,1,0,0,20261002,20261028
3571,1,1,1,1,1,0,0,20261002,20261028
6084,1,1,1,1,1,0,0,20261002,20261028
3573,1,1,1,1,1,0,0,20261002,20261028
6081,1,1,1,1,1,0,0,20261002,20261028
6075,1,1,1,1,1,0,0,20261002,20261028
3577,1,1,1,1,1,0,0,20261002,20261028
3580,1,1,1,1,1,0,0,20261002,20261028
3584,1,1,1,1,1,0,0,20261002,20261028
796,1,1,1,1,1,0,0,20261002,20261028
3588,1,1,1,1,1,0,0,20261002,20261028
3592,1,1,1,1,1,0,0,20261002,20261028
3596,1,1,1,1,1,0,0,20261002,20261028
3600,1,1,1,1,1,0,0,20261002,20261028
3604,1,1,1,1,1,0,0,20261002,20261028
801,1,1,1,1,1,0,0,20261002,20261028
3608,1,1,1,1,1,0,0,20261002,20261028
3612,1,1,1,1,1,0,0,20261002,20261028
152,1,1,1,1,1,0,0,20261002,20261028
3616,1,1,1,1,1,0,0,20261002,20261028
804,1,1,1,1,1,0,0,20261002,20261028
3620,1,1,1,1,1,0,0,20261002,20261028
3624,1,1,1,1,1,0,0,20261002,20261028
3628,1,1,1,1,1,0,0,20261002,20261028
3632,1,1,1,1,1,0,0,20261002,20261028
808,1,1,1,1,1,0,0,20261002,20261028
3635,1,1,1,1,1,0,0,20261002,20261028
3637,1,1,1,1,1,0,0,20261002,20261028
3641,1,1,1,1,1,0,0,20261002,20261028
3645,1,1,1,1,1,0,0,20261002,20261028
3648,1,1,1,1,1,0,0,20261002,20261028
811,1,1,1,1,1,0,0,20261002,20261028
3652,1,1,1,1,1,0,0,20261002,20261028
3654,1,1,1,1,1,0,0,20261002,20261028
3658,1,1,1,1,1,0,0,20261002,20261028
3661,1,1,1,1,1,0,0,20261002,20261028
3665,1,1,1,1,1,0,0,20261002,20261028
814,1,1,1,1,1,0,0,20261002,20261028
3669,1,1,1,1,1,0,0,20261002,20261028
3671,1,1,1,1,1,0,0,20261002,20261028
3675,1,1,1,1,1,0,0,20261002,20261028
3678,1,1,1,1,1,0,0,20261002,20261028
3682,1,1,1,1,1,0,0,20261002,20261028
3686,1,1,1,1,1,0,0,20261002,20261028
3689,1,1,1,1,1,0,0,20261002,20261028
818,1,1,1,1,1,0,0,20261002,20261028
3693,1,1,1,1,1,0,0,20261002,20261028
3697,1,1,1,1,1,0,0,20261002,20261028
3699,1,1,1,1,1,0,0,20261002,20261028
3701,1,1,1,1,1,0,0,20261002,20261028
820,1,1,1,1,1,0,0,20261002,20261028
3706,1,1,1,1,1,0,0,20261002,20261028
3708,1,1,1,1,1,0,0,20261002,20261028
3711,1,1,1,1,1,0,0,20261002,20261028
3714,1,1,1,1,1,0,0,20261002,20261028
3717,1,1,1,1,1,0,0,20261002,20261028
3721,1,1,1,1,1,0,0,20261002,20261028
824,1,1,1,1,1,0,0,20261002,20261028
3725,1,1,1,1,1,0,0,20261002,20261028
826,1,1,1,1,1,0,0,20261002,20261028
3731,1,1,1,1,1,0,0,20261002,20261028
3735,1,1,1,1,1,0,0,20261002,20261028
3740,1,1,1,1,1,0,0,20261002,20261028
3744,1,1,1,1,1,0,0,20261002,20261028
830,1,1,1,1,1,0,0,20261002,20261028
3748,1,1,1,1,1,0,0,20261002,20261028
832,1,1,1,1,1,0,0,20261002,20261028
3754,1,1,1,1,1,0,0,20261002,20261028
3758,1,1,1,1,1,0,0,20261002,20261028
3762,1,1,1,1,1,0,0,20261002,20261028
836,1,1,1,1,1,0,0,20261002,20261028
3767,1,1,1,1,1,0,0,20261002,20261028
3771,1,1,1,1,1,0,0,20261002,20261028
839,1,1,1,1,1,0,0,20261002,20261028
3775,1,1,1,1,1,0,0,20261002,20261028
3779,1,1,1,1,1,0,0,20261002,20261028
15794,0,0,0,0,0,1,1,20261002,20261028
3783,1,1,1,1,1,0,0,20261002,20261028
156,1,1,1,1,1,0,0,20261002,20261028
3786,1,1,1,1,1,0,0,20261002,20261028
843,1,1,1,1,1,0,0,20261002,20261028
15793,0,0,0,0,0,1,1,20261002,20261028
3792,1,1,1,1,1,0,0,20261002,20261028
3794,1,1,1,1,1,0,0,20261002,20261028
3796,1,1,1,1,1,0,0,20261002,20261028
3801,1,1,1,1,1,0,0,20261002,20261028
3803,1,1,1,1,1,0,0,20261002,20261028
5636,1,1,1,1,1,0,0,20261002,20261028
5630,1,1,1,1,1,0,0,20261002,20261028
5625,1,1,1,1,1,0,0,20261002,20261028
15792,0,0,0,0,0,1,1,20261002,20261028
3808,1,1,1,1,1,0,0,20261002,20261028
5622,1,1,1,1,1,0,0,20261002,20261028
3810,1,1,1,1,1,0,0,20261002,20261028
5618,1,1,1,1,1,0,0,20261002,20261028
3812,1,1,1,1,1,0,0,20261002,20261028
5614,1,1,1,1,1,0,0,20261002,20261028
5610,1,1,1,1,1,0,0,20261002,20261028
3815,1,1,1,1,1,0,0,20261002,20261028
5608,1,1,1,1,1,0,0,20261002,20261028
5603,1,1,1,1,1,0,0,20261002,20261028
5599,1,1,1,1,1,0,0,20261002,20261028
847,1,1,1,1,1,0,0,20261002,20261028
3821,1,1,1,1,1,0,0,20261002,20261028
5597,1,1,1,1,1,0,0,20261002,20261028
3823,1,1,1,1,1,0,0,20261002,20261028
5593,1,1,1,1,1,0,0,20261002,20261028
5588,1,1,1,1,1,0,0,20261002,20261028
5586,1,1,1,1,1,0,0,20261002,20261028
3827,1,1,1,1,1,0,0,20261002,20261028
5579,1,1,1,1,1,0,0,20261002,20261028
3829,1,1,1,1,1,0,0,20261002,20261028
5577,1,1,1,1,1,0,0,20261002,20261028
3831,1,1,1,1,1,0,0,20261002,20261028
5573,1,1,1,1,1,0,0,20261002,20261028
5569,1,1,1,1,1,0,0,20261002,20261028
5567,1,1,1,1,1,0,0,20261002,20261028
15791,0,0,0,0,0,1,1,20261002,20261028
15790,0,0,0,0,0,1,1,20261002,20261028
3837,1,1,1,1,1,0,0,20261002,20261028
5564,1,1,1,1,1,0,0,20261002,20261028
3839,1,1,1,1,1,0,0,20261002,20261028
5559,1,1,1,1,1,0,0,20261002,20261028
5557,1,1,1,1,1,0,0,20261002,20261028
5553,1,1,1,1,1,0,0,20261002,20261028
3843,1,1,1,1,1,0,0,20261002,20261028
5551,1,1,1,1,1,0,0,20261002,20261028
3845,1,1,1,1,1,0,0,20261002,20261028
5547,1,1,1,1,1,0,0,20261002,20261028
3847,1,1,1,1,1,0,0,20261002,20261028
5543,1,1,1,1,1,0,0,20261002,20261028
5541,1,1,1,1,1,0,0,20261002,20261028
5537,1,1,1,1,1,0,0,20261002,20261028
158,1,1,1,1,1,0,0,20261002,20261028
3852,1,1,1,1,1,0,0,20261002,20261028
5533,1,1,1,1,1,0,0,20261002,20261028
3854,1,1,1,1,1,0,0,20261002,20261028
5531,1,1,1,1,1,0,0,20261002,20261028
5528,1,1,1,1,1,0,0,20261002,20261028
851,1,1,1,1,1,0,0,20261002,20261028
3858,1,1,1,1,1,0,0,20261002,20261028
5525,1,1,1,1,1,0,0,20261002,20261028
15789,0,0,0,0,0,1,1,20261002,20261028
5521,1,1,1,1,1,0,0,20261002,20261028
3862,1,1,1,1,1,0,0,20261002,20261028
5519,1,1,1,1,1,0,0,20261002,20261028
5515,1,1,1,1,1,0,0,20261002,20261028
3866,1,1,1,1,1,0,0,20261002,20261028
5513,1,1,1,1,1,0,0,20261002,20261028
5509,1,1,1,1,1,0,0,20261002,20261028
5506,1,1,1,1,1,0,0,20261002,20261028
3871,1,1,1,1,1,0,0,20261002,20261028
5503,1,1,1,1,1,0,0,20261002,20261028
855,1,1,1,1,1,0,0,20261002,20261028
5501,1,1,1,1,1,0,0,20261002,20261028
3876,1,1,1,1,1,0,0,20261002,20261028
5497,1,1,1,1,1,0,0,20261002,20261028
5495,1,1,1,1,1,0,0,20261002,20261028
3879,1,1,1,1,1,0,0,20261002,20261028
5489,1,1,1,1,1,0,0,20261002,20261028
5485,1,1,1,1,1,0,0,20261002,20261028
3883,1,1,1,1,1,0,0,20261002,20261028
5483,1,1,1,1,1,0,0,20261002,20261028
160,1,1,1,1,1,0,0,20261002,20261028
3886,1,1,1,1,1,0,0,20261002,20261028
5481,1,1,1,1,1,0,0,20261002,20261028
5478,1,1,1,1,1,0,0,20261002,20261028
3889,1,1,1,1,1,0,0,20261002,20261028
5474,1,1,1,1,1,0,0,20261002,20261028
5472,1,1,1,1,1,0,0,20261002,20261028
3892,1,1,1,1,1,0,0,20261002,20261028
5468,1,1,1,1,1,0,0,20261002,20261028
859,1,1,1,1,1,0,0,20261002,20261028
5466,1,1,1,1,1,0,0,20261002,20261028
3896,1,1,1,1,1,0,0,20261002,20261028
5462,1,1,1,1,1,0,0,20261002,20261028
3898,1,1,1,1,1,0,0,20261002,20261028
5460,1,1,1,1,1,0,0,20261002,20261028
5456,1,1,1,1,1,0,0,20261002,20261028
5454,1,1,1,1,1,0,0,20261002,20261028
3903,1,1,1,1,1,0,0,20261002,20261028
5451,1,1,1,1,1,0,0,20261002,20261028
3905,1,1,1,1,1,0,0,20261002,20261028
5447,1,1,1,1,1,0,0,20261002,20261028
3907,1,1,1,1,1,0,0,20261002,20261028
5443,1,1,1,1,1,0,0,20261002,20261028
5441,1,1,1,1,1,0,0,20261002,20261028
5438,1,1,1,1,1,0,0,20261002,20261028
3912,1,1,1,1,1,0,0,20261002,20261028
5436,1,1,1,1,1,0,0,20261002,20261028
5430,1,1,1,1,1,0,0,20261002,20261028
3915,1,1,1,1,1,0,0,20261002,20261028
5427,1,1,1,1,1,0,0,20261002,20261028
5424,1,1,1,1,1,0,0,20261002,20261028
3919,1,1,1,1,1,0,0,20261002,20261028
5419,1,1,1,1,1,0,0,20261002,20261028
3921,1,1,1,1,1,0,0,20261002,20261028
5416,1,1,1,1,1,0,0,20261002,20261028
3923,1,1,1,1,1,0,0,20261002,20261028
5412,1,1,1,1,1,0,0,20261002,20261028
5408,1,1,1,1,1,0,0,20261002,20261028
3926,1,1,1,1,1,0,0,20261002,20261028
5404,1,1,1,1,1,0,0,20261002,20261028
863,1,1,1,1,1,0,0,20261002,20261028
3929,1,1,1,1,1,0,0,20261002,20261028
5400,1,1,1,1,1,0,0,20261002,20261028
5397,1,1,1,1,1,0,0,20261002,20261028
3932,1,1,1,1,1,0,0,20261002,20261028
5392,1,1,1,1,1,0,0,20261002,20261028
5389,1,1,1,1,1,0,0,20261002,20261028
3936,1,1,1,1,1,0,0,20261002,20261028
5386,1,1,1,1,1,0,0,20261002,20261028
3938,1,1,1,1,1,0,0,20261002,20261028
5383,1,1,1,1,1,0,0,20261002,20261028
3940,1,1,1,1,1,0,0,20261002,20261028
5379,1,1,1,1,1,0,0,20261002,20261028
865,1,1,1,1,1,0,0,20261002,20261028
5373,1,1,1,1,1,0,0,20261002,20261028
3944,1,1,1,1,1,0,0,20261002,20261028
5371,1,1,1,1,1,0,0,20261002,20261028
3947,1,1,1,1,1,0,0,20261002,20261028
5367,1,1,1,1,1,0,0,20261002,20261028
5365,1,1,1,1,1,0,0,20261002,20261028
3950,1,1,1,1,1,0,0,20261002,20261028
5361,1,1,1,1,1,0,0,20261002,20261028
3953,1,1,1,1,1,0,0,20261002,20261028
5358,1,1,1,1,1,0,0,20261002,20261028
5356,1,1,1,1,1,0,0,20261002,20261028
3956,1,1,1,1,1,0,0,20261002,20261028
5353,1,1,1,1,1,0,0,20261002,20261028
3958,1,1,1,1,1,0,0,20261002,20261028
5348,1,1,1,1,1,0,0,20261002,20261028
3960,1,1,1,1,1,0,0,20261002,20261028
5346,1,1,1,1,1,0,0,20261002,20261028
5343,1,1,1,1,1,0,0,20261002,20261028
869,1,1,1,1,1,0,0,20261002,20261028
3966,1,1,1,1,1,0,0,20261002,20261028
5341,1,1,1,1,1,0,0,20261002,20261028
5337,1,1,1,1,1,0,0,20261002,20261028
3970,1,1,1,1,1,0,0,20261002,20261028
5333,1,1,1,1,1,0,0,20261002,20261028
5330,1,1,1,1,1,0,0,20261002,20261028
3974,1,1,1,1,1,0,0,20261002,20261028
5328,1,1,1,1,1,0,0,20261002,20261028
5325,1,1,1,1,1,0,0,20261002,20261028
873,1,1,1,1,1,0,0,20261002,20261028
3978,1,1,1,1,1,0,0,20261002,20261028
5322,1,1,1,1,1,0,0,20261002,20261028
5319,1,1,1,1,1,0,0,20261002,20261028
3982,1,1,1,1,1,0,0,20261002,20261028
5315,1,1,1,1,1,0,0,20261002,20261028
5312,1,1,1,1,1,0,0,20261002,20261028
875,1,1,1,1,1,0,0,20261002,20261028
3986,1,1,1,1,1,0,0,20261002,20261028
5310,1,1,1,1,1,0,0,20261002,20261028
5306,1,1,1,1,1,0,0,20261002,20261028
3990,1,1,1,1,1,0,0,20261002,20261028
5304,1,1,1,1,1,0,0,20261002,20261028
5299,1,1,1,1,1,0,0,20261002,20261028
3994,1,1,1,1,1,0,0,20261002,20261028
5297,1,1,1,1,1,0,0,20261002,20261028
5295,1,1,1,1,1,0,0,20261002,20261028
3998,1,1,1,1,1,0,0,20261002,20261028
5290,1,1,1,1,1,0,0,20261002,20261028
5288,1,1,1,1,1,0,0,20261002,20261028
4002,1,1,1,1,1,0,0,20261002,20261028
5283,1,1,1,1,1,0,0,20261002,20261028
5280,1,1,1,1,1,0,0,20261002,20261028
880,1,1,1,1,1,0,0,20261002,20261028
4006,1,1,1,1,1,0,0,20261002,20261028
5277,1,1,1,1,1,0,0,20261002,20261028
5275,1,1,1,1,1,0,0,20261002,20261028
4010,1,1,1,1,1,0,0,20261002,20261028
5272,1,1,1,1,1,0,0,20261002,20261028
5270,1,1,1,1,1,0,0,20261002,20261028
882,1,1,1,1,1,0,0,20261002,20261028
4014,1,1,1,1,1,0,0,20261002,20261028
5268,1,1,1,1,1,0,0,20261002,20261028
5265,1,1,1,1,1,0,0,20261002,20261028
4018,1,1,1,1,1,0,0,20261002,20261028
5263,1,1,1,1,1,0,0,20261002,20261028
5257,1,1,1,1,1,0,0,20261002,20261028
4021,1,1,1,1,1,0,0,20261002,20261028
5255,1,1,1,1,1,0,0,20261002,20261028
5253,1,1,1,1,1,0,0,20261002,20261028
5250,1,1,1,1,1,0,0,20261002,20261028
4026,1,1,1,1,1,0,0,20261002,20261028
5248,1,1,1,1,1,0,0,20261002,20261028
4028,1,1,1,1,1,0,0,20261002,20261028
5246,1,1,1,1,1,0,0,20261002,20261028
4031,1,1,1,1,1,0,0,20261002,20261028
5242,1,1,1,1,1,0,0,20261002,20261028
5237,1,1,1,1,1,0,0,20261002,20261028
4034,1,1,1,1,1,0,0,20261002,20261028
5235,1,1,1,1,1,0,0,20261002,20261028
4036,1,1,1,1,1,0,0,20261002,20261028
5230,1,1,1,1,1,0,0,20261002,20261028
5224,1,1,1,1,1,0,0,20261002,20261028
886,1,1,1,1,1,0,0,20261002,20261028
4040,1,1,1,1,1,0,0,20261002,20261028
5222,1,1,1,1,1,0,0,20261002,20261028
5217,1,1,1,1,1,0,0,20261002,20261028
4043,1,1,1,1,1,0,0,20261002,20261028
5213,1,1,1,1,1,0,0,20261002,20261028
5210,1,1,1,1,1,0,0,20261002,20261028
4047,1,1,1,1,1,0,0,20261002,20261028
5204,1,1,1,1,1,0,0,20261002,20261028
888,1,1,1,1,1,0,0,20261002,20261028
5200,1,1,1,1,1,0,0,20261002,20261028
4051,1,1,1,1,1,0,0,20261002,20261028
5195,1,1,1,1,1,0,0,20261002,20261028
4053,1,1,1,1,1,0,0,20261002,20261028
5191,1,1,1,1,1,0,0,20261002,20261028
5189,1,1,1,1,1,0,0,20261002,20261028
4057,1,1,1,1,1,0,0,20261002,20261028
5185,1,1,1,1,1,0,0,20261002,20261028
5181,1,1,1,1,1,0,0,20261002,20261028
4060,1,1,1,1,1,0,0,20261002,20261028
5176,1,1,1,1,1,0,0,20261002,20261028
5174,1,1,1,1,1,0,0,20261002,20261028
4064,1,1,1,1,1,0,0,20261002,20261028
5171,1,1,1,1,1,0,0,20261002,20261028
5168,1,1,1,1,1,0,0,20261002,20261028
4068,1,1,1,1,1,0,0,20261002,20261028
5166,1,1,1,1,1,0,0,20261002,20261028
4070,1,1,1,1,1,0,0,20261002,20261028
5162,1,1,1,1,1,0,0,20261002,20261028
5160,1,1,1,1,1,0,0,20261002,20261028
4074,1,1,1,1,1,0,0,20261002,20261028
5158,1,1,1,1,1,0,0,20261002,20261028
5156,1,1,1,1,1,0,0,20261002,20261028
164,1,1,1,1,1,0,0,20261002,20261028
4078,1,1,1,1,1,0,0,20261002,20261028
5154,1,1,1,1,1,0,0,20261002,20261028
5152,1,1,1,1,1,0,0,20261002,20261028
4081,1,1,1,1,1,0,0,20261002,20261028
5149,1,1,1,1,1,0,0,20261002,20261028
894,1,1,1,1,1,0,0,20261002,20261028
4084,1,1,1,1,1,0,0,20261002,20261028
5146,1,1,1,1,1,0,0,20261002,20261028
5144,1,1,1,1,1,0,0,20261002,20261028
4087,1,1,1,1,1,0,0,20261002,20261028
5142,1,1,1,1,1,0,0,20261002,20261028
5140,1,1,1,1,1,0,0,20261002,20261028
4091,1,1,1,1,1,0,0,20261002,20261028
5136,1,1,1,1,1,0,0,20261002,20261028
5128,1,1,1,1,1,0,0,20261002,20261028
896,1,1,1,1,1,0,0,20261002,20261028
4095,1,1,1,1,1,0,0,20261002,20261028
5125,1,1,1,1,1,0,0,20261002,20261028
5122,1,1,1,1,1,0,0,20261002,20261028
4099,1,1,1,1,1,0,0,20261002,20261028
5120,1,1,1,1,1,0,0,20261002,20261028
5118,1,1,1,1,1,0,0,20261002,20261028
4103,1,1,1,1,1,0,0,20261002,20261028
5116,1,1,1,1,1,0,0,20261002,20261028
5114,1,1,1,1,1,0,0,20261002,20261028
900,1,1,1,1,1,0,0,20261002,20261028
4108,1,1,1,1,1,0,0,20261002,20261028
5112,1,1,1,1,1,0,0,20261002,20261028
5109,1,1,1,1,1,0,0,20261002,20261028
902,1,1,1,1,1,0,0,20261002,20261028
4114,1,1,1,1,1,0,0,20261002,20261028
5107,1,1,1,1,1,0,0,20261002,20261028
5105,1,1,1,1,1,0,0,20261002,20261028
4118,1,1,1,1,1,0,0,20261002,20261028
5102,1,1,1,1,1,0,0,20261002,20261028
5099,1,1,1,1,1,0,0,20261002,20261028
906,1,1,1,1,1,0,0,20261002,20261028
908,1,1,1,1,1,0,0,20261002,20261028
5096,1,1,1,1,1,0,0,20261002,20261028
4126,1,1,1,1,1,0,0,20261002,20261028
5093,1,1,1,1,1,0,0,20261002,20261028
5091,1,1,1,1,1,0,0,20261002,20261028
4130,1,1,1,1,1,0,0,20261002,20261028
5087,1,1,1,1,1,0,0,20261002,20261028
4134,1,1,1,1,1,0,0,20261002,20261028
5082,1,1,1,1,1,0,0,20261002,20261028
5078,1,1,1,1,1,0,0,20261002,20261028
166,1,1,1,1,1,0,0,20261002,20261028
5072,1,1,1,1,1,0,0,20261002,20261028
4140,1,1,1,1,1,0,0,20261002,20261028
5070,1,1,1,1,1,0,0,20261002,20261028
914,1,1,1,1,1,0,0,20261002,20261028
5064,1,1,1,1,1,0,0,20261002,20261028
4144,1,1,1,1,1,0,0,20261002,20261028
5062,1,1,1,1,1,0,0,20261002,20261028
5058,1,1,1,1,1,0,0,20261002,20261028
4148,1,1,1,1,1,0,0,20261002,20261028
5054,1,1,1,1,1,0,0,20261002,20261028
5050,1,1,1,1,1,0,0,20261002,20261028
4152,1,1,1,1,1,0,0,20261002,20261028
5046,1,1,1,1,1,0,0,20261002,20261028
169,1,1,1,1,1,0,0,20261002,20261028
5042,1,1,1,1,1,0,0,20261002,20261028
4157,1,1,1,1,1,0,0,20261002,20261028
5040,1,1,1,1,1,0,0,20261002,20261028
4159,1,1,1,1,1,0,0,20261002,20261028
5034,1,1,1,1,1,0,0,20261002,20261028
5032,1,1,1,1,1,0,0,20261002,20261028
5026,1,1,1,1,1,0,0,20261002,20261028
5024,1,1,1,1,1,0,0,20261002,20261028
4164,1,1,1,1,1,0,0,20261002,20261028
5018,1,1,1,1,1,0,0,20261002,20261028
4166,1,1,1,1,1,0,0,20261002,20261028
5016,1,1,1,1,1,0,0,20261002,20261028
4168,1,1,1,1,1,0,0,20261002,20261028
5010,1,1,1,1,1,0,0,20261002,20261028
5008,1,1,1,1,1,0,0,20261002,20261028
171,1,1,1,1,1,0,0,20261002,20261028
4173,1,1,1,1,1,0,0,20261002,20261028
5004,1,1,1,1,1,0,0,20261002,20261028
5000,1,1,1,1,1,0,0,20261002,20261028
4176,1,1,1,1,1,0,0,20261002,20261028
4998,1,1,1,1,1,0,0,20261002,20261028
4178,1,1,1,1,1,0,0,20261002,20261028
4992,1,1,1,1,1,0,0,20261002,20261028
4990,1,1,1,1,1,0,0,20261002,20261028
4986,1,1,1,1,1,0,0,20261002,20261028
4182,1,1,1,1,1,0,0,20261002,20261028
4982,1,1,1,1,1,0,0,20261002,20261028
4980,1,1,1,1,1,0,0,20261002,20261028
4186,1,1,1,1,1,0,0,20261002,20261028
4974,1,1,1,1,1,0,0,20261002,20261028
173,1,1,1,1,1,0,0,20261002,20261028
4972,1,1,1,1,1,0,0,20261002,20261028
4190,1,1,1,1,1,0,0,20261002,20261028
4965,1,1,1,1,1,0,0,20261002,20261028
4192,1,1,1,1,1,0,0,20261002,20261028
4963,1,1,1,1,1,0,0,20261002,20261028
4960,1,1,1,1,1,0,0,20261002,20261028
4195,1,1,1,1,1,0,0,20261002,20261028
4956,1,1,1,1,1,0,0,20261002,20261028
4197,1,1,1,1,1,0,0,20261002,20261028
4952,1,1,1,1,1,0,0,20261002,20261028
4947,1,1,1,1,1,0,0,20261002,20261028
4202,1,1,1,1,1,0,0,20261002,20261028
4945,1,1,1,1,1,0,0,20261002,20261028
4942,1,1,1,1,1,0,0,20261002,20261028
4940,1,1,1,1,1,0,0,20261002,20261028
4206,1,1,1,1,1,0,0,20261002,20261028
4938,1,1,1,1,1,0,0,20261002,20261028
4208,1,1,1,1,1,0,0,20261002,20261028
4932,1,1,1,1,1,0,0,20261002,20261028
4930,1,1,1,1,1,0,0,20261002,20261028
4211,1,1,1,1,1,0,0,20261002,20261028
4925,1,1,1,1,1,0,0,20261002,20261028
4923,1,1,1,1,1,0,0,20261002,20261028
4215,1,1,1,1,1,0,0,20261002,20261028
4917,1,1,1,1,1,0,0,20261002,20261028
177,1,1,1,1,1,0,0,20261002,20261028
4915,1,1,1,1,1,0,0,20261002,20261028
4909,1,1,1,1,1,0,0,20261002,20261028
4907,1,1,1,1,1,0,0,20261002,20261028
4221,1,1,1,1,1,0,0,20261002,20261028
4901,1,1,1,1,1,0,0,20261002,20261028
4223,1,1,1,1,1,0,0,20261002,20261028
4899,1,1,1,1,1,0,0,20261002,20261028
4893,1,1,1,1,1,0,0,20261002,20261028
4227,1,1,1,1,1,0,0,20261002,20261028
4887,1,1,1,1,1,0,0,20261002,20261028
4885,1,1,1,1,1,0,0,20261002,20261028
4230,1,1,1,1,1,0,0,20261002,20261028
4879,1,1,1,1,1,0,0,20261002,20261028
4232,1,1,1,1,1,0,0,20261002,20261028
4875,1,1,1,1,1,0,0,20261002,20261028
4873,1,1,1,1,1,0,0,20261002,20261028
179,1,1,1,1,1,0,0,20261002,20261028
4236,1,1,1,1,1,0,0,20261002,20261028
4867,1,1,1,1,1,0,0,20261002,20261028
4865,1,1,1,1,1,0,0,20261002,20261028
4861,1,1,1,1,1,0,0,20261002,20261028
4240,1,1,1,1,1,0,0,20261002,20261028
4859,1,1,1,1,1,0,0,20261002,20261028
4243,1,1,1,1,1,0,0,20261002,20261028
4857,1,1,1,1,1,0,0,20261002,20261028
4855,1,1,1,1,1,0,0,20261002,20261028
4246,1,1,1,1,1,0,0,20261002,20261028
4853,1,1,1,1,1,0,0,20261002,20261028
4849,1,1,1,1,1,0,0,20261002,20261028
181,1,1,1,1,1,0,0,20261002,20261028
4251,1,1,1,1,1,0,0,20261002,20261028
4845,1,1,1,1,1,0,0,20261002,20261028
16570,1,1,1,1,1,0,0,20261002,20261028
16566,1,1,1,1,1,0,0,20261002,20261028
1703,1,1,1,1,1,0,0,20261002,20261028
1705,1,1,1,1,1,0,0,20261002,20261028
1709,1,1,1,1,1,0,0,20261002,20261028
1711,1,1,1,1,1,0,0,20261002,20261028
1714,1,1,1,1,1,0,0,20261002,20261028
1716,1,1,1,1,1,0,0,20261002,20261028
1720,1,1,1,1,1,0,0,20261002,20261028
1722,1,1,1,1,1,0,0,20261002,20261028
1724,1,1,1,1,1,0,0,20261002,20261028
16562,1,1,1,1,1,0,0,20261002,20261028
1728,1,1,1,1,1,0,0,20261002,20261028
1730,1,1,1,1,1,0,0,20261002,20261028
1732,1,1,1,1,1,0,0,20261002,20261028
1736,1,1,1,1,1,0,0,20261002,20261028
1738,1,1,1,1,1,0,0,20261002,20261028
16558,1,1,1,1,1,0,0,20261002,20261028
1741,1,1,1,1,1,0,0,20261002,20261028
1744,1,1,1,1,1,0,0,20261002,20261028
1746,1,1,1,1,1,0,0,20261002,20261028
1748,1,1,1,1,1,0,0,20261002,20261028
1750,1,1,1,1,1,0,0,20261002,20261028
16553,1,1,1,1,1,0,0,20261002,20261028
16549,1,1,1,1,1,0,0,20261002,20261028
1755,1,1,1,1,1,0,0,20261002,20261028
16545,1,1,1,1,1,0,0,20261002,20261028
1759,1,1,1,1,1,0,0,20261002,20261028
1762,1,1,1,1,1,0,0,20261002,20261028
1764,1,1,1,1,1,0,0,20261002,20261028
16541,1,1,1,1,1,0,0,20261002,20261028
16536,1,1,1,1,1,0,0,20261002,20261028
1770,1,1,1,1,1,0,0,20261002,20261028
1772,1,1,1,1,1,0,0,20261002,20261028
16534,1,1,1,1,1,0,0,20261002,20261028
16528,1,1,1,1,1,0,0,20261002,20261028
1778,1,1,1,1,1,0,0,20261002,20261028
1781,1,1,1,1,1,0,0,20261002,20261028
16526,1,1,1,1,1,0,0,20261002,20261028
1784,1,1,1,1,1,0,0,20261002,20261028
16520,1,1,1,1,1,0,0,20261002,20261028
1789,1,1,1,1,1,0,0,20261002,20261028
1792,1,1,1,1,1,0,0,20261002,20261028
16518,1,1,1,1,1,0,0,20261002,20261028
16512,1,1,1,1,1,0,0,20261002,20261028
1797,1,1,1,1,1,0,0,20261002,20261028
1800,1,1,1,1,1,0,0,20261002,20261028
1802,1,1,1,1,1,0,0,20261002,20261028
16510,1,1,1,1,1,0,0,20261002,20261028
16507,1,1,1,1,1,0,0,20261002,20261028
1808,1,1,1,1,1,0,0,20261002,20261028
1810,1,1,1,1,1,0,0,20261002,20261028
16502,1,1,1,1,1,0,0,20261002,20261028
1816,1,1,1,1,1,0,0,20261002,20261028
1819,1,1,1,1,1,0,0,20261002,20261028
1821,1,1,1,1,1,0,0,20261002,20261028
1824,1,1,1,1,1,0,0,20261002,20261028
1828,1,1,1,1,1,0,0,20261002,20261028
1830,1,1,1,1,1,0,0,20261002,20261028
1835,1,1,1,1,1,0,0,20261002,20261028
1838,1,1,1,1,1,0,0,20261002,20261028
1840,1,1,1,1,1,0,0,20261002,20261028
1845,1,1,1,1,1,0,0,20261002,20261028
1848,1,1,1,1,1,0,0,20261002,20261028
1850,1,1,1,1,1,0,0,20261002,20261028
1854,1,1,1,1,1,0,0,20261002,20261028
1859,1,1,1,1,1,0,0,20261002,20261028
1862,1,1,1,1,1,0,0,20261002,20261028
1866,1,1,1,1,1,0,0,20261002,20261028
1868,1,1,1,1,1,0,0,20261002,20261028
1870,1,1,1,1,1,0,0,20261002,20261028
1876,1,1,1,1,1,0,0,20261002,20261028
1881,1,1,1,1,1,0,0,20261002,20261028
1883,1,1,1,1,1,0,0,20261002,20261028
1885,1,1,1,1,1,0,0,20261002,20261028
1891,1,1,1,1,1,0,0,20261002,20261028
1893,1,1,1,1,1,0,0,20261002,20261028
1897,1,1,1,1,1,0,0,20261002,20261028
1899,1,1,1,1,1,0,0,20261002,20261028
1903,1,1,1,1,1,0,0,20261002,20261028
1908,1,1,1,1,1,0,0,20261002,20261028
1911,1,1,1,1,1,0,0,20261002,20261028
1916,1,1,1,1,1,0,0,20261002,20261028
1919,1,1,1,1,1,0,0,20261002,20261028
1924,1,1,1,1,1,0,0,20261002,20261028
1927,1,1,1,1,1,0,0,20261002,20261028
1929,1,1,1,1,1,0,0,20261002,20261028
1934,1,1,1,1,1,0,0,20261002,20261028
1940,1,1,1,1,1,0,0,20261002,20261028
1943,1,1,1,1,1,0,0,20261002,20261028
1947,1,1,1,1,1,0,0,20261002,20261028
1952,1,1,1,1,1,0,0,20261002,20261028
1955,1,1,1,1,1,0,0,20261002,20261028
1960,1,1,1,1,1,0,0,20261002,20261028
1963,1,1,1,1,1,0,0,20261002,20261028
1968,1,1,1,1,1,0,0,20261002,20261028
1972,1,1,1,1,1,0,0,20261002,20261028
1,1,1,1,1,1,0,0,20261002,20261028
3,1,1,1,1,1,0,0,20261002,20261028
6,1,1,1,1,1,0,0,20261002,20261028
8,1,1,1,1,1,0,0,20261002,20261028
2040,1,1,1,1,1,0,0,20261002,20261028
2043,1,1,1,1,1,0,0,20261002,20261028
2048,1,1,1,1,1,0,0,20261002,20261028
12,1,1,1,1,1,0,0,20261002,20261028
2053,1,1,1,1,1,0,0,20261002,20261028
2055,1,1,1,1,1,0,0,20261002,20261028
2059,1,1,1,1,1,0,0,20261002,20261028
14,1,1,1,1,1,0,0,20261002,20261028
2063,1,1,1,1,1,0,0,20261002,20261028
2068,1,1,1,1,1,0,0,20261002,20261028
2070,1,1,1,1,1,0,0,20261002,20261028
2074,1,1,1,1,1,0,0,20261002,20261028
2077,1,1,1,1,1,0,0,20261002,20261028
2080,1,1,1,1,1,0,0,20261002,20261028
18,1,1,1,1,1,0,0,20261002,20261028
2083,1,1,1,1,1,0,0,20261002,20261028
2085,1,1,1,1,1,0,0,20261002,20261028
2087,1,1,1,1,1,0,0,20261002,20261028
20,1,1,1,1,1,0,0,20261002,20261028
2092,1,1,1,1,1,0,0,20261002,20261028
2094,1,1,1,1,1,0,0,20261002,20261028
2098,1,1,1,1,1,0,0,20261002,20261028
2102,1,1,1,1,1,0,0,20261002,20261028
2107,1,1,1,1,1,0,0,20261002,20261028
24,1,1,1,1,1,0,0,20261002,20261028
2112,1,1,1,1,1,0,0,20261002,20261028
2115,1,1,1,1,1,0,0,20261002,20261028
26,1,1,1,1,1,0,0,20261002,20261028
2119,1,1,1,1,1,0,0,20261002,20261028
2123,1,1,1,1,1,0,0,20261002,20261028
2127,1,1,1,1,1,0,0,20261002,20261028
2129,1,1,1,1,1,0,0,20261002,20261028
30,1,1,1,1,1,0,0,20261002,20261028
32,1,1,1,1,1,0,0,20261002,20261028
2137,1,1,1,1,1,0,0,20261002,20261028
2141,1,1,1,1,1,0,0,20261002,20261028
35,1,1,1,1,1,0,0,20261002,20261028
2146,1,1,1,1,1,0,0,20261002,20261028
37,1,1,1,1,1,0,0,20261002,20261028
2152,1,1,1,1,1,0,0,20261002,20261028
2156,1,1,1,1,1,0,0,20261002,20261028
41,1,1,1,1,1,0,0,20261002,20261028
2161,1,1,1,1,1,0,0,20261002,20261028
2163,1,1,1,1,1,0,0,20261002,20261028
2167,1,1,1,1,1,0,0,20261002,20261028
2169,1,1,1,1,1,0,0,20261002,20261028
43,1,1,1,1,1,0,0,20261002,20261028
2173,1,1,1,1,1,0,0,20261002,20261028
2175,1,1,1,1,1,0,0,20261002,20261028
45,1,1,1,1,1,0,0,20261002,20261028
2184,1,1,1,1,1,0,0,20261002,20261028
2186,1,1,1,1,1,0,0,20261002,20261028
49,1,1,1,1,1,0,0,20261002,20261028
2192,1,1,1,1,1,0,0,20261002,20261028
51,1,1,1,1,1,0,0,20261002,20261028
2198,1,1,1,1,1,0,0,20261002,20261028
2200,1,1,1,1,1,0,0,20261002,20261028
2202,1,1,1,1,1,0,0,20261002,20261028
53,1,1,1,1,1,0,0,20261002,20261028
2209,1,1,1,1,1,0,0,20261002,20261028
2211,1,1,1,1,1,0,0,20261002,20261028
55,1,1,1,1,1,0,0,20261002,20261028
57,1,1,1,1,1,0,0,20261002,20261028
2217,1,1,1,1,1,0,0,20261002,20261028
2221,1,1,1,1,1,0,0,20261002,20261028
2224,1,1,1,1,1,0,0,20261002,20261028
2229,1,1,1,1,1,0,0,20261002,20261028
2232,1,1,1,1,1,0,0,20261002,20261028
2237,1,1,1,1,1,0,0,20261002,20261028
2240,1,1,1,1,1,0,0,20261002,20261028
2242,1,1,1,1,1,0,0,20261002,20261028
63,1,1,1,1,1,0,0,20261002,20261028
2249,1,1,1,1,1,0,0,20261002,20261028
2253,1,1,1,1,1,0,0,20261002,20261028
65,1,1,1,1,1,0,0,20261002,20261028
2259,1,1,1,1,1,0,0,20261002,20261028
67,1,1,1,1,1,0,0,20261002,20261028
2264,1,1,1,1,1,0,0,20261002,20261028
2266,1,1,1,1,1,0,0,20261002,20261028
2269,1,1,1,1,1,0,0,20261002,20261028
69,1,1,1,1,1,0,0,20261002,20261028
2274,1,1,1,1,1,0,0,20261002,20261028
2277,1,1,1,1,1,0,0,20261002,20261028
2280,1,1,1,1,1,0,0,20261002,20261028
71,1,1,1,1,1,0,0,20261002,20261028
2285,1,1,1,1,1,0,0,20261002,20261028
2290,1,1,1,1,1,0,0,20261002,20261028
75,1,1,1,1,1,0,0,20261002,20261028
2295,1,1,1,1,1,0,0,20261002,20261028
77,1,1,1,1,1,0,0,20261002,20261028
2300,1,1,1,1,1,0,0,20261002,20261028
80,1,1,1,1,1,0,0,20261002,20261028
2307,1,1,1,1,1,0,0,20261002,20261028
2309,1,1,1,1,1,0,0,20261002,20261028
2312,1,1,1,1,1,0,0,20261002,20261028
2316,1,1,1,1,1,0,0,20261002,20261028
2319,1,1,1,1,1,0,0,20261002,20261028
2323,1,1,1,1,1,0,0,20261002,20261028
2327,1,1,1,1,1,0,0,20261002,20261028
2329,1,1,1,1,1,0,0,20261002,20261028
2333,1,1,1,1,1,0,0,20261002,20261028
2335,1,1,1,1,1,0,0,20261002,20261028
84,1,1,1,1,1,0,0,20261002,20261028
2339,1,1,1,1,1,0,0,20261002,20261028
2343,1,1,1,1,1,0,0,20261002,20261028
2345,1,1,1,1,1,0,0,20261002,20261028
86,1,1,1,1,1,0,0,20261002,20261028
2350,1,1,1,1,1,0,0,20261002,20261028
2354,1,1,1,1,1,0,0,20261002,20261028
2356,1,1,1,1,1,0,0,20261002,20261028
2360,1,1,1,1,1,0,0,20261002,20261028
88,1,1,1,1,1,0,0,20261002,20261028
2364,1,1,1,1,1,0,0,20261002,20261028
2367,1,1,1,1,1,0,0,20261002,20261028
2370,1,1,1,1,1,0,0,20261002,20261028
2374,1,1,1,1,1,0,0,20261002,20261028
2376,1,1,1,1,1,0,0,20261002,20261028
90,1,1,1,1,1,0,0,20261002,20261028
2382,1,1,1,1,1,0,0,20261002,20261028
2386,1,1,1,1,1,0,0,20261002,20261028
2388,1,1,1,1,1,0,0,20261002,20261028
2394,1,1,1,1,1,0,0,20261002,20261028
2396,1,1,1,1,1,0,0,20261002,20261028
2399,1,1,1,1,1,0,0,20261002,20261028
2401,1,1,1,1,1,0,0,20261002,20261028
94,1,1,1,1,1,0,0,20261002,20261028
2406,1,1,1,1,1,0,0,20261002,20261028
2410,1,1,1,1,1,0,0,20261002,20261028
96,1,1,1,1,1,0,0,20261002,20261028
2415,1,1,1,1,1,0,0,20261002,20261028
2419,1,1,1,1,1,0,0,20261002,20261028
99,1,1,1,1,1,0,0,20261002,20261028
2423,1,1,1,1,1,0,0,20261002,20261028
2426,1,1,1,1,1,0,0,20261002,20261028
2430,1,1,1,1,1,0,0,20261002,20261028
101,1,1,1,1,1,0,0,20261002,20261028
2435,1,1,1,1,1,0,0,20261002,20261028
2439,1,1,1,1,1,0,0,20261002,20261028
2443,1,1,1,1,1,0,0,20261002,20261028
2447,1,1,1,1,1,0,0,20261002,20261028
105,1,1,1,1,1,0,0,20261002,20261028
2450,1,1,1,1,1,0,0,20261002,20261028
107,1,1,1,1,1,0,0,20261002,20261028
2456,1,1,1,1,1,0,0,20261002,20261028
2458,1,1,1,1,1,0,0,20261002,20261028
109,1,1,1,1,1,0,0,20261002,20261028
2464,1,1,1,1,1,0,0,20261002,20261028
2466,1,1,1,1,1,0,0,20261002,20261028
2471,1,1,1,1,1,0,0,20261002,20261028
2475,1,1,1,1,1,0,0,20261002,20261028
113,1,1,1,1,1,0,0,20261002,20261028
2479,1,1,1,1,1,0,0,20261002,20261028
2483,1,1,1,1,1,0,0,20261002,20261028
2486,1,1,1,1,1,0,0,20261002,20261028
116,1,1,1,1,1,0,0,20261002,20261028
2492,1,1,1,1,1,0,0,20261002,20261028
2494,1,1,1,1,1,0,0,20261002,20261028
2500,1,1,1,1,1,0,0,20261002,20261028
2502,1,1,1,1,1,0,0,20261002,20261028
119,1,1,1,1,1,0,0,20261002,20261028
2507,1,1,1,1,1,0,0,20261002,20261028
2511,1,1,1,1,1,0,0,20261002,20261028
121,1,1,1,1,1,0,0,20261002,20261028
2515,1,1,1,1,1,0,0,20261002,20261028
2519,1,1,1,1,1,0,0,20261002,20261028
123,1,1,1,1,1,0,0,20261002,20261028
2522,1,1,1,1,1,0,0,20261002,20261028
2527,1,1,1,1,1,0,0,20261002,20261028
125,1,1,1,1,1,0,0,20261002,20261028
2530,1,1,1,1,1,0,0,20261002,20261028
2532,1,1,1,1,1,0,0,20261002,20261028
127,1,1,1,1,1,0,0,20261002,20261028
2538,1,1,1,1,1,0,0,20261002,20261028
2540,1,1,1,1,1,0,0,20261002,20261028
2544,1,1,1,1,1,0,0,20261002,20261028
2548,1,1,1,1,1,0,0,20261002,20261028
130,1,1,1,1,1,0,0,20261002,20261028
2552,1,1,1,1,1,0,0,20261002,20261028
2554,1,1,1,1,1,0,0,20261002,20261028
2560,1,1,1,1,1,0,0,20261002,20261028
2562,1,1,1,1,1,0,0,20261002,20261028
2564,1,1,1,1,1,0,0,20261002,20261028
2569,1,1,1,1,1,0,0,20261002,20261028
2571,1,1,1,1,1,0,0,20261002,20261028
134,1,1,1,1,1,0,0,20261002,20261028
2575,1,1,1,1,1,0,0,20261002,20261028
2577,1,1,1,1,1,0,0,20261002,20261028
609,1,1,1,1,1,0,0,20261002,20261028
2583,1,1,1,1,1,0,0,20261002,20261028
2585,1,1,1,1,1,0,0,20261002,20261028
2589,1,1,1,1,1,0,0,20261002,20261028
612,1,1,1,1,1,0,0,20261002,20261028
2593,1,1,1,1,1,0,0,20261002,20261028
2595,1,1,1,1,1,0,0,20261002,20261028
2599,1,1,1,1,1,0,0,20261002,20261028
2603,1,1,1,1,1,0,0,20261002,20261028
2606,1,1,1,1,1,0,0,20261002,20261028
615,1,1,1,1,1,0,0,20261002,20261028
2610,1,1,1,1,1,0,0,20261002,20261028
2612,1,1,1,1,1,0,0,20261002,20261028
8461,1,1,1,1,1,0,0,20261002,20261028
2616,1,1,1,1,1,0,0,20261002,20261028
8459,1,1,1,1,1,0,0,20261002,20261028
8457,1,1,1,1,1,0,0,20261002,20261028
2621,1,1,1,1,1,0,0,20261002,20261028
6237,1,1,1,1,1,0,0,20261002,20261028
2623,1,1,1,1,1,0,0,20261002,20261028
8453,1,1,1,1,1,0,0,20261002,20261028
8451,1,1,1,1,1,0,0,20261002,20261028
2627,1,1,1,1,1,0,0,20261002,20261028
618,1,1,1,1,1,0,0,20261002,20261028
2631,1,1,1,1,1,0,0,20261002,20261028
2636,1,1,1,1,1,0,0,20261002,20261028
2638,1,1,1,1,1,0,0,20261002,20261028
2642,1,1,1,1,1,0,0,20261002,20261028
621,1,1,1,1,1,0,0,20261002,20261028
2646,1,1,1,1,1,0,0,20261002,20261028
2650,1,1,1,1,1,0,0,20261002,20261028
2652,1,1,1,1,1,0,0,20261002,20261028
624,1,1,1,1,1,0,0,20261002,20261028
2657,1,1,1,1,1,0,0,20261002,20261028
2660,1,1,1,1,1,0,0,20261002,20261028
2662,1,1,1,1,1,0,0,20261002,20261028
2667,1,1,1,1,1,0,0,20261002,20261028
2671,1,1,1,1,1,0,0,20261002,20261028
2676,1,1,1,1,1,0,0,20261002,20261028
2678,1,1,1,1,1,0,0,20261002,20261028
628,1,1,1,1,1,0,0,20261002,20261028
2684,1,1,1,1,1,0,0,20261002,20261028
2686,1,1,1,1,1,0,0,20261002,20261028
630,1,1,1,1,1,0,0,20261002,20261028
2691,1,1,1,1,1,0,0,20261002,20261028
2695,1,1,1,1,1,0,0,20261002,20261028
633,1,1,1,1,1,0,0,20261002,20261028
2699,1,1,1,1,1,0,0,20261002,20261028
2703,1,1,1,1,1,0,0,20261002,20261028
2707,1,1,1,1,1,0,0,20261002,20261028
2709,1,1,1,1,1,0,0,20261002,20261028
636,1,1,1,1,1,0,0,20261002,20261028
2715,1,1,1,1,1,0,0,20261002,20261028
2718,1,1,1,1,1,0,0,20261002,20261028
638,1,1,1,1,1,0,0,20261002,20261028
2722,1,1,1,1,1,0,0,20261002,20261028
2726,1,1,1,1,1,0,0,20261002,20261028
2730,1,1,1,1,1,0,0,20261002,20261028
2735,1,1,1,1,1,0,0,20261002,20261028
2737,1,1,1,1,1,0,0,20261002,20261028
642,1,1,1,1,1,0,0,20261002,20261028
644,1,1,1,1,1,0,0,20261002,20261028
2743,1,1,1,1,1,0,0,20261002,20261028
2745,1,1,1,1,1,0,0,20261002,20261028
2751,1,1,1,1,1,0,0,20261002,20261028
647,1,1,1,1,1,0,0,20261002,20261028
2755,1,1,1,1,1,0,0,20261002,20261028
2759,1,1,1,1,1,0,0,20261002,20261028
2762,1,1,1,1,1,0,0,20261002,20261028
2766,1,1,1,1,1,0,0,20261002,20261028
650,1,1,1,1,1,0,0,20261002,20261028
2770,1,1,1,1,1,0,0,20261002,20261028
2774,1,1,1,1,1,0,0,20261002,20261028
652,1,1,1,1,1,0,0,20261002,20261028
2778,1,1,1,1,1,0,0,20261002,20261028
2781,1,1,1,1,1,0,0,20261002,20261028
2784,1,1,1,1,1,0,0,20261002,20261028
2787,1,1,1,1,1,0,0,20261002,20261028
2791,1,1,1,1,1,0,0,20261002,20261028
2795,1,1,1,1,1,0,0,20261002,20261028
2797,1,1,1,1,1,0,0,20261002,20261028
2800,1,1,1,1,1,0,0,20261002,20261028
2803,1,1,1,1,1,0,0,20261002,20261028
2805,1,1,1,1,1,0,0,20261002,20261028
2809,1,1,1,1,1,0,0,20261002,20261028
2811,1,1,1,1,1,0,0,20261002,20261028
2814,1,1,1,1,1,0,0,20261002,20261028
2818,1,1,1,1,1,0,0,20261002,20261028
2820,1,1,1,1,1,0,0,20261002,20261028
2822,1,1,1,1,1,0,0,20261002,20261028
2825,1,1,1,1,1,0,0,20261002,20261028
2828,1,1,1,1,1,0,0,20261002,20261028
2830,1,1,1,1,1,0,0,20261002,20261028
2832,1,1,1,1,1,0,0,20261002,20261028
2836,1,1,1,1,1,0,0,20261002,20261028
2838,1,1,1,1,1,0,0,20261002,20261028
2841,1,1,1,1,1,0,0,20261002,20261028
2843,1,1,1,1,1,0,0,20261002,20261028
2847,1,1,1,1,1,0,0,20261002,20261028
2851,1,1,1,1,1,0,0,20261002,20261028
2853,1,1,1,1,1,0,0,20261002,20261028
2856,1,1,1,1,1,0,0,20261002,20261028
2858,1,1,1,1,1,0,0,20261002,20261028
2860,1,1,1,1,1,0,0,20261002,20261028
2862,1,1,1,1,1,0,0,20261002,20261028
2866,1,1,1,1,1,0,0,20261002,20261028
2870,1,1,1,1,1,0,0,20261002,20261028
2872,1,1,1,1,1,0,0,20261002,20261028
2874,1,1,1,1,1,0,0,20261002,20261028
2878,1,1,1,1,1,0,0,20261002,20261028
2880,1,1,1,1,1,0,0,20261002,20261028
2884,1,1,1,1,1,0,0,20261002,20261028
2886,1,1,1,1,1,0,0,20261002,20261028
2888,1,1,1,1,1,0,0,20261002,20261028
2891,1,1,1,1,1,0,0,20261002,20261028
2893,1,1,1,1,1,0,0,20261002,20261028
2895,1,1,1,1,1,0,0,20261002,20261028
2897,1,1,1,1,1,0,0,20261002,20261028
2900,1,1,1,1,1,0,0,20261002,20261028
2902,1,1,1,1,1,0,0,20261002,20261028
2904,1,1,1,1,1,0,0,20261002,20261028
2907,1,1,1,1,1,0,0,20261002,20261028
2910,1,1,1,1,1,0,0,20261002,20261028
2913,1,1,1,1,1,0,0,20261002,20261028
2915,1,1,1,1,1,0,0,20261002,20261028
2917,1,1,1,1,1,0,0,20261002,20261028
2919,1,1,1,1,1,0,0,20261002,20261028
2921,1,1,1,1,1,0,0,20261002,20261028
2923,1,1,1,1,1,0,0,20261002,20261028
136,1,1,1,1,1,0,0,20261002,20261028
656,1,1,1,1,1,0,0,20261002,20261028
2930,1,1,1,1,1,0,0,20261002,20261028
2935,1,1,1,1,1,0,0,20261002,20261028
660,1,1,1,1,1,0,0,20261002,20261028
2940,1,1,1,1,1,0,0,20261002,20261028
663,1,1,1,1,1,0,0,20261002,20261028
2945,1,1,1,1,1,0,0,20261002,20261028
2948,1,1,1,1,1,0,0,20261002,20261028
665,1,1,1,1,1,0,0,20261002,20261028
2954,1,1,1,1,1,0,0,20261002,20261028
2956,1,1,1,1,1,0,0,20261002,20261028
2960,1,1,1,1,1,0,0,20261002,20261028
2963,1,1,1,1,1,0,0,20261002,20261028
2967,1,1,1,1,1,0,0,20261002,20261028
669,1,1,1,1,1,0,0,20261002,20261028
2971,1,1,1,1,1,0,0,20261002,20261028
2977,1,1,1,1,1,0,0,20261002,20261028
2979,1,1,1,1,1,0,0,20261002,20261028
138,1,1,1,1,1,0,0,20261002,20261028
2983,1,1,1,1,1,0,0,20261002,20261028
2985,1,1,1,1,1,0,0,20261002,20261028
2987,1,1,1,1,1,0,0,20261002,20261028
2989,1,1,1,1,1,0,0,20261002,20261028
2992,1,1,1,1,1,0,0,20261002,20261028
2996,1,1,1,1,1,0,0,20261002,20261028
2998,1,1,1,1,1,0,0,20261002,20261028
674,1,1,1,1,1,0,0,20261002,20261028
3001,1,1,1,1,1,0,0,20261002,20261028
3005,1,1,1,1,1,0,0,20261002,20261028
3007,1,1,1,1,1,0,0,20261002,20261028
3010,1,1,1,1,1,0,0,20261002,20261028
3014,1,1,1,1,1,0,0,20261002,20261028
3017,1,1,1,1,1,0,0,20261002,20261028
3020,1,1,1,1,1,0,0,20261002,20261028
3022,1,1,1,1,1,0,0,20261002,20261028
3024,1,1,1,1,1,0,0,20261002,20261028
3027,1,1,1,1,1,0,0,20261002,20261028
677,1,1,1,1,1,0,0,20261002,20261028
3032,1,1,1,1,1,0,0,20261002,20261028
3034,1,1,1,1,1,0,0,20261002,20261028
3036,1,1,1,1,1,0,0,20261002,20261028
3039,1,1,1,1,1,0,0,20261002,20261028
679,1,1,1,1,1,0,0,20261002,20261028
3046,1,1,1,1,1,0,0,20261002,20261028
3050,1,1,1,1,1,0,0,20261002,20261028
683,1,1,1,1,1,0,0,20261002,20261028
3056,1,1,1,1,1,0,0,20261002,20261028
3058,1,1,1,1,1,0,0,20261002,20261028
3062,1,1,1,1,1,0,0,20261002,20261028
3065,1,1,1,1,1,0,0,20261002,20261028
3071,1,1,1,1,1,0,0,20261002,20261028
3073,1,1,1,1,1,0,0,20261002,20261028
688,1,1,1,1,1,0,0,20261002,20261028
3077,1,1,1,1,1,0,0,20261002,20261028
3080,1,1,1,1,1,0,0,20261002,20261028
3086,1,1,1,1,1,0,0,20261002,20261028
3088,1,1,1,1,1,0,0,20261002,20261028
691,1,1,1,1,1,0,0,20261002,20261028
3093,1,1,1,1,1,0,0,20261002,20261028
3095,1,1,1,1,1,0,0,20261002,20261028
693,1,1,1,1,1,0,0,20261002,20261028
3100,1,1,1,1,1,0,0,20261002,20261028
3104,1,1,1,1,1,0,0,20261002,20261028
3107,1,1,1,1,1,0,0,20261002,20261028
3112,1,1,1,1,1,0,0,20261002,20261028
3114,1,1,1,1,1,0,0,20261002,20261028
697,1,1,1,1,1,0,0,20261002,20261028
3120,1,1,1,1,1,0,0,20261002,20261028
3124,1,1,1,1,1,0,0,20261002,20261028
3127,1,1,1,1,1,0,0,20261002,20261028
700,1,1,1,1,1,0,0,20261002,20261028
3132,1,1,1,1,1,0,0,20261002,20261028
3136,1,1,1,1,1,0,0,20261002,20261028
703,1,1,1,1,1,0,0,20261002,20261028
3139,1,1,1,1,1,0,0,20261002,20261028
3143,1,1,1,1,1,0,0,20261002,20261028
3148,1,1,1,1,1,0,0,20261002,20261028
707,1,1,1,1,1,0,0,20261002,20261028
3154,1,1,1,1,1,0,0,20261002,20261028
3157,1,1,1,1,1,0,0,20261002,20261028
3162,1,1,1,1,1,0,0,20261002,20261028
3164,1,1,1,1,1,0,0,20261002,20261028
710,1,1,1,1,1,0,0,20261002,20261028
3168,1,1,1,1,1,0,0,20261002,20261028
3172,1,1,1,1,1,0,0,20261002,20261028
3176,1,1,1,1,1,0,0,20261002,20261028
713,1,1,1,1,1,0,0,20261002,20261028
3180,1,1,1,1,1,0,0,20261002,20261028
3184,1,1,1,1,1,0,0,20261002,20261028
143,1,1,1,1,1,0,0,20261002,20261028
3189,1,1,1,1,1,0,0,20261002,20261028
3191,1,1,1,1,1,0,0,20261002,20261028
3195,1,1,1,1,1,0,0,20261002,20261028
717,1,1,1,1,1,0,0,20261002,20261028
3199,1,1,1,1,1,0,0,20261002,20261028
3202,1,1,1,1,1,0,0,20261002,20261028
3206,1,1,1,1,1,0,0,20261002,20261028
720,1,1,1,1,1,0,0,20261002,20261028
3211,1,1,1,1,1,0,0,20261002,20261028
3214,1,1,1,1,1,0,0,20261002,20261028
3218,1,1,1,1,1,0,0,20261002,20261028
3220,1,1,1,1,1,0,0,20261002,20261028
723,1,1,1,1,1,0,0,20261002,20261028
3224,1,1,1,1,1,0,0,20261002,20261028
3228,1,1,1,1,1,0,0,20261002,20261028
3230,1,1,1,1,1,0,0,20261002,20261028
3234,1,1,1,1,1,0,0,20261002,20261028
3238,1,1,1,1,1,0,0,20261002,20261028
3242,1,1,1,1,1,0,0,20261002,20261028
3244,1,1,1,1,1,0,0,20261002,20261028
727,1,1,1,1,1,0,0,20261002,20261028
3250,1,1,1,1,1,0,0,20261002,20261028
3252,1,1,1,1,1,0,0,20261002,20261028
3255,1,1,1,1,1,0,0,20261002,20261028
3257,1,1,1,1,1,0,0,20261002,20261028
730,1,1,1,1,1,0,0,20261002,20261028
3263,1,1,1,1,1,0,0,20261002,20261028
3265,1,1,1,1,1,0,0,20261002,20261028
3268,1,1,1,1,1,0,0,20261002,20261028
3272,1,1,1,1,1,0,0,20261002,20261028
3274,1,1,1,1,1,0,0,20261002,20261028
733,1,1,1,1,1,0,0,20261002,20261028
3282,1,1,1,1,1,0,0,20261002,20261028
3284,1,1,1,1,1,0,0,20261002,20261028
3287,1,1,1,1,1,0,0,20261002,20261028
3291,1,1,1,1,1,0,0,20261002,20261028
3293,1,1,1,1,1,0,0,20261002,20261028
3296,1,1,1,1,1,0,0,20261002,20261028
3299,1,1,1,1,1,0,0,20261002,20261028
145,1,1,1,1,1,0,0,20261002,20261028
737,1,1,1,1,1,0,0,20261002,20261028
3305,1,1,1,1,1,0,0,20261002,20261028
3307,1,1,1,1,1,0,0,20261002,20261028
3309,1,1,1,1,1,0,0,20261002,20261028
3313,1,1,1,1,1,0,0,20261002,20261028
3315,1,1,1,1,1,0,0,20261002,20261028
740,1,1,1,1,1,0,0,20261002,20261028
3321,1,1,1,1,1,0,0,20261002,20261028
3323,1,1,1,1,1,0,0,20261002,20261028
3327,1,1,1,1,1,0,0,20261002,20261028
3330,1,1,1,1,1,0,0,20261002,20261028
3333,1,1,1,1,1,0,0,20261002,20261028
743,1,1,1,1,1,0,0,20261002,20261028
3339,1,1,1,1,1,0,0,20261002,20261028
3342,1,1,1,1,1,0,0,20261002,20261028
3344,1,1,1,1,1,0,0,20261002,20261028
3350,1,1,1,1,1,0,0,20261002,20261028
3352,1,1,1,1,1,0,0,20261002,20261028
747,1,1,1,1,1,0,0,20261002,20261028
3357,1,1,1,1,1,0,0,20261002,20261028
3361,1,1,1,1,1,0,0,20261002,20261028
3365,1,1,1,1,1,0,0,20261002,20261028
750,1,1,1,1,1,0,0,20261002,20261028
753,1,1,1,1,1,0,0,20261002,20261028
3372,1,1,1,1,1,0,0,20261002,20261028
3374,1,1,1,1,1,0,0,20261002,20261028
3379,1,1,1,1,1,0,0,20261002,20261028
3384,1,1,1,1,1,0,0,20261002,20261028
3386,1,1,1,1,1,0,0,20261002,20261028
757,1,1,1,1,1,0,0,20261002,20261028
3390,1,1,1,1,1,0,0,20261002,20261028
3394,1,1,1,1,1,0,0,20261002,20261028
3398,1,1,1,1,1,0,0,20261002,20261028
760,1,1,1,1,1,0,0,20261002,20261028
3402,1,1,1,1,1,0,0,20261002,20261028
3405,1,1,1,1,1,1,1,20261002,20261028
3410,1,1,1,1,1,0,0,20261002,20261028
3414,1,1,1,1,1,0,0,20261002,20261028
763,1,1,1,1,1,0,0,20261002,20261028
3418,1,1,1,1,1,0,0,20261002,20261028
3423,1,1,1,1,1,0,0,20261002,20261028
3427,1,1,1,1,1,0,0,20261002,20261028
767,1,1,1,1,1,0,0,20261002,20261028
3430,1,1,1,1,1,0,0,20261002,20261028
6372,1,1,1,1,1,0,0,20261002,20261028
3433,1,1,1,1,1,0,0,20261002,20261028
6367,1,1,1,1,1,0,0,20261002,20261028
6363,1,1,1,1,1,0,0,20261002,20261028
6358,1,1,1,1,1,0,0,20261002,20261028
3439,1,1,1,1,1,0,0,20261002,20261028
6355,1,1,1,1,1,0,0,20261002,20261028
3441,1,1,1,1,1,1,1,20261002,20261028
6351,1,1,1,1,1,0,0,20261002,20261028
770,1,1,1,1,1,0,0,20261002,20261028
6347,1,1,1,1,1,0,0,20261002,20261028
6343,1,1,1,1,1,0,0,20261002,20261028
3446,1,1,1,1,1,0,0,20261002,20261028
6339,1,1,1,1,1,0,0,20261002,20261028
6335,1,1,1,1,1,0,0,20261002,20261028
3450,1,1,1,1,1,0,0,20261002,20261028
6331,1,1,1,1,1,0,0,20261002,20261028
6328,1,1,1,1,1,0,0,20261002,20261028
3454,1,1,1,1,1,0,0,20261002,20261028
6320,1,1,1,1,1,0,0,20261002,20261028
3456,1,1,1,1,1,0,0,20261002,20261028
6318,1,1,1,1,1,0,0,20261002,20261028
773,1,1,1,1,1,0,0,20261002,20261028
6312,1,1,1,1,1,0,0,20261002,20261028
6309,1,1,1,1,1,0,0,20261002,20261028
3463,1,1,1,1,1,0,0,20261002,20261028
6305,1,1,1,1,1,0,0,20261002,20261028
3465,1,1,1,1,1,0,0,20261002,20261028
6301,1,1,1,1,1,0,0,20261002,20261028
6297,1,1,1,1,1,0,0,20261002,20261028
3469,1,1,1,1,1,0,0,20261002,20261028
6294,1,1,1,1,1,0,0,20261002,20261028
777,1,1,1,1,1,0,0,20261002,20261028
6290,1,1,1,1,1,0,0,20261002,20261028
3473,1,1,1,1,1,0,0,20261002,20261028
6287,1,1,1,1,1,0,0,20261002,20261028
6283,1,1,1,1,1,0,0,20261002,20261028
3477,1,1,1,1,1,0,0,20261002,20261028
6279,1,1,1,1,1,0,0,20261002,20261028
6274,1,1,1,1,1,0,0,20261002,20261028
3481,1,1,1,1,1,0,0,20261002,20261028
6269,1,1,1,1,1,0,0,20261002,20261028
780,1,1,1,1,1,0,0,20261002,20261028
6265,1,1,1,1,1,0,0,20261002,20261028
3485,1,1,1,1,1,0,0,20261002,20261028
6261,1,1,1,1,1,0,0,20261002,20261028
6257,1,1,1,1,1,0,0,20261002,20261028
6253,1,1,1,1,1,0,0,20261002,20261028
3491,1,1,1,1,1,0,0,20261002,20261028
6251,1,1,1,1,1,0,0,20261002,20261028
783,1,1,1,1,1,0,0,20261002,20261028
3494,1,1,1,1,1,0,0,20261002,20261028
6245,1,1,1,1,1,0,0,20261002,20261028
6241,1,1,1,1,1,0,0,20261002,20261028
9879,1,1,1,1,1,0,0,20261002,20261030
9922,0,0,0,0,0,1,1,20261002,20261030
9880,1,1,1,1,1,0,0,20261002,20261030
9861,1,1,1,1,1,0,0,20261002,20261030
9881,1,1,1,1,1,0,0,20261002,20261030
9923,0,0,0,0,0,1,1,20261002,20261030
9924,0,0,0,0,0,1,1,20261002,20261030
9882,1,1,1,1,1,0,0,20261002,20261030
9883,1,1,1,1,1,0,0,20261002,20261030
9884,1,1,1,1,1,0,0,20261002,20261030
9885,1,1,1,1,1,0,0,20261002,20261030
9886,1,1,1,1,1,0,0,20261002,20261030
9887,1,1,1,1,1,0,0,20261002,20261030
9925,0,0,0,0,0,1,1,20261002,20261030
9926,0,0,0,0,0,1,1,20261002,20261030
9888,1,1,1,1,1,0,0,20261002,20261030
9865,1,1,1,1,1,0,0,20261002,20261030
9889,1,1,1,1,1,0,0,20261002,20261030
9890,1,1,1,1,1,0,0,20261002,20261030
9866,1,1,1,1,1,0,0,20261002,20261030
9891,1,1,1,1,1,0,0,20261002,20261030
9927,0,0,0,0,0,1,1,20261002,20261030
9892,1,1,1,1,1,0,0,20261002,20261030
9928,0,0,0,0,0,1,1,20261002,20261030
9893,1,1,1,1,1,0,0,20261002,20261030
9894,1,1,1,1,1,0,0,20261002,20261030
9895,1,1,1,1,1,0,0,20261002,20261030
9929,0,0,0,0,0,1,1,20261002,20261030
9867,1,1,1,1,1,0,0,20261002,20261030
9896,1,1,1,1,1,0,0,20261002,20261030
9897,1,1,1,1,1,0,0,20261002,20261030
9898,1,1,1,1,1,0,0,20261002,20261030
9930,0,0,0,0,0,1,1,20261002,20261030
9931,0,0,0,0,0,1,1,20261002,20261030
9899,1,1,1,1,1,0,0,20261002,20261030
9932,0,0,0,0,0,1,1,20261002,20261030
9900,1,1,1,1,1,0,0,20261002,20261030
9901,1,1,1,1,1,0,0,20261002,20261030
9902,1,1,1,1,1,0,0,20261002,20261030
9868,1,1,1,1,1,0,0,20261002,20261030
9933,0,0,0,0,0,1,1,20261002,20261030
9934,0,0,0,0,0,1,1,20261002,20261030
9935,0,0,0,0,0,1,1,20261002,20261030
9903,1,1,1,1,1,0,0,20261002,20261030
9904,1,1,1,1,1,0,0,20261002,20261030
9905,1,1,1,1,1,0,0,20261002,20261030
9906,1,1,1,1,1,0,0,20261002,20261030
9907,1,1,1,1,1,0,0,20261002,20261030
9936,0,0,0,0,0,1,1,20261002,20261030
9937,0,0,0,0,0,1,1,20261002,20261030
9938,0,0,0,0,0,1,1,20261002,20261030
9908,1,1,1,1,1,0,0,20261002,20261030
9909,0,0,0,0,0,1,1,20261002,20261030
9910,0,0,0,0,0,1,1,20261002,20261030
9939,0,0,0,0,0,1,1,20261002,20261030
9911,0,0,0,0,0,1,1,20261002,20261030
9940,0,0,0,0,0,1,1,20261002,20261030
9941,0,0,0,0,0,1,1,20261002,20261030
9869,1,1,1,1,1,0,0,20261002,20261030
9942,0,0,0,0,0,1,1,20261002,20261030
9912,0,0,0,0,0,1,1,20261002,20261030
9913,0,0,0,0,0,1,1,20261002,20261030
9943,0,0,0,0,0,1,1,20261002,20261030
9944,0,0,0,0,0,1,1,20261002,20261030
9914,0,0,0,0,0,1,1,20261002,20261030
9862,1,1,1,1,1,0,0,20261002,20261030
9915,0,0,0,0,0,1,1,20261002,20261030
9916,0,0,0,0,0,1,1,20261002,20261030
9917,0,0,0,0,0,1,1,20261002,20261030
9870,1,1,1,1,1,0,0,20261002,20261030
9871,1,1,1,1,1,0,0,20261002,20261030
9872,1,1,1,1,1,0,0,20261002,20261030
9873,1,1,1,1,1,0,0,20261002,20261030
9874,1,1,1,1,1,0,0,20261002,20261030
9918,0,0,0,0,0,1,1,20261002,20261030
9875,1,1,1,1,1,0,0,20261002,20261030
9919,0,0,0,0,0,1,1,20261002,20261030
9863,1,1,1,1,1,0,0,20261002,20261030
9864,1,1,1,1,1,0,0,20261002,20261030
9876,1,1,1,1,1,0,0,20261002,20261030
9877,1,1,1,1,1,0,0,20261002,20261030
9920,0,0,0,0,0,1,1,20261002,20261030
9878,1,1,1,1,1,0,0,20261002,20261030
9921,0,0,0,0,0,1,1,20261002,20261030
11032,0,0,0,0,0,1,1,20261002,20261031
7492,1,1,1,1,1,0,0,20261002,20261031
7491,1,1,1,1,1,0,0,20261002,20261031
7490,1,1,1,1,1,0,0,20261002,20261031
7489,1,1,1,1,1,0,0,20261002,20261031
7488,1,1,1,1,1,0,0,20261002,20261031
7487,1,1,1,1,1,0,0,20261002,20261031
7486,1,1,1,1,1,0,0,20261002,20261031
7485,1,1,1,1,1,0,0,20261002,20261031
7484,1,1,1,1,1,0,0,20261002,20261031
7483,1,1,1,1,1,0,0,20261002,20261031
7482,1,1,1,1,1,0,0,20261002,20261031
9302,0,0,0,0,0,1,0,20261002,20261031
7481,1,1,1,1,1,0,0,20261002,20261031
9301,0,0,0,0,0,1,0,20261002,20261031
9300,0,0,0,0,0,1,1,20261002,20261031
9299,0,0,0,0,0,1,0,20261002,20261031
9298,0,0,0,0,0,1,1,20261002,20261031
7480,1,1,1,1,1,0,0,20261002,20261031
7479,1,1,1,1,1,0,0,20261002,20261031
9297,0,0,0,0,0,0,1,20261002,20261031
9296,0,0,0,0,0,0,1,20261002,20261031
9295,0,0,0,0,0,0,1,20261002,20261031
9294,0,0,0,0,0,1,0,20261002,20261031
9293,0,0,0,0,0,1,0,20261002,20261031
9292,0,0,0,0,0,1,1,20261002,20261031
7478,1,1,1,1,1,0,0,20261002,20261031
9291,0,0,0,0,0,0,1,20261002,20261031
9290,0,0,0,0,0,0,1,20261002,20261031
9289,0,0,0,0,0,1,1,20261002,20261031
7477,1,1,1,1,1,0,0,20261002,20261031
9288,0,0,0,0,0,1,1,20261002,20261031
11277,0,0,0,0,0,0,1,20261002,20261031
9287,0,0,0,0,0,0,1,20261002,20261031
9286,0,0,0,0,0,0,1,20261002,20261031
9277,1,1,1,1,1,0,0,20261002,20261031
7476,1,1,1,1,1,0,0,20261002,20261031
9276,1,1,1,1,1,0,0,20261002,20261031
7475,1,1,1,1,1,0,0,20261002,20261031
9275,1,1,1,1,1,0,0,20261002,20261031
9274,1,1,1,1,1,0,0,20261002,20261031
9273,1,1,1,1,1,0,0,20261002,20261031
7474,1,1,1,1,1,0,0,20261002,20261031
9272,1,1,1,1,1,0,0,20261002,20261031
7473,1,1,1,1,1,0,0,20261002,20261031
9271,1,1,1,1,1,0,0,20261002,20261031
9270,1,1,1,1,1,0,0,20261002,20261031
9269,1,1,1,1,1,0,0,20261002,20261031
9268,1,1,1,1,1,0,0,20261002,20261031
7472,1,1,1,1,1,0,0,20261002,20261031
9267,1,1,1,1,1,0,0,20261002,20261031
9266,1,1,1,1,1,0,0,20261002,20261031
9265,1,1,1,1,1,0,0,20261002,20261031
9264,1,1,1,1,1,0,0,20261002,20261031
9263,1,1,1,1,1,0,0,20261002,20261031
7471,1,1,1,1,1,0,0,20261002,20261031
9262,1,1,1,1,1,0,0,20261002,20261031
9261,1,1,1,1,1,0,0,20261002,20261031
9260,1,1,1,1,1,0,0,20261002,20261031
9259,1,1,1,1,1,0,0,20261002,20261031
9258,1,1,1,1,1,0,0,20261002,20261031
9257,1,1,1,1,1,0,0,20261002,20261031
9256,1,1,1,1,1,0,0,20261002,20261031
9255,1,1,1,1,1,0,0,20261002,20261031
9254,1,1,1,1,1,0,0,20261002,20261031
9253,1,1,1,1,1,0,0,20261002,20261031
9252,1,1,1,1,1,0,0,20261002,20261031
9251,1,1,1,1,1,0,0,20261002,20261031
9250,1,1,1,1,1,0,0,20261002,20261031
9249,1,1,1,1,1,0,0,20261002,20261031
9248,1,1,1,1,1,0,0,20261002,20261031
9247,1,1,1,1,1,0,0,20261002,20261031
9246,1,1,1,1,1,0,0,20261002,20261031
9245,1,1,1,1,1,0,0,20261002,20261031
9244,1,1,1,1,1,0,0,20261002,20261031
11278,0,0,0,0,0,0,1,20261002,20261031
9243,1,1,1,1,1,0,0,20261002,20261031
9242,1,1,1,1,1,0,0,20261002,20261031
9241,1,1,1,1,1,0,0,20261002,20261031
9240,1,1,1,1,1,0,0,20261002,20261031
8845,0,0,0,0,0,0,1,20261002,20261031
11279,0,0,0,0,0,1,0,20261002,20261031
8844,0,0,0,0,0,0,1,20261002,20261031
8843,0,0,0,0,0,1,0,20261002,20261031
8842,0,0,0,0,0,0,1,20261002,20261031
8841,0,0,0,0,0,1,1,20261002,20261031
8840,0,0,0,0,0,1,1,20261002,20261031
11280,0,0,0,0,0,1,0,20261002,20261031
8839,0,0,0,0,0,0,1,20261002,20261031
8838,0,0,0,0,0,0,1,20261002,20261031
8837,0,0,0,0,0,1,1,20261002,20261031
8836,0,0,0,0,0,1,1,20261002,20261031
8835,0,0,0,0,0,1,1,20261002,20261031
11281,0,0,0,0,0,1,0,20261002,20261031
8834,0,0,0,0,0,1,0,20261002,20261031
8833,0,0,0,0,0,1,1,20261002,20261031
11282,0,0,0,0,0,1,0,20261002,20261031
8832,0,0,0,0,0,1,1,20261002,20261031
8831,0,0,0,0,0,1,0,20261002,20261031
8830,0,0,0,0,0,1,0,20261002,20261031
8829,0,0,0,0,0,1,1,20261002,20261031
8828,0,0,0,0,0,1,0,20261002,20261031
8824,1,1,1,1,1,0,0,20261002,20261031
11283,0,0,0,0,0,1,0,20261002,20261031
8823,1,1,1,1,1,0,0,20261002,20261031
8822,1,1,1,1,1,0,0,20261002,20261031
8821,1,1,1,1,1,0,0,20261002,20261031
8820,1,1,1,1,1,0,0,20261002,20261031
8819,1,1,1,1,1,0,0,20261002,20261031
11284,0,0,0,0,0,0,1,20261002,20261031
8818,1,1,1,1,1,0,0,20261002,20261031
8817,1,1,1,1,1,0,0,20261002,20261031
8816,1,1,1,1,1,0,0,20261002,20261031
8815,1,1,1,1,1,0,0,20261002,20261031
8814,1,1,1,1,1,0,0,20261002,20261031
8813,1,1,1,1,1,0,0,20261002,20261031
8812,1,1,1,1,1,0,0,20261002,20261031
8811,1,1,1,1,1,0,0,20261002,20261031
8810,1,1,1,1,1,0,0,20261002,20261031
8809,1,1,1,1,1,0,0,20261002,20261031
8808,1,1,1,1,1,0,0,20261002,20261031
8807,1,1,1,1,1,0,0,20261002,20261031
8806,1,1,1,1,1,0,0,20261002,20261031
8805,1,1,1,1,1,0,0,20261002,20261031
8804,1,1,1,1,1,0,0,20261002,20261031
8803,1,1,1,1,1,0,0,20261002,20261031
8802,1,1,1,1,1,0,0,20261002,20261031
8801,1,1,1,1,1,0,0,20261002,20261031
8800,1,1,1,1,1,0,0,20261002,20261031
8799,1,1,1,1,1,0,0,20261002,20261031
8798,1,1,1,1,1,0,0,20261002,20261031
8797,1,1,1,1,1,0,0,20261002,20261031
8796,1,1,1,1,1,0,0,20261002,20261031
8795,1,1,1,1,1,0,0,20261002,20261031
7166,0,0,0,0,0,0,1,20261002,20261031
7165,0,0,0,0,0,1,1,20261002,20261031
12815,1,1,1,1,1,0,0,20261002,20261031
12816,0,0,0,0,0,1,1,20261002,20261031
7164,0,0,0,0,0,1,1,20261002,20261031
12817,0,0,0,0,0,1,1,20261002,20261031
12818,0,0,0,0,0,1,0,20261002,20261031
12819,0,0,0,0,0,1,1,20261002,20261031
7163,0,0,0,0,0,1,0,20261002,20261031
7162,0,0,0,0,0,1,0,20261002,20261031
7161,0,0,0,0,0,1,1,20261002,20261031
7160,0,0,0,0,0,0,1,20261002,20261031
7159,0,0,0,0,0,0,1,20261002,20261031
14048,1,1,1,1,1,0,0,20261002,20261031
14049,1,1,1,1,1,0,0,20261002,20261031
7158,1,1,1,1,1,0,0,20261002,20261031
7157,1,1,1,1,1,0,0,20261002,20261031
14050,1,1,1,1,1,0,0,20261002,20261031
14051,1,1,1,1,1,0,0,20261002,20261031
14052,1,1,1,1,1,0,0,20261002,20261031
14053,1,1,1,1,1,0,0,20261002,20261031
7156,1,1,1,1,1,0,0,20261002,20261031
14054,1,1,1,1,1,0,0,20261002,20261031
14055,1,1,1,1,1,0,0,20261002,20261031
7155,1,1,1,1,1,0,0,20261002,20261031
8065,0,0,0,0,0,1,1,20261002,20261031
8064,0,0,0,0,0,1,0,20261002,20261031
8063,0,0,0,0,0,1,1,20261002,20261031
8062,0,0,0,0,0,1,1,20261002,20261031
7154,1,1,1,1,1,0,0,20261002,20261031
8061,0,0,0,0,0,1,1,20261002,20261031
8059,1,1,1,1,1,0,0,20261002,20261031
8058,1,1,1,1,1,0,0,20261002,20261031
7153,1,1,1,1,1,0,0,20261002,20261031
8057,1,1,1,1,1,0,0,20261002,20261031
8056,1,1,1,1,1,0,0,20261002,20261031
8055,1,1,1,1,1,0,0,20261002,20261031
8054,1,1,1,1,1,0,0,20261002,20261031
7152,1,1,1,1,1,0,0,20261002,20261031
8053,1,1,1,1,1,0,0,20261002,20261031
7151,1,1,1,1,1,0,0,20261002,20261031
8052,1,1,1,1,1,0,0,20261002,20261031
8051,1,1,1,1,1,0,0,20261002,20261031
8050,1,1,1,1,1,0,0,20261002,20261031
8049,1,1,1,1,1,0,0,20261002,20261031
7150,1,1,1,1,1,0,0,20261002,20261031
8048,1,1,1,1,1,0,0,20261002,20261031
8047,1,1,1,1,1,0,0,20261002,20261031
8046,1,1,1,1,1,0,0,20261002,20261031
8045,1,1,1,1,1,0,0,20261002,20261031
7149,1,1,1,1,1,0,0,20261002,20261031
8044,1,1,1,1,1,0,0,20261002,20261031
8043,1,1,1,1,1,0,0,20261002,20261031
8042,1,1,1,1,1,0,0,20261002,20261031
8041,1,1,1,1,1,0,0,20261002,20261031
7148,1,1,1,1,1,0,0,20261002,20261031
8040,1,1,1,1,1,0,0,20261002,20261031
8039,1,1,1,1,1,0,0,20261002,20261031
8038,1,1,1,1,1,0,0,20261002,20261031
8037,1,1,1,1,1,0,0,20261002,20261031
7147,1,1,1,1,1,0,0,20261002,20261031
8036,1,1,1,1,1,0,0,20261002,20261031
7146,1,1,1,1,1,0,0,20261002,20261031
8035,1,1,1,1,1,0,0,20261002,20261031
8034,1,1,1,1,1,0,0,20261002,20261031
8033,1,1,1,1,1,0,0,20261002,20261031
8032,1,1,1,1,1,0,0,20261002,20261031
8031,1,1,1,1,1,0,0,20261002,20261031
8030,1,1,1,1,1,0,0,20261002,20261031
7145,1,1,1,1,1,0,0,20261002,20261031
8029,1,1,1,1,1,0,0,20261002,20261031
8028,1,1,1,1,1,0,0,20261002,20261031
8027,1,1,1,1,1,0,0,20261002,20261031
7144,1,1,1,1,1,0,0,20261002,20261031
8026,1,1,1,1,1,0,0,20261002,20261031
8025,1,1,1,1,1,0,0,20261002,20261031
8024,1,1,1,1,1,0,0,20261002,20261031
14056,1,1,1,1,1,0,0,20261002,20261031
7143,1,1,1,1,1,0,0,20261002,20261031
14057,1,1,1,1,1,0,0,20261002,20261031
14058,1,1,1,1,1,0,0,20261002,20261031
14059,1,1,1,1,1,0,0,20261002,20261031
7142,1,1,1,1,1,0,0,20261002,20261031
14060,1,1,1,1,1,0,0,20261002,20261031
7141,1,1,1,1,1,0,0,20261002,20261031
14061,1,1,1,1,1,0,0,20261002,20261031
14062,1,1,1,1,1,0,0,20261002,20261031
14063,1,1,1,1,1,0,0,20261002,20261031
14064,1,1,1,1,1,0,0,20261002,20261031
14065,1,1,1,1,1,0,0,20261002,20261031
14066,1,1,1,1,1,0,0,20261002,20261031
14067,1,1,1,1,1,0,0,20261002,20261031
14068,1,1,1,1,1,0,0,20261002,20261031
14069,1,1,1,1,1,0,0,20261002,20261031
14070,0,0,0,0,0,1,1,20261002,20261031
14071,0,0,0,0,0,1,0,20261002,20261031
14072,0,0,0,0,0,1,0,20261002,20261031
14237,1,1,1,1,1,0,0,20261002,20261031
11020,1,1,1,1,1,0,0,20261002,20261031
11019,1,1,1,1,1,0,0,20261002,20261031
14238,1,1,1,1,1,0,0,20261002,20261031
11018,1,1,1,1,1,0,0,20261002,20261031
14239,1,1,1,1,1,0,0,20261002,20261031
11017,1,1,1,1,1,0,0,20261002,20261031
11016,1,1,1,1,1,0,0,20261002,20261031
11015,1,1,1,1,1,0,0,20261002,20261031
14240,1,1,1,1,1,0,0,20261002,20261031
11014,1,1,1,1,1,0,0,20261002,20261031
11013,1,1,1,1,1,0,0,20261002,20261031
11012,1,1,1,1,1,0,0,20261002,20261031
14241,1,1,1,1,1,0,0,20261002,20261031
11011,1,1,1,1,1,0,0,20261002,20261031
11010,1,1,1,1,1,0,0,20261002,20261031
11009,1,1,1,1,1,0,0,20261002,20261031
11008,1,1,1,1,1,0,0,20261002,20261031
14242,1,1,1,1,1,0,0,20261002,20261031
11007,1,1,1,1,1,0,0,20261002,20261031
10937,0,0,0,0,0,0,1,20261002,20261031
14243,1,1,1,1,1,0,0,20261002,20261031
10936,0,0,0,0,0,0,1,20261002,20261031
10935,0,0,0,0,0,0,1,20261002,20261031
14244,1,1,1,1,1,0,0,20261002,20261031
10934,0,0,0,0,0,0,1,20261002,20261031
14245,1,1,1,1,1,0,0,20261002,20261031
10933,0,0,0,0,0,0,1,20261002,20261031
14246,1,1,1,1,1,0,0,20261002,20261031
10932,0,0,0,0,0,0,1,20261002,20261031
10931,0,0,0,0,0,0,1,20261002,20261031
10928,1,1,1,1,1,0,0,20261002,20261031
10927,1,1,1,1,1,0,0,20261002,20261031
14247,1,1,1,1,1,0,0,20261002,20261031
10926,1,1,1,1,1,0,0,20261002,20261031
14248,0,0,0,0,0,1,1,20261002,20261031
14249,0,0,0,0,0,1,1,20261002,20261031
10925,1,1,1,1,1,0,0,20261002,20261031
10924,1,1,1,1,1,0,0,20261002,20261031
10923,1,1,1,1,1,0,0,20261002,20261031
14250,0,0,0,0,0,0,1,20261002,20261031
10922,1,1,1,1,1,0,0,20261002,20261031
10921,1,1,1,1,1,0,0,20261002,20261031
14251,0,0,0,0,0,0,1,20261002,20261031
10920,1,1,1,1,1,0,0,20261002,20261031
10919,1,1,1,1,1,0,0,20261002,20261031
14252,0,0,0,0,0,0,1,20261002,20261031
10918,1,1,1,1,1,0,0,20261002,20261031
10917,1,1,1,1,1,0,0,20261002,20261031
10916,1,1,1,1,1,0,0,20261002,20261031
10915,1,1,1,1,1,0,0,20261002,20261031
10914,1,1,1,1,1,0,0,20261002,20261031
10913,1,1,1,1,1,0,0,20261002,20261031
10912,1,1,1,1,1,0,0,20261002,20261031
10911,1,1,1,1,1,0,0,20261002,20261031
10910,1,1,1,1,1,0,0,20261002,20261031
10909,1,1,1,1,1,0,0,20261002,20261031
10908,1,1,1,1,1,0,0,20261002,20261031
10907,1,1,1,1,1,0,0,20261002,20261031
10906,1,1,1,1,1,0,0,20261002,20261031
10905,1,1,1,1,1,0,0,20261002,20261031
7656,1,1,1,1,1,0,0,20261002,20261031
7655,1,1,1,1,1,0,0,20261002,20261031
10765,0,0,0,0,0,0,1,20261002,20261031
10764,0,0,0,0,0,1,0,20261002,20261031
7654,1,1,1,1,1,0,0,20261002,20261031
10763,0,0,0,0,0,0,1,20261002,20261031
7653,1,1,1,1,1,0,0,20261002,20261031
10762,0,0,0,0,0,1,0,20261002,20261031
10761,0,0,0,0,0,1,1,20261002,20261031
10760,0,0,0,0,0,1,1,20261002,20261031
10759,0,0,0,0,0,1,1,20261002,20261031
10758,0,0,0,0,0,1,1,20261002,20261031
7652,1,1,1,1,1,0,0,20261002,20261031
10757,0,0,0,0,0,0,1,20261002,20261031
10756,0,0,0,0,0,1,1,20261002,20261031
10755,0,0,0,0,0,1,0,20261002,20261031
7651,1,1,1,1,1,0,0,20261002,20261031
10754,0,0,0,0,0,1,0,20261002,20261031
10753,1,1,1,1,1,0,0,20261002,20261031
10752,1,1,1,1,1,0,0,20261002,20261031
10751,1,1,1,1,1,0,0,20261002,20261031
10750,1,1,1,1,1,0,0,20261002,20261031
7650,1,1,1,1,1,0,0,20261002,20261031
10749,1,1,1,1,1,0,0,20261002,20261031
10748,1,1,1,1,1,0,0,20261002,20261031
10747,1,1,1,1,1,0,0,20261002,20261031
7649,1,1,1,1,1,0,0,20261002,20261031
10746,1,1,1,1,1,0,0,20261002,20261031
10745,1,1,1,1,1,0,0,20261002,20261031
10744,1,1,1,1,1,0,0,20261002,20261031
10743,1,1,1,1,1,0,0,20261002,20261031
7648,1,1,1,1,1,0,0,20261002,20261031
10599,0,0,0,0,0,0,1,20261002,20261031
10598,0,0,0,0,0,0,1,20261002,20261031
10597,0,0,0,0,0,0,1,20261002,20261031
10596,0,0,0,0,0,0,1,20261002,20261031
7647,1,1,1,1,1,0,0,20261002,20261031
10595,0,0,0,0,0,1,0,20261002,20261031
10594,0,0,0,0,0,0,1,20261002,20261031
10593,0,0,0,0,0,0,1,20261002,20261031
10592,0,0,0,0,0,0,1,20261002,20261031
10591,0,0,0,0,0,1,1,20261002,20261031
10590,0,0,0,0,0,1,1,20261002,20261031
10589,0,0,0,0,0,1,1,20261002,20261031
10588,0,0,0,0,0,1,1,20261002,20261031
10587,0,0,0,0,0,0,1,20261002,20261031
7646,1,1,1,1,1,0,0,20261002,20261031
10586,0,0,0,0,0,1,0,20261002,20261031
10585,0,0,0,0,0,1,1,20261002,20261031
10584,0,0,0,0,0,1,0,20261002,20261031
10583,0,0,0,0,0,1,0,20261002,20261031
10582,0,0,0,0,0,1,0,20261002,20261031
7645,1,1,1,1,1,0,0,20261002,20261031
10581,0,0,0,0,0,1,0,20261002,20261031
10580,0,0,0,0,0,1,0,20261002,20261031
10577,1,1,1,1,1,0,0,20261002,20261031
10576,1,1,1,1,1,0,0,20261002,20261031
10575,1,1,1,1,1,0,0,20261002,20261031
10574,1,1,1,1,1,0,0,20261002,20261031
7621,0,0,0,0,0,1,1,20261002,20261031
10573,1,1,1,1,1,0,0,20261002,20261031
10572,1,1,1,1,1,0,0,20261002,20261031
10571,1,1,1,1,1,0,0,20261002,20261031
10570,1,1,1,1,1,0,0,20261002,20261031
7620,0,0,0,0,0,1,1,20261002,20261031
10569,1,1,1,1,1,0,0,20261002,20261031
10568,1,1,1,1,1,0,0,20261002,20261031
10567,1,1,1,1,1,0,0,20261002,20261031
10566,1,1,1,1,1,0,0,20261002,20261031
10565,1,1,1,1,1,0,0,20261002,20261031
10564,1,1,1,1,1,0,0,20261002,20261031
7619,0,0,0,0,0,1,1,20261002,20261031
10563,1,1,1,1,1,0,0,20261002,20261031
10562,1,1,1,1,1,0,0,20261002,20261031
10561,1,1,1,1,1,0,0,20261002,20261031
10560,1,1,1,1,1,0,0,20261002,20261031
7618,0,0,0,0,0,1,1,20261002,20261031
10559,1,1,1,1,1,0,0,20261002,20261031
10558,1,1,1,1,1,0,0,20261002,20261031
10557,1,1,1,1,1,0,0,20261002,20261031
7617,0,0,0,0,0,1,1,20261002,20261031
10556,1,1,1,1,1,0,0,20261002,20261031
10555,1,1,1,1,1,0,0,20261002,20261031
10554,1,1,1,1,1,0,0,20261002,20261031
10553,1,1,1,1,1,0,0,20261002,20261031
10552,1,1,1,1,1,0,0,20261002,20261031
10551,1,1,1,1,1,0,0,20261002,20261031
10550,1,1,1,1,1,0,0,20261002,20261031
7616,0,0,0,0,0,1,1,20261002,20261031
10549,1,1,1,1,1,0,0,20261002,20261031
10548,1,1,1,1,1,0,0,20261002,20261031
7615,0,0,0,0,0,1,1,20261002,20261031
10547,1,1,1,1,1,0,0,20261002,20261031
10546,1,1,1,1,1,0,0,20261002,20261031
7614,0,0,0,0,0,1,1,20261002,20261031
11021,1,1,1,1,1,0,0,20261002,20261031
7613,0,0,0,0,0,1,1,20261002,20261031
11022,1,1,1,1,1,0,0,20261002,20261031
10545,1,1,1,1,1,0,0,20261002,20261031
10544,1,1,1,1,1,0,0,20261002,20261031
10543,1,1,1,1,1,0,0,20261002,20261031
10542,1,1,1,1,1,0,0,20261002,20261031
10541,1,1,1,1,1,0,0,20261002,20261031
11023,1,1,1,1,1,0,0,20261002,20261031
11024,1,1,1,1,1,0,0,20261002,20261031
7612,1,1,1,1,1,0,0,20261002,20261031
11025,1,1,1,1,1,0,0,20261002,20261031
11026,1,1,1,1,1,0,0,20261002,20261031
7611,1,1,1,1,1,0,0,20261002,20261031
7493,1,1,1,1,1,0,0,20261002,20261031
11033,0,0,0,0,0,1,1,20261002,20261031
11034,0,0,0,0,0,1,1,20261002,20261031
7610,1,1,1,1,1,0,0,20261002,20261031
11035,0,0,0,0,0,1,1,20261002,20261031
7609,1,1,1,1,1,0,0,20261002,20261031
11036,0,0,0,0,0,1,1,20261002,20261031
11037,0,0,0,0,0,1,1,20261002,20261031
11038,0,0,0,0,0,1,1,20261002,20261031
11039,0,0,0,0,0,1,1,20261002,20261031
11040,0,0,0,0,0,1,1,20261002,20261031
7608,1,1,1,1,1,0,0,20261002,20261031
11172,1,1,1,1,1,0,0,20261002,20261031
11173,1,1,1,1,1,0,0,20261002,20261031
11174,1,1,1,1,1,0,0,20261002,20261031
11175,1,1,1,1,1,0,0,20261002,20261031
11176,1,1,1,1,1,0,0,20261002,20261031
11177,1,1,1,1,1,0,0,20261002,20261031
7607,1,1,1,1,1,0,0,20261002,20261031
11178,1,1,1,1,1,0,0,20261002,20261031
11179,1,1,1,1,1,0,0,20261002,20261031
7606,1,1,1,1,1,0,0,20261002,20261031
11180,1,1,1,1,1,0,0,20261002,20261031
11181,1,1,1,1,1,0,0,20261002,20261031
7605,1,1,1,1,1,0,0,20261002,20261031
11182,1,1,1,1,1,0,0,20261002,20261031
7604,1,1,1,1,1,0,0,20261002,20261031
11183,1,1,1,1,1,0,0,20261002,20261031
11184,1,1,1,1,1,0,0,20261002,20261031
11185,1,1,1,1,1,0,0,20261002,20261031
11186,1,1,1,1,1,0,0,20261002,20261031
7603,1,1,1,1,1,0,0,20261002,20261031
10237,0,0,0,0,0,0,1,20261002,20261031
10236,0,0,0,0,0,1,1,20261002,20261031
10235,0,0,0,0,0,0,1,20261002,20261031
10233,1,1,1,1,1,0,0,20261002,20261031
10232,1,1,1,1,1,0,0,20261002,20261031
11187,1,1,1,1,1,0,0,20261002,20261031
7602,1,1,1,1,1,0,0,20261002,20261031
10231,1,1,1,1,1,0,0,20261002,20261031
11190,0,0,0,0,0,1,0,20261002,20261031
10230,1,1,1,1,1,0,0,20261002,20261031
7601,1,1,1,1,1,0,0,20261002,20261031
10229,1,1,1,1,1,0,0,20261002,20261031
10228,1,1,1,1,1,0,0,20261002,20261031
10227,1,1,1,1,1,0,0,20261002,20261031
10226,1,1,1,1,1,0,0,20261002,20261031
11191,0,0,0,0,0,0,1,20261002,20261031
7600,1,1,1,1,1,0,0,20261002,20261031
10225,1,1,1,1,1,0,0,20261002,20261031
10224,1,1,1,1,1,0,0,20261002,20261031
7599,1,1,1,1,1,0,0,20261002,20261031
10063,0,0,0,0,0,0,1,20261002,20261031
10062,0,0,0,0,0,0,1,20261002,20261031
11250,1,1,1,1,1,0,0,20261002,20261031
10061,0,0,0,0,0,1,0,20261002,20261031
10060,0,0,0,0,0,1,0,20261002,20261031
10052,0,0,0,0,0,0,1,20261002,20261031
7535,0,0,0,0,0,1,1,20261002,20261031
10051,0,0,0,0,0,0,1,20261002,20261031
10050,0,0,0,0,0,0,1,20261002,20261031
11251,1,1,1,1,1,0,0,20261002,20261031
11252,1,1,1,1,1,0,0,20261002,20261031
7534,0,0,0,0,0,1,1,20261002,20261031
11253,1,1,1,1,1,0,0,20261002,20261031
10046,0,0,0,0,0,1,0,20261002,20261031
7533,0,0,0,0,0,1,1,20261002,20261031
10045,1,1,1,1,1,0,0,20261002,20261031
11254,1,1,1,1,1,0,0,20261002,20261031
10044,1,1,1,1,1,0,0,20261002,20261031
11255,1,1,1,1,1,0,0,20261002,20261031
7532,0,0,0,0,0,0,1,20261002,20261031
11256,1,1,1,1,1,0,0,20261002,20261031
7531,0,0,0,0,0,1,1,20261002,20261031
11257,1,1,1,1,1,0,0,20261002,20261031
7530,0,0,0,0,0,1,0,20261002,20261031
11258,1,1,1,1,1,0,0,20261002,20261031
11259,1,1,1,1,1,0,0,20261002,20261031
7529,0,0,0,0,0,1,1,20261002,20261031
7528,0,0,0,0,0,1,1,20261002,20261031
11260,1,1,1,1,1,0,0,20261002,20261031
7527,0,0,0,0,0,1,1,20261002,20261031
11261,1,1,1,1,1,0,0,20261002,20261031
7526,0,0,0,0,0,1,1,20261002,20261031
11262,1,1,1,1,1,0,0,20261002,20261031
11263,1,1,1,1,1,0,0,20261002,20261031
11264,1,1,1,1,1,0,0,20261002,20261031
7525,0,0,0,0,0,1,1,20261002,20261031
7524,0,0,0,0,0,1,1,20261002,20261031
7523,0,0,0,0,0,0,1,20261002,20261031
11265,1,1,1,1,1,0,0,20261002,20261031
7522,0,0,0,0,0,1,1,20261002,20261031
11266,1,1,1,1,1,0,0,20261002,20261031
7521,0,0,0,0,0,1,1,20261002,20261031
7520,0,0,0,0,0,1,1,20261002,20261031
11267,1,1,1,1,1,0,0,20261002,20261031
7519,0,0,0,0,0,1,1,20261002,20261031
7518,0,0,0,0,0,1,1,20261002,20261031
11268,1,1,1,1,1,0,0,20261002,20261031
7515,1,1,1,1,1,0,0,20261002,20261031
11269,1,1,1,1,1,0,0,20261002,20261031
7514,1,1,1,1,1,0,0,20261002,20261031
11270,1,1,1,1,1,0,0,20261002,20261031
11271,1,1,1,1,1,0,0,20261002,20261031
7513,1,1,1,1,1,0,0,20261002,20261031
7512,1,1,1,1,1,0,0,20261002,20261031
7511,1,1,1,1,1,0,0,20261002,20261031
11272,1,1,1,1,1,0,0,20261002,20261031
11273,1,1,1,1,1,0,0,20261002,20261031
7510,1,1,1,1,1,0,0,20261002,20261031
11274,1,1,1,1,1,0,0,20261002,20261031
7509,1,1,1,1,1,0,0,20261002,20261031
11275,1,1,1,1,1,0,0,20261002,20261031
7508,1,1,1,1,1,0,0,20261002,20261031
7507,1,1,1,1,1,0,0,20261002,20261031
7506,1,1,1,1,1,0,0,20261002,20261031
7505,1,1,1,1,1,0,0,20261002,20261031
7504,1,1,1,1,1,0,0,20261002,20261031
7503,1,1,1,1,1,0,0,20261002,20261031
7502,1,1,1,1,1,0,0,20261002,20261031
7501,1,1,1,1,1,0,0,20261002,20261031
7500,1,1,1,1,1,0,0,20261002,20261031
7499,1,1,1,1,1,0,0,20261002,20261031
7498,1,1,1,1,1,0,0,20261002,20261031
7497,1,1,1,1,1,0,0,20261002,20261031
7496,1,1,1,1,1,0,0,20261002,20261031
7495,1,1,1,1,1,0,0,20261002,20261031
7494,1,1,1,1,1,0,0,20261002,20261031
16984,0,0,0,0,0,1,1,20261002,20261101
16985,0,0,0,0,0,1,1,20261002,20261101
16982,1,1,1,1,1,0,0,20261002,20261101
16983,1,1,1,1,1,0,0,20261002,20261101
15991,0,0,0,0,0,1,1,20261002,20261122
16231,0,0,0,0,0,1,1,20261002,20261122
15815,1,1,1,1,1,0,0,20261002,20261122
15964,1,1,1,1,1,0,0,20261002,20261122
15952,1,1,1,1,1,0,0,20261002,20261122
15992,0,0,0,0,0,1,1,20261002,20261122
15971,0,0,0,0,0,1,1,20261002,20261122
16005,0,0,0,0,0,1,1,20261002,20261122
15863,1,1,1,1,1,0,0,20261002,20261122
16232,0,0,0,0,0,1,1,20261002,20261122
15993,0,0,0,0,0,1,1,20261002,20261122
15948,1,1,1,1,1,0,0,20261002,20261122
16233,0,0,0,0,0,1,1,20261002,20261122
15994,0,0,0,0,0,1,1,20261002,20261122
15951,1,1,1,1,1,0,0,20261002,20261122
15836,1,1,1,1,1,0,0,20261002,20261122
16004,0,0,0,0,0,1,1,20261002,20261122
16003,0,0,0,0,0,1,1,20261002,20261122
15816,1,1,1,1,1,0,0,20261002,20261122
15829,1,1,1,1,1,0,0,20261002,20261122
15995,0,0,0,0,0,1,1,20261002,20261122
16002,0,0,0,0,0,1,1,20261002,20261122
15842,1,1,1,1,1,0,0,20261002,20261122
15996,0,0,0,0,0,1,1,20261002,20261122
15864,1,1,1,1,1,0,0,20261002,20261122
16234,0,0,0,0,0,1,1,20261002,20261122
15997,0,0,0,0,0,1,1,20261002,20261122
15830,1,1,1,1,1,0,0,20261002,20261122
15998,0,0,0,0,0,1,1,20261002,20261122
16235,0,0,0,0,0,1,1,20261002,20261122
16001,0,0,0,0,0,1,1,20261002,20261122
16256,0,0,0,0,0,1,1,20261002,20261122
15854,1,1,1,1,1,0,0,20261002,20261122
16259,0,0,0,0,0,1,1,20261002,20261122
15981,0,0,0,0,0,1,1,20261002,20261122
16499,1,1,1,1,1,0,0,20261002,20261122
16255,0,0,0,0,0,1,1,20261002,20261122
15950,1,1,1,1,1,0,0,20261002,20261122
16000,0,0,0,0,0,1,1,20261002,20261122
15949,1,1,1,1,1,0,0,20261002,20261122
16260,0,0,0,0,0,1,1,20261002,20261122
15821,1,1,1,1,1,0,0,20261002,20261122
15858,1,1,1,1,1,0,0,20261002,20261122
15845,1,1,1,1,1,0,0,20261002,20261122
15847,1,1,1,1,1,0,0,20261002,20261122
15999,0,0,0,0,0,1,1,20261002,20261122
16236,0,0,0,0,0,1,1,20261002,20261122
15823,1,1,1,1,1,0,0,20261002,20261122
15819,1,1,1,1,1,0,0,20261002,20261122
15976,0,0,0,0,0,1,1,20261002,20261122
16258,0,0,0,0,0,1,1,20261002,20261122
16254,0,0,0,0,0,1,1,20261002,20261122
15843,1,1,1,1,1,0,0,20261002,20261122
15859,1,1,1,1,1,0,0,20261002,20261122
15840,1,1,1,1,1,0,0,20261002,20261122
15834,1,1,1,1,1,0,0,20261002,20261122
15826,1,1,1,1,1,0,0,20261002,20261122
15978,0,0,0,0,0,1,1,20261002,20261122
15848,1,1,1,1,1,0,0,20261002,20261122
16253,0,0,0,0,0,1,1,20261002,20261122
15875,1,1,1,1,1,0,0,20261002,20261122
16252,0,0,0,0,0,1,1,20261002,20261122
15970,0,0,0,0,0,1,1,20261002,20261122
15869,1,1,1,1,1,0,0,20261002,20261122
15860,1,1,1,1,1,0,0,20261002,20261122
15867,1,1,1,1,1,0,0,20261002,20261122
16251,0,0,0,0,0,1,1,20261002,20261122
15966,1,1,1,1,1,0,0,20261002,20261122
15844,1,1,1,1,1,0,0,20261002,20261122
15974,0,0,0,0,0,1,1,20261002,20261122
15818,1,1,1,1,1,0,0,20261002,20261122
16498,1,1,1,1,1,0,0,20261002,20261122
15831,1,1,1,1,1,0,0,20261002,20261122
15961,1,1,1,1,1,0,0,20261002,20261122
15873,1,1,1,1,1,0,0,20261002,20261122
15877,1,1,1,1,1,0,0,20261002,20261122
15986,0,0,0,0,0,1,1,20261002,20261122
15846,1,1,1,1,1,0,0,20261002,20261122
15979,0,0,0,0,0,1,1,20261002,20261122
15825,1,1,1,1,1,0,0,20261002,20261122
15852,1,1,1,1,1,0,0,20261002,20261122
15817,1,1,1,1,1,0,0,20261002,20261122
15968,0,0,0,0,0,1,1,20261002,20261122
16250,0,0,0,0,0,1,1,20261002,20261122
15980,0,0,0,0,0,1,1,20261002,20261122
15857,1,1,1,1,1,0,0,20261002,20261122
15822,1,1,1,1,1,0,0,20261002,20261122
15839,1,1,1,1,1,0,0,20261002,20261122
16015,0,0,0,0,0,0,1,20261002,20261122
15872,1,1,1,1,1,0,0,20261002,20261122
16016,0,0,0,0,0,0,1,20261002,20261122
16177,1,1,1,1,1,0,0,20261002,20261122
16178,1,1,1,1,1,0,0,20261002,20261122
16249,0,0,0,0,0,1,1,20261002,20261122
15827,1,1,1,1,1,0,0,20261002,20261122
16179,1,1,1,1,1,0,0,20261002,20261122
16180,1,1,1,1,1,0,0,20261002,20261122
15985,0,0,0,0,0,1,1,20261002,20261122
15878,1,1,1,1,1,0,0,20261002,20261122
16181,1,1,1,1,1,0,0,20261002,20261122
15960,1,1,1,1,1,0,0,20261002,20261122
16182,1,1,1,1,1,0,0,20261002,20261122
16183,1,1,1,1,1,0,0,20261002,20261122
16184,1,1,1,1,1,0,0,20261002,20261122
16185,1,1,1,1,1,0,0,20261002,20261122
15959,1,1,1,1,1,0,0,20261002,20261122
16257,0,0,0,0,0,1,1,20261002,20261122
15874,1,1,1,1,1,0,0,20261002,20261122
15973,0,0,0,0,0,1,1,20261002,20261122
16186,1,1,1,1,1,0,0,20261002,20261122
16248,0,0,0,0,0,1,1,20261002,20261122
16187,1,1,1,1,1,0,0,20261002,20261122
16247,0,0,0,0,0,1,1,20261002,20261122
16188,1,1,1,1,1,0,0,20261002,20261122
15841,1,1,1,1,1,0,0,20261002,20261122
15962,1,1,1,1,1,0,0,20261002,20261122
15876,1,1,1,1,1,0,0,20261002,20261122
15850,1,1,1,1,1,0,0,20261002,20261122
16189,1,1,1,1,1,0,0,20261002,20261122
15984,0,0,0,0,0,1,1,20261002,20261122
15975,0,0,0,0,0,1,1,20261002,20261122
15866,1,1,1,1,1,0,0,20261002,20261122
15856,1,1,1,1,1,0,0,20261002,20261122
16246,0,0,0,0,0,1,1,20261002,20261122
15838,1,1,1,1,1,0,0,20261002,20261122
15855,1,1,1,1,1,0,0,20261002,20261122
16245,0,0,0,0,0,1,1,20261002,20261122
15958,1,1,1,1,1,0,0,20261002,20261122
15983,0,0,0,0,0,1,1,20261002,20261122
16190,1,1,1,1,1,0,0,20261002,20261122
15977,0,0,0,0,0,1,1,20261002,20261122
15833,1,1,1,1,1,0,0,20261002,20261122
15820,1,1,1,1,1,0,0,20261002,20261122
15957,1,1,1,1,1,0,0,20261002,20261122
16191,1,1,1,1,1,0,0,20261002,20261122
16192,1,1,1,1,1,0,0,20261002,20261122
15969,0,0,0,0,0,1,1,20261002,20261122
16193,1,1,1,1,1,0,0,20261002,20261122
16244,0,0,0,0,0,1,1,20261002,20261122
16243,0,0,0,0,0,1,1,20261002,20261122
16194,1,1,1,1,1,0,0,20261002,20261122
15868,1,1,1,1,1,0,0,20261002,20261122
16195,1,1,1,1,1,0,0,20261002,20261122
16196,1,1,1,1,1,0,0,20261002,20261122
16197,1,1,1,1,1,0,0,20261002,20261122
15832,1,1,1,1,1,0,0,20261002,20261122
15828,1,1,1,1,1,0,0,20261002,20261122
16198,1,1,1,1,1,0,0,20261002,20261122
16199,1,1,1,1,1,0,0,20261002,20261122
16200,1,1,1,1,1,0,0,20261002,20261122
16201,1,1,1,1,1,0,0,20261002,20261122
15963,1,1,1,1,1,0,0,20261002,20261122
15871,1,1,1,1,1,0,0,20261002,20261122
15861,1,1,1,1,1,0,0,20261002,20261122
16014,0,0,0,0,0,0,1,20261002,20261122
16202,1,1,1,1,1,0,0,20261002,20261122
16203,1,1,1,1,1,0,0,20261002,20261122
16242,0,0,0,0,0,1,1,20261002,20261122
15956,1,1,1,1,1,0,0,20261002,20261122
15982,0,0,0,0,0,1,1,20261002,20261122
16204,1,1,1,1,1,0,0,20261002,20261122
16205,1,1,1,1,1,0,0,20261002,20261122
15987,0,0,0,0,0,1,1,20261002,20261122
16241,0,0,0,0,0,1,1,20261002,20261122
16013,0,0,0,0,0,0,1,20261002,20261122
15851,1,1,1,1,1,0,0,20261002,20261122
16206,1,1,1,1,1,0,0,20261002,20261122
16240,0,0,0,0,0,1,1,20261002,20261122
16207,1,1,1,1,1,0,0,20261002,20261122
16239,0,0,0,0,0,1,1,20261002,20261122
15879,1,1,1,1,1,0,0,20261002,20261122
15849,1,1,1,1,1,0,0,20261002,20261122
15955,1,1,1,1,1,0,0,20261002,20261122
15835,1,1,1,1,1,0,0,20261002,20261122
16012,0,0,0,0,0,0,1,20261002,20261122
16208,1,1,1,1,1,0,0,20261002,20261122
16209,1,1,1,1,1,0,0,20261002,20261122
16210,1,1,1,1,1,0,0,20261002,20261122
16238,0,0,0,0,0,1,1,20261002,20261122
16211,1,1,1,1,1,0,0,20261002,20261122
16212,1,1,1,1,1,0,0,20261002,20261122
16011,0,0,0,0,0,0,1,20261002,20261122
15862,1,1,1,1,1,0,0,20261002,20261122
16213,1,1,1,1,1,0,0,20261002,20261122
15972,0,0,0,0,0,1,1,20261002,20261122
16214,1,1,1,1,1,0,0,20261002,20261122
16215,1,1,1,1,1,0,0,20261002,20261122
16237,0,0,0,0,0,1,1,20261002,20261122
16216,1,1,1,1,1,0,0,20261002,20261122
15954,1,1,1,1,1,0,0,20261002,20261122
15865,1,1,1,1,1,0,0,20261002,20261122
16217,1,1,1,1,1,0,0,20261002,20261122
16010,0,0,0,0,0,1,1,20261002,20261122
16009,0,0,0,0,0,0,1,20261002,20261122
16218,1,1,1,1,1,0,0,20261002,20261122
15853,1,1,1,1,1,0,0,20261002,20261122
16219,1,1,1,1,1,0,0,20261002,20261122
15988,0,0,0,0,0,1,1,20261002,20261122
16220,1,1,1,1,1,0,0,20261002,20261122
15946,1,1,1,1,1,0,0,20261002,20261122
15953,1,1,1,1,1,0,0,20261002,20261122
16221,1,1,1,1,1,0,0,20261002,20261122
16222,1,1,1,1,1,0,0,20261002,20261122
16008,0,0,0,0,0,1,1,20261002,20261122
16223,1,1,1,1,1,0,0,20261002,20261122
15989,0,0,0,0,0,1,1,20261002,20261122
16224,1,1,1,1,1,0,0,20261002,20261122
16225,1,1,1,1,1,0,0,20261002,20261122
16007,0,0,0,0,0,0,1,20261002,20261122
16226,1,1,1,1,1,0,0,20261002,20261122
16227,1,1,1,1,1,0,0,20261002,20261122
16228,0,0,0,0,0,1,1,20261002,20261122
15837,1,1,1,1,1,0,0,20261002,20261122
15990,0,0,0,0,0,1,1,20261002,20261122
16229,0,0,0,0,0,1,1,20261002,20261122
15965,1,1,1,1,1,0,0,20261002,20261122
16230,0,0,0,0,0,1,1,20261002,20261122
15947,1,1,1,1,1,0,0,20261002,20261122
16006,0,0,0,0,0,1,1,20261002,20261122
15870,1,1,1,1,1,0,0,20261002,20261122
15824,1,1,1,1,1,0,0,20261002,20261122
12036,0,0,0,0,0,0,1,20261002,20261130
10860,1,1,1,1,1,0,0,20261002,20261130
251,0,0,0,0,0,1,1,20261002,20261130
10859,1,1,1,1,1,0,0,20261002,20261130
10858,1,1,1,1,1,0,0,20261002,20261130
244,0,0,0,0,0,1,1,20261002,20261130
10857,1,1,1,1,1,0,0,20261002,20261130
10856,1,1,1,1,1,0,0,20261002,20261130
10855,1,1,1,1,1,0,0,20261002,20261130
10854,1,1,1,1,1,0,0,20261002,20261130
228,0,0,0,0,0,1,1,20261002,20261130
10853,1,1,1,1,1,0,0,20261002,20261130
207,0,0,0,0,0,1,1,20261002,20261130
10852,1,1,1,1,1,0,0,20261002,20261130
10851,1,1,1,1,1,0,0,20261002,20261130
10850,1,1,1,1,1,0,0,20261002,20261130
9676,1,1,1,1,1,0,0,20261002,20261130
10849,1,1,1,1,1,0,0,20261002,20261130
9705,0,0,0,0,0,0,1,20261002,20261130
10848,1,1,1,1,1,0,0,20261002,20261130
10847,1,1,1,1,1,0,0,20261002,20261130
140,0,0,0,0,0,1,1,20261002,20261130
9677,1,1,1,1,1,0,0,20261002,20261130
9704,0,0,0,0,0,1,1,20261002,20261130
9678,1,1,1,1,1,0,0,20261002,20261130
9679,1,1,1,1,1,0,0,20261002,20261130
9680,1,1,1,1,1,0,0,20261002,20261130
9681,1,1,1,1,1,0,0,20261002,20261130
175,0,0,0,0,0,1,1,20261002,20261130
9682,1,1,1,1,1,0,0,20261002,20261130
9683,1,1,1,1,1,0,0,20261002,20261130
9684,1,1,1,1,1,0,0,20261002,20261130
9703,0,0,0,0,0,1,1,20261002,20261130
9685,1,1,1,1,1,0,0,20261002,20261130
118,0,0,0,0,0,1,1,20261002,20261130
9686,1,1,1,1,1,0,0,20261002,20261130
9702,0,0,0,0,0,1,1,20261002,20261130
9687,1,1,1,1,1,0,0,20261002,20261130
162,0,0,0,0,0,1,1,20261002,20261130
9688,1,1,1,1,1,0,0,20261002,20261130
9697,0,0,0,0,0,1,1,20261002,20261130
9691,0,0,0,0,0,1,1,20261002,20261130
111,0,0,0,0,0,1,1,20261002,20261130
132,0,0,0,0,0,1,1,20261002,20261130
9701,0,0,0,0,0,1,1,20261002,20261130
9692,0,0,0,0,0,1,1,20261002,20261130
149,0,0,0,0,0,1,1,20261002,20261130
12033,1,1,1,1,1,0,0,20261002,20261130
12034,0,0,0,0,0,1,0,20261002,20261130
12035,0,0,0,0,0,1,0,20261002,20261130
10861,1,1,1,1,1,0,0,20261002,20261130
12037,0,0,0,0,0,1,0,20261002,20261130
12038,0,0,0,0,0,1,0,20261002,20261130
12039,0,0,0,0,0,0,1,20261002,20261130
333,0,0,0,0,0,1,1,20261002,20261130
321,0,0,0,0,0,1,1,20261002,20261130
9693,0,0,0,0,0,1,1,20261002,20261130
315,0,0,0,0,0,1,1,20261002,20261130
303,0,0,0,0,0,1,1,20261002,20261130
290,0,0,0,0,0,1,1,20261002,20261130
13666,0,0,0,0,0,1,1,20261002,20261130
13670,0,0,0,0,0,1,1,20261002,20261130
13674,0,0,0,0,0,1,1,20261002,20261130
13677,0,0,0,0,0,1,1,20261002,20261130
13680,0,0,0,0,0,1,1,20261002,20261130
13681,0,0,0,0,0,1,1,20261002,20261130
13685,0,0,0,0,0,1,1,20261002,20261130
9694,0,0,0,0,0,1,1,20261002,20261130
98,0,0,0,0,0,1,1,20261002,20261130
9658,1,1,1,1,1,0,0,20261002,20261130
9659,1,1,1,1,1,0,0,20261002,20261130
9695,0,0,0,0,0,1,1,20261002,20261130
9660,1,1,1,1,1,0,0,20261002,20261130
9696,0,0,0,0,0,1,1,20261002,20261130
9661,1,1,1,1,1,0,0,20261002,20261130
9662,1,1,1,1,1,0,0,20261002,20261130
9714,0,0,0,0,0,1,1,20261002,20261130
9700,0,0,0,0,0,1,1,20261002,20261130
9713,0,0,0,0,0,1,1,20261002,20261130
82,0,0,0,0,0,1,1,20261002,20261130
9663,1,1,1,1,1,0,0,20261002,20261130
9664,1,1,1,1,1,0,0,20261002,20261130
9712,0,0,0,0,0,1,1,20261002,20261130
9711,0,0,0,0,0,1,1,20261002,20261130
9665,1,1,1,1,1,0,0,20261002,20261130
9666,1,1,1,1,1,0,0,20261002,20261130
9710,0,0,0,0,0,1,1,20261002,20261130
9667,1,1,1,1,1,0,0,20261002,20261130
9668,1,1,1,1,1,0,0,20261002,20261130
9669,1,1,1,1,1,0,0,20261002,20261130
192,0,0,0,0,0,1,1,20261002,20261130
9699,0,0,0,0,0,1,1,20261002,20261130
9670,1,1,1,1,1,0,0,20261002,20261130
9671,1,1,1,1,1,0,0,20261002,20261130
9709,0,0,0,0,0,1,0,20261002,20261130
9708,0,0,0,0,0,1,1,20261002,20261130
9707,0,0,0,0,0,1,1,20261002,20261130
9672,1,1,1,1,1,0,0,20261002,20261130
9673,1,1,1,1,1,0,0,20261002,20261130
9706,0,0,0,0,0,1,1,20261002,20261130
9674,1,1,1,1,1,0,0,20261002,20261130
9675,1,1,1,1,1,0,0,20261002,20261130
9698,0,0,0,0,0,1,1,20261002,20261130
23,1,1,1,1,1,0,0,20261002,20261130
10873,0,0,0,0,0,0,1,20261002,20261130
10872,0,0,0,0,0,1,1,20261002,20261130
10871,0,0,0,0,0,1,1,20261002,20261130
10870,0,0,0,0,0,1,1,20261002,20261130
10869,0,0,0,0,0,1,1,20261002,20261130
10868,0,0,0,0,0,1,0,20261002,20261130
10867,0,0,0,0,0,1,1,20261002,20261130
10866,1,1,1,1,1,0,0,20261002,20261130
10865,1,1,1,1,1,0,0,20261002,20261130
10864,1,1,1,1,1,0,0,20261002,20261130
10863,1,1,1,1,1,0,0,20261002,20261130
10862,1,1,1,1,1,0,0,20261002,20261130
276,0,0,0,0,0,1,1,20261002,20261130
17458,0,0,0,0,0,0,1,20261002,20261206
5945,0,0,0,0,0,0,1,20261002,20261206
14706,0,0,0,0,0,0,1,20261002,20261206
5868,0,0,0,0,0,0,1,20261002,20261206
5964,0,0,0,0,0,0,1,20261002,20261206
5752,0,0,0,0,0,0,1,20261002,20261206
5762,0,0,0,0,0,0,1,20261002,20261206
17597,0,0,0,0,0,0,1,20261002,20261206
17596,0,0,0,0,0,0,1,20261002,20261206
5785,0,0,0,0,0,0,1,20261002,20261206
17455,0,0,0,0,0,0,1,20261002,20261206
5859,0,0,0,0,0,0,1,20261002,20261206
5962,0,0,0,0,0,0,1,20261002,20261206
5865,0,0,0,0,0,0,1,20261002,20261206
5760,0,0,0,0,0,0,1,20261002,20261206
17399,0,0,0,0,0,0,1,20261002,20261206
5914,0,0,0,0,0,0,1,20261002,20261206
5739,0,0,0,0,0,0,1,20261002,20261206
5971,0,0,0,0,0,0,1,20261002,20261206
14704,0,0,0,0,0,0,1,20261002,20261206
8410,1,1,1,1,0,0,0,20261002,20261210
5901,1,1,1,1,1,0,0,20261002,20261211
15798,1,1,1,1,1,0,0,20261002,20261211
5790,1,1,1,1,1,0,0,20261002,20261211
5712,1,1,1,1,1,0,0,20261002,20261211
5709,1,1,1,1,1,0,0,20261002,20261211
5706,1,1,1,1,1,0,0,20261002,20261211
17398,1,1,1,1,1,0,0,20261002,20261211
5883,1,1,1,1,1,0,0,20261002,20261211
5704,1,1,1,1,1,0,0,20261002,20261211
17397,1,1,1,1,1,0,0,20261002,20261211
5900,1,1,1,1,1,0,0,20261002,20261211
6059,1,1,1,1,1,0,0,20261002,20261211
5955,1,1,1,1,1,0,0,20261002,20261211
5702,1,1,1,1,1,0,0,20261002,20261211
5863,1,1,1,1,1,0,0,20261002,20261211
5932,1,1,1,1,1,0,1,20261002,20261211
5699,1,1,1,1,1,0,0,20261002,20261211
5847,1,1,1,1,1,0,0,20261002,20261211
15795,1,1,1,1,1,0,0,20261002,20261211
5788,1,1,1,1,1,0,0,20261002,20261211
5688,1,1,1,1,1,0,0,20261002,20261211
5897,1,1,1,1,1,0,0,20261002,20261211
17396,1,1,1,1,1,0,0,20261002,20261211
17460,1,1,1,1,1,0,0,20261002,20261211
5684,1,1,1,1,1,0,0,20261002,20261211
17395,1,1,1,1,1,0,0,20261002,20261211
5679,1,1,1,1,1,0,0,20261002,20261211
5673,1,1,1,1,1,0,0,20261002,20261211
6057,1,1,1,1,1,0,0,20261002,20261211
5669,1,1,1,1,1,0,0,20261002,20261211
5843,1,1,1,1,1,0,0,20261002,20261211
5668,1,1,1,1,1,0,0,20261002,20261211
5896,1,1,1,1,1,0,0,20261002,20261211
5860,1,1,1,1,1,0,0,20261002,20261211
5884,1,1,1,1,1,0,0,20261002,20261211
17394,1,1,1,1,1,0,0,20261002,20261211
17466,1,1,1,1,1,0,0,20261002,20261211
5936,0,0,0,0,1,0,0,20261002,20261211
5662,1,1,1,1,1,0,0,20261002,20261211
5661,1,1,1,1,1,0,0,20261002,20261211
15779,1,1,1,1,1,0,0,20261002,20261211
5786,1,1,1,1,1,0,0,20261002,20261211
5660,1,1,1,1,1,0,0,20261002,20261211
5954,1,1,1,1,1,0,0,20261002,20261211
5886,1,1,1,1,1,0,0,20261002,20261211
17448,1,1,1,1,1,0,0,20261002,20261211
17605,1,1,1,1,1,0,0,20261002,20261211
17603,1,1,1,1,1,0,0,20261002,20261211
5659,1,1,1,1,1,0,0,20261002,20261211
17416,1,1,1,1,1,0,0,20261002,20261211
17393,1,1,1,1,1,0,0,20261002,20261211
6056,1,1,1,1,1,0,0,20261002,20261211
5942,1,1,1,1,1,0,0,20261002,20261211
17390,1,1,1,1,1,0,0,20261002,20261211
5799,1,1,1,1,1,0,0,20261002,20261211
5763,1,1,1,1,1,0,0,20261002,20261211
5771,1,1,1,1,1,0,0,20261002,20261211
5657,1,1,1,1,1,0,0,20261002,20261211
17443,1,1,1,1,1,0,0,20261002,20261211
5656,1,1,1,1,1,0,0,20261002,20261211
5777,1,1,1,1,1,0,0,20261002,20261211
17467,1,1,1,1,1,0,0,20261002,20261211
14702,1,1,1,1,1,0,0,20261002,20261211
5653,1,1,1,1,1,0,0,20261002,20261211
17454,1,1,1,1,1,0,0,20261002,20261211
17392,1,1,1,1,1,0,0,20261002,20261211
17487,1,1,1,1,1,0,0,20261002,20261211
17468,1,1,1,1,1,0,0,20261002,20261211
6053,1,1,1,1,1,0,0,20261002,20261211
5851,1,1,1,1,1,0,0,20261002,20261211
17430,1,1,1,1,1,0,0,20261002,20261211
5764,1,1,1,1,1,0,0,20261002,20261211
5776,1,1,1,1,1,0,0,20261002,20261211
14726,1,1,1,1,1,0,0,20261002,20261211
5765,1,1,1,1,1,0,0,20261002,20261211
6055,1,1,1,1,1,0,0,20261002,20261211
5803,1,1,1,1,1,0,0,20261002,20261211
6377,1,1,1,1,1,0,1,20261002,20261211
14714,1,1,1,1,1,0,0,20261002,20261211
5654,1,1,1,1,1,0,0,20261002,20261211
5839,0,0,0,1,1,0,1,20261002,20261211
6054,1,1,1,1,1,0,0,20261002,20261211
5780,1,1,1,1,1,0,0,20261002,20261211
5951,1,1,1,1,1,0,0,20261002,20261211
5766,1,1,1,1,1,0,0,20261002,20261211
5835,1,1,1,1,1,0,0,20261002,20261211
14731,1,1,1,1,1,0,0,20261002,20261211
14715,1,1,1,1,1,0,0,20261002,20261211
5772,1,1,1,1,1,0,0,20261002,20261211
5805,1,1,1,1,1,0,0,20261002,20261211
17445,1,1,1,1,1,0,0,20261002,20261211
5783,1,1,1,1,1,0,0,20261002,20261211
5953,1,1,1,1,1,0,0,20261002,20261211
17431,1,1,1,1,1,0,1,20261002,20261211
5852,1,1,1,1,1,0,0,20261002,20261211
17442,1,1,1,1,1,0,0,20261002,20261211
14719,1,1,1,1,1,0,0,20261002,20261211
5773,1,1,1,1,1,0,0,20261002,20261211
5957,1,1,1,1,1,0,0,20261002,20261211
5854,1,1,1,1,1,0,0,20261002,20261211
5815,1,1,1,1,1,0,0,20261002,20261211
5767,1,1,1,1,1,0,0,20261002,20261211
5916,1,1,1,1,1,0,0,20261002,20261211
5871,1,1,1,1,1,0,0,20261002,20261211
11975,1,1,1,1,1,0,0,20261002,20261211
17410,1,1,1,1,1,0,0,20261002,20261211
5925,1,1,1,1,1,0,0,20261002,20261211
17473,1,1,1,1,1,0,0,20261002,20261211
11974,1,1,1,1,1,0,0,20261002,20261211
14732,1,1,1,1,1,0,0,20261002,20261211
14722,1,1,1,1,1,0,0,20261002,20261211
5758,1,1,1,1,1,0,0,20261002,20261211
11972,1,1,1,1,1,0,0,20261002,20261211
17446,1,1,1,1,1,0,0,20261002,20261211
5757,1,1,1,1,1,0,1,20261002,20261211
13644,1,1,1,1,1,0,0,20261002,20261211
11969,1,1,1,1,1,0,0,20261002,20261211
5862,0,0,0,1,1,0,1,20261002,20261211
13646,1,1,1,1,1,0,0,20261002,20261211
11967,1,1,1,1,1,0,0,20261002,20261211
13647,1,1,1,1,1,0,0,20261002,20261211
5849,1,1,1,1,1,0,0,20261002,20261211
13654,1,1,1,1,1,0,0,20261002,20261211
13656,1,1,1,1,1,0,0,20261002,20261211
11965,1,1,1,1,1,0,0,20261002,20261211
16665,1,1,1,1,1,0,0,20261002,20261211
14723,1,1,1,1,1,0,0,20261002,20261211
5866,1,1,1,1,1,0,0,20261002,20261211
8403,1,1,1,1,1,0,0,20261002,20261211
5755,1,1,1,1,1,0,1,20261002,20261211
5808,1,1,1,1,1,0,0,20261002,20261211
5781,1,1,1,1,1,0,0,20261002,20261211
14728,1,1,1,1,1,0,0,20261002,20261211
5926,1,1,1,1,1,0,0,20261002,20261211
14700,1,1,1,1,1,0,0,20261002,20261211
5793,1,1,1,1,1,0,0,20261002,20261211
5927,1,1,1,1,1,0,0,20261002,20261211
8411,1,1,1,1,1,0,0,20261002,20261211
5869,1,1,1,1,1,0,0,20261002,20261211
17413,1,1,1,1,1,0,0,20261002,20261211
5915,1,1,1,1,1,0,0,20261002,20261211
5952,1,1,1,1,1,0,0,20261002,20261211
8412,1,1,1,1,1,0,0,20261002,20261211
8416,1,1,1,1,1,0,0,20261002,20261211
8419,1,1,1,1,1,0,0,20261002,20261211
8420,1,1,1,1,1,0,0,20261002,20261211
8422,1,1,1,1,1,0,0,20261002,20261211
8423,1,1,1,1,1,0,0,20261002,20261211
14701,1,1,1,1,1,0,0,20261002,20261211
5751,1,1,1,1,1,0,1,20261002,20261211
8428,1,1,1,1,1,0,0,20261002,20261211
8429,1,1,1,1,1,0,0,20261002,20261211
8431,1,1,1,1,1,0,0,20261002,20261211
8432,1,1,1,1,1,0,0,20261002,20261211
8433,1,1,1,1,1,0,0,20261002,20261211
5748,0,0,0,0,1,0,0,20261002,20261211
6060,1,1,1,1,1,0,0,20261002,20261211
8434,1,1,1,1,1,0,0,20261002,20261211
8435,1,1,1,1,1,0,0,20261002,20261211
8439,1,1,1,1,1,0,0,20261002,20261211
5928,1,1,1,1,1,0,0,20261002,20261211
5746,0,0,0,0,1,0,0,20261002,20261211
5912,1,1,1,1,1,0,1,20261002,20261211
8441,1,1,1,1,1,0,0,20261002,20261211
8444,1,1,1,1,1,0,0,20261002,20261211
5740,1,1,1,1,1,0,0,20261002,20261211
5736,1,1,1,1,1,0,0,20261002,20261211
5910,1,1,1,1,1,0,0,20261002,20261211
5729,1,1,1,1,1,0,0,20261002,20261211
5719,1,1,1,1,1,0,0,20261002,20261211
15799,1,1,1,1,1,0,0,20261002,20261211
5882,1,1,1,1,1,0,0,20261002,20261211
5716,1,1,1,1,1,0,0,20261002,20261211
5908,1,1,1,1,1,0,0,20261002,20261211
5713,1,1,1,1,1,0,0,20261002,20261211
17456,1,1,1,1,1,0,0,20261002,20261211
17611,0,0,0,0,0,1,1,20261002,20261212
476,1,1,1,1,1,0,0,20261002,20261212
477,1,1,1,1,1,0,0,20261002,20261212
478,1,1,1,1,1,0,0,20261002,20261212
479,1,1,1,1,1,0,0,20261002,20261212
480,1,1,1,1,1,0,0,20261002,20261212
481,1,1,1,1,1,0,0,20261002,20261212
482,1,1,1,1,1,0,0,20261002,20261212
483,1,1,1,1,1,0,0,20261002,20261212
484,1,1,1,1,1,0,0,20261002,20261212
485,1,1,1,1,1,0,0,20261002,20261212
486,1,1,1,1,1,0,0,20261002,20261212
487,1,1,1,1,1,0,0,20261002,20261212
488,1,1,1,1,1,0,0,20261002,20261212
489,1,1,1,1,1,0,0,20261002,20261212
490,1,1,1,1,1,0,0,20261002,20261212
491,1,1,1,1,1,0,0,20261002,20261212
492,1,1,1,1,1,0,0,20261002,20261212
493,1,1,1,1,1,0,0,20261002,20261212
494,1,1,1,1,1,0,0,20261002,20261212
495,1,1,1,1,1,0,0,20261002,20261212
496,1,1,1,1,1,0,0,20261002,20261212
497,1,1,1,1,1,0,0,20261002,20261212
498,1,1,1,1,1,0,0,20261002,20261212
499,1,1,1,1,1,0,0,20261002,20261212
500,1,1,1,1,1,0,0,20261002,20261212
501,1,1,1,1,1,0,0,20261002,20261212
502,1,1,1,1,1,0,0,20261002,20261212
503,1,1,1,1,1,0,0,20261002,20261212
504,1,1,1,1,1,0,0,20261002,20261212
505,1,1,1,1,1,0,0,20261002,20261212
506,1,1,1,1,1,0,0,20261002,20261212
507,1,1,1,1,1,0,0,20261002,20261212
508,1,1,1,1,1,0,0,20261002,20261212
509,1,1,1,1,1,0,0,20261002,20261212
510,1,1,1,1,1,0,0,20261002,20261212
511,1,1,1,1,1,0,0,20261002,20261212
512,0,0,0,0,0,1,0,20261002,20261212
513,0,0,0,0,0,1,0,20261002,20261212
514,0,0,0,0,0,1,0,20261002,20261212
515,0,0,0,0,0,1,0,20261002,20261212
516,0,0,0,0,0,1,0,20261002,20261212
517,0,0,0,0,0,1,0,20261002,20261212
518,0,0,0,0,0,1,0,20261002,20261212
519,0,0,0,0,0,1,0,20261002,20261212
520,0,0,0,0,0,1,0,20261002,20261212
521,0,0,0,0,0,1,0,20261002,20261212
522,0,0,0,0,0,1,0,20261002,20261212
523,0,0,0,0,0,1,0,20261002,20261212
524,0,0,0,0,0,1,0,20261002,20261212
525,0,0,0,0,0,1,0,20261002,20261212
526,0,0,0,0,0,1,0,20261002,20261212
527,0,0,0,0,0,1,0,20261002,20261212
528,0,0,0,0,0,1,0,20261002,20261212
529,0,0,0,0,0,0,1,20261002,20261212
530,0,0,0,0,0,0,1,20261002,20261212
531,0,0,0,0,0,0,1,20261002,20261212
532,0,0,0,0,0,0,1,20261002,20261212
533,0,0,0,0,0,0,1,20261002,20261212
534,0,0,0,0,0,0,1,20261002,20261212
535,0,0,0,0,0,0,1,20261002,20261212
536,0,0,0,0,0,0,1,20261002,20261212
537,0,0,0,0,0,0,1,20261002,20261212
538,0,0,0,0,0,0,1,20261002,20261212
539,0,0,0,0,0,0,1,20261002,20261212
540,0,0,0,0,0,0,1,20261002,20261212
541,0,0,0,0,0,0,1,20261002,20261212
542,0,0,0,0,0,0,1,20261002,20261212
543,0,0,0,0,0,0,1,20261002,20261212
544,0,0,0,0,0,0,1,20261002,20261212
545,0,0,0,0,0,0,1,20261002,20261212
546,0,0,0,0,0,0,1,20261002,20261212
547,0,0,0,0,0,0,1,20261002,20261212
548,1,1,1,1,1,0,0,20261002,20261212
549,1,1,1,1,1,0,0,20261002,20261212
550,1,1,1,1,1,0,0,20261002,20261212
551,1,1,1,1,1,0,0,20261002,20261212
552,1,1,1,1,1,0,0,20261002,20261212
553,1,1,1,1,1,0,0,20261002,20261212
554,1,1,1,1,1,0,0,20261002,20261212
555,1,1,1,1,1,0,0,20261002,20261212
556,1,1,1,1,1,0,0,20261002,20261212
557,1,1,1,1,1,0,0,20261002,20261212
558,1,1,1,1,1,0,0,20261002,20261212
559,1,1,1,1,1,0,0,20261002,20261212
560,1,1,1,1,1,0,0,20261002,20261212
561,1,1,1,1,1,0,0,20261002,20261212
562,1,1,1,1,1,0,0,20261002,20261212
563,1,1,1,1,1,0,0,20261002,20261212
564,1,1,1,1,1,0,0,20261002,20261212
565,1,1,1,1,1,0,0,20261002,20261212
566,1,1,1,1,1,0,0,20261002,20261212
567,1,1,1,1,1,0,0,20261002,20261212
568,1,1,1,1,1,0,0,20261002,20261212
569,1,1,1,1,1,0,0,20261002,20261212
570,1,1,1,1,1,0,0,20261002,20261212
571,1,1,1,1,1,0,0,20261002,20261212
572,1,1,1,1,1,0,0,20261002,20261212
573,1,1,1,1,1,0,0,20261002,20261212
574,1,1,1,1,1,0,0,20261002,20261212
575,1,1,1,1,1,0,0,20261002,20261212
576,1,1,1,1,1,0,0,20261002,20261212
577,1,1,1,1,1,0,0,20261002,20261212
578,1,1,1,1,1,0,0,20261002,20261212
579,1,1,1,1,1,0,0,20261002,20261212
580,1,1,1,1,1,0,0,20261002,20261212
581,0,0,0,0,0,1,0,20261002,20261212
582,0,0,0,0,0,1,0,20261002,20261212
583,0,0,0,0,0,1,0,20261002,20261212
584,0,0,0,0,0,1,0,20261002,20261212
585,0,0,0,0,0,1,0,20261002,20261212
586,0,0,0,0,0,1,0,20261002,20261212
587,0,0,0,0,0,1,0,20261002,20261212
588,0,0,0,0,0,1,0,20261002,20261212
589,0,0,0,0,0,0,1,20261002,20261212
590,0,0,0,0,0,0,1,20261002,20261212
591,0,0,0,0,0,0,1,20261002,20261212
592,0,0,0,0,0,0,1,20261002,20261212
593,0,0,0,0,0,0,1,20261002,20261212
594,0,0,0,0,0,0,1,20261002,20261212
595,0,0,0,0,0,0,1,20261002,20261212
596,0,0,0,0,0,0,1,20261002,20261212
597,1,1,1,1,1,0,0,20261002,20261212
598,1,1,1,1,1,0,0,20261002,20261212
599,1,1,1,1,1,0,0,20261002,20261212
600,1,1,1,1,1,0,0,20261002,20261212
601,1,1,1,1,1,0,0,20261002,20261212
602,1,1,1,1,1,0,0,20261002,20261212
603,1,1,1,1,1,0,0,20261002,20261212
604,1,1,1,1,1,0,0,20261002,20261212
605,1,1,1,1,1,0,0,20261002,20261212
606,1,1,1,1,1,0,0,20261002,20261212
607,1,1,1,1,1,0,0,20261002,20261212
608,1,1,1,1,1,0,0,20261002,20261212
641,0,0,0,0,0,1,1,20261002,20261212
655,0,0,0,0,0,1,1,20261002,20261212
668,0,0,0,0,0,1,1,20261002,20261212
672,0,0,0,0,0,1,1,20261002,20261212
682,0,0,0,0,0,1,1,20261002,20261212
686,0,0,0,0,0,1,1,20261002,20261212
696,0,0,0,0,0,1,1,20261002,20261212
706,0,0,0,0,0,1,1,20261002,20261212
716,0,0,0,0,0,1,1,20261002,20261212
726,0,0,0,0,0,1,1,20261002,20261212
736,0,0,0,0,0,1,1,20261002,20261212
746,0,0,0,0,0,1,1,20261002,20261212
756,0,0,0,0,0,1,1,20261002,20261212
766,0,0,0,0,0,1,1,20261002,20261212
776,0,0,0,0,0,1,1,20261002,20261212
789,0,0,0,0,0,1,1,20261002,20261212
799,0,0,0,0,0,1,1,20261002,20261212
803,0,0,0,0,0,1,1,20261002,20261212
807,0,0,0,0,0,1,1,20261002,20261212
816,0,0,0,0,0,1,1,20261002,20261212
838,0,0,0,0,0,1,1,20261002,20261212
842,0,0,0,0,0,1,1,20261002,20261212
846,0,0,0,0,0,1,1,20261002,20261212
850,0,0,0,0,0,1,1,20261002,20261212
854,0,0,0,0,0,1,1,20261002,20261212
858,0,0,0,0,0,1,1,20261002,20261212
872,0,0,0,0,0,1,1,20261002,20261212
877,0,0,0,0,0,1,1,20261002,20261212
892,0,0,0,0,0,1,1,20261002,20261212
893,0,0,0,0,0,1,1,20261002,20261212
910,0,0,0,0,0,1,1,20261002,20261212
913,0,0,0,0,0,1,1,20261002,20261212
916,1,1,1,1,1,0,0,20261002,20261212
917,1,1,1,1,1,0,0,20261002,20261212
918,1,1,1,1,1,0,0,20261002,20261212
919,1,1,1,1,1,0,0,20261002,20261212
920,1,1,1,1,1,0,0,20261002,20261212
921,1,1,1,1,1,0,0,20261002,20261212
922,1,1,1,1,1,0,0,20261002,20261212
923,1,1,1,1,1,0,0,20261002,20261212
924,1,1,1,1,1,0,0,20261002,20261212
925,1,1,1,1,1,0,0,20261002,20261212
926,1,1,1,1,1,0,0,20261002,20261212
927,1,1,1,1,1,0,0,20261002,20261212
928,1,1,1,1,1,0,0,20261002,20261212
929,1,1,1,1,1,0,0,20261002,20261212
930,1,1,1,1,1,0,0,20261002,20261212
931,1,1,1,1,1,0,0,20261002,20261212
932,1,1,1,1,1,0,0,20261002,20261212
933,1,1,1,1,1,0,0,20261002,20261212
934,1,1,1,1,1,0,0,20261002,20261212
935,1,1,1,1,1,0,0,20261002,20261212
936,1,1,1,1,1,0,0,20261002,20261212
937,1,1,1,1,1,0,0,20261002,20261212
938,1,1,1,1,1,0,0,20261002,20261212
939,1,1,1,1,1,0,0,20261002,20261212
940,1,1,1,1,1,0,0,20261002,20261212
941,1,1,1,1,1,0,0,20261002,20261212
942,1,1,1,1,1,0,0,20261002,20261212
943,1,1,1,1,1,0,0,20261002,20261212
944,1,1,1,1,1,0,0,20261002,20261212
945,1,1,1,1,1,0,0,20261002,20261212
946,1,1,1,1,1,0,0,20261002,20261212
947,1,1,1,1,1,0,0,20261002,20261212
948,1,1,1,1,1,0,0,20261002,20261212
949,1,1,1,1,1,0,0,20261002,20261212
950,1,1,1,1,1,0,0,20261002,20261212
951,1,1,1,1,1,0,0,20261002,20261212
952,1,1,1,1,1,0,0,20261002,20261212
953,1,1,1,1,1,0,0,20261002,20261212
954,1,1,1,1,1,0,0,20261002,20261212
955,0,0,0,0,0,1,0,20261002,20261212
956,0,0,0,0,0,1,0,20261002,20261212
957,0,0,0,0,0,1,0,20261002,20261212
958,0,0,0,0,0,1,0,20261002,20261212
959,0,0,0,0,0,1,0,20261002,20261212
960,0,0,0,0,0,1,0,20261002,20261212
961,0,0,0,0,0,1,0,20261002,20261212
962,0,0,0,0,0,1,0,20261002,20261212
963,0,0,0,0,0,1,0,20261002,20261212
964,0,0,0,0,0,1,0,20261002,20261212
965,0,0,0,0,0,1,0,20261002,20261212
966,0,0,0,0,0,1,0,20261002,20261212
967,0,0,0,0,0,1,0,20261002,20261212
968,0,0,0,0,0,1,0,20261002,20261212
969,0,0,0,0,0,1,0,20261002,20261212
970,0,0,0,0,0,1,0,20261002,20261212
971,0,0,0,0,0,0,1,20261002,20261212
972,0,0,0,0,0,0,1,20261002,20261212
973,0,0,0,0,0,0,1,20261002,20261212
974,0,0,0,0,0,0,1,20261002,20261212
975,0,0,0,0,0,0,1,20261002,20261212
976,0,0,0,0,0,0,1,20261002,20261212
977,0,0,0,0,0,0,1,20261002,20261212
978,0,0,0,0,0,0,1,20261002,20261212
979,0,0,0,0,0,0,1,20261002,20261212
980,0,0,0,0,0,0,1,20261002,20261212
981,0,0,0,0,0,0,1,20261002,20261212
982,0,0,0,0,0,0,1,20261002,20261212
983,0,0,0,0,0,0,1,20261002,20261212
984,0,0,0,0,0,0,1,20261002,20261212
985,0,0,0,0,0,0,1,20261002,20261212
986,0,0,0,0,0,0,1,20261002,20261212
987,1,1,1,1,1,0,0,20261002,20261212
988,1,1,1,1,1,0,0,20261002,20261212
989,1,1,1,1,1,0,0,20261002,20261212
990,1,1,1,1,1,0,0,20261002,20261212
991,1,1,1,1,1,0,0,20261002,20261212
992,1,1,1,1,1,0,0,20261002,20261212
993,1,1,1,1,1,0,0,20261002,20261212
994,1,1,1,1,1,0,0,20261002,20261212
995,1,1,1,1,1,0,0,20261002,20261212
996,1,1,1,1,1,0,0,20261002,20261212
997,1,1,1,1,1,0,0,20261002,20261212
998,1,1,1,1,1,0,0,20261002,20261212
999,1,1,1,1,1,0,0,20261002,20261212
1000,1,1,1,1,1,0,0,20261002,20261212
1001,1,1,1,1,1,0,0,20261002,20261212
1002,1,1,1,1,1,0,0,20261002,20261212
1003,1,1,1,1,1,0,0,20261002,20261212
1004,1,1,1,1,1,0,0,20261002,20261212
1005,1,1,1,1,1,0,0,20261002,20261212
1006,1,1,1,1,1,0,0,20261002,20261212
1007,1,1,1,1,1,0,0,20261002,20261212
1008,1,1,1,1,1,0,0,20261002,20261212
1009,1,1,1,1,1,0,0,20261002,20261212
1010,1,1,1,1,1,0,0,20261002,20261212
1011,1,1,1,1,1,0,0,20261002,20261212
1012,1,1,1,1,1,0,0,20261002,20261212
1013,1,1,1,1,1,0,0,20261002,20261212
1014,1,1,1,1,1,0,0,20261002,20261212
1015,1,1,1,1,1,0,0,20261002,20261212
1016,1,1,1,1,1,0,0,20261002,20261212
1017,1,1,1,1,1,0,0,20261002,20261212
1018,1,1,1,1,1,0,0,20261002,20261212
1040,1,1,1,1,1,0,0,20261002,20261212
1041,1,1,1,1,1,0,0,20261002,20261212
1042,1,1,1,1,1,0,0,20261002,20261212
1043,1,1,1,1,1,0,0,20261002,20261212
1044,1,1,1,1,1,0,0,20261002,20261212
1045,1,1,1,1,1,0,0,20261002,20261212
1046,1,1,1,1,1,0,0,20261002,20261212
1047,1,1,1,1,1,0,0,20261002,20261212
1048,1,1,1,1,1,0,0,20261002,20261212
1137,0,0,0,0,0,1,1,20261002,20261212
1199,0,0,0,0,0,1,1,20261002,20261212
1203,0,0,0,0,0,1,1,20261002,20261212
1213,0,0,0,0,0,1,1,20261002,20261212
1217,0,0,0,0,0,1,1,20261002,20261212
1228,0,0,0,0,0,1,1,20261002,20261212
1229,0,0,0,0,0,1,1,20261002,20261212
1243,0,0,0,0,0,1,1,20261002,20261212
1250,0,0,0,0,0,1,1,20261002,20261212
1261,0,0,0,0,0,1,1,20261002,20261212
1269,0,0,0,0,0,1,1,20261002,20261212
1271,0,0,0,0,0,1,1,20261002,20261212
1282,0,0,0,0,0,1,1,20261002,20261212
1283,0,0,0,0,0,1,1,20261002,20261212
1289,0,0,0,0,0,1,1,20261002,20261212
1290,0,0,0,0,0,1,1,20261002,20261212
1297,0,0,0,0,0,1,1,20261002,20261212
1298,0,0,0,0,0,1,1,20261002,20261212
1305,0,0,0,0,0,1,1,20261002,20261212
1306,0,0,0,0,0,1,1,20261002,20261212
1313,0,0,0,0,0,1,1,20261002,20261212
1314,0,0,0,0,0,1,1,20261002,20261212
1321,0,0,0,0,0,1,1,20261002,20261212
1322,0,0,0,0,0,1,1,20261002,20261212
1327,0,0,0,0,0,1,1,20261002,20261212
1332,0,0,0,0,0,1,1,20261002,20261212
1339,0,0,0,0,0,1,1,20261002,20261212
1346,0,0,0,0,0,1,1,20261002,20261212
1352,0,0,0,0,0,1,1,20261002,20261212
1356,0,0,0,0,0,1,1,20261002,20261212
1370,0,0,0,0,0,1,1,20261002,20261212
1377,0,0,0,0,0,1,1,20261002,20261212
1385,0,0,0,0,0,1,1,20261002,20261212
1388,0,0,0,0,0,1,1,20261002,20261212
1397,0,0,0,0,0,1,1,20261002,20261212
1409,0,0,0,0,0,1,1,20261002,20261212
1410,0,0,0,0,0,1,1,20261002,20261212
1419,0,0,0,0,0,1,1,20261002,20261212
1429,0,0,0,0,0,1,1,20261002,20261212
1433,0,0,0,0,0,1,1,20261002,20261212
1437,0,0,0,0,0,1,1,20261002,20261212
1441,0,0,0,0,0,1,1,20261002,20261212
1445,0,0,0,0,0,1,1,20261002,20261212
1449,0,0,0,0,0,1,1,20261002,20261212
1451,0,0,0,0,0,1,1,20261002,20261212
1457,0,0,0,0,0,1,1,20261002,20261212
1459,0,0,0,0,0,1,1,20261002,20261212
1463,0,0,0,0,0,1,1,20261002,20261212
1464,0,0,0,0,0,1,1,20261002,20261212
1473,0,0,0,0,0,1,1,20261002,20261212
1478,0,0,0,0,0,1,1,20261002,20261212
1488,0,0,0,0,0,1,1,20261002,20261212
1491,0,0,0,0,0,1,1,20261002,20261212
1495,0,0,0,0,0,1,1,20261002,20261212
1499,0,0,0,0,0,1,1,20261002,20261212
1503,0,0,0,0,0,1,1,20261002,20261212
1522,0,0,0,0,0,1,1,20261002,20261212
1526,0,0,0,0,0,1,1,20261002,20261212
1527,0,0,0,0,0,1,1,20261002,20261212
1533,0,0,0,0,0,1,1,20261002,20261212
1534,0,0,0,0,0,1,1,20261002,20261212
1541,0,0,0,0,0,1,1,20261002,20261212
1542,0,0,0,0,0,1,1,20261002,20261212
1549,0,0,0,0,0,1,1,20261002,20261212
1550,0,0,0,0,0,1,1,20261002,20261212
1557,0,0,0,0,0,1,1,20261002,20261212
1559,0,0,0,0,0,1,1,20261002,20261212
1566,0,0,0,0,0,1,1,20261002,20261212
1567,0,0,0,0,0,1,1,20261002,20261212
1575,0,0,0,0,0,1,1,20261002,20261212
1576,0,0,0,0,0,1,1,20261002,20261212
1579,0,0,0,0,0,1,1,20261002,20261212
1584,0,0,0,0,0,1,1,20261002,20261212
1597,0,0,0,0,0,1,1,20261002,20261212
1598,0,0,0,0,0,1,1,20261002,20261212
1602,0,0,0,0,0,1,1,20261002,20261212
1607,0,0,0,0,0,1,1,20261002,20261212
1615,0,0,0,0,0,1,1,20261002,20261212
1620,0,0,0,0,0,1,1,20261002,20261212
1623,0,0,0,0,0,1,1,20261002,20261212
1635,0,0,0,0,0,1,1,20261002,20261212
1636,0,0,0,0,0,1,1,20261002,20261212
1639,0,0,0,0,0,1,1,20261002,20261212
1640,0,0,0,0,0,1,1,20261002,20261212
1653,0,0,0,0,0,1,1,20261002,20261212
1654,0,0,0,0,0,1,1,20261002,20261212
1661,0,0,0,0,0,1,1,20261002,20261212
1662,0,0,0,0,0,1,1,20261002,20261212
1675,0,0,0,0,0,1,1,20261002,20261212
1684,0,0,0,0,0,1,1,20261002,20261212
1688,0,0,0,0,0,1,1,20261002,20261212
1701,0,0,0,0,0,1,1,20261002,20261212
1702,0,0,0,0,0,1,1,20261002,20261212
1726,0,0,0,0,0,1,1,20261002,20261212
1740,0,0,0,0,0,1,1,20261002,20261212
1752,0,0,0,0,0,1,1,20261002,20261212
1754,0,0,0,0,0,1,1,20261002,20261212
1757,0,0,0,0,0,1,1,20261002,20261212
1766,0,0,0,0,0,1,1,20261002,20261212
1767,0,0,0,0,0,1,1,20261002,20261212
1774,0,0,0,0,0,1,1,20261002,20261212
1775,0,0,0,0,0,1,1,20261002,20261212
1783,0,0,0,0,0,1,1,20261002,20261212
1787,0,0,0,0,0,1,1,20261002,20261212
1794,0,0,0,0,0,1,1,20261002,20261212
1795,0,0,0,0,0,1,1,20261002,20261212
1804,0,0,0,0,0,1,1,20261002,20261212
1805,0,0,0,0,0,1,1,20261002,20261212
1812,0,0,0,0,0,1,1,20261002,20261212
1813,0,0,0,0,0,1,1,20261002,20261212
1823,0,0,0,0,0,1,1,20261002,20261212
1827,0,0,0,0,0,1,1,20261002,20261212
1832,0,0,0,0,0,1,1,20261002,20261212
1837,0,0,0,0,0,1,1,20261002,20261212
1844,0,0,0,0,0,1,1,20261002,20261212
1853,0,0,0,0,0,1,1,20261002,20261212
1856,0,0,0,0,0,1,1,20261002,20261212
1865,0,0,0,0,0,1,1,20261002,20261212
1873,0,0,0,0,0,1,1,20261002,20261212
1875,0,0,0,0,0,1,1,20261002,20261212
1880,0,0,0,0,0,1,1,20261002,20261212
1889,0,0,0,0,0,1,1,20261002,20261212
1895,0,0,0,0,0,1,1,20261002,20261212
1905,0,0,0,0,0,1,1,20261002,20261212
1906,0,0,0,0,0,1,1,20261002,20261212
1914,0,0,0,0,0,1,1,20261002,20261212
1915,0,0,0,0,0,1,1,20261002,20261212
1922,0,0,0,0,0,1,1,20261002,20261212
1923,0,0,0,0,0,1,1,20261002,20261212
1933,0,0,0,0,0,1,1,20261002,20261212
1937,0,0,0,0,0,1,1,20261002,20261212
1938,0,0,0,0,0,1,1,20261002,20261212
1939,0,0,0,0,0,1,1,20261002,20261212
1945,0,0,0,0,0,1,1,20261002,20261212
1949,0,0,0,0,0,1,1,20261002,20261212
1950,0,0,0,0,0,1,1,20261002,20261212
1954,0,0,0,0,0,1,1,20261002,20261212
1958,0,0,0,0,0,1,1,20261002,20261212
1962,0,0,0,0,0,1,1,20261002,20261212
1966,0,0,0,0,0,1,1,20261002,20261212
1970,0,0,0,0,0,1,1,20261002,20261212
1974,0,0,0,0,0,1,1,20261002,20261212
1976,1,1,1,1,1,0,0,20261002,20261212
1977,1,1,1,1,1,0,0,20261002,20261212
1978,1,1,1,1,1,0,0,20261002,20261212
1979,1,1,1,1,1,0,0,20261002,20261212
1980,1,1,1,1,1,0,0,20261002,20261212
1981,1,1,1,1,1,0,0,20261002,20261212
1982,1,1,1,1,1,0,0,20261002,20261212
1983,1,1,1,1,1,0,0,20261002,20261212
1984,1,1,1,1,1,0,0,20261002,20261212
1985,1,1,1,1,1,0,0,20261002,20261212
1986,1,1,1,1,1,0,0,20261002,20261212
1987,1,1,1,1,1,0,0,20261002,20261212
1988,1,1,1,1,1,0,0,20261002,20261212
1989,1,1,1,1,1,0,0,20261002,20261212
1990,1,1,1,1,1,0,0,20261002,20261212
1991,1,1,1,1,1,0,0,20261002,20261212
1992,1,1,1,1,1,0,0,20261002,20261212
1993,1,1,1,1,1,0,0,20261002,20261212
1994,1,1,1,1,1,0,0,20261002,20261212
1995,1,1,1,1,1,0,0,20261002,20261212
1996,1,1,1,1,1,0,0,20261002,20261212
1997,1,1,1,1,1,0,0,20261002,20261212
1998,1,1,1,1,1,0,0,20261002,20261212
1999,1,1,1,1,1,0,0,20261002,20261212
2000,1,1,1,1,1,0,0,20261002,20261212
2001,1,1,1,1,1,0,0,20261002,20261212
2002,1,1,1,1,1,0,0,20261002,20261212
2003,1,1,1,1,1,0,0,20261002,20261212
2004,1,1,1,1,1,0,0,20261002,20261212
2005,1,1,1,1,1,0,0,20261002,20261212
2006,1,1,1,1,1,0,0,20261002,20261212
2007,1,1,1,1,1,0,0,20261002,20261212
2008,1,1,1,1,1,0,0,20261002,20261212
2009,1,1,1,1,1,0,0,20261002,20261212
2010,1,1,1,1,1,0,0,20261002,20261212
2011,0,0,0,0,0,1,0,20261002,20261212
2012,0,0,0,0,0,1,0,20261002,20261212
2013,0,0,0,0,0,1,0,20261002,20261212
2014,0,0,0,0,0,1,0,20261002,20261212
2015,0,0,0,0,0,1,0,20261002,20261212
2016,0,0,0,0,0,1,0,20261002,20261212
2017,0,0,0,0,0,1,0,20261002,20261212
2018,0,0,0,0,0,1,0,20261002,20261212
2019,0,0,0,0,0,1,0,20261002,20261212
2020,0,0,0,0,0,1,0,20261002,20261212
2021,0,0,0,0,0,1,0,20261002,20261212
2022,0,0,0,0,0,1,0,20261002,20261212
2023,0,0,0,0,0,1,0,20261002,20261212
2024,0,0,0,0,0,1,0,20261002,20261212
2025,0,0,0,0,0,0,1,20261002,20261212
2026,0,0,0,0,0,0,1,20261002,20261212
2027,0,0,0,0,0,0,1,20261002,20261212
2028,0,0,0,0,0,0,1,20261002,20261212
2029,0,0,0,0,0,0,1,20261002,20261212
2030,0,0,0,0,0,0,1,20261002,20261212
2031,0,0,0,0,0,0,1,20261002,20261212
2032,0,0,0,0,0,0,1,20261002,20261212
2033,0,0,0,0,0,0,1,20261002,20261212
2034,0,0,0,0,0,0,1,20261002,20261212
2035,0,0,0,0,0,0,1,20261002,20261212
2036,0,0,0,0,0,0,1,20261002,20261212
2037,0,0,0,0,0,0,1,20261002,20261212
2038,0,0,0,0,0,0,1,20261002,20261212
2045,0,0,0,0,0,1,1,20261002,20261212
2046,0,0,0,0,0,1,1,20261002,20261212
2051,0,0,0,0,0,1,1,20261002,20261212
2058,0,0,0,0,0,1,1,20261002,20261212
2061,0,0,0,0,0,1,1,20261002,20261212
2062,0,0,0,0,0,1,1,20261002,20261212
2065,0,0,0,0,0,1,1,20261002,20261212
2079,0,0,0,0,0,1,1,20261002,20261212
2082,0,0,0,0,0,1,1,20261002,20261212
2090,0,0,0,0,0,1,1,20261002,20261212
2091,0,0,0,0,0,1,1,20261002,20261212
2101,0,0,0,0,0,1,1,20261002,20261212
2104,0,0,0,0,0,1,1,20261002,20261212
2106,0,0,0,0,0,1,1,20261002,20261212
2111,0,0,0,0,0,1,1,20261002,20261212
2114,0,0,0,0,0,1,1,20261002,20261212
2117,0,0,0,0,0,1,1,20261002,20261212
2122,0,0,0,0,0,1,1,20261002,20261212
2131,0,0,0,0,0,1,1,20261002,20261212
2132,0,0,0,0,0,1,1,20261002,20261212
2133,0,0,0,0,0,1,1,20261002,20261212
2134,0,0,0,0,0,1,1,20261002,20261212
2136,0,0,0,0,0,1,1,20261002,20261212
2139,0,0,0,0,0,1,1,20261002,20261212
2143,0,0,0,0,0,1,1,20261002,20261212
2145,0,0,0,0,0,1,1,20261002,20261212
2148,0,0,0,0,0,1,1,20261002,20261212
2149,0,0,0,0,0,1,1,20261002,20261212
2150,0,0,0,0,0,1,1,20261002,20261212
2155,0,0,0,0,0,1,1,20261002,20261212
2158,0,0,0,0,0,1,1,20261002,20261212
2159,0,0,0,0,0,1,1,20261002,20261212
2165,0,0,0,0,0,1,1,20261002,20261212
2171,0,0,0,0,0,1,1,20261002,20261212
2172,0,0,0,0,0,1,1,20261002,20261212
2179,0,0,0,0,0,1,1,20261002,20261212
2180,0,0,0,0,0,1,1,20261002,20261212
2182,0,0,0,0,0,1,1,20261002,20261212
2183,0,0,0,0,0,1,1,20261002,20261212
2190,0,0,0,0,0,1,1,20261002,20261212
2191,0,0,0,0,0,1,1,20261002,20261212
2195,0,0,0,0,0,1,1,20261002,20261212
2196,0,0,0,0,0,1,1,20261002,20261212
2204,0,0,0,0,0,1,1,20261002,20261212
2206,0,0,0,0,0,1,1,20261002,20261212
2214,1,1,1,1,1,0,0,20261002,20261212
2215,0,0,0,0,0,1,1,20261002,20261212
2216,0,0,0,0,0,1,1,20261002,20261212
2219,0,0,0,0,0,1,1,20261002,20261212
2227,0,0,0,0,0,1,1,20261002,20261212
2228,0,0,0,0,0,1,1,20261002,20261212
2244,0,0,0,0,0,1,1,20261002,20261212
2245,0,0,0,0,0,1,1,20261002,20261212
2247,0,0,0,0,0,1,1,20261002,20261212
2252,0,0,0,0,0,1,1,20261002,20261212
2255,0,0,0,0,0,1,1,20261002,20261212
2258,0,0,0,0,0,1,1,20261002,20261212
2261,0,0,0,0,0,1,1,20261002,20261212
2268,0,0,0,0,0,1,1,20261002,20261212
2271,0,0,0,0,0,1,1,20261002,20261212
2282,0,0,0,0,0,1,1,20261002,20261212
2283,1,1,1,1,1,1,1,20261002,20261212
2287,0,0,0,0,0,1,1,20261002,20261212
2288,1,1,1,1,1,0,0,20261002,20261212
2292,0,0,0,0,0,1,1,20261002,20261212
2293,1,1,1,1,1,0,0,20261002,20261212
2297,0,0,0,0,0,1,1,20261002,20261212
2299,1,1,1,1,1,1,1,20261002,20261212
2302,0,0,0,0,0,1,1,20261002,20261212
2303,1,1,1,1,1,1,1,20261002,20261212
2304,1,1,1,1,1,1,1,20261002,20261212
2305,0,0,0,0,0,1,1,20261002,20261212
2318,0,0,0,0,0,1,1,20261002,20261212
2332,0,0,0,0,0,1,1,20261002,20261212
2337,0,0,0,0,0,1,1,20261002,20261212
2348,0,0,0,0,0,1,1,20261002,20261212
2349,0,0,0,0,0,1,1,20261002,20261212
2362,0,0,0,0,0,1,1,20261002,20261212
2363,0,0,0,0,0,1,1,20261002,20261212
2378,0,0,0,0,0,1,1,20261002,20261212
2379,0,0,0,0,0,1,1,20261002,20261212
2384,0,0,0,0,0,1,1,20261002,20261212
2391,0,0,0,0,0,1,1,20261002,20261212
2392,0,0,0,0,0,1,1,20261002,20261212
2403,0,0,0,0,0,1,1,20261002,20261212
2404,0,0,0,0,0,1,1,20261002,20261212
2412,0,0,0,0,0,1,1,20261002,20261212
2413,0,0,0,0,0,1,1,20261002,20261212
2421,0,0,0,0,0,1,1,20261002,20261212
2422,0,0,0,0,0,1,1,20261002,20261212
2428,0,0,0,0,0,1,1,20261002,20261212
2433,0,0,0,0,0,1,1,20261002,20261212
2434,0,0,0,0,0,1,1,20261002,20261212
2441,0,0,0,0,0,1,1,20261002,20261212
2442,0,0,0,0,0,1,1,20261002,20261212
2449,0,0,0,0,0,1,1,20261002,20261212
2452,0,0,0,0,0,1,1,20261002,20261212
2455,0,0,0,0,0,1,1,20261002,20261212
2461,0,0,0,0,0,1,1,20261002,20261212
2462,0,0,0,0,0,1,1,20261002,20261212
2469,0,0,0,0,0,1,1,20261002,20261212
2470,0,0,0,0,0,1,1,20261002,20261212
2477,0,0,0,0,0,1,1,20261002,20261212
2478,0,0,0,0,0,1,1,20261002,20261212
2485,0,0,0,0,0,1,1,20261002,20261212
2488,0,0,0,0,0,1,1,20261002,20261212
2491,0,0,0,0,0,1,1,20261002,20261212
2497,0,0,0,0,0,1,1,20261002,20261212
2498,0,0,0,0,0,1,1,20261002,20261212
2505,0,0,0,0,0,1,1,20261002,20261212
2506,0,0,0,0,0,1,1,20261002,20261212
2513,0,0,0,0,0,1,1,20261002,20261212
2514,0,0,0,0,0,1,1,20261002,20261212
2521,0,0,0,0,0,1,1,20261002,20261212
2524,0,0,0,0,0,1,1,20261002,20261212
2529,0,0,0,0,0,1,1,20261002,20261212
2534,0,0,0,0,0,1,1,20261002,20261212
2536,0,0,0,0,0,1,1,20261002,20261212
2543,0,0,0,0,0,1,1,20261002,20261212
2547,0,0,0,0,0,1,1,20261002,20261212
2551,0,0,0,0,0,1,1,20261002,20261212
2558,0,0,0,0,0,1,1,20261002,20261212
2559,0,0,0,0,0,1,1,20261002,20261212
2568,0,0,0,0,0,1,1,20261002,20261212
2573,0,0,0,0,0,1,1,20261002,20261212
2580,0,0,0,0,0,1,1,20261002,20261212
2581,0,0,0,0,0,1,1,20261002,20261212
2591,0,0,0,0,0,1,1,20261002,20261212
2592,0,0,0,0,0,1,1,20261002,20261212
2601,0,0,0,0,0,1,1,20261002,20261212
2608,0,0,0,0,0,1,1,20261002,20261212
2609,0,0,0,0,0,1,1,20261002,20261212
2619,0,0,0,0,0,1,1,20261002,20261212
2620,0,0,0,0,0,1,1,20261002,20261212
2629,0,0,0,0,0,1,1,20261002,20261212
2630,0,0,0,0,0,1,1,20261002,20261212
2635,0,0,0,0,0,1,1,20261002,20261212
2644,0,0,0,0,0,1,1,20261002,20261212
2645,0,0,0,0,0,1,1,20261002,20261212
2655,0,0,0,0,0,1,1,20261002,20261212
2656,0,0,0,0,0,1,1,20261002,20261212
2665,0,0,0,0,0,1,1,20261002,20261212
2666,0,0,0,0,0,1,1,20261002,20261212
2673,0,0,0,0,0,1,1,20261002,20261212
2681,0,0,0,0,0,1,1,20261002,20261212
2682,0,0,0,0,0,1,1,20261002,20261212
2689,0,0,0,0,0,1,1,20261002,20261212
2690,0,0,0,0,0,1,1,20261002,20261212
2697,0,0,0,0,0,1,1,20261002,20261212
2698,0,0,0,0,0,1,1,20261002,20261212
2705,0,0,0,0,0,1,1,20261002,20261212
2712,0,0,0,0,0,1,1,20261002,20261212
2713,0,0,0,0,0,1,1,20261002,20261212
2717,0,0,0,0,0,1,1,20261002,20261212
2720,0,0,0,0,0,1,1,20261002,20261212
2725,0,0,0,0,0,1,1,20261002,20261212
2729,0,0,0,0,0,1,1,20261002,20261212
2732,0,0,0,0,0,1,1,20261002,20261212
2739,0,0,0,0,0,1,1,20261002,20261212
2740,0,0,0,0,0,1,1,20261002,20261212
2742,0,0,0,0,0,1,1,20261002,20261212
2747,0,0,0,0,0,1,1,20261002,20261212
2750,0,0,0,0,0,1,1,20261002,20261212
2754,0,0,0,0,0,1,1,20261002,20261212
2758,0,0,0,0,0,1,1,20261002,20261212
2765,0,0,0,0,0,1,1,20261002,20261212
2768,0,0,0,0,0,1,1,20261002,20261212
2772,0,0,0,0,0,1,1,20261002,20261212
2776,0,0,0,0,0,1,1,20261002,20261212
2790,1,1,1,1,1,0,0,20261002,20261212
2925,0,0,0,0,0,1,1,20261002,20261212
2926,1,1,1,1,1,0,0,20261002,20261212
2927,0,0,0,0,0,1,1,20261002,20261212
2928,0,0,0,0,0,1,1,20261002,20261212
2932,1,1,1,1,1,0,0,20261002,20261212
2933,0,0,0,0,0,1,1,20261002,20261212
2937,1,1,1,1,1,0,0,20261002,20261212
2938,0,0,0,0,0,1,1,20261002,20261212
2942,0,0,0,0,0,1,1,20261002,20261212
2944,1,1,1,1,1,0,0,20261002,20261212
2950,0,0,0,0,0,1,1,20261002,20261212
2952,1,1,1,1,1,0,0,20261002,20261212
2953,0,0,0,0,0,1,1,20261002,20261212
2962,0,0,0,0,0,1,1,20261002,20261212
2966,0,0,0,0,0,1,1,20261002,20261212
2970,1,1,1,1,1,0,0,20261002,20261212
2973,0,0,0,0,0,1,1,20261002,20261212
2976,0,0,0,0,0,1,1,20261002,20261212
2981,1,1,1,1,1,0,0,20261002,20261212
2995,0,0,0,0,0,1,1,20261002,20261212
3000,0,0,0,0,0,1,1,20261002,20261212
3013,0,0,0,0,0,1,1,20261002,20261212
3026,0,0,0,0,0,1,1,20261002,20261212
3030,0,0,0,0,0,1,1,20261002,20261212
3043,0,0,0,0,0,1,1,20261002,20261212
3044,0,0,0,0,0,1,1,20261002,20261212
3045,0,0,0,0,0,1,1,20261002,20261212
3048,0,0,0,0,0,1,1,20261002,20261212
3052,0,0,0,0,0,1,1,20261002,20261212
3055,0,0,0,0,0,1,1,20261002,20261212
3060,0,0,0,0,0,1,1,20261002,20261212
3067,0,0,0,0,0,1,1,20261002,20261212
3068,0,0,0,0,0,1,1,20261002,20261212
3075,0,0,0,0,0,1,1,20261002,20261212
3076,0,0,0,0,0,1,1,20261002,20261212
3082,0,0,0,0,0,1,1,20261002,20261212
3085,0,0,0,0,0,1,1,20261002,20261212
3090,0,0,0,0,0,1,1,20261002,20261212
3097,0,0,0,0,0,1,1,20261002,20261212
3098,0,0,0,0,0,1,1,20261002,20261212
3102,0,0,0,0,0,1,1,20261002,20261212
3109,0,0,0,0,0,1,1,20261002,20261212
3110,0,0,0,0,0,1,1,20261002,20261212
3117,0,0,0,0,0,1,1,20261002,20261212
3119,0,0,0,0,0,1,1,20261002,20261212
3122,0,0,0,0,0,1,1,20261002,20261212
3129,0,0,0,0,0,1,1,20261002,20261212
3130,0,0,0,0,0,1,1,20261002,20261212
3131,0,0,0,0,0,1,1,20261002,20261212
3138,0,0,0,0,0,1,1,20261002,20261212
3141,0,0,0,0,0,1,1,20261002,20261212
3146,0,0,0,0,0,1,1,20261002,20261212
3147,0,0,0,0,0,1,1,20261002,20261212
3150,0,0,0,0,0,1,1,20261002,20261212
3153,0,0,0,0,0,1,1,20261002,20261212
3161,0,0,0,0,0,1,1,20261002,20261212
3166,0,0,0,0,0,1,1,20261002,20261212
3170,0,0,0,0,0,1,1,20261002,20261212
3174,0,0,0,0,0,1,1,20261002,20261212
3179,1,1,1,1,1,0,0,20261002,20261212
3182,0,0,0,0,0,1,1,20261002,20261212
3183,0,0,0,0,0,1,1,20261002,20261212
3188,0,0,0,0,0,1,1,20261002,20261212
3197,0,0,0,0,0,1,1,20261002,20261212
3198,0,0,0,0,0,1,1,20261002,20261212
3205,0,0,0,0,0,1,1,20261002,20261212
3208,0,0,0,0,0,1,1,20261002,20261212
3210,0,0,0,0,0,1,1,20261002,20261212
3216,0,0,0,0,0,1,1,20261002,20261212
3223,0,0,0,0,0,1,1,20261002,20261212
3227,0,0,0,0,0,1,1,20261002,20261212
3237,0,0,0,0,0,1,1,20261002,20261212
3241,0,0,0,0,0,1,1,20261002,20261212
3246,0,0,0,0,0,1,1,20261002,20261212
3249,0,0,0,0,0,1,1,20261002,20261212
3259,0,0,0,0,0,1,1,20261002,20261212
3260,0,0,0,0,0,1,1,20261002,20261212
3270,0,0,0,0,0,1,1,20261002,20261212
3278,0,0,0,0,0,1,1,20261002,20261212
3279,0,0,0,0,0,1,1,20261002,20261212
3286,0,0,0,0,0,1,1,20261002,20261212
3295,0,0,0,0,0,1,1,20261002,20261212
3301,1,1,1,1,1,0,0,20261002,20261212
3303,0,0,0,0,0,1,1,20261002,20261212
3304,0,0,0,0,0,1,1,20261002,20261212
3317,0,0,0,0,0,1,1,20261002,20261212
3318,0,0,0,0,0,1,1,20261002,20261212
3329,0,0,0,0,0,1,1,20261002,20261212
3332,0,0,0,0,0,1,1,20261002,20261212
3337,0,0,0,0,0,1,1,20261002,20261212
3338,0,0,0,0,0,1,1,20261002,20261212
3347,0,0,0,0,0,1,1,20261002,20261212
3348,0,0,0,0,0,1,1,20261002,20261212
3356,0,0,0,0,0,1,1,20261002,20261212
3360,0,0,0,0,0,1,1,20261002,20261212
3364,0,0,0,0,0,1,1,20261002,20261212
3367,1,1,1,1,1,0,0,20261002,20261212
3368,1,1,1,1,1,0,0,20261002,20261212
3369,0,0,0,0,0,1,1,20261002,20261212
3371,0,0,0,0,0,1,1,20261002,20261212
3377,0,0,0,0,0,1,1,20261002,20261212
3381,0,0,0,0,0,1,1,20261002,20261212
3382,0,0,0,0,0,1,1,20261002,20261212
3389,0,0,0,0,0,1,1,20261002,20261212
3392,0,0,0,0,0,1,1,20261002,20261212
3400,0,0,0,0,0,1,1,20261002,20261212
3401,0,0,0,0,0,1,1,20261002,20261212
3409,0,0,0,0,0,1,1,20261002,20261212
3412,0,0,0,0,0,1,1,20261002,20261212
3416,1,1,1,1,1,1,1,20261002,20261212
3417,0,0,0,0,0,1,1,20261002,20261212
3421,0,0,0,0,0,1,1,20261002,20261212
3422,0,0,0,0,0,1,1,20261002,20261212
3429,0,0,0,0,0,1,1,20261002,20261212
3435,0,0,0,0,0,1,1,20261002,20261212
3436,0,0,0,0,0,1,1,20261002,20261212
3443,0,0,0,0,0,1,1,20261002,20261212
3448,0,0,0,0,0,1,1,20261002,20261212
3452,0,0,0,0,0,1,1,20261002,20261212
3458,0,0,0,0,0,1,1,20261002,20261212
3460,1,1,1,1,1,1,1,20261002,20261212
3461,0,0,0,0,0,1,1,20261002,20261212
3467,0,0,0,0,0,1,1,20261002,20261212
3471,0,0,0,0,0,1,1,20261002,20261212
3475,0,0,0,0,0,1,1,20261002,20261212
3479,0,0,0,0,0,1,1,20261002,20261212
3483,0,0,0,0,0,1,1,20261002,20261212
3487,0,0,0,0,0,1,1,20261002,20261212
3489,1,1,1,1,1,1,1,20261002,20261212
3493,0,0,0,0,0,1,1,20261002,20261212
3504,0,0,0,0,0,1,1,20261002,20261212
3511,0,0,0,0,0,1,1,20261002,20261212
3521,0,0,0,0,0,1,1,20261002,20261212
3525,0,0,0,0,0,1,1,20261002,20261212
3534,0,0,0,0,0,1,1,20261002,20261212
3543,0,0,0,0,0,1,1,20261002,20261212
3554,0,0,0,0,0,1,1,20261002,20261212
3562,0,0,0,0,0,1,1,20261002,20261212
3566,0,0,0,0,0,1,1,20261002,20261212
3569,0,0,0,0,0,1,1,20261002,20261212
3576,0,0,0,0,0,1,1,20261002,20261212
3582,0,0,0,0,0,1,1,20261002,20261212
3586,0,0,0,0,0,1,1,20261002,20261212
3590,0,0,0,0,0,1,1,20261002,20261212
3594,0,0,0,0,0,1,1,20261002,20261212
3598,0,0,0,0,0,1,1,20261002,20261212
3602,0,0,0,0,0,1,1,20261002,20261212
3606,0,0,0,0,0,1,1,20261002,20261212
3610,0,0,0,0,0,1,1,20261002,20261212
3614,0,0,0,0,0,1,1,20261002,20261212
3618,0,0,0,0,0,1,1,20261002,20261212
3622,0,0,0,0,0,1,1,20261002,20261212
3626,0,0,0,0,0,1,1,20261002,20261212
3630,0,0,0,0,0,1,1,20261002,20261212
3634,0,0,0,0,0,1,1,20261002,20261212
3640,0,0,0,0,0,1,1,20261002,20261212
3644,0,0,0,0,0,1,1,20261002,20261212
3651,0,0,0,0,0,1,1,20261002,20261212
3657,0,0,0,0,0,1,1,20261002,20261212
3663,0,0,0,0,0,1,1,20261002,20261212
3668,0,0,0,0,0,1,1,20261002,20261212
3674,0,0,0,0,0,1,1,20261002,20261212
3680,0,0,0,0,0,1,1,20261002,20261212
3685,0,0,0,0,0,1,1,20261002,20261212
3691,0,0,0,0,0,1,1,20261002,20261212
3695,0,0,0,0,0,1,1,20261002,20261212
3704,0,0,0,0,0,1,1,20261002,20261212
3710,0,0,0,0,0,1,1,20261002,20261212
3716,0,0,0,0,0,1,1,20261002,20261212
3720,1,1,1,1,1,0,0,20261002,20261212
3724,0,0,0,0,0,1,1,20261002,20261212
3728,1,1,1,1,1,0,0,20261002,20261212
3729,0,0,0,0,0,1,1,20261002,20261212
3733,0,0,0,0,0,1,1,20261002,20261212
3738,0,0,0,0,0,1,1,20261002,20261212
3742,0,0,0,0,0,1,1,20261002,20261212
3746,0,0,0,0,0,1,1,20261002,20261212
3747,0,0,0,0,0,1,1,20261002,20261212
3751,1,1,1,1,1,0,0,20261002,20261212
3752,0,0,0,0,0,1,1,20261002,20261212
3756,1,1,1,1,1,0,0,20261002,20261212
3760,0,0,0,0,0,1,1,20261002,20261212
3764,0,0,0,0,0,1,1,20261002,20261212
3765,0,0,0,0,0,1,1,20261002,20261212
3769,0,0,0,0,0,1,1,20261002,20261212
3773,0,0,0,0,0,1,1,20261002,20261212
3777,0,0,0,0,0,1,1,20261002,20261212
3781,1,1,1,1,1,0,0,20261002,20261212
3785,0,0,0,0,0,1,1,20261002,20261212
3789,1,1,1,1,1,1,1,20261002,20261212
3790,0,0,0,0,0,1,1,20261002,20261212
3807,0,0,0,0,0,1,1,20261002,20261212
3819,0,0,0,0,0,1,1,20261002,20261212
3820,0,0,0,0,0,1,1,20261002,20261212
3835,0,0,0,0,0,1,1,20261002,20261212
3836,0,0,0,0,0,1,1,20261002,20261212
3851,0,0,0,0,0,1,1,20261002,20261212
3857,0,0,0,0,0,1,1,20261002,20261212
3860,0,0,0,0,0,1,1,20261002,20261212
3865,0,0,0,0,0,1,1,20261002,20261212
3869,0,0,0,0,0,1,1,20261002,20261212
3873,0,0,0,0,0,1,1,20261002,20261212
3874,0,0,0,0,0,1,1,20261002,20261212
3881,0,0,0,0,0,1,1,20261002,20261212
3885,0,0,0,0,0,1,1,20261002,20261212
3894,0,0,0,0,0,1,1,20261002,20261212
3901,0,0,0,0,0,1,1,20261002,20261212
3910,0,0,0,0,0,1,1,20261002,20261212
3917,0,0,0,0,0,1,1,20261002,20261212
3928,0,0,0,0,0,1,1,20261002,20261212
3934,0,0,0,0,0,1,1,20261002,20261212
3942,0,0,0,0,0,1,1,20261002,20261212
3946,0,0,0,0,0,1,1,20261002,20261212
3952,0,0,0,0,0,1,1,20261002,20261212
3963,0,0,0,0,0,1,1,20261002,20261212
3964,1,1,1,1,1,0,0,20261002,20261212
3965,0,0,0,0,0,1,1,20261002,20261212
3969,0,0,0,0,0,1,1,20261002,20261212
3973,0,0,0,0,0,1,1,20261002,20261212
3977,0,0,0,0,0,1,1,20261002,20261212
3981,0,0,0,0,0,1,1,20261002,20261212
3985,0,0,0,0,0,1,1,20261002,20261212
3989,0,0,0,0,0,1,1,20261002,20261212
3993,0,0,0,0,0,1,1,20261002,20261212
3997,0,0,0,0,0,1,1,20261002,20261212
4001,0,0,0,0,0,1,1,20261002,20261212
4005,0,0,0,0,0,1,1,20261002,20261212
4009,0,0,0,0,0,1,1,20261002,20261212
4013,0,0,0,0,0,1,1,20261002,20261212
4017,0,0,0,0,0,1,1,20261002,20261212
4023,0,0,0,0,0,1,1,20261002,20261212
4030,0,0,0,0,0,1,1,20261002,20261212
4039,0,0,0,0,0,1,1,20261002,20261212
4045,0,0,0,0,0,1,1,20261002,20261212
4049,0,0,0,0,0,1,1,20261002,20261212
4056,0,0,0,0,0,1,1,20261002,20261212
4062,0,0,0,0,0,1,1,20261002,20261212
4066,0,0,0,0,0,1,1,20261002,20261212
4073,0,0,0,0,0,1,1,20261002,20261212
4077,0,0,0,0,0,1,1,20261002,20261212
4083,0,0,0,0,0,1,1,20261002,20261212
4090,0,0,0,0,0,1,1,20261002,20261212
4094,0,0,0,0,0,1,1,20261002,20261212
4098,0,0,0,0,0,1,1,20261002,20261212
4102,0,0,0,0,0,1,1,20261002,20261212
4106,1,1,1,1,1,0,0,20261002,20261212
4107,1,1,1,1,1,0,0,20261002,20261212
4111,0,0,0,0,0,1,1,20261002,20261212
4112,1,1,1,1,1,0,0,20261002,20261212
4113,0,0,0,0,0,1,1,20261002,20261212
4117,0,0,0,0,0,1,1,20261002,20261212
4121,0,0,0,0,0,1,1,20261002,20261212
4122,1,1,1,1,1,0,0,20261002,20261212
4123,0,0,0,0,0,1,1,20261002,20261212
4124,0,0,0,0,0,1,1,20261002,20261212
4129,0,0,0,0,0,1,1,20261002,20261212
4132,1,1,1,1,1,0,0,20261002,20261212
4133,0,0,0,0,0,1,1,20261002,20261212
4137,1,1,1,1,1,1,1,20261002,20261212
4138,0,0,0,0,0,1,1,20261002,20261212
4142,0,0,0,0,0,1,1,20261002,20261212
4146,0,0,0,0,0,1,1,20261002,20261212
4150,0,0,0,0,0,1,1,20261002,20261212
4154,0,0,0,0,0,1,1,20261002,20261212
4155,0,0,0,0,0,1,1,20261002,20261212
4170,0,0,0,0,0,1,1,20261002,20261212
4172,0,0,0,0,0,1,1,20261002,20261212
4185,0,0,0,0,0,1,1,20261002,20261212
4188,0,0,0,0,0,1,1,20261002,20261212
4200,0,0,0,0,0,1,1,20261002,20261212
4201,0,0,0,0,0,1,1,20261002,20261212
4213,0,0,0,0,0,1,1,20261002,20261212
4217,0,0,0,0,0,1,1,20261002,20261212
4225,0,0,0,0,0,1,1,20261002,20261212
4235,0,0,0,0,0,1,1,20261002,20261212
4242,0,0,0,0,0,1,1,20261002,20261212
4249,0,0,0,0,0,1,1,20261002,20261212
4250,0,0,0,0,0,1,1,20261002,20261212
4257,1,1,1,1,1,0,0,20261002,20261212
4267,0,0,0,0,0,1,1,20261002,20261212
4268,0,0,0,0,0,1,1,20261002,20261212
4271,0,0,0,0,0,1,1,20261002,20261212
4273,0,0,0,0,0,1,1,20261002,20261212
4284,0,0,0,0,0,1,1,20261002,20261212
4288,1,1,1,1,1,1,1,20261002,20261212
4295,1,1,1,1,1,1,1,20261002,20261212
4296,0,0,0,0,0,1,1,20261002,20261212
4310,0,0,0,0,0,1,1,20261002,20261212
4314,0,0,0,0,0,1,1,20261002,20261212
4317,0,0,0,0,0,1,1,20261002,20261212
4323,0,0,0,0,0,1,1,20261002,20261212
4325,0,0,0,0,0,1,1,20261002,20261212
4331,0,0,0,0,0,1,1,20261002,20261212
4335,0,0,0,0,0,1,1,20261002,20261212
4339,0,0,0,0,0,1,1,20261002,20261212
7904,1,1,1,1,1,0,0,20261002,20261212
7905,1,1,1,1,1,0,0,20261002,20261212
7906,1,1,1,1,1,0,0,20261002,20261212
7907,1,1,1,1,1,0,0,20261002,20261212
7908,1,1,1,1,1,0,0,20261002,20261212
7909,1,1,1,1,1,0,0,20261002,20261212
7910,1,1,1,1,1,0,0,20261002,20261212
7911,1,1,1,1,1,0,0,20261002,20261212
7912,1,1,1,1,1,0,0,20261002,20261212
7918,0,0,0,0,0,1,1,20261002,20261212
7919,0,0,0,0,0,1,1,20261002,20261212
7920,0,0,0,0,0,1,1,20261002,20261212
7921,0,0,0,0,0,1,1,20261002,20261212
7922,0,0,0,0,0,1,1,20261002,20261212
7923,0,0,0,0,0,1,1,20261002,20261212
7924,0,0,0,0,0,1,1,20261002,20261212
7925,0,0,0,0,0,1,1,20261002,20261212
7926,0,0,0,0,0,1,1,20261002,20261212
7927,0,0,0,0,0,1,1,20261002,20261212
7928,0,0,0,0,0,1,1,20261002,20261212
7929,0,0,0,0,0,1,1,20261002,20261212
8107,1,1,1,1,1,0,0,20261002,20261212
8108,1,1,1,1,1,0,0,20261002,20261212
8109,1,1,1,1,1,0,0,20261002,20261212
8110,1,1,1,1,1,0,0,20261002,20261212
8111,1,1,1,1,1,0,0,20261002,20261212
8112,1,1,1,1,1,0,0,20261002,20261212
8113,1,1,1,1,1,0,0,20261002,20261212
8114,1,1,1,1,1,0,0,20261002,20261212
8115,1,1,1,1,1,0,0,20261002,20261212
8116,1,1,1,1,1,0,0,20261002,20261212
8117,1,1,1,1,1,0,0,20261002,20261212
8118,1,1,1,1,1,0,0,20261002,20261212
8119,1,1,1,1,1,0,0,20261002,20261212
8120,1,1,1,1,1,0,0,20261002,20261212
8121,1,1,1,1,1,0,0,20261002,20261212
8122,1,1,1,1,1,0,0,20261002,20261212
8123,1,1,1,1,1,0,0,20261002,20261212
8124,1,1,1,1,1,0,0,20261002,20261212
8125,1,1,1,1,1,0,0,20261002,20261212
8126,1,1,1,1,1,0,0,20261002,20261212
8127,1,1,1,1,1,0,0,20261002,20261212
8128,1,1,1,1,1,0,0,20261002,20261212
8129,1,1,1,1,1,0,0,20261002,20261212
8130,1,1,1,1,1,0,0,20261002,20261212
8131,1,1,1,1,1,0,0,20261002,20261212
8132,1,1,1,1,1,0,0,20261002,20261212
8133,1,1,1,1,1,0,0,20261002,20261212
8134,1,1,1,1,1,0,0,20261002,20261212
8135,1,1,1,1,1,0,0,20261002,20261212
8136,1,1,1,1,1,0,0,20261002,20261212
8137,1,1,1,1,1,0,0,20261002,20261212
8138,1,1,1,1,1,0,0,20261002,20261212
8139,1,1,1,1,1,0,0,20261002,20261212
8140,1,1,1,1,1,0,0,20261002,20261212
8141,1,1,1,1,1,0,0,20261002,20261212
8142,1,1,1,1,1,0,0,20261002,20261212
8143,0,0,0,0,0,1,1,20261002,20261212
8144,0,0,0,0,0,1,1,20261002,20261212
8145,0,0,0,0,0,1,1,20261002,20261212
8146,0,0,0,0,0,1,1,20261002,20261212
8147,0,0,0,0,0,1,1,20261002,20261212
8148,0,0,0,0,0,1,1,20261002,20261212
8149,0,0,0,0,0,1,1,20261002,20261212
8150,0,0,0,0,0,1,1,20261002,20261212
8151,0,0,0,0,0,1,1,20261002,20261212
8152,0,0,0,0,0,1,1,20261002,20261212
8153,0,0,0,0,0,1,1,20261002,20261212
8154,0,0,0,0,0,0,1,20261002,20261212
8155,0,0,0,0,0,1,1,20261002,20261212
8156,0,0,0,0,0,1,1,20261002,20261212
8157,0,0,0,0,0,0,1,20261002,20261212
8158,0,0,0,0,0,1,1,20261002,20261212
8159,0,0,0,0,0,1,1,20261002,20261212
8160,0,0,0,0,0,1,1,20261002,20261212
8161,0,0,0,0,0,0,1,20261002,20261212
8350,1,1,1,1,1,0,0,20261002,20261212
8351,1,1,1,1,1,0,0,20261002,20261212
8352,1,1,1,1,1,0,0,20261002,20261212
8353,1,1,1,1,1,0,0,20261002,20261212
8354,1,1,1,1,1,0,0,20261002,20261212
8355,1,1,1,1,1,0,0,20261002,20261212
8356,1,1,1,1,1,0,0,20261002,20261212
8357,1,1,1,1,1,0,0,20261002,20261212
8358,1,1,1,1,1,0,0,20261002,20261212
8359,1,1,1,1,1,0,0,20261002,20261212
8360,1,1,1,1,1,0,0,20261002,20261212
8361,1,1,1,1,1,0,0,20261002,20261212
8362,1,1,1,1,1,0,0,20261002,20261212
8363,1,1,1,1,1,0,0,20261002,20261212
8364,1,1,1,1,1,0,0,20261002,20261212
8365,1,1,1,1,1,0,0,20261002,20261212
8366,1,1,1,1,1,0,0,20261002,20261212
8367,1,1,1,1,1,0,0,20261002,20261212
8368,1,1,1,1,1,0,0,20261002,20261212
8369,1,1,1,1,1,0,0,20261002,20261212
8370,1,1,1,1,1,0,0,20261002,20261212
8371,1,1,1,1,1,0,0,20261002,20261212
8372,1,1,1,1,1,0,0,20261002,20261212
8373,1,1,1,1,1,0,0,20261002,20261212
8374,1,1,1,1,1,0,0,20261002,20261212
8375,1,1,1,1,1,0,0,20261002,20261212
8376,1,1,1,1,1,0,0,20261002,20261212
8377,1,1,1,1,1,0,0,20261002,20261212
8378,1,1,1,1,1,0,0,20261002,20261212
8379,1,1,1,1,1,0,0,20261002,20261212
8380,1,1,1,1,1,0,0,20261002,20261212
8381,1,1,1,1,1,0,0,20261002,20261212
8382,1,1,1,1,1,0,0,20261002,20261212
8383,1,1,1,1,1,0,0,20261002,20261212
8384,1,1,1,1,1,0,0,20261002,20261212
8385,1,1,1,1,1,0,0,20261002,20261212
8386,1,1,1,1,1,0,0,20261002,20261212
8387,0,0,0,0,0,0,1,20261002,20261212
8388,0,0,0,0,0,1,1,20261002,20261212
8389,0,0,0,0,0,0,1,20261002,20261212
8390,0,0,0,0,0,1,1,20261002,20261212
8391,0,0,0,0,0,1,1,20261002,20261212
8392,0,0,0,0,0,1,1,20261002,20261212
8393,0,0,0,0,0,1,1,20261002,20261212
8394,0,0,0,0,0,1,1,20261002,20261212
8395,0,0,0,0,0,1,1,20261002,20261212
8396,0,0,0,0,0,1,1,20261002,20261212
8397,0,0,0,0,0,1,1,20261002,20261212
8398,0,0,0,0,0,1,1,20261002,20261212
8399,0,0,0,0,0,1,1,20261002,20261212
8400,0,0,0,0,0,1,1,20261002,20261212
8401,0,0,0,0,0,1,1,20261002,20261212
8402,1,1,1,1,1,1,1,20261002,20261212
8404,0,0,0,0,0,1,0,20261002,20261212
8405,0,0,0,0,0,1,0,20261002,20261212
8406,0,0,0,0,0,1,1,20261002,20261212
8407,1,1,1,1,1,1,1,20261002,20261212
8408,1,1,1,1,1,1,1,20261002,20261212
8409,0,0,0,0,1,1,0,20261002,20261212
8413,1,1,1,1,1,1,1,20261002,20261212
8414,0,0,0,0,0,1,1,20261002,20261212
8415,1,1,1,1,1,1,1,20261002,20261212
8418,1,1,1,1,1,1,1,20261002,20261212
8421,1,1,1,1,1,1,1,20261002,20261212
8424,0,0,0,0,0,1,1,20261002,20261212
8425,1,1,1,1,1,1,1,20261002,20261212
8426,1,1,1,1,1,1,1,20261002,20261212
8427,0,0,0,0,0,1,1,20261002,20261212
8430,0,0,0,0,0,1,1,20261002,20261212
8436,0,0,0,0,1,1,0,20261002,20261212
8437,1,1,1,1,1,1,0,20261002,20261212
8438,1,1,1,1,1,1,1,20261002,20261212
8440,0,0,0,0,0,1,1,20261002,20261212
8442,0,0,0,0,0,1,1,20261002,20261212
8443,0,0,0,0,0,1,1,20261002,20261212
8445,1,1,1,1,1,1,1,20261002,20261212
8446,1,1,1,1,1,1,1,20261002,20261212
8447,1,1,1,1,1,1,1,20261002,20261212
8448,1,1,1,1,1,1,1,20261002,20261212
8449,1,1,1,1,1,1,1,20261002,20261212
8450,1,1,1,1,1,1,1,20261002,20261212
8463,1,1,1,1,1,0,0,20261002,20261212
8464,1,1,1,1,1,0,0,20261002,20261212
8465,1,1,1,1,1,0,0,20261002,20261212
8466,1,1,1,1,1,0,0,20261002,20261212
8467,1,1,1,1,1,0,0,20261002,20261212
8468,1,1,1,1,1,0,0,20261002,20261212
8469,1,1,1,1,1,0,0,20261002,20261212
8470,1,1,1,1,1,0,0,20261002,20261212
8471,1,1,1,1,1,0,0,20261002,20261212
8472,1,1,1,1,1,0,0,20261002,20261212
8473,1,1,1,1,1,0,0,20261002,20261212
8474,1,1,1,1,1,0,0,20261002,20261212
8475,0,0,0,0,0,1,0,20261002,20261212
8476,0,0,0,0,0,0,1,20261002,20261212
8477,0,0,0,0,0,1,0,20261002,20261212
8478,0,0,0,0,0,0,1,20261002,20261212
8479,0,0,0,0,0,0,1,20261002,20261212
8480,0,0,0,0,0,0,1,20261002,20261212
8481,0,0,0,0,0,1,1,20261002,20261212
8482,0,0,0,0,0,1,1,20261002,20261212
8483,0,0,0,0,0,1,1,20261002,20261212
8484,0,0,0,0,0,1,1,20261002,20261212
8485,1,1,1,1,1,0,0,20261002,20261212
8486,1,1,1,1,1,0,0,20261002,20261212
8487,1,1,1,1,1,0,0,20261002,20261212
8488,1,1,1,1,1,0,0,20261002,20261212
8489,1,1,1,1,1,0,0,20261002,20261212
8490,1,1,1,1,1,0,0,20261002,20261212
8491,1,1,1,1,1,0,0,20261002,20261212
8492,1,1,1,1,1,0,0,20261002,20261212
8493,1,1,1,1,1,0,0,20261002,20261212
8494,1,1,1,1,1,0,0,20261002,20261212
8495,1,1,1,1,1,0,0,20261002,20261212
8496,1,1,1,1,1,0,0,20261002,20261212
8497,1,1,1,1,1,0,0,20261002,20261212
8498,1,1,1,1,1,0,0,20261002,20261212
8499,1,1,1,1,1,0,0,20261002,20261212
8500,1,1,1,1,1,0,0,20261002,20261212
8501,1,1,1,1,1,0,0,20261002,20261212
8502,1,1,1,1,1,0,0,20261002,20261212
8503,1,1,1,1,1,0,0,20261002,20261212
8504,1,1,1,1,1,0,0,20261002,20261212
8505,1,1,1,1,1,0,0,20261002,20261212
8506,1,1,1,1,1,0,0,20261002,20261212
8507,1,1,1,1,1,0,0,20261002,20261212
8510,0,0,0,0,0,1,0,20261002,20261212
8511,0,0,0,0,0,1,0,20261002,20261212
8512,0,0,0,0,0,1,0,20261002,20261212
8513,0,0,0,0,0,1,0,20261002,20261212
8514,0,0,0,0,0,1,1,20261002,20261212
8515,0,0,0,0,0,1,1,20261002,20261212
8516,0,0,0,0,0,1,1,20261002,20261212
8517,0,0,0,0,0,1,1,20261002,20261212
8518,0,0,0,0,0,0,1,20261002,20261212
8519,0,0,0,0,0,1,0,20261002,20261212
8520,0,0,0,0,0,1,1,20261002,20261212
8521,0,0,0,0,0,0,1,20261002,20261212
8522,0,0,0,0,0,1,0,20261002,20261212
8523,0,0,0,0,0,0,1,20261002,20261212
8524,0,0,0,0,0,0,1,20261002,20261212
8525,0,0,0,0,0,0,0,20261002,20261212
8526,0,0,0,0,0,0,0,20261002,20261212
8527,1,1,1,1,1,0,0,20261002,20261212
8528,1,1,1,1,1,0,0,20261002,20261212
8529,0,0,0,0,0,1,0,20261002,20261212
8530,0,0,0,0,0,1,0,20261002,20261212
8531,1,1,1,1,1,0,0,20261002,20261212
8532,1,1,1,1,1,0,0,20261002,20261212
8533,1,1,1,1,1,0,0,20261002,20261212
8534,1,1,1,1,1,0,0,20261002,20261212
8535,0,0,0,0,0,1,1,20261002,20261212
8536,0,0,0,0,0,1,1,20261002,20261212
8537,0,0,0,0,0,1,1,20261002,20261212
8538,0,0,0,0,0,1,1,20261002,20261212
8539,1,1,1,1,1,0,0,20261002,20261212
8540,1,1,1,1,1,0,0,20261002,20261212
8541,1,1,1,1,1,0,0,20261002,20261212
8542,1,1,1,1,1,0,0,20261002,20261212
8543,1,1,1,1,1,0,0,20261002,20261212
8544,1,1,1,1,1,0,0,20261002,20261212
8545,1,1,1,1,1,0,0,20261002,20261212
8546,1,1,1,1,1,0,0,20261002,20261212
8547,1,1,1,1,1,0,0,20261002,20261212
8548,1,1,1,1,1,0,0,20261002,20261212
8549,1,1,1,1,1,0,0,20261002,20261212
8550,1,1,1,1,1,0,0,20261002,20261212
8551,1,1,1,1,1,0,0,20261002,20261212
8552,1,1,1,1,1,0,0,20261002,20261212
8553,1,1,1,1,1,0,0,20261002,20261212
8554,1,1,1,1,1,0,0,20261002,20261212
8555,1,1,1,1,1,0,0,20261002,20261212
8556,1,1,1,1,1,0,0,20261002,20261212
8557,1,1,1,1,1,0,0,20261002,20261212
8558,1,1,1,1,1,0,0,20261002,20261212
8559,1,1,1,1,1,0,0,20261002,20261212
8560,1,1,1,1,1,0,0,20261002,20261212
8561,1,1,1,1,1,0,0,20261002,20261212
8562,1,1,1,1,1,0,0,20261002,20261212
8563,1,1,1,1,1,0,0,20261002,20261212
8564,1,1,1,1,1,0,0,20261002,20261212
8565,1,1,1,1,1,0,0,20261002,20261212
8566,1,1,1,1,1,0,0,20261002,20261212
8567,1,1,1,1,1,0,0,20261002,20261212
8568,1,1,1,1,1,0,0,20261002,20261212
8569,1,1,1,1,1,0,0,20261002,20261212
8570,1,1,1,1,1,0,0,20261002,20261212
8571,1,1,1,1,1,0,0,20261002,20261212
8572,1,1,1,1,1,0,0,20261002,20261212
8573,1,1,1,1,1,0,0,20261002,20261212
8574,1,1,1,1,1,0,0,20261002,20261212
8575,1,1,1,1,1,0,0,20261002,20261212
8576,1,1,1,1,1,0,0,20261002,20261212
8577,1,1,1,1,1,0,0,20261002,20261212
8578,1,1,1,1,1,0,0,20261002,20261212
8579,1,1,1,1,1,0,0,20261002,20261212
8580,1,1,1,1,1,0,0,20261002,20261212
8581,1,1,1,1,1,0,0,20261002,20261212
8582,1,1,1,1,1,0,0,20261002,20261212
8583,1,1,1,1,1,0,0,20261002,20261212
8584,1,1,1,1,1,0,0,20261002,20261212
8585,1,1,1,1,1,0,0,20261002,20261212
8586,1,1,1,1,1,0,0,20261002,20261212
8587,1,1,1,1,1,0,0,20261002,20261212
8588,1,1,1,1,1,0,0,20261002,20261212
8589,1,1,1,1,1,0,0,20261002,20261212
8591,1,1,1,1,1,0,0,20261002,20261212
8592,1,1,1,1,1,0,0,20261002,20261212
8593,1,1,1,1,1,0,0,20261002,20261212
8594,1,1,1,1,1,0,0,20261002,20261212
8595,0,0,0,0,0,1,1,20261002,20261212
8596,0,0,0,0,0,1,1,20261002,20261212
8597,0,0,0,0,0,1,1,20261002,20261212
8598,0,0,0,0,0,1,1,20261002,20261212
8599,0,0,0,0,0,1,1,20261002,20261212
8600,0,0,0,0,0,1,1,20261002,20261212
8601,0,0,0,0,0,1,1,20261002,20261212
8602,0,0,0,0,0,1,1,20261002,20261212
8603,0,0,0,0,0,1,1,20261002,20261212
8604,0,0,0,0,0,1,1,20261002,20261212
8605,0,0,0,0,0,1,1,20261002,20261212
8606,0,0,0,0,0,1,1,20261002,20261212
8607,0,0,0,0,0,1,1,20261002,20261212
8608,0,0,0,0,0,1,1,20261002,20261212
8609,0,0,0,0,0,1,1,20261002,20261212
8610,0,0,0,0,0,1,1,20261002,20261212
8611,0,0,0,0,0,1,1,20261002,20261212
8612,0,0,0,0,0,1,1,20261002,20261212
8613,1,1,1,1,1,0,0,20261002,20261212
8614,1,1,1,1,1,0,0,20261002,20261212
8615,1,1,1,1,1,0,0,20261002,20261212
8616,1,1,1,1,1,0,0,20261002,20261212
8617,1,1,1,1,1,0,0,20261002,20261212
8618,1,1,1,1,1,0,0,20261002,20261212
8619,1,1,1,1,1,0,0,20261002,20261212
8620,1,1,1,1,1,0,0,20261002,20261212
8621,1,1,1,1,1,0,0,20261002,20261212
8622,1,1,1,1,1,0,0,20261002,20261212
8623,1,1,1,1,1,0,0,20261002,20261212
8624,1,1,1,1,1,0,0,20261002,20261212
8625,1,1,1,1,1,0,0,20261002,20261212
8626,1,1,1,1,1,0,0,20261002,20261212
8627,1,1,1,1,1,0,0,20261002,20261212
8628,1,1,1,1,1,0,0,20261002,20261212
8629,1,1,1,1,1,0,0,20261002,20261212
8630,1,1,1,1,1,0,0,20261002,20261212
8631,1,1,1,1,1,0,0,20261002,20261212
8632,1,1,1,1,1,0,0,20261002,20261212
8633,1,1,1,1,1,0,0,20261002,20261212
8634,1,1,1,1,1,0,0,20261002,20261212
8636,1,1,1,1,1,0,0,20261002,20261212
8637,1,1,1,1,1,0,0,20261002,20261212
8638,1,1,1,1,1,0,0,20261002,20261212
8639,1,1,1,1,1,0,0,20261002,20261212
8640,1,1,1,1,1,0,0,20261002,20261212
8641,1,1,1,1,1,0,0,20261002,20261212
8642,1,1,1,1,1,0,0,20261002,20261212
8643,1,1,1,1,1,0,0,20261002,20261212
8644,1,1,1,1,1,0,0,20261002,20261212
8645,1,1,1,1,1,0,0,20261002,20261212
8646,1,1,1,1,1,0,0,20261002,20261212
8647,1,1,1,1,1,0,0,20261002,20261212
8648,1,1,1,1,1,0,0,20261002,20261212
8649,1,1,1,1,1,0,0,20261002,20261212
8650,1,1,1,1,1,0,0,20261002,20261212
8651,1,1,1,1,1,0,0,20261002,20261212
8652,1,1,1,1,1,0,0,20261002,20261212
8653,1,1,1,1,1,0,0,20261002,20261212
8654,1,1,1,1,1,0,0,20261002,20261212
8655,1,1,1,1,1,0,0,20261002,20261212
8656,1,1,1,1,1,0,0,20261002,20261212
8657,1,1,1,1,1,0,0,20261002,20261212
8658,1,1,1,1,1,0,0,20261002,20261212
8659,1,1,1,1,1,0,0,20261002,20261212
8660,1,1,1,1,1,0,0,20261002,20261212
8661,1,1,1,1,1,0,0,20261002,20261212
8662,1,1,1,1,1,0,0,20261002,20261212
8663,1,1,1,1,1,0,0,20261002,20261212
8664,1,1,1,1,1,0,0,20261002,20261212
8665,1,1,1,1,1,0,0,20261002,20261212
8666,1,1,1,1,1,0,0,20261002,20261212
8667,1,1,1,1,1,0,0,20261002,20261212
8668,1,1,1,1,1,0,0,20261002,20261212
8669,1,1,1,1,1,0,0,20261002,20261212
8670,1,1,1,1,1,0,0,20261002,20261212
8671,1,1,1,1,1,0,0,20261002,20261212
8672,1,1,1,1,1,0,0,20261002,20261212
8673,1,1,1,1,1,0,0,20261002,20261212
8674,1,1,1,1,1,0,0,20261002,20261212
8675,1,1,1,1,1,0,0,20261002,20261212
8676,1,1,1,1,1,0,0,20261002,20261212
8677,1,1,1,1,1,0,0,20261002,20261212
8678,1,1,1,1,1,0,0,20261002,20261212
8679,1,1,1,1,1,0,0,20261002,20261212
8680,1,1,1,1,1,0,0,20261002,20261212
8681,1,1,1,1,1,0,0,20261002,20261212
8682,1,1,1,1,1,0,0,20261002,20261212
8683,1,1,1,1,1,0,0,20261002,20261212
8684,1,1,1,1,1,0,0,20261002,20261212
8685,1,1,1,1,1,0,0,20261002,20261212
8686,1,1,1,1,1,0,0,20261002,20261212
8687,1,1,1,1,1,0,0,20261002,20261212
8688,1,1,1,1,1,0,0,20261002,20261212
8689,1,1,1,1,1,0,0,20261002,20261212
8690,1,1,1,1,1,0,0,20261002,20261212
8691,1,1,1,1,1,0,0,20261002,20261212
8692,1,1,1,1,1,0,0,20261002,20261212
8693,1,1,1,1,1,0,0,20261002,20261212
8694,1,1,1,1,1,0,0,20261002,20261212
8695,1,1,1,1,1,0,0,20261002,20261212
8696,1,1,1,1,1,0,0,20261002,20261212
8697,1,1,1,1,1,0,0,20261002,20261212
8698,1,1,1,1,1,0,0,20261002,20261212
8699,1,1,1,1,1,0,0,20261002,20261212
8700,1,1,1,1,1,0,0,20261002,20261212
8701,1,1,1,1,1,0,0,20261002,20261212
8702,1,1,1,1,1,0,0,20261002,20261212
8703,1,1,1,1,1,0,0,20261002,20261212
8704,1,1,1,1,1,0,0,20261002,20261212
8705,1,1,1,1,1,0,0,20261002,20261212
8706,1,1,1,1,1,0,0,20261002,20261212
8707,1,1,1,1,1,0,0,20261002,20261212
8708,1,1,1,1,1,0,0,20261002,20261212
8709,1,1,1,1,1,0,0,20261002,20261212
8710,1,1,1,1,1,0,0,20261002,20261212
8711,1,1,1,1,1,0,0,20261002,20261212
8712,1,1,1,1,1,0,0,20261002,20261212
8713,1,1,1,1,1,0,0,20261002,20261212
8714,1,1,1,1,1,0,0,20261002,20261212
8715,1,1,1,1,1,0,0,20261002,20261212
8716,1,1,1,1,1,0,0,20261002,20261212
8718,0,0,0,0,0,0,1,20261002,20261212
8719,0,0,0,0,0,0,1,20261002,20261212
8720,0,0,0,0,0,1,1,20261002,20261212
8721,0,0,0,0,0,0,1,20261002,20261212
8722,0,0,0,0,0,1,1,20261002,20261212
8723,0,0,0,0,0,1,1,20261002,20261212
8724,0,0,0,0,0,1,1,20261002,20261212
8725,0,0,0,0,0,1,1,20261002,20261212
8726,0,0,0,0,0,0,1,20261002,20261212
8727,0,0,0,0,0,1,1,20261002,20261212
8728,0,0,0,0,0,1,1,20261002,20261212
8729,0,0,0,0,0,0,1,20261002,20261212
8730,0,0,0,0,0,1,0,20261002,20261212
8731,0,0,0,0,0,0,1,20261002,20261212
8732,0,0,0,0,0,0,0,20261002,20261212
8733,0,0,0,0,0,0,0,20261002,20261212
8734,0,0,0,0,0,0,0,20261002,20261212
8735,1,1,1,1,1,0,0,20261002,20261212
8736,1,1,1,1,1,0,0,20261002,20261212
8737,1,1,1,1,1,0,0,20261002,20261212
8738,1,1,1,1,1,0,0,20261002,20261212
8739,1,1,1,1,1,0,0,20261002,20261212
8740,1,1,1,1,1,0,0,20261002,20261212
8741,1,1,1,1,1,0,0,20261002,20261212
8742,1,1,1,1,1,0,0,20261002,20261212
8743,1,1,1,1,1,0,0,20261002,20261212
8744,1,1,1,1,1,0,0,20261002,20261212
8745,0,0,0,0,0,1,1,20261002,20261212
8746,0,0,0,0,0,1,1,20261002,20261212
8747,0,0,0,0,0,1,1,20261002,20261212
8748,0,0,0,0,0,1,1,20261002,20261212
8749,0,0,0,0,0,1,1,20261002,20261212
8750,0,0,0,0,0,1,1,20261002,20261212
8751,0,0,0,0,0,1,1,20261002,20261212
8752,0,0,0,0,0,1,1,20261002,20261212
8753,1,1,1,1,1,0,0,20261002,20261212
8754,1,1,1,1,1,0,0,20261002,20261212
8755,1,1,1,1,1,0,0,20261002,20261212
8756,1,1,1,1,1,0,0,20261002,20261212
8757,1,1,1,1,1,0,0,20261002,20261212
8758,1,1,1,1,1,0,0,20261002,20261212
8759,1,1,1,1,1,0,0,20261002,20261212
8760,1,1,1,1,1,0,0,20261002,20261212
8761,1,1,1,1,1,0,0,20261002,20261212
8762,1,1,1,1,1,0,0,20261002,20261212
8763,1,1,1,1,1,0,0,20261002,20261212
8764,1,1,1,1,1,0,0,20261002,20261212
8765,1,1,1,1,1,0,0,20261002,20261212
8766,1,1,1,1,1,0,0,20261002,20261212
8767,1,1,1,1,1,0,0,20261002,20261212
8768,1,1,1,1,1,0,0,20261002,20261212
8769,1,1,1,1,1,0,0,20261002,20261212
8770,1,1,1,1,1,0,0,20261002,20261212
8771,1,1,1,1,1,0,0,20261002,20261212
8772,1,1,1,1,1,0,0,20261002,20261212
8773,1,1,1,1,1,0,0,20261002,20261212
8774,1,1,1,1,1,0,0,20261002,20261212
8775,1,1,1,1,1,0,0,20261002,20261212
8776,1,1,1,1,1,0,0,20261002,20261212
8777,0,0,0,0,0,1,1,20261002,20261212
8778,0,0,0,0,0,1,1,20261002,20261212
8779,0,0,0,0,0,1,1,20261002,20261212
8780,0,0,0,0,0,1,1,20261002,20261212
8781,0,0,0,0,0,1,1,20261002,20261212
8782,0,0,0,0,0,1,1,20261002,20261212
8783,0,0,0,0,0,1,1,20261002,20261212
8784,0,0,0,0,0,1,1,20261002,20261212
8785,0,0,0,0,0,1,1,20261002,20261212
8786,0,0,0,0,0,1,1,20261002,20261212
8787,0,0,0,0,0,1,1,20261002,20261212
8788,0,0,0,0,0,1,1,20261002,20261212
8789,0,0,0,0,0,1,1,20261002,20261212
8790,0,0,0,0,0,1,1,20261002,20261212
8791,0,0,0,0,0,1,1,20261002,20261212
8792,0,0,0,0,0,1,1,20261002,20261212
8793,0,0,0,0,0,1,1,20261002,20261212
8794,0,0,0,0,0,1,1,20261002,20261212
8894,1,1,1,1,1,0,0,20261002,20261212
8895,1,1,1,1,1,0,0,20261002,20261212
8896,1,1,1,1,1,0,0,20261002,20261212
8897,1,1,1,1,1,0,0,20261002,20261212
8898,1,1,1,1,1,0,0,20261002,20261212
8899,1,1,1,1,1,0,0,20261002,20261212
8900,1,1,1,1,1,0,0,20261002,20261212
8901,1,1,1,1,1,0,0,20261002,20261212
8902,1,1,1,1,1,0,0,20261002,20261212
8903,1,1,1,1,1,0,0,20261002,20261212
8904,1,1,1,1,1,0,0,20261002,20261212
8905,1,1,1,1,1,0,0,20261002,20261212
8906,1,1,1,1,1,0,0,20261002,20261212
8907,1,1,1,1,1,0,0,20261002,20261212
8908,1,1,1,1,1,0,0,20261002,20261212
8909,1,1,1,1,1,0,0,20261002,20261212
8910,1,1,1,1,1,0,0,20261002,20261212
8911,1,1,1,1,1,0,0,20261002,20261212
8912,1,1,1,1,1,0,0,20261002,20261212
8913,1,1,1,1,1,0,0,20261002,20261212
8914,1,1,1,1,1,0,0,20261002,20261212
8915,1,1,1,1,1,0,0,20261002,20261212
8916,1,1,1,1,1,0,0,20261002,20261212
8917,1,1,1,1,1,0,0,20261002,20261212
8918,1,1,1,1,1,0,0,20261002,20261212
8919,1,1,1,1,1,0,0,20261002,20261212
8920,1,1,1,1,1,0,0,20261002,20261212
8921,1,1,1,1,1,0,0,20261002,20261212
8922,1,1,1,1,1,0,0,20261002,20261212
8923,1,1,1,1,1,0,0,20261002,20261212
8924,1,1,1,1,1,0,0,20261002,20261212
8925,1,1,1,1,1,0,0,20261002,20261212
8926,1,1,1,1,1,0,0,20261002,20261212
8927,1,1,1,1,1,0,0,20261002,20261212
8928,1,1,1,1,1,0,0,20261002,20261212
8929,1,1,1,1,1,0,0,20261002,20261212
8930,1,1,1,1,1,0,0,20261002,20261212
8931,1,1,1,1,1,0,0,20261002,20261212
8932,1,1,1,1,1,0,0,20261002,20261212
8933,1,1,1,1,1,0,0,20261002,20261212
8934,1,1,1,1,1,0,0,20261002,20261212
8935,1,1,1,1,1,0,0,20261002,20261212
8936,1,1,1,1,1,0,0,20261002,20261212
8937,1,1,1,1,1,0,0,20261002,20261212
8938,1,1,1,1,1,0,0,20261002,20261212
8939,1,1,1,1,1,0,0,20261002,20261212
8940,0,0,0,0,0,1,1,20261002,20261212
8941,0,0,0,0,0,1,1,20261002,20261212
8942,0,0,0,0,0,1,1,20261002,20261212
8943,0,0,0,0,0,1,1,20261002,20261212
8944,0,0,0,0,0,1,1,20261002,20261212
8945,0,0,0,0,0,1,1,20261002,20261212
8946,0,0,0,0,0,1,1,20261002,20261212
8947,0,0,0,0,0,1,1,20261002,20261212
8948,0,0,0,0,0,1,1,20261002,20261212
8949,0,0,0,0,0,1,1,20261002,20261212
8950,0,0,0,0,0,1,1,20261002,20261212
8951,0,0,0,0,0,1,1,20261002,20261212
8952,0,0,0,0,0,1,1,20261002,20261212
8953,0,0,0,0,0,1,1,20261002,20261212
8954,0,0,0,0,0,1,1,20261002,20261212
8955,0,0,0,0,0,1,1,20261002,20261212
8956,0,0,0,0,0,1,1,20261002,20261212
8957,0,0,0,0,0,1,1,20261002,20261212
8958,0,0,0,0,0,1,1,20261002,20261212
8959,0,0,0,0,0,1,1,20261002,20261212
8960,0,0,0,0,0,1,1,20261002,20261212
8961,0,0,0,0,0,1,1,20261002,20261212
8962,1,1,1,1,1,0,0,20261002,20261212
8963,0,0,0,0,0,1,0,20261002,20261212
8964,0,0,0,0,0,1,1,20261002,20261212
8965,1,1,1,1,1,0,0,20261002,20261212
8966,1,1,1,1,1,0,0,20261002,20261212
8967,1,1,1,1,1,0,0,20261002,20261212
8968,1,1,1,1,1,0,0,20261002,20261212
8969,1,1,1,1,1,0,0,20261002,20261212
8970,1,1,1,1,1,0,0,20261002,20261212
8971,1,1,1,1,1,0,0,20261002,20261212
8972,1,1,1,1,1,0,0,20261002,20261212
8975,0,0,0,0,0,1,0,20261002,20261212
8976,0,0,0,0,0,1,0,20261002,20261212
8977,0,0,0,0,0,1,1,20261002,20261212
8978,0,0,0,0,0,1,1,20261002,20261212
8979,1,1,1,1,1,0,0,20261002,20261212
8980,1,1,1,1,1,0,0,20261002,20261212
8981,1,1,1,1,1,0,0,20261002,20261212
8982,1,1,1,1,1,0,0,20261002,20261212
8983,1,1,1,1,1,0,0,20261002,20261212
8984,1,1,1,1,1,0,0,20261002,20261212
8985,1,1,1,1,1,0,0,20261002,20261212
8986,1,1,1,1,1,0,0,20261002,20261212
8987,1,1,1,1,1,0,0,20261002,20261212
8988,1,1,1,1,1,0,0,20261002,20261212
8989,1,1,1,1,1,0,0,20261002,20261212
8990,1,1,1,1,1,0,0,20261002,20261212
8991,1,1,1,1,1,0,0,20261002,20261212
8992,1,1,1,1,1,0,0,20261002,20261212
8993,1,1,1,1,1,0,0,20261002,20261212
8994,1,1,1,1,1,0,0,20261002,20261212
8995,1,1,1,1,1,0,0,20261002,20261212
8996,1,1,1,1,1,0,0,20261002,20261212
8997,1,1,1,1,1,0,0,20261002,20261212
8998,1,1,1,1,1,0,0,20261002,20261212
8999,1,1,1,1,1,0,0,20261002,20261212
9000,1,1,1,1,1,0,0,20261002,20261212
9001,1,1,1,1,1,0,0,20261002,20261212
9002,1,1,1,1,1,0,0,20261002,20261212
9003,1,1,1,1,1,0,0,20261002,20261212
9004,1,1,1,1,1,0,0,20261002,20261212
9009,0,0,0,0,0,1,0,20261002,20261212
9010,0,0,0,0,0,1,0,20261002,20261212
9011,0,0,0,0,0,1,1,20261002,20261212
9012,0,0,0,0,0,1,1,20261002,20261212
9013,0,0,0,0,0,1,1,20261002,20261212
9014,0,0,0,0,0,1,0,20261002,20261212
9015,0,0,0,0,0,1,1,20261002,20261212
9016,0,0,0,0,0,1,1,20261002,20261212
9017,0,0,0,0,0,1,1,20261002,20261212
9018,0,0,0,0,0,1,1,20261002,20261212
9019,0,0,0,0,0,1,1,20261002,20261212
9020,0,0,0,0,0,1,1,20261002,20261212
9021,0,0,0,0,0,0,1,20261002,20261212
9022,0,0,0,0,0,0,1,20261002,20261212
9023,0,0,0,0,0,0,1,20261002,20261212
9024,0,0,0,0,0,0,1,20261002,20261212
9025,1,1,1,1,1,0,0,20261002,20261212
9026,1,1,1,1,1,0,0,20261002,20261212
9027,1,1,1,1,1,0,0,20261002,20261212
9028,1,1,1,1,1,0,0,20261002,20261212
9029,1,1,1,1,1,0,0,20261002,20261212
9030,1,1,1,1,1,0,0,20261002,20261212
9031,1,1,1,1,1,0,0,20261002,20261212
9032,1,1,1,1,1,0,0,20261002,20261212
9033,1,1,1,1,1,0,0,20261002,20261212
9034,1,1,1,1,1,0,0,20261002,20261212
9035,1,1,1,1,1,0,0,20261002,20261212
9036,1,1,1,1,1,0,0,20261002,20261212
9037,1,1,1,1,1,0,0,20261002,20261212
9038,1,1,1,1,1,0,0,20261002,20261212
9039,1,1,1,1,1,0,0,20261002,20261212
9040,1,1,1,1,1,0,0,20261002,20261212
9041,1,1,1,1,1,0,0,20261002,20261212
9042,1,1,1,1,1,0,0,20261002,20261212
9044,0,0,0,0,0,1,0,20261002,20261212
9045,0,0,0,0,0,0,1,20261002,20261212
9046,0,0,0,0,0,0,1,20261002,20261212
9047,0,0,0,0,0,0,1,20261002,20261212
9048,0,0,0,0,0,0,1,20261002,20261212
9049,0,0,0,0,0,1,0,20261002,20261212
9050,0,0,0,0,0,0,1,20261002,20261212
9051,0,0,0,0,0,1,1,20261002,20261212
9052,0,0,0,0,0,0,1,20261002,20261212
9053,1,1,1,1,1,0,0,20261002,20261212
9054,1,1,1,1,1,0,0,20261002,20261212
9055,1,1,1,1,1,0,0,20261002,20261212
9056,1,1,1,1,1,0,0,20261002,20261212
9057,1,1,1,1,1,0,0,20261002,20261212
9058,1,1,1,1,1,0,0,20261002,20261212
9059,1,1,1,1,1,0,0,20261002,20261212
9060,1,1,1,1,1,0,0,20261002,20261212
9061,1,1,1,1,1,0,0,20261002,20261212
9062,1,1,1,1,1,0,0,20261002,20261212
9063,1,1,1,1,1,0,0,20261002,20261212
9064,1,1,1,1,1,0,0,20261002,20261212
9065,1,1,1,1,1,0,0,20261002,20261212
9066,1,1,1,1,1,0,0,20261002,20261212
9067,1,1,1,1,1,0,0,20261002,20261212
9068,1,1,1,1,1,0,0,20261002,20261212
9069,1,1,1,1,1,0,0,20261002,20261212
9070,1,1,1,1,1,0,0,20261002,20261212
9071,1,1,1,1,1,0,0,20261002,20261212
9072,1,1,1,1,1,0,0,20261002,20261212
9073,1,1,1,1,1,0,0,20261002,20261212
9074,1,1,1,1,1,0,0,20261002,20261212
9075,1,1,1,1,1,0,0,20261002,20261212
9076,1,1,1,1,1,0,0,20261002,20261212
9077,1,1,1,1,1,0,0,20261002,20261212
9078,1,1,1,1,1,0,0,20261002,20261212
9079,1,1,1,1,1,0,0,20261002,20261212
9080,1,1,1,1,1,0,0,20261002,20261212
9081,1,1,1,1,1,0,0,20261002,20261212
9082,1,1,1,1,1,0,0,20261002,20261212
9083,1,1,1,1,1,0,0,20261002,20261212
9084,1,1,1,1,1,0,0,20261002,20261212
9085,1,1,1,1,1,0,0,20261002,20261212
9086,0,0,0,0,0,1,1,20261002,20261212
9087,0,0,0,0,0,1,1,20261002,20261212
9088,0,0,0,0,0,1,1,20261002,20261212
9089,0,0,0,0,0,1,1,20261002,20261212
9090,1,1,1,1,1,0,0,20261002,20261212
9091,1,1,1,1,1,0,0,20261002,20261212
9092,1,1,1,1,1,0,0,20261002,20261212
9093,1,1,1,1,1,0,0,20261002,20261212
9094,1,1,1,1,1,0,0,20261002,20261212
9095,1,1,1,1,1,0,0,20261002,20261212
9096,1,1,1,1,1,0,0,20261002,20261212
9097,1,1,1,1,1,0,0,20261002,20261212
9098,1,1,1,1,1,0,0,20261002,20261212
9099,1,1,1,1,1,0,0,20261002,20261212
9100,1,1,1,1,1,0,0,20261002,20261212
9101,1,1,1,1,1,0,0,20261002,20261212
9102,1,1,1,1,1,0,0,20261002,20261212
9103,1,1,1,1,1,0,0,20261002,20261212
9104,1,1,1,1,1,0,0,20261002,20261212
9105,1,1,1,1,1,0,0,20261002,20261212
9106,1,1,1,1,1,0,0,20261002,20261212
9107,1,1,1,1,1,0,0,20261002,20261212
9108,1,1,1,1,1,0,0,20261002,20261212
9109,1,1,1,1,1,0,0,20261002,20261212
9110,1,1,1,1,1,0,0,20261002,20261212
9111,1,1,1,1,1,0,0,20261002,20261212
9112,1,1,1,1,1,0,0,20261002,20261212
9113,1,1,1,1,1,0,0,20261002,20261212
9114,1,1,1,1,1,0,0,20261002,20261212
9115,1,1,1,1,1,0,0,20261002,20261212
9116,1,1,1,1,1,0,0,20261002,20261212
9121,0,0,0,0,0,0,1,20261002,20261212
9122,0,0,0,0,0,0,1,20261002,20261212
9123,0,0,0,0,0,1,0,20261002,20261212
9124,0,0,0,0,0,0,1,20261002,20261212
9125,0,0,0,0,0,0,0,20261002,20261212
9126,0,0,0,0,0,0,0,20261002,20261212
9127,1,1,1,1,1,0,0,20261002,20261212
9128,1,1,1,1,1,0,0,20261002,20261212
9129,1,1,1,1,1,0,0,20261002,20261212
9130,1,1,1,1,1,0,0,20261002,20261212
9131,1,1,1,1,1,0,0,20261002,20261212
9132,1,1,1,1,1,0,0,20261002,20261212
9133,1,1,1,1,1,0,0,20261002,20261212
9134,1,1,1,1,1,0,0,20261002,20261212
9135,1,1,1,1,1,0,0,20261002,20261212
9136,1,1,1,1,1,0,0,20261002,20261212
9137,1,1,1,1,1,0,0,20261002,20261212
9138,1,1,1,1,1,0,0,20261002,20261212
9139,1,1,1,1,1,0,0,20261002,20261212
9140,1,1,1,1,1,0,0,20261002,20261212
9141,1,1,1,1,1,0,0,20261002,20261212
9142,1,1,1,1,1,0,0,20261002,20261212
9143,1,1,1,1,1,0,0,20261002,20261212
9144,1,1,1,1,1,0,0,20261002,20261212
9145,1,1,1,1,1,0,0,20261002,20261212
9146,1,1,1,1,1,0,0,20261002,20261212
9147,1,1,1,1,1,0,0,20261002,20261212
9148,1,1,1,1,1,0,0,20261002,20261212
9149,1,1,1,1,1,0,0,20261002,20261212
9150,1,1,1,1,1,0,0,20261002,20261212
9151,1,1,1,1,1,0,0,20261002,20261212
9152,1,1,1,1,1,0,0,20261002,20261212
9153,1,1,1,1,1,0,0,20261002,20261212
9154,1,1,1,1,1,0,0,20261002,20261212
9155,0,0,0,0,0,1,1,20261002,20261212
9156,0,0,0,0,0,1,1,20261002,20261212
9157,0,0,0,0,0,1,1,20261002,20261212
9158,0,0,0,0,0,1,1,20261002,20261212
9159,0,0,0,0,0,1,1,20261002,20261212
9160,0,0,0,0,0,1,1,20261002,20261212
9161,0,0,0,0,0,1,1,20261002,20261212
9162,0,0,0,0,0,1,1,20261002,20261212
9163,0,0,0,0,0,1,1,20261002,20261212
9164,0,0,0,0,0,1,1,20261002,20261212
9165,0,0,0,0,0,1,1,20261002,20261212
9166,0,0,0,0,0,1,1,20261002,20261212
9167,0,0,0,0,0,1,0,20261002,20261212
9168,0,0,0,0,0,1,1,20261002,20261212
9169,1,1,1,1,1,0,0,20261002,20261212
9170,1,1,1,1,1,0,0,20261002,20261212
9171,1,1,1,1,1,0,0,20261002,20261212
9172,1,1,1,1,1,0,0,20261002,20261212
9173,1,1,1,1,1,0,0,20261002,20261212
9174,1,1,1,1,1,0,0,20261002,20261212
9175,1,1,1,1,1,0,0,20261002,20261212
9176,1,1,1,1,1,0,0,20261002,20261212
9177,1,1,1,1,1,0,0,20261002,20261212
9178,1,1,1,1,1,0,0,20261002,20261212
9179,1,1,1,1,1,0,0,20261002,20261212
9180,1,1,1,1,1,0,0,20261002,20261212
9181,1,1,1,1,1,0,0,20261002,20261212
9182,1,1,1,1,1,0,0,20261002,20261212
9183,1,1,1,1,1,0,0,20261002,20261212
9184,1,1,1,1,1,0,0,20261002,20261212
9185,1,1,1,1,1,0,0,20261002,20261212
9186,1,1,1,1,1,0,0,20261002,20261212
9187,1,1,1,1,1,0,0,20261002,20261212
9188,1,1,1,1,1,0,0,20261002,20261212
9189,1,1,1,1,1,0,0,20261002,20261212
9190,1,1,1,1,1,0,0,20261002,20261212
9191,1,1,1,1,1,0,0,20261002,20261212
9192,1,1,1,1,1,0,0,20261002,20261212
9193,1,1,1,1,1,0,0,20261002,20261212
9194,1,1,1,1,1,0,0,20261002,20261212
9195,1,1,1,1,1,0,0,20261002,20261212
9196,1,1,1,1,1,0,0,20261002,20261212
9197,1,1,1,1,1,0,0,20261002,20261212
9198,1,1,1,1,1,0,0,20261002,20261212
9199,1,1,1,1,1,0,0,20261002,20261212
9200,1,1,1,1,1,0,0,20261002,20261212
9201,1,1,1,1,1,0,0,20261002,20261212
9202,1,1,1,1,1,0,0,20261002,20261212
9203,1,1,1,1,1,0,0,20261002,20261212
9204,1,1,1,1,1,0,0,20261002,20261212
9205,1,1,1,1,1,0,0,20261002,20261212
9206,1,1,1,1,1,0,0,20261002,20261212
9207,1,1,1,1,1,0,0,20261002,20261212
9208,1,1,1,1,1,0,0,20261002,20261212
9209,1,1,1,1,1,0,0,20261002,20261212
9210,1,1,1,1,1,0,0,20261002,20261212
9211,1,1,1,1,1,0,0,20261002,20261212
9212,1,1,1,1,1,0,0,20261002,20261212
9213,1,1,1,1,1,0,0,20261002,20261212
9214,0,0,0,0,0,1,1,20261002,20261212
9215,0,0,0,0,0,1,1,20261002,20261212
9216,0,0,0,0,0,1,1,20261002,20261212
9217,0,0,0,0,0,1,1,20261002,20261212
9218,0,0,0,0,0,1,1,20261002,20261212
9219,0,0,0,0,0,1,1,20261002,20261212
9220,0,0,0,0,0,1,1,20261002,20261212
9221,0,0,0,0,0,1,1,20261002,20261212
9222,0,0,0,0,0,1,1,20261002,20261212
9223,0,0,0,0,0,1,1,20261002,20261212
9224,0,0,0,0,0,1,1,20261002,20261212
9225,0,0,0,0,0,1,1,20261002,20261212
9226,0,0,0,0,0,1,1,20261002,20261212
9227,0,0,0,0,0,1,1,20261002,20261212
9228,0,0,0,0,0,1,1,20261002,20261212
9229,0,0,0,0,0,1,1,20261002,20261212
9230,0,0,0,0,0,1,1,20261002,20261212
9231,0,0,0,0,0,1,1,20261002,20261212
9232,0,0,0,0,0,1,1,20261002,20261212
9233,0,0,0,0,0,1,1,20261002,20261212
9234,0,0,0,0,0,1,1,20261002,20261212
9235,0,0,0,0,0,1,1,20261002,20261212
9236,0,0,0,0,0,1,1,20261002,20261212
9237,0,0,0,0,0,1,1,20261002,20261212
9238,0,0,0,0,0,1,1,20261002,20261212
9239,0,0,0,0,0,1,1,20261002,20261212
9362,1,1,1,1,1,0,0,20261002,20261212
9363,1,1,1,1,1,0,0,20261002,20261212
9364,1,1,1,1,1,0,0,20261002,20261212
9366,1,1,1,1,1,0,0,20261002,20261212
9367,1,1,1,1,1,0,0,20261002,20261212
9368,1,1,1,1,1,0,0,20261002,20261212
9369,1,1,1,1,1,0,0,20261002,20261212
9370,1,1,1,1,1,0,0,20261002,20261212
9371,1,1,1,1,1,0,0,20261002,20261212
9372,1,1,1,1,1,0,0,20261002,20261212
9373,1,1,1,1,1,0,0,20261002,20261212
9374,1,1,1,1,1,0,0,20261002,20261212
9375,1,1,1,1,1,0,0,20261002,20261212
9376,1,1,1,1,1,0,0,20261002,20261212
9377,1,1,1,1,1,0,0,20261002,20261212
9378,1,1,1,1,1,0,0,20261002,20261212
9379,1,1,1,1,1,0,0,20261002,20261212
9380,1,1,1,1,1,0,0,20261002,20261212
9381,1,1,1,1,1,0,0,20261002,20261212
9382,1,1,1,1,1,0,0,20261002,20261212
9383,1,1,1,1,1,0,0,20261002,20261212
9384,1,1,1,1,1,0,0,20261002,20261212
9385,1,1,1,1,1,0,0,20261002,20261212
9386,1,1,1,1,1,0,0,20261002,20261212
9387,1,1,1,1,1,0,0,20261002,20261212
9389,0,0,0,0,0,1,1,20261002,20261212
9390,0,0,0,0,0,1,0,20261002,20261212
9391,0,0,0,0,0,1,1,20261002,20261212
9392,0,0,0,0,0,1,0,20261002,20261212
9393,0,0,0,0,0,1,0,20261002,20261212
9394,0,0,0,0,0,1,1,20261002,20261212
9395,0,0,0,0,0,1,1,20261002,20261212
9396,0,0,0,0,0,1,1,20261002,20261212
9397,0,0,0,0,0,1,1,20261002,20261212
9398,0,0,0,0,0,1,1,20261002,20261212
9399,0,0,0,0,0,1,1,20261002,20261212
9400,0,0,0,0,0,1,1,20261002,20261212
9401,0,0,0,0,0,1,1,20261002,20261212
9402,0,0,0,0,0,1,1,20261002,20261212
9403,0,0,0,0,0,1,1,20261002,20261212
9404,0,0,0,0,0,1,1,20261002,20261212
9405,0,0,0,0,0,1,1,20261002,20261212
9406,0,0,0,0,0,1,1,20261002,20261212
9407,0,0,0,0,0,1,1,20261002,20261212
9408,0,0,0,0,0,1,1,20261002,20261212
9409,0,0,0,0,0,1,1,20261002,20261212
9410,1,1,1,1,1,0,0,20261002,20261212
9411,1,1,1,1,1,0,0,20261002,20261212
9412,1,1,1,1,1,0,0,20261002,20261212
9413,1,1,1,1,1,0,0,20261002,20261212
9414,1,1,1,1,1,0,0,20261002,20261212
9415,1,1,1,1,1,0,0,20261002,20261212
9416,1,1,1,1,1,0,0,20261002,20261212
9417,1,1,1,1,1,0,0,20261002,20261212
9418,1,1,1,1,1,0,0,20261002,20261212
9419,1,1,1,1,1,0,0,20261002,20261212
9420,1,1,1,1,1,0,0,20261002,20261212
9421,1,1,1,1,1,0,0,20261002,20261212
9422,1,1,1,1,1,0,0,20261002,20261212
9423,1,1,1,1,1,0,0,20261002,20261212
9424,1,1,1,1,1,0,0,20261002,20261212
9425,1,1,1,1,1,0,0,20261002,20261212
9426,1,1,1,1,1,0,0,20261002,20261212
9427,1,1,1,1,1,0,0,20261002,20261212
9428,1,1,1,1,1,0,0,20261002,20261212
9429,1,1,1,1,1,0,0,20261002,20261212
9430,1,1,1,1,1,0,0,20261002,20261212
9431,1,1,1,1,1,0,0,20261002,20261212
9432,1,1,1,1,1,0,0,20261002,20261212
9433,1,1,1,1,1,0,0,20261002,20261212
9434,1,1,1,1,1,0,0,20261002,20261212
9435,1,1,1,1,1,0,0,20261002,20261212
9436,1,1,1,1,1,0,0,20261002,20261212
9437,1,1,1,1,1,0,0,20261002,20261212
9438,1,1,1,1,1,0,0,20261002,20261212
9439,1,1,1,1,1,0,0,20261002,20261212
9440,1,1,1,1,1,0,0,20261002,20261212
9441,1,1,1,1,1,0,0,20261002,20261212
9442,1,1,1,1,1,0,0,20261002,20261212
9443,1,1,1,1,1,0,0,20261002,20261212
9444,1,1,1,1,1,0,0,20261002,20261212
9445,1,1,1,1,1,0,0,20261002,20261212
9446,1,1,1,1,1,0,0,20261002,20261212
9447,1,1,1,1,1,0,0,20261002,20261212
9448,1,1,1,1,1,0,0,20261002,20261212
9449,0,0,0,0,0,1,1,20261002,20261212
9450,0,0,0,0,0,1,1,20261002,20261212
9451,0,0,0,0,0,1,1,20261002,20261212
9452,0,0,0,0,0,1,1,20261002,20261212
9453,0,0,0,0,0,1,1,20261002,20261212
9454,0,0,0,0,0,1,1,20261002,20261212
9455,0,0,0,0,0,1,1,20261002,20261212
9456,0,0,0,0,0,1,1,20261002,20261212
9457,0,0,0,0,0,1,1,20261002,20261212
9458,0,0,0,0,0,1,0,20261002,20261212
9459,0,0,0,0,0,1,1,20261002,20261212
9460,1,1,1,1,1,0,0,20261002,20261212
9461,1,1,1,1,1,0,0,20261002,20261212
9462,1,1,1,1,1,0,0,20261002,20261212
9463,1,1,1,1,1,0,0,20261002,20261212
9464,1,1,1,1,1,0,0,20261002,20261212
9465,1,1,1,1,1,0,0,20261002,20261212
9466,1,1,1,1,1,0,0,20261002,20261212
9467,1,1,1,1,1,0,0,20261002,20261212
9468,1,1,1,1,1,0,0,20261002,20261212
9469,1,1,1,1,1,0,0,20261002,20261212
9470,1,1,1,1,1,0,0,20261002,20261212
9471,1,1,1,1,1,0,0,20261002,20261212
9472,0,0,0,0,0,0,1,20261002,20261212
9473,0,0,0,0,0,0,1,20261002,20261212
9474,0,0,0,0,0,0,1,20261002,20261212
9475,0,0,0,0,0,0,1,20261002,20261212
9476,1,1,1,1,1,0,0,20261002,20261212
9477,1,1,1,1,1,0,0,20261002,20261212
9478,1,1,1,1,1,0,0,20261002,20261212
9479,1,1,1,1,1,0,0,20261002,20261212
9480,1,1,1,1,1,0,0,20261002,20261212
9481,1,1,1,1,1,0,0,20261002,20261212
9482,1,1,1,1,1,0,0,20261002,20261212
9483,1,1,1,1,1,0,0,20261002,20261212
9484,1,1,1,1,1,0,0,20261002,20261212
9485,1,1,1,1,1,0,0,20261002,20261212
9486,1,1,1,1,1,0,0,20261002,20261212
9487,1,1,1,1,1,0,0,20261002,20261212
9488,1,1,1,1,1,0,0,20261002,20261212
9489,1,1,1,1,1,0,0,20261002,20261212
9490,0,0,0,0,0,1,1,20261002,20261212
9491,0,0,0,0,0,1,1,20261002,20261212
9492,0,0,0,0,0,1,1,20261002,20261212
9493,0,0,0,0,0,1,1,20261002,20261212
9494,0,0,0,0,0,1,1,20261002,20261212
9495,0,0,0,0,0,1,1,20261002,20261212
9496,0,0,0,0,0,1,1,20261002,20261212
9497,0,0,0,0,0,1,1,20261002,20261212
9498,0,0,0,0,0,1,1,20261002,20261212
9499,0,0,0,0,0,1,1,20261002,20261212
9500,0,0,0,0,0,1,1,20261002,20261212
9501,0,0,0,0,0,1,1,20261002,20261212
9502,0,0,0,0,0,1,1,20261002,20261212
9503,0,0,0,0,0,1,1,20261002,20261212
9504,1,1,1,1,1,0,0,20261002,20261212
9505,1,1,1,1,1,0,0,20261002,20261212
9506,1,1,1,1,1,0,0,20261002,20261212
9507,1,1,1,1,1,0,0,20261002,20261212
9508,1,1,1,1,1,0,0,20261002,20261212
9509,1,1,1,1,1,0,0,20261002,20261212
9510,1,1,1,1,1,0,0,20261002,20261212
9511,1,1,1,1,1,0,0,20261002,20261212
9512,1,1,1,1,1,0,0,20261002,20261212
9513,1,1,1,1,1,0,0,20261002,20261212
9514,1,1,1,1,1,0,0,20261002,20261212
9515,1,1,1,1,1,0,0,20261002,20261212
9516,1,1,1,1,1,0,0,20261002,20261212
9517,1,1,1,1,1,0,0,20261002,20261212
9518,1,1,1,1,1,0,0,20261002,20261212
9519,1,1,1,1,1,0,0,20261002,20261212
9520,1,1,1,1,1,0,0,20261002,20261212
9521,1,1,1,1,1,0,0,20261002,20261212
9522,1,1,1,1,1,0,0,20261002,20261212
9523,1,1,1,1,1,0,0,20261002,20261212
9524,1,1,1,1,1,0,0,20261002,20261212
9525,1,1,1,1,1,0,0,20261002,20261212
9526,1,1,1,1,1,0,0,20261002,20261212
9527,1,1,1,1,1,0,0,20261002,20261212
9528,1,1,1,1,1,0,0,20261002,20261212
9529,1,1,1,1,1,0,0,20261002,20261212
9530,1,1,1,1,1,0,0,20261002,20261212
9531,1,1,1,1,1,0,0,20261002,20261212
9532,1,1,1,1,1,0,0,20261002,20261212
9533,1,1,1,1,1,0,0,20261002,20261212
9534,1,1,1,1,1,0,0,20261002,20261212
9539,0,0,0,0,0,0,1,20261002,20261212
9540,0,0,0,0,0,0,1,20261002,20261212
9541,1,1,1,1,1,0,0,20261002,20261212
9542,1,1,1,1,1,0,0,20261002,20261212
9543,1,1,1,1,1,0,0,20261002,20261212
9544,1,1,1,1,1,0,0,20261002,20261212
9545,1,1,1,1,1,0,0,20261002,20261212
9546,1,1,1,1,1,0,0,20261002,20261212
9547,1,1,1,1,1,0,0,20261002,20261212
9548,1,1,1,1,1,0,0,20261002,20261212
9549,1,1,1,1,1,0,0,20261002,20261212
9550,1,1,1,1,1,0,0,20261002,20261212
9551,1,1,1,1,1,0,0,20261002,20261212
9554,0,0,0,0,0,1,1,20261002,20261212
9555,0,0,0,0,0,1,0,20261002,20261212
9556,0,0,0,0,0,1,1,20261002,20261212
9557,0,0,0,0,0,1,1,20261002,20261212
9558,0,0,0,0,0,1,1,20261002,20261212
9559,0,0,0,0,0,1,1,20261002,20261212
9560,0,0,0,0,0,1,1,20261002,20261212
9561,1,1,1,1,1,0,0,20261002,20261212
9562,1,1,1,1,1,0,0,20261002,20261212
9563,1,1,1,1,1,0,0,20261002,20261212
9564,1,1,1,1,1,0,0,20261002,20261212
9565,1,1,1,1,1,0,0,20261002,20261212
9566,1,1,1,1,1,0,0,20261002,20261212
9567,1,1,1,1,1,0,0,20261002,20261212
9568,1,1,1,1,1,0,0,20261002,20261212
9569,1,1,1,1,1,0,0,20261002,20261212
9570,1,1,1,1,1,0,0,20261002,20261212
9571,1,1,1,1,1,0,0,20261002,20261212
9572,1,1,1,1,1,0,0,20261002,20261212
9573,1,1,1,1,1,0,0,20261002,20261212
9574,1,1,1,1,1,0,0,20261002,20261212
9575,1,1,1,1,1,0,0,20261002,20261212
9576,1,1,1,1,1,0,0,20261002,20261212
9577,1,1,1,1,1,0,0,20261002,20261212
9578,1,1,1,1,1,0,0,20261002,20261212
9579,1,1,1,1,1,0,0,20261002,20261212
9580,1,1,1,1,1,0,0,20261002,20261212
9581,1,1,1,1,1,0,0,20261002,20261212
9582,1,1,1,1,1,0,0,20261002,20261212
9583,1,1,1,1,1,0,0,20261002,20261212
9584,1,1,1,1,1,0,0,20261002,20261212
9585,1,1,1,1,1,0,0,20261002,20261212
9586,1,1,1,1,1,0,0,20261002,20261212
9587,1,1,1,1,1,0,0,20261002,20261212
9588,1,1,1,1,1,0,0,20261002,20261212
9589,1,1,1,1,1,0,0,20261002,20261212
9590,1,1,1,1,1,0,0,20261002,20261212
9591,1,1,1,1,1,0,0,20261002,20261212
9592,1,1,1,1,1,0,0,20261002,20261212
9593,1,1,1,1,1,0,0,20261002,20261212
9594,1,1,1,1,1,0,0,20261002,20261212
9595,1,1,1,1,1,0,0,20261002,20261212
9596,1,1,1,1,1,0,0,20261002,20261212
9597,1,1,1,1,1,0,0,20261002,20261212
9598,0,0,0,0,0,1,1,20261002,20261212
9599,0,0,0,0,0,1,1,20261002,20261212
9600,0,0,0,0,0,1,1,20261002,20261212
9601,0,0,0,0,0,1,1,20261002,20261212
9602,0,0,0,0,0,1,1,20261002,20261212
9603,0,0,0,0,0,1,1,20261002,20261212
9604,0,0,0,0,0,1,1,20261002,20261212
9605,0,0,0,0,0,1,1,20261002,20261212
9606,1,1,1,1,1,0,0,20261002,20261212
9607,1,1,1,1,1,0,0,20261002,20261212
9608,1,1,1,1,1,0,0,20261002,20261212
9609,1,1,1,1,1,0,0,20261002,20261212
9610,1,1,1,1,1,0,0,20261002,20261212
9611,1,1,1,1,1,0,0,20261002,20261212
9612,1,1,1,1,1,0,0,20261002,20261212
9613,1,1,1,1,1,0,0,20261002,20261212
9614,1,1,1,1,1,0,0,20261002,20261212
9615,1,1,1,1,1,0,0,20261002,20261212
9616,1,1,1,1,1,0,0,20261002,20261212
9617,1,1,1,1,1,0,0,20261002,20261212
9618,1,1,1,1,1,0,0,20261002,20261212
9619,1,1,1,1,1,0,0,20261002,20261212
9620,1,1,1,1,1,0,0,20261002,20261212
9621,1,1,1,1,1,0,0,20261002,20261212
9622,1,1,1,1,1,0,0,20261002,20261212
9623,1,1,1,1,1,0,0,20261002,20261212
9624,1,1,1,1,1,0,0,20261002,20261212
9625,1,1,1,1,1,0,0,20261002,20261212
9626,1,1,1,1,1,0,0,20261002,20261212
9627,1,1,1,1,1,0,0,20261002,20261212
9628,1,1,1,1,1,0,0,20261002,20261212
9629,1,1,1,1,1,0,0,20261002,20261212
9630,1,1,1,1,1,0,0,20261002,20261212
9631,1,1,1,1,1,0,0,20261002,20261212
9632,1,1,1,1,1,0,0,20261002,20261212
9633,1,1,1,1,1,0,0,20261002,20261212
9634,1,1,1,1,1,0,0,20261002,20261212
9635,1,1,1,1,1,0,0,20261002,20261212
9636,1,1,1,1,1,0,0,20261002,20261212
9637,1,1,1,1,1,0,0,20261002,20261212
9638,1,1,1,1,1,0,0,20261002,20261212
9639,1,1,1,1,1,0,0,20261002,20261212
9640,1,1,1,1,1,0,0,20261002,20261212
9641,1,1,1,1,1,0,0,20261002,20261212
9642,1,1,1,1,1,0,0,20261002,20261212
9643,1,1,1,1,1,0,0,20261002,20261212
9644,1,1,1,1,1,0,0,20261002,20261212
9645,1,1,1,1,1,0,0,20261002,20261212
9646,1,1,1,1,1,0,0,20261002,20261212
9647,1,1,1,1,1,0,0,20261002,20261212
9648,0,0,0,0,0,1,1,20261002,20261212
9649,0,0,0,0,0,1,1,20261002,20261212
9650,0,0,0,0,0,1,1,20261002,20261212
9651,0,0,0,0,0,1,1,20261002,20261212
9652,0,0,0,0,0,1,1,20261002,20261212
9653,0,0,0,0,0,1,1,20261002,20261212
9654,0,0,0,0,0,1,1,20261002,20261212
9655,0,0,0,0,0,1,1,20261002,20261212
9656,0,0,0,0,0,1,1,20261002,20261212
9657,0,0,0,0,0,1,1,20261002,20261212
9770,1,1,1,1,1,0,0,20261002,20261212
9771,1,1,1,1,1,0,0,20261002,20261212
9772,1,1,1,1,1,0,0,20261002,20261212
9773,1,1,1,1,1,0,0,20261002,20261212
9774,1,1,1,1,1,0,0,20261002,20261212
9775,1,1,1,1,1,0,0,20261002,20261212
9776,1,1,1,1,1,0,0,20261002,20261212
9777,1,1,1,1,1,0,0,20261002,20261212
9778,1,1,1,1,1,0,0,20261002,20261212
9779,1,1,1,1,1,0,0,20261002,20261212
9780,1,1,1,1,1,0,0,20261002,20261212
9781,1,1,1,1,1,0,0,20261002,20261212
9782,1,1,1,1,1,0,0,20261002,20261212
9783,1,1,1,1,1,0,0,20261002,20261212
9784,1,1,1,1,1,0,0,20261002,20261212
9785,1,1,1,1,1,0,0,20261002,20261212
9786,1,1,1,1,1,0,0,20261002,20261212
9787,1,1,1,1,1,0,0,20261002,20261212
9788,1,1,1,1,1,0,0,20261002,20261212
9789,1,1,1,1,1,0,0,20261002,20261212
9790,1,1,1,1,1,0,0,20261002,20261212
9791,1,1,1,1,1,0,0,20261002,20261212
9792,1,1,1,1,1,0,0,20261002,20261212
9793,1,1,1,1,1,0,0,20261002,20261212
9794,1,1,1,1,1,0,0,20261002,20261212
9795,1,1,1,1,1,0,0,20261002,20261212
9796,1,1,1,1,1,0,0,20261002,20261212
9797,1,1,1,1,1,0,0,20261002,20261212
9798,1,1,1,1,1,0,0,20261002,20261212
9799,1,1,1,1,1,0,0,20261002,20261212
9800,1,1,1,1,1,0,0,20261002,20261212
9801,1,1,1,1,1,0,0,20261002,20261212
9802,1,1,1,1,1,0,0,20261002,20261212
9803,1,1,1,1,1,0,0,20261002,20261212
9804,1,1,1,1,1,0,0,20261002,20261212
9805,1,1,1,1,1,0,0,20261002,20261212
9806,1,1,1,1,1,0,0,20261002,20261212
9807,1,1,1,1,1,0,0,20261002,20261212
9812,0,0,0,0,0,1,0,20261002,20261212
9813,0,0,0,0,0,0,1,20261002,20261212
9814,0,0,0,0,0,1,0,20261002,20261212
9815,0,0,0,0,0,1,0,20261002,20261212
9816,0,0,0,0,0,0,1,20261002,20261212
9817,0,0,0,0,0,1,0,20261002,20261212
9818,0,0,0,0,0,1,1,20261002,20261212
9819,0,0,0,0,0,0,1,20261002,20261212
9820,0,0,0,0,0,1,1,20261002,20261212
9821,0,0,0,0,0,1,1,20261002,20261212
9822,0,0,0,0,0,1,1,20261002,20261212
9823,0,0,0,0,0,1,1,20261002,20261212
9824,0,0,0,0,0,0,1,20261002,20261212
9825,0,0,0,0,0,1,0,20261002,20261212
9826,0,0,0,0,0,0,1,20261002,20261212
9827,0,0,0,0,0,0,0,20261002,20261212
9828,0,0,0,0,0,0,0,20261002,20261212
9829,0,0,0,0,0,1,1,20261002,20261212
9830,1,1,1,1,1,0,0,20261002,20261212
9831,1,1,1,1,1,0,0,20261002,20261212
9832,1,1,1,1,1,0,0,20261002,20261212
9833,1,1,1,1,1,0,0,20261002,20261212
9836,1,1,1,1,1,0,0,20261002,20261212
9837,1,1,1,1,1,0,0,20261002,20261212
9838,1,1,1,1,1,0,0,20261002,20261212
9839,1,1,1,1,1,0,0,20261002,20261212
9840,1,1,1,1,1,0,0,20261002,20261212
9841,1,1,1,1,1,0,0,20261002,20261212
9842,1,1,1,1,1,0,0,20261002,20261212
9843,1,1,1,1,1,0,0,20261002,20261212
9844,1,1,1,1,1,0,0,20261002,20261212
9845,1,1,1,1,1,0,0,20261002,20261212
9846,1,1,1,1,1,0,0,20261002,20261212
9847,0,0,0,0,0,1,1,20261002,20261212
9848,0,0,0,0,0,1,1,20261002,20261212
9849,0,0,0,0,0,1,1,20261002,20261212
9850,0,0,0,0,0,1,1,20261002,20261212
9851,0,0,0,0,0,1,1,20261002,20261212
9852,0,0,0,0,0,1,1,20261002,20261212
9853,0,0,0,0,0,1,1,20261002,20261212
9854,0,0,0,0,0,1,1,20261002,20261212
9855,0,0,0,0,0,1,1,20261002,20261212
9856,0,0,0,0,0,1,1,20261002,20261212
9857,0,0,0,0,0,1,1,20261002,20261212
9858,0,0,0,0,0,1,1,20261002,20261212
9859,0,0,0,0,0,1,1,20261002,20261212
9860,0,0,0,0,0,1,1,20261002,20261212
10029,1,1,1,1,1,0,0,20261002,20261212
10030,1,1,1,1,1,0,0,20261002,20261212
10031,1,1,1,1,1,0,0,20261002,20261212
10032,1,1,1,1,1,0,0,20261002,20261212
10033,1,1,1,1,1,0,0,20261002,20261212
10034,1,1,1,1,1,0,0,20261002,20261212
10035,1,1,1,1,1,0,0,20261002,20261212
10036,1,1,1,1,1,0,0,20261002,20261212
10037,1,1,1,1,1,0,0,20261002,20261212
10038,1,1,1,1,1,0,0,20261002,20261212
10039,1,1,1,1,1,0,0,20261002,20261212
10040,1,1,1,1,1,0,0,20261002,20261212
10041,0,0,0,0,0,1,1,20261002,20261212
10042,0,0,0,0,0,0,0,20261002,20261212
10043,0,0,0,0,0,0,0,20261002,20261212
10056,0,0,0,0,0,1,1,20261002,20261212
10057,0,0,0,0,0,1,1,20261002,20261212
10058,0,0,0,0,0,1,1,20261002,20261212
10059,0,0,0,0,0,1,1,20261002,20261212
10068,1,1,1,1,1,0,0,20261002,20261212
10069,1,1,1,1,1,0,0,20261002,20261212
10070,1,1,1,1,1,0,0,20261002,20261212
10071,1,1,1,1,1,0,0,20261002,20261212
10072,1,1,1,1,1,0,0,20261002,20261212
10073,1,1,1,1,1,0,0,20261002,20261212
10074,1,1,1,1,1,0,0,20261002,20261212
10075,1,1,1,1,1,0,0,20261002,20261212
10076,1,1,1,1,1,0,0,20261002,20261212
10077,1,1,1,1,1,0,0,20261002,20261212
10078,1,1,1,1,1,0,0,20261002,20261212
10079,1,1,1,1,1,0,0,20261002,20261212
10080,1,1,1,1,1,0,0,20261002,20261212
10081,1,1,1,1,1,0,0,20261002,20261212
10082,1,1,1,1,1,0,0,20261002,20261212
10083,1,1,1,1,1,0,0,20261002,20261212
10084,1,1,1,1,1,0,0,20261002,20261212
10085,1,1,1,1,1,0,0,20261002,20261212
10086,1,1,1,1,1,0,0,20261002,20261212
10087,1,1,1,1,1,0,0,20261002,20261212
10088,1,1,1,1,1,0,0,20261002,20261212
10089,1,1,1,1,1,0,0,20261002,20261212
10090,1,1,1,1,1,0,0,20261002,20261212
10091,1,1,1,1,1,0,0,20261002,20261212
10092,1,1,1,1,1,0,0,20261002,20261212
10093,1,1,1,1,1,0,0,20261002,20261212
10094,1,1,1,1,1,0,0,20261002,20261212
10095,1,1,1,1,1,0,0,20261002,20261212
10096,1,1,1,1,1,0,0,20261002,20261212
10097,1,1,1,1,1,0,0,20261002,20261212
10098,1,1,1,1,1,0,0,20261002,20261212
10099,1,1,1,1,1,0,0,20261002,20261212
10100,1,1,1,1,1,0,0,20261002,20261212
10101,1,1,1,1,1,0,0,20261002,20261212
10102,1,1,1,1,1,0,0,20261002,20261212
10103,1,1,1,1,1,0,0,20261002,20261212
10104,1,1,1,1,1,0,0,20261002,20261212
10105,1,1,1,1,1,0,0,20261002,20261212
10106,1,1,1,1,1,0,0,20261002,20261212
10107,1,1,1,1,1,0,0,20261002,20261212
10108,1,1,1,1,1,0,0,20261002,20261212
10109,1,1,1,1,1,0,0,20261002,20261212
10110,1,1,1,1,1,0,0,20261002,20261212
10111,1,1,1,1,1,0,0,20261002,20261212
10112,1,1,1,1,1,0,0,20261002,20261212
10113,1,1,1,1,1,0,0,20261002,20261212
10114,1,1,1,1,1,0,0,20261002,20261212
10115,1,1,1,1,1,0,0,20261002,20261212
10116,1,1,1,1,1,0,0,20261002,20261212
10117,1,1,1,1,1,0,0,20261002,20261212
10120,0,0,0,0,0,1,0,20261002,20261212
10121,0,0,0,0,0,1,0,20261002,20261212
10122,0,0,0,0,0,1,0,20261002,20261212
10123,0,0,0,0,0,1,0,20261002,20261212
10124,0,0,0,0,0,1,0,20261002,20261212
10125,0,0,0,0,0,1,0,20261002,20261212
10126,0,0,0,0,0,1,0,20261002,20261212
10127,0,0,0,0,0,0,1,20261002,20261212
10128,0,0,0,0,0,1,0,20261002,20261212
10129,0,0,0,0,0,0,1,20261002,20261212
10130,1,1,1,1,1,0,0,20261002,20261212
10131,1,1,1,1,1,0,0,20261002,20261212
10132,1,1,1,1,1,0,0,20261002,20261212
10133,1,1,1,1,1,0,0,20261002,20261212
10134,1,1,1,1,1,0,0,20261002,20261212
10135,1,1,1,1,1,0,0,20261002,20261212
10136,1,1,1,1,1,0,0,20261002,20261212
10137,1,1,1,1,1,0,0,20261002,20261212
10138,1,1,1,1,1,0,0,20261002,20261212
10139,1,1,1,1,1,0,0,20261002,20261212
10140,1,1,1,1,1,0,0,20261002,20261212
10141,1,1,1,1,1,0,0,20261002,20261212
10142,1,1,1,1,1,0,0,20261002,20261212
10143,1,1,1,1,1,0,0,20261002,20261212
10144,1,1,1,1,1,0,0,20261002,20261212
10145,1,1,1,1,1,0,0,20261002,20261212
10146,1,1,1,1,1,0,0,20261002,20261212
10147,1,1,1,1,1,0,0,20261002,20261212
10148,1,1,1,1,1,0,0,20261002,20261212
10149,1,1,1,1,1,0,0,20261002,20261212
10150,1,1,1,1,1,0,0,20261002,20261212
10151,1,1,1,1,1,0,0,20261002,20261212
10152,1,1,1,1,1,0,0,20261002,20261212
10153,1,1,1,1,1,0,0,20261002,20261212
10154,1,1,1,1,1,0,0,20261002,20261212
10155,1,1,1,1,1,0,0,20261002,20261212
10156,1,1,1,1,1,0,0,20261002,20261212
10157,1,1,1,1,1,0,0,20261002,20261212
10158,1,1,1,1,1,0,0,20261002,20261212
10159,1,1,1,1,1,0,0,20261002,20261212
10160,1,1,1,1,1,0,0,20261002,20261212
10161,1,1,1,1,1,0,0,20261002,20261212
10162,1,1,1,1,1,0,0,20261002,20261212
10163,1,1,1,1,1,0,0,20261002,20261212
10164,1,1,1,1,1,0,0,20261002,20261212
10165,1,1,1,1,1,0,0,20261002,20261212
10166,1,1,1,1,1,0,0,20261002,20261212
10167,1,1,1,1,1,0,0,20261002,20261212
10168,0,0,0,0,0,1,1,20261002,20261212
10169,0,0,0,0,0,1,1,20261002,20261212
10170,0,0,0,0,0,1,1,20261002,20261212
10171,0,0,0,0,0,1,1,20261002,20261212
10172,0,0,0,0,0,1,1,20261002,20261212
10173,0,0,0,0,0,1,1,20261002,20261212
10174,0,0,0,0,0,1,1,20261002,20261212
10175,0,0,0,0,0,1,1,20261002,20261212
10176,0,0,0,0,0,1,1,20261002,20261212
10177,0,0,0,0,0,1,1,20261002,20261212
10178,1,1,1,1,1,0,0,20261002,20261212
10179,1,1,1,1,1,0,0,20261002,20261212
10180,1,1,1,1,1,0,0,20261002,20261212
10181,1,1,1,1,1,0,0,20261002,20261212
10182,1,1,1,1,1,0,0,20261002,20261212
10183,1,1,1,1,1,0,0,20261002,20261212
10184,1,1,1,1,1,0,0,20261002,20261212
10185,1,1,1,1,1,0,0,20261002,20261212
10186,1,1,1,1,1,0,0,20261002,20261212
10187,1,1,1,1,1,0,0,20261002,20261212
10190,1,1,1,1,1,0,0,20261002,20261212
10191,1,1,1,1,1,0,0,20261002,20261212
10192,1,1,1,1,1,0,0,20261002,20261212
10193,1,1,1,1,1,0,0,20261002,20261212
10194,1,1,1,1,1,0,0,20261002,20261212
10195,1,1,1,1,1,0,0,20261002,20261212
10196,1,1,1,1,1,0,0,20261002,20261212
10197,1,1,1,1,1,0,0,20261002,20261212
10198,1,1,1,1,1,0,0,20261002,20261212
10199,1,1,1,1,1,0,0,20261002,20261212
10200,1,1,1,1,1,0,0,20261002,20261212
10201,1,1,1,1,1,0,0,20261002,20261212
10202,1,1,1,1,1,0,0,20261002,20261212
10203,1,1,1,1,1,0,0,20261002,20261212
10204,1,1,1,1,1,0,0,20261002,20261212
10205,1,1,1,1,1,0,0,20261002,20261212
10206,1,1,1,1,1,0,0,20261002,20261212
10207,1,1,1,1,1,0,0,20261002,20261212
10208,1,1,1,1,1,0,0,20261002,20261212
10209,1,1,1,1,1,0,0,20261002,20261212
10210,1,1,1,1,1,0,0,20261002,20261212
10211,1,1,1,1,1,0,0,20261002,20261212
10212,1,1,1,1,1,0,0,20261002,20261212
10213,1,1,1,1,1,0,0,20261002,20261212
10214,1,1,1,1,1,0,0,20261002,20261212
10215,1,1,1,1,1,0,0,20261002,20261212
10216,0,0,0,0,0,1,1,20261002,20261212
10217,0,0,0,0,0,1,1,20261002,20261212
10218,0,0,0,0,0,1,1,20261002,20261212
10219,0,0,0,0,0,1,1,20261002,20261212
10220,1,1,1,1,1,0,0,20261002,20261212
10221,0,0,0,0,0,1,0,20261002,20261212
10222,1,1,1,1,1,0,0,20261002,20261212
10223,1,1,1,1,1,0,0,20261002,20261212
10251,1,1,1,1,1,0,0,20261002,20261212
10252,1,1,1,1,1,0,0,20261002,20261212
10253,1,1,1,1,1,0,0,20261002,20261212
10254,1,1,1,1,1,0,0,20261002,20261212
10255,1,1,1,1,1,0,0,20261002,20261212
10256,1,1,1,1,1,0,0,20261002,20261212
10257,1,1,1,1,1,0,0,20261002,20261212
10258,1,1,1,1,1,0,0,20261002,20261212
10259,1,1,1,1,1,0,0,20261002,20261212
10260,1,1,1,1,1,0,0,20261002,20261212
10261,1,1,1,1,1,0,0,20261002,20261212
10262,1,1,1,1,1,0,0,20261002,20261212
10263,1,1,1,1,1,0,0,20261002,20261212
10264,1,1,1,1,1,0,0,20261002,20261212
10265,1,1,1,1,1,0,0,20261002,20261212
10266,1,1,1,1,1,0,0,20261002,20261212
10267,1,1,1,1,1,0,0,20261002,20261212
10268,1,1,1,1,1,0,0,20261002,20261212
10269,1,1,1,1,1,0,0,20261002,20261212
10270,1,1,1,1,1,0,0,20261002,20261212
10271,1,1,1,1,1,0,0,20261002,20261212
10272,1,1,1,1,1,0,0,20261002,20261212
10273,1,1,1,1,1,0,0,20261002,20261212
10274,1,1,1,1,1,0,0,20261002,20261212
10275,1,1,1,1,1,0,0,20261002,20261212
10276,1,1,1,1,1,0,0,20261002,20261212
10277,1,1,1,1,1,0,0,20261002,20261212
10278,1,1,1,1,1,0,0,20261002,20261212
10279,1,1,1,1,1,0,0,20261002,20261212
10280,1,1,1,1,1,0,0,20261002,20261212
10281,1,1,1,1,1,0,0,20261002,20261212
10282,1,1,1,1,1,0,0,20261002,20261212
10283,1,1,1,1,1,0,0,20261002,20261212
10284,1,1,1,1,1,0,0,20261002,20261212
10285,1,1,1,1,1,0,0,20261002,20261212
10286,1,1,1,1,1,0,0,20261002,20261212
10287,1,1,1,1,1,0,0,20261002,20261212
10288,1,1,1,1,1,0,0,20261002,20261212
10289,1,1,1,1,1,0,0,20261002,20261212
10290,1,1,1,1,1,0,0,20261002,20261212
10291,1,1,1,1,1,0,0,20261002,20261212
10292,1,1,1,1,1,0,0,20261002,20261212
10293,1,1,1,1,1,0,0,20261002,20261212
10294,1,1,1,1,1,0,0,20261002,20261212
10295,1,1,1,1,1,0,0,20261002,20261212
10296,1,1,1,1,1,0,0,20261002,20261212
10297,1,1,1,1,1,0,0,20261002,20261212
10298,1,1,1,1,1,0,0,20261002,20261212
10299,1,1,1,1,1,0,0,20261002,20261212
10300,1,1,1,1,1,0,0,20261002,20261212
10301,1,1,1,1,1,0,0,20261002,20261212
10302,1,1,1,1,1,0,0,20261002,20261212
10303,1,1,1,1,1,0,0,20261002,20261212
10304,1,1,1,1,1,0,0,20261002,20261212
10305,1,1,1,1,1,0,0,20261002,20261212
10306,1,1,1,1,1,0,0,20261002,20261212
10307,0,0,0,0,0,1,1,20261002,20261212
10308,0,0,0,0,0,1,1,20261002,20261212
10309,0,0,0,0,0,1,1,20261002,20261212
10310,0,0,0,0,0,1,1,20261002,20261212
10311,0,0,0,0,0,1,1,20261002,20261212
10312,0,0,0,0,0,1,1,20261002,20261212
10313,0,0,0,0,0,1,1,20261002,20261212
10314,0,0,0,0,0,1,1,20261002,20261212
10315,0,0,0,0,0,1,1,20261002,20261212
10316,0,0,0,0,0,1,1,20261002,20261212
10317,0,0,0,0,0,1,1,20261002,20261212
10318,0,0,0,0,0,1,1,20261002,20261212
10319,0,0,0,0,0,1,1,20261002,20261212
10320,0,0,0,0,0,1,1,20261002,20261212
10321,0,0,0,0,0,1,1,20261002,20261212
10322,0,0,0,0,0,1,1,20261002,20261212
10323,0,0,0,0,0,1,1,20261002,20261212
10324,0,0,0,0,0,1,1,20261002,20261212
10325,0,0,0,0,0,1,1,20261002,20261212
10326,0,0,0,0,0,1,1,20261002,20261212
10327,0,0,0,0,0,1,1,20261002,20261212
10328,0,0,0,0,0,1,1,20261002,20261212
10329,0,0,0,0,0,1,1,20261002,20261212
10330,0,0,0,0,0,1,1,20261002,20261212
10331,0,0,0,0,0,1,1,20261002,20261212
10332,0,0,0,0,0,1,1,20261002,20261212
10333,0,0,0,0,0,1,1,20261002,20261212
10334,1,1,1,1,1,0,0,20261002,20261212
10335,1,1,1,1,1,0,0,20261002,20261212
10336,1,1,1,1,1,0,0,20261002,20261212
10337,1,1,1,1,1,0,0,20261002,20261212
10338,1,1,1,1,1,0,0,20261002,20261212
10339,1,1,1,1,1,0,0,20261002,20261212
10340,1,1,1,1,1,0,0,20261002,20261212
10341,1,1,1,1,1,0,0,20261002,20261212
10342,1,1,1,1,1,0,0,20261002,20261212
10343,1,1,1,1,1,0,0,20261002,20261212
10348,1,1,1,1,1,0,0,20261002,20261212
10349,1,1,1,1,1,0,0,20261002,20261212
10350,1,1,1,1,1,0,0,20261002,20261212
10351,1,1,1,1,1,0,0,20261002,20261212
10352,1,1,1,1,1,0,0,20261002,20261212
10353,1,1,1,1,1,0,0,20261002,20261212
10354,1,1,1,1,1,0,0,20261002,20261212
10355,1,1,1,1,1,0,0,20261002,20261212
10356,1,1,1,1,1,0,0,20261002,20261212
10357,1,1,1,1,1,0,0,20261002,20261212
10358,1,1,1,1,1,0,0,20261002,20261212
10359,1,1,1,1,1,0,0,20261002,20261212
10360,1,1,1,1,1,0,0,20261002,20261212
10361,1,1,1,1,1,0,0,20261002,20261212
10362,1,1,1,1,1,0,0,20261002,20261212
10363,1,1,1,1,1,0,0,20261002,20261212
10364,1,1,1,1,1,0,0,20261002,20261212
10365,1,1,1,1,1,0,0,20261002,20261212
10366,1,1,1,1,1,0,0,20261002,20261212
10367,1,1,1,1,1,0,0,20261002,20261212
10368,1,1,1,1,1,0,0,20261002,20261212
10369,1,1,1,1,1,0,0,20261002,20261212
10370,1,1,1,1,1,0,0,20261002,20261212
10371,1,1,1,1,1,0,0,20261002,20261212
10372,1,1,1,1,1,0,0,20261002,20261212
10373,1,1,1,1,1,0,0,20261002,20261212
10374,1,1,1,1,1,0,0,20261002,20261212
10375,1,1,1,1,1,0,0,20261002,20261212
10376,1,1,1,1,1,0,0,20261002,20261212
10377,1,1,1,1,1,0,0,20261002,20261212
10378,1,1,1,1,1,0,0,20261002,20261212
10379,1,1,1,1,1,0,0,20261002,20261212
10380,1,1,1,1,1,0,0,20261002,20261212
10381,1,1,1,1,1,0,0,20261002,20261212
10382,0,0,0,0,0,1,1,20261002,20261212
10383,0,0,0,0,0,1,1,20261002,20261212
10384,0,0,0,0,0,1,1,20261002,20261212
10385,0,0,0,0,0,1,1,20261002,20261212
10386,0,0,0,0,0,1,1,20261002,20261212
10387,0,0,0,0,0,1,1,20261002,20261212
10388,0,0,0,0,0,1,1,20261002,20261212
10389,0,0,0,0,0,1,1,20261002,20261212
10390,0,0,0,0,0,1,1,20261002,20261212
10391,0,0,0,0,0,1,1,20261002,20261212
10392,0,0,0,0,0,1,1,20261002,20261212
10393,0,0,0,0,0,1,1,20261002,20261212
10394,0,0,0,0,0,1,1,20261002,20261212
10395,0,0,0,0,0,1,1,20261002,20261212
10396,0,0,0,0,0,1,1,20261002,20261212
10397,0,0,0,0,0,1,1,20261002,20261212
10398,1,1,1,1,1,0,0,20261002,20261212
10399,1,1,1,1,1,0,0,20261002,20261212
10400,1,1,1,1,1,0,0,20261002,20261212
10401,1,1,1,1,1,0,0,20261002,20261212
10402,1,1,1,1,1,0,0,20261002,20261212
10403,1,1,1,1,1,0,0,20261002,20261212
10404,1,1,1,1,1,0,0,20261002,20261212
10405,1,1,1,1,1,0,0,20261002,20261212
10406,1,1,1,1,1,0,0,20261002,20261212
10407,1,1,1,1,1,0,0,20261002,20261212
10408,1,1,1,1,1,0,0,20261002,20261212
10409,1,1,1,1,1,0,0,20261002,20261212
10410,1,1,1,1,1,0,0,20261002,20261212
10411,1,1,1,1,1,0,0,20261002,20261212
10412,1,1,1,1,1,0,0,20261002,20261212
10413,1,1,1,1,1,0,0,20261002,20261212
10414,1,1,1,1,1,0,0,20261002,20261212
10415,1,1,1,1,1,0,0,20261002,20261212
10416,1,1,1,1,1,0,0,20261002,20261212
10417,1,1,1,1,1,0,0,20261002,20261212
10418,1,1,1,1,1,0,0,20261002,20261212
10419,1,1,1,1,1,0,0,20261002,20261212
10420,1,1,1,1,1,0,0,20261002,20261212
10421,1,1,1,1,1,0,0,20261002,20261212
10422,1,1,1,1,1,0,0,20261002,20261212
10423,1,1,1,1,1,0,0,20261002,20261212
10424,1,1,1,1,1,0,0,20261002,20261212
10425,1,1,1,1,1,0,0,20261002,20261212
10426,1,1,1,1,1,0,0,20261002,20261212
10427,1,1,1,1,1,0,0,20261002,20261212
10428,1,1,1,1,1,0,0,20261002,20261212
10429,1,1,1,1,1,0,0,20261002,20261212
10430,1,1,1,1,1,0,0,20261002,20261212
10431,1,1,1,1,1,0,0,20261002,20261212
10432,1,1,1,1,1,0,0,20261002,20261212
10433,1,1,1,1,1,0,0,20261002,20261212
10434,1,1,1,1,1,0,0,20261002,20261212
10435,1,1,1,1,1,0,0,20261002,20261212
10436,0,0,0,0,0,1,1,20261002,20261212
10437,0,0,0,0,0,1,1,20261002,20261212
10438,0,0,0,0,0,1,1,20261002,20261212
10439,0,0,0,0,0,1,1,20261002,20261212
10440,0,0,0,0,0,1,1,20261002,20261212
10441,0,0,0,0,0,1,1,20261002,20261212
10442,0,0,0,0,0,1,1,20261002,20261212
10443,0,0,0,0,0,1,1,20261002,20261212
10444,0,0,0,0,0,1,1,20261002,20261212
10445,0,0,0,0,0,1,1,20261002,20261212
10446,0,0,0,0,0,1,1,20261002,20261212
10447,0,0,0,0,0,1,1,20261002,20261212
10448,0,0,0,0,0,1,1,20261002,20261212
10449,0,0,0,0,0,1,1,20261002,20261212
10450,0,0,0,0,0,1,1,20261002,20261212
10451,0,0,0,0,0,1,1,20261002,20261212
10452,0,0,0,0,0,1,1,20261002,20261212
10453,1,1,1,1,1,0,0,20261002,20261212
10454,1,1,1,1,1,0,0,20261002,20261212
10455,1,1,1,1,1,0,0,20261002,20261212
10456,1,1,1,1,1,0,0,20261002,20261212
10457,1,1,1,1,1,0,0,20261002,20261212
10458,1,1,1,1,1,0,0,20261002,20261212
10459,1,1,1,1,1,0,0,20261002,20261212
10460,1,1,1,1,1,0,0,20261002,20261212
10461,1,1,1,1,1,0,0,20261002,20261212
10462,1,1,1,1,1,0,0,20261002,20261212
10463,1,1,1,1,1,0,0,20261002,20261212
10464,1,1,1,1,1,0,0,20261002,20261212
10465,1,1,1,1,1,0,0,20261002,20261212
10466,1,1,1,1,1,0,0,20261002,20261212
10467,1,1,1,1,1,0,0,20261002,20261212
10468,1,1,1,1,1,0,0,20261002,20261212
10469,1,1,1,1,1,0,0,20261002,20261212
10470,1,1,1,1,1,0,0,20261002,20261212
10471,1,1,1,1,1,0,0,20261002,20261212
10472,1,1,1,1,1,0,0,20261002,20261212
10473,1,1,1,1,1,0,0,20261002,20261212
10474,1,1,1,1,1,0,0,20261002,20261212
10475,0,0,0,0,0,1,1,20261002,20261212
10476,0,0,0,0,0,1,1,20261002,20261212
10477,0,0,0,0,0,1,1,20261002,20261212
10478,0,0,0,0,0,1,1,20261002,20261212
10479,0,0,0,0,0,1,1,20261002,20261212
10480,0,0,0,0,0,1,1,20261002,20261212
10481,0,0,0,0,0,1,1,20261002,20261212
10482,0,0,0,0,0,1,1,20261002,20261212
10659,1,1,1,1,1,0,0,20261002,20261212
10660,1,1,1,1,1,0,0,20261002,20261212
10661,1,1,1,1,1,0,0,20261002,20261212
10662,1,1,1,1,1,0,0,20261002,20261212
10663,1,1,1,1,1,0,0,20261002,20261212
10664,1,1,1,1,1,0,0,20261002,20261212
10665,1,1,1,1,1,0,0,20261002,20261212
10666,1,1,1,1,1,0,0,20261002,20261212
10668,1,1,1,1,1,0,0,20261002,20261212
10669,1,1,1,1,1,0,0,20261002,20261212
10670,1,1,1,1,1,0,0,20261002,20261212
10671,1,1,1,1,1,0,0,20261002,20261212
10672,1,1,1,1,1,0,0,20261002,20261212
10673,1,1,1,1,1,0,0,20261002,20261212
10674,1,1,1,1,1,0,0,20261002,20261212
10675,1,1,1,1,1,0,0,20261002,20261212
10676,1,1,1,1,1,0,0,20261002,20261212
10677,1,1,1,1,1,0,0,20261002,20261212
10678,1,1,1,1,1,0,0,20261002,20261212
10679,1,1,1,1,1,0,0,20261002,20261212
10681,1,1,1,1,1,0,0,20261002,20261212
10682,1,1,1,1,1,0,0,20261002,20261212
10683,1,1,1,1,1,0,0,20261002,20261212
10684,1,1,1,1,1,0,0,20261002,20261212
10685,1,1,1,1,1,0,0,20261002,20261212
10686,1,1,1,1,1,0,0,20261002,20261212
10687,1,1,1,1,1,0,0,20261002,20261212
10688,1,1,1,1,1,0,0,20261002,20261212
10689,1,1,1,1,1,0,0,20261002,20261212
10690,1,1,1,1,1,0,0,20261002,20261212
10691,1,1,1,1,1,0,0,20261002,20261212
10692,1,1,1,1,1,0,0,20261002,20261212
10693,0,0,0,0,0,1,1,20261002,20261212
10694,0,0,0,0,0,1,1,20261002,20261212
10695,0,0,0,0,0,1,1,20261002,20261212
10696,0,0,0,0,0,1,1,20261002,20261212
10697,0,0,0,0,0,1,1,20261002,20261212
10698,0,0,0,0,0,1,1,20261002,20261212
10699,0,0,0,0,0,1,1,20261002,20261212
10700,0,0,0,0,0,1,1,20261002,20261212
10701,0,0,0,0,0,1,1,20261002,20261212
10702,1,1,1,1,1,0,0,20261002,20261212
10703,1,1,1,1,1,0,0,20261002,20261212
10704,1,1,1,1,1,0,0,20261002,20261212
10705,1,1,1,1,1,0,0,20261002,20261212
10706,1,1,1,1,1,0,0,20261002,20261212
10707,1,1,1,1,1,0,0,20261002,20261212
10708,1,1,1,1,1,0,0,20261002,20261212
10709,1,1,1,1,1,0,0,20261002,20261212
10710,1,1,1,1,1,0,0,20261002,20261212
10711,1,1,1,1,1,0,0,20261002,20261212
10712,1,1,1,1,1,0,0,20261002,20261212
10713,1,1,1,1,1,0,0,20261002,20261212
10714,1,1,1,1,1,0,0,20261002,20261212
10715,1,1,1,1,1,0,0,20261002,20261212
10716,1,1,1,1,1,0,0,20261002,20261212
10717,1,1,1,1,1,0,0,20261002,20261212
10718,1,1,1,1,1,0,0,20261002,20261212
10719,1,1,1,1,1,0,0,20261002,20261212
10720,1,1,1,1,1,0,0,20261002,20261212
10721,1,1,1,1,1,0,0,20261002,20261212
10722,1,1,1,1,1,0,0,20261002,20261212
10723,1,1,1,1,1,0,0,20261002,20261212
10725,0,0,0,0,0,1,0,20261002,20261212
10726,0,0,0,0,0,1,0,20261002,20261212
10727,0,0,0,0,0,1,1,20261002,20261212
10728,0,0,0,0,0,1,1,20261002,20261212
10729,0,0,0,0,0,1,1,20261002,20261212
10730,0,0,0,0,0,1,1,20261002,20261212
10731,0,0,0,0,0,1,1,20261002,20261212
10732,0,0,0,0,0,1,0,20261002,20261212
10733,0,0,0,0,0,1,1,20261002,20261212
10734,0,0,0,0,0,1,1,20261002,20261212
10735,0,0,0,0,0,0,1,20261002,20261212
10736,0,0,0,0,0,1,0,20261002,20261212
10737,0,0,0,0,0,0,1,20261002,20261212
10738,0,0,0,0,0,0,1,20261002,20261212
10739,0,0,0,0,0,0,0,20261002,20261212
10740,0,0,0,0,0,0,0,20261002,20261212
10741,0,0,0,0,0,1,1,20261002,20261212
10742,0,0,0,0,0,1,1,20261002,20261212
10789,1,1,1,1,1,0,0,20261002,20261212
10790,1,1,1,1,1,0,0,20261002,20261212
10791,1,1,1,1,1,0,0,20261002,20261212
10792,1,1,1,1,1,0,0,20261002,20261212
10793,1,1,1,1,1,0,0,20261002,20261212
10794,1,1,1,1,1,0,0,20261002,20261212
10795,1,1,1,1,1,0,0,20261002,20261212
10796,1,1,1,1,1,0,0,20261002,20261212
10797,1,1,1,1,1,0,0,20261002,20261212
10798,1,1,1,1,1,0,0,20261002,20261212
10799,1,1,1,1,1,0,0,20261002,20261212
10800,1,1,1,1,1,0,0,20261002,20261212
10801,1,1,1,1,1,0,0,20261002,20261212
10802,1,1,1,1,1,0,0,20261002,20261212
10803,1,1,1,1,1,0,0,20261002,20261212
10804,1,1,1,1,1,0,0,20261002,20261212
10805,1,1,1,1,1,0,0,20261002,20261212
10806,1,1,1,1,1,0,0,20261002,20261212
10807,1,1,1,1,1,0,0,20261002,20261212
10808,1,1,1,1,1,0,0,20261002,20261212
10809,1,1,1,1,1,0,0,20261002,20261212
10810,1,1,1,1,1,0,0,20261002,20261212
10811,1,1,1,1,1,0,0,20261002,20261212
10812,1,1,1,1,1,0,0,20261002,20261212
10813,1,1,1,1,1,0,0,20261002,20261212
10814,1,1,1,1,1,0,0,20261002,20261212
10815,1,1,1,1,1,0,0,20261002,20261212
10816,1,1,1,1,1,0,0,20261002,20261212
10817,1,1,1,1,1,0,0,20261002,20261212
10818,1,1,1,1,1,0,0,20261002,20261212
10819,1,1,1,1,1,0,0,20261002,20261212
10820,1,1,1,1,1,0,0,20261002,20261212
10821,1,1,1,1,1,0,0,20261002,20261212
10822,1,1,1,1,1,0,0,20261002,20261212
10823,1,1,1,1,1,0,0,20261002,20261212
10824,1,1,1,1,1,0,0,20261002,20261212
10825,1,1,1,1,1,0,0,20261002,20261212
10826,1,1,1,1,1,0,0,20261002,20261212
10827,1,1,1,1,1,0,0,20261002,20261212
10828,1,1,1,1,1,0,0,20261002,20261212
10829,1,1,1,1,1,0,0,20261002,20261212
10830,1,1,1,1,1,0,0,20261002,20261212
10831,1,1,1,1,1,0,0,20261002,20261212
10832,1,1,1,1,1,0,0,20261002,20261212
10833,1,1,1,1,1,0,0,20261002,20261212
10834,1,1,1,1,1,0,0,20261002,20261212
10835,0,0,0,0,0,1,0,20261002,20261212
10836,0,0,0,0,0,1,1,20261002,20261212
10837,0,0,0,0,0,0,1,20261002,20261212
10838,0,0,0,0,0,1,1,20261002,20261212
10839,0,0,0,0,0,1,0,20261002,20261212
10840,0,0,0,0,0,1,1,20261002,20261212
10841,0,0,0,0,0,1,1,20261002,20261212
10842,0,0,0,0,0,1,1,20261002,20261212
10843,0,0,0,0,0,1,1,20261002,20261212
10844,0,0,0,0,0,1,1,20261002,20261212
10845,0,0,0,0,0,1,1,20261002,20261212
10846,0,0,0,0,0,1,1,20261002,20261212
10901,1,1,1,1,1,0,0,20261002,20261212
10902,1,1,1,1,1,0,0,20261002,20261212
10903,0,0,0,0,0,1,0,20261002,20261212
10904,0,0,0,0,0,1,0,20261002,20261212
10969,1,1,1,1,1,0,0,20261002,20261212
10970,1,1,1,1,1,0,0,20261002,20261212
10971,1,1,1,1,1,0,0,20261002,20261212
10972,1,1,1,1,1,0,0,20261002,20261212
10973,0,0,0,0,0,1,1,20261002,20261212
10974,0,0,0,0,0,1,1,20261002,20261212
10975,0,0,0,0,0,1,1,20261002,20261212
10976,0,0,0,0,0,1,1,20261002,20261212
10977,0,0,0,0,0,1,1,20261002,20261212
10978,0,0,0,0,0,1,1,20261002,20261212
10979,0,0,0,0,0,1,1,20261002,20261212
10980,0,0,0,0,0,1,1,20261002,20261212
10981,0,0,0,0,0,1,1,20261002,20261212
10982,0,0,0,0,0,1,1,20261002,20261212
10983,0,0,0,0,0,1,1,20261002,20261212
10984,0,0,0,0,0,1,1,20261002,20261212
10985,1,1,1,1,1,0,0,20261002,20261212
10986,1,1,1,1,1,0,0,20261002,20261212
10987,1,1,1,1,1,0,0,20261002,20261212
10988,1,1,1,1,1,0,0,20261002,20261212
10989,1,1,1,1,1,0,0,20261002,20261212
10990,1,1,1,1,1,0,0,20261002,20261212
10991,1,1,1,1,1,0,0,20261002,20261212
10992,1,1,1,1,1,0,0,20261002,20261212
10993,1,1,1,1,1,0,0,20261002,20261212
10994,1,1,1,1,1,0,0,20261002,20261212
10995,1,1,1,1,1,0,0,20261002,20261212
10996,1,1,1,1,1,0,0,20261002,20261212
10997,0,0,0,0,0,1,1,20261002,20261212
10998,0,0,0,0,0,1,1,20261002,20261212
10999,0,0,0,0,0,1,1,20261002,20261212
11000,0,0,0,0,0,1,1,20261002,20261212
11001,0,0,0,0,0,1,1,20261002,20261212
11002,0,0,0,0,0,1,1,20261002,20261212
11003,0,0,0,0,0,1,1,20261002,20261212
11004,0,0,0,0,0,1,1,20261002,20261212
11005,0,0,0,0,0,1,1,20261002,20261212
11006,0,0,0,0,0,1,1,20261002,20261212
11070,1,1,1,1,1,0,0,20261002,20261212
11071,1,1,1,1,1,0,0,20261002,20261212
11072,1,1,1,1,1,0,0,20261002,20261212
11073,1,1,1,1,1,0,0,20261002,20261212
11074,1,1,1,1,1,0,0,20261002,20261212
11075,1,1,1,1,1,0,0,20261002,20261212
11076,1,1,1,1,1,0,0,20261002,20261212
11077,1,1,1,1,1,0,0,20261002,20261212
11078,1,1,1,1,1,0,0,20261002,20261212
11079,1,1,1,1,1,0,0,20261002,20261212
11080,1,1,1,1,1,0,0,20261002,20261212
11081,1,1,1,1,1,0,0,20261002,20261212
11082,1,1,1,1,1,0,0,20261002,20261212
11083,1,1,1,1,1,0,0,20261002,20261212
11084,1,1,1,1,1,0,0,20261002,20261212
11085,1,1,1,1,1,0,0,20261002,20261212
11086,1,1,1,1,1,0,0,20261002,20261212
11087,1,1,1,1,1,0,0,20261002,20261212
11088,1,1,1,1,1,0,0,20261002,20261212
11089,1,1,1,1,1,0,0,20261002,20261212
11091,0,0,0,0,0,1,1,20261002,20261212
11092,0,0,0,0,0,1,1,20261002,20261212
11093,1,1,1,1,1,0,0,20261002,20261212
11094,1,1,1,1,1,0,0,20261002,20261212
11095,1,1,1,1,1,0,0,20261002,20261212
11096,1,1,1,1,1,0,0,20261002,20261212
11097,1,1,1,1,1,0,0,20261002,20261212
11098,1,1,1,1,1,0,0,20261002,20261212
11099,1,1,1,1,1,0,0,20261002,20261212
11100,1,1,1,1,1,0,0,20261002,20261212
11101,1,1,1,1,1,0,0,20261002,20261212
11102,1,1,1,1,1,0,0,20261002,20261212
11103,1,1,1,1,1,0,0,20261002,20261212
11104,1,1,1,1,1,0,0,20261002,20261212
11105,1,1,1,1,1,0,0,20261002,20261212
11106,1,1,1,1,1,0,0,20261002,20261212
11107,1,1,1,1,1,0,0,20261002,20261212
11108,1,1,1,1,1,0,0,20261002,20261212
11109,1,1,1,1,1,0,0,20261002,20261212
11110,1,1,1,1,1,0,0,20261002,20261212
11111,1,1,1,1,1,0,0,20261002,20261212
11112,1,1,1,1,1,0,0,20261002,20261212
11113,1,1,1,1,1,0,0,20261002,20261212
11114,1,1,1,1,1,0,0,20261002,20261212
11115,1,1,1,1,1,0,0,20261002,20261212
11116,1,1,1,1,1,0,0,20261002,20261212
11117,1,1,1,1,1,0,0,20261002,20261212
11118,1,1,1,1,1,0,0,20261002,20261212
11119,1,1,1,1,1,0,0,20261002,20261212
11127,0,0,0,0,0,1,1,20261002,20261212
11128,0,0,0,0,0,1,1,20261002,20261212
11129,0,0,0,0,0,1,1,20261002,20261212
11130,0,0,0,0,0,1,1,20261002,20261212
11131,0,0,0,0,0,1,1,20261002,20261212
11132,0,0,0,0,0,1,1,20261002,20261212
11133,0,0,0,0,0,1,1,20261002,20261212
11134,0,0,0,0,0,1,1,20261002,20261212
11135,0,0,0,0,0,0,1,20261002,20261212
11136,0,0,0,0,0,0,1,20261002,20261212
11137,0,0,0,0,0,0,0,20261002,20261212
11138,0,0,0,0,0,0,0,20261002,20261212
11139,1,1,1,1,1,0,0,20261002,20261212
11140,1,1,1,1,1,0,0,20261002,20261212
11141,0,0,0,0,0,1,1,20261002,20261212
11142,0,0,0,0,0,1,1,20261002,20261212
11143,1,1,1,1,1,0,0,20261002,20261212
11144,1,1,1,1,1,0,0,20261002,20261212
11145,1,1,1,1,1,0,0,20261002,20261212
11146,1,1,1,1,1,0,0,20261002,20261212
11147,1,1,1,1,1,0,0,20261002,20261212
11148,1,1,1,1,1,0,0,20261002,20261212
11149,1,1,1,1,1,0,0,20261002,20261212
11150,1,1,1,1,1,0,0,20261002,20261212
11151,1,1,1,1,1,0,0,20261002,20261212
11152,1,1,1,1,1,0,0,20261002,20261212
11153,1,1,1,1,1,0,0,20261002,20261212
11154,1,1,1,1,1,0,0,20261002,20261212
11155,1,1,1,1,1,0,0,20261002,20261212
11156,1,1,1,1,1,0,0,20261002,20261212
11157,1,1,1,1,1,0,0,20261002,20261212
11158,1,1,1,1,1,0,0,20261002,20261212
11159,1,1,1,1,1,0,0,20261002,20261212
11160,1,1,1,1,1,0,0,20261002,20261212
11161,1,1,1,1,1,0,0,20261002,20261212
11162,1,1,1,1,1,0,0,20261002,20261212
11163,1,1,1,1,1,0,0,20261002,20261212
11164,1,1,1,1,1,0,0,20261002,20261212
11165,1,1,1,1,1,0,0,20261002,20261212
11166,1,1,1,1,1,0,0,20261002,20261212
11170,0,0,0,0,0,1,1,20261002,20261212
11171,0,0,0,0,0,1,1,20261002,20261212
11213,1,1,1,1,1,0,0,20261002,20261212
11214,1,1,1,1,1,0,0,20261002,20261212
11215,1,1,1,1,1,0,0,20261002,20261212
11216,1,1,1,1,1,0,0,20261002,20261212
11217,1,1,1,1,1,0,0,20261002,20261212
11218,1,1,1,1,1,0,0,20261002,20261212
11219,1,1,1,1,1,0,0,20261002,20261212
11220,1,1,1,1,1,0,0,20261002,20261212
11221,1,1,1,1,1,0,0,20261002,20261212
11222,1,1,1,1,1,0,0,20261002,20261212
11223,1,1,1,1,1,0,0,20261002,20261212
11224,1,1,1,1,1,0,0,20261002,20261212
11225,1,1,1,1,1,0,0,20261002,20261212
11226,1,1,1,1,1,0,0,20261002,20261212
11227,1,1,1,1,1,0,0,20261002,20261212
11228,1,1,1,1,1,0,0,20261002,20261212
11229,1,1,1,1,1,0,0,20261002,20261212
11230,1,1,1,1,1,0,0,20261002,20261212
11231,1,1,1,1,1,0,0,20261002,20261212
11232,1,1,1,1,1,0,0,20261002,20261212
11233,1,1,1,1,1,0,0,20261002,20261212
11234,1,1,1,1,1,0,0,20261002,20261212
11235,0,0,0,0,0,1,1,20261002,20261212
11236,0,0,0,0,0,1,1,20261002,20261212
11237,0,0,0,0,0,1,1,20261002,20261212
11238,0,0,0,0,0,1,1,20261002,20261212
11239,0,0,0,0,0,1,1,20261002,20261212
11240,0,0,0,0,0,1,1,20261002,20261212
11241,0,0,0,0,0,1,1,20261002,20261212
11242,0,0,0,0,0,1,1,20261002,20261212
11243,0,0,0,0,0,1,1,20261002,20261212
11244,0,0,0,0,0,1,1,20261002,20261212
11245,0,0,0,0,0,1,1,20261002,20261212
11246,0,0,0,0,0,1,1,20261002,20261212
11247,0,0,0,0,0,1,1,20261002,20261212
11248,0,0,0,0,0,1,1,20261002,20261212
11249,0,0,0,0,0,1,1,20261002,20261212
11319,1,1,1,1,1,0,0,20261002,20261212
11320,1,1,1,1,1,0,0,20261002,20261212
11321,1,1,1,1,1,0,0,20261002,20261212
11322,1,1,1,1,1,0,0,20261002,20261212
11323,1,1,1,1,1,0,0,20261002,20261212
11324,1,1,1,1,1,0,0,20261002,20261212
11325,1,1,1,1,1,0,0,20261002,20261212
11326,1,1,1,1,1,0,0,20261002,20261212
11327,1,1,1,1,1,0,0,20261002,20261212
11328,1,1,1,1,1,0,0,20261002,20261212
11329,1,1,1,1,1,0,0,20261002,20261212
11330,1,1,1,1,1,0,0,20261002,20261212
11331,1,1,1,1,1,0,0,20261002,20261212
11332,1,1,1,1,1,0,0,20261002,20261212
11333,1,1,1,1,1,0,0,20261002,20261212
11334,1,1,1,1,1,0,0,20261002,20261212
11335,1,1,1,1,1,0,0,20261002,20261212
11336,1,1,1,1,1,0,0,20261002,20261212
11337,1,1,1,1,1,0,0,20261002,20261212
11338,1,1,1,1,1,0,0,20261002,20261212
11339,1,1,1,1,1,0,0,20261002,20261212
11340,1,1,1,1,1,0,0,20261002,20261212
11341,1,1,1,1,1,0,0,20261002,20261212
11342,1,1,1,1,1,0,0,20261002,20261212
11343,1,1,1,1,1,0,0,20261002,20261212
11344,1,1,1,1,1,0,0,20261002,20261212
11345,1,1,1,1,1,0,0,20261002,20261212
11346,1,1,1,1,1,0,0,20261002,20261212
11347,1,1,1,1,1,0,0,20261002,20261212
11348,1,1,1,1,1,0,0,20261002,20261212
11349,1,1,1,1,1,0,0,20261002,20261212
11350,1,1,1,1,1,0,0,20261002,20261212
11351,1,1,1,1,1,0,0,20261002,20261212
11352,1,1,1,1,1,0,0,20261002,20261212
11353,1,1,1,1,1,0,0,20261002,20261212
11354,1,1,1,1,1,0,0,20261002,20261212
11355,1,1,1,1,1,0,0,20261002,20261212
11356,1,1,1,1,1,0,0,20261002,20261212
11357,1,1,1,1,1,0,0,20261002,20261212
11358,1,1,1,1,1,0,0,20261002,20261212
11359,1,1,1,1,1,0,0,20261002,20261212
11360,1,1,1,1,1,0,0,20261002,20261212
11364,0,0,0,0,0,1,1,20261002,20261212
11365,0,0,0,0,0,1,1,20261002,20261212
11366,1,1,1,1,1,0,0,20261002,20261212
11367,1,1,1,1,1,0,0,20261002,20261212
11368,1,1,1,1,1,0,0,20261002,20261212
11369,1,1,1,1,1,0,0,20261002,20261212
11370,1,1,1,1,1,0,0,20261002,20261212
11371,1,1,1,1,1,0,0,20261002,20261212
11372,1,1,1,1,1,0,0,20261002,20261212
11373,1,1,1,1,1,0,0,20261002,20261212
11374,1,1,1,1,1,0,0,20261002,20261212
11375,1,1,1,1,1,0,0,20261002,20261212
11376,1,1,1,1,1,0,0,20261002,20261212
11377,1,1,1,1,1,0,0,20261002,20261212
11378,1,1,1,1,1,0,0,20261002,20261212
11379,1,1,1,1,1,0,0,20261002,20261212
11380,1,1,1,1,1,0,0,20261002,20261212
11381,1,1,1,1,1,0,0,20261002,20261212
11382,1,1,1,1,1,0,0,20261002,20261212
11383,1,1,1,1,1,0,0,20261002,20261212
11384,1,1,1,1,1,0,0,20261002,20261212
11385,1,1,1,1,1,0,0,20261002,20261212
11386,1,1,1,1,1,0,0,20261002,20261212
11387,1,1,1,1,1,0,0,20261002,20261212
11388,1,1,1,1,1,0,0,20261002,20261212
11389,1,1,1,1,1,0,0,20261002,20261212
11390,1,1,1,1,1,0,0,20261002,20261212
11391,1,1,1,1,1,0,0,20261002,20261212
11392,1,1,1,1,1,0,0,20261002,20261212
11393,1,1,1,1,1,0,0,20261002,20261212
11394,1,1,1,1,1,0,0,20261002,20261212
11395,1,1,1,1,1,0,0,20261002,20261212
11396,1,1,1,1,1,0,0,20261002,20261212
11397,1,1,1,1,1,0,0,20261002,20261212
11398,1,1,1,1,1,0,0,20261002,20261212
11399,1,1,1,1,1,0,0,20261002,20261212
11400,0,0,0,0,0,1,1,20261002,20261212
11401,0,0,0,0,0,1,1,20261002,20261212
11402,0,0,0,0,0,1,1,20261002,20261212
11403,0,0,0,0,0,1,1,20261002,20261212
11404,0,0,0,0,0,1,1,20261002,20261212
11405,0,0,0,0,0,1,1,20261002,20261212
11406,0,0,0,0,0,1,1,20261002,20261212
11407,0,0,0,0,0,1,1,20261002,20261212
11408,0,0,0,0,0,1,1,20261002,20261212
11409,0,0,0,0,0,1,1,20261002,20261212
11410,1,1,1,1,1,0,0,20261002,20261212
11411,1,1,1,1,1,0,0,20261002,20261212
11412,1,1,1,1,1,0,0,20261002,20261212
11413,1,1,1,1,1,0,0,20261002,20261212
11414,1,1,1,1,1,0,0,20261002,20261212
11415,1,1,1,1,1,0,0,20261002,20261212
11416,1,1,1,1,1,0,0,20261002,20261212
11417,1,1,1,1,1,0,0,20261002,20261212
11418,1,1,1,1,1,0,0,20261002,20261212
11419,1,1,1,1,1,0,0,20261002,20261212
11420,1,1,1,1,1,0,0,20261002,20261212
11421,1,1,1,1,1,0,0,20261002,20261212
11422,1,1,1,1,1,0,0,20261002,20261212
11423,1,1,1,1,1,0,0,20261002,20261212
11424,1,1,1,1,1,0,0,20261002,20261212
11425,1,1,1,1,1,0,0,20261002,20261212
11426,1,1,1,1,1,0,0,20261002,20261212
11427,1,1,1,1,1,0,0,20261002,20261212
11428,1,1,1,1,1,0,0,20261002,20261212
11429,1,1,1,1,1,0,0,20261002,20261212
11430,1,1,1,1,1,0,0,20261002,20261212
11431,1,1,1,1,1,0,0,20261002,20261212
11432,1,1,1,1,1,0,0,20261002,20261212
11433,1,1,1,1,1,0,0,20261002,20261212
11434,1,1,1,1,1,0,0,20261002,20261212
11435,1,1,1,1,1,0,0,20261002,20261212
11436,1,1,1,1,1,0,0,20261002,20261212
11437,1,1,1,1,1,0,0,20261002,20261212
11438,1,1,1,1,1,0,0,20261002,20261212
11439,1,1,1,1,1,0,0,20261002,20261212
11440,1,1,1,1,1,0,0,20261002,20261212
11441,1,1,1,1,1,0,0,20261002,20261212
11442,1,1,1,1,1,0,0,20261002,20261212
11443,1,1,1,1,1,0,0,20261002,20261212
11444,1,1,1,1,1,0,0,20261002,20261212
11445,1,1,1,1,1,0,0,20261002,20261212
11446,1,1,1,1,1,0,0,20261002,20261212
11447,1,1,1,1,1,0,0,20261002,20261212
11448,1,1,1,1,1,0,0,20261002,20261212
11449,1,1,1,1,1,0,0,20261002,20261212
11450,1,1,1,1,1,0,0,20261002,20261212
11451,1,1,1,1,1,0,0,20261002,20261212
11452,1,1,1,1,1,0,0,20261002,20261212
11456,0,0,0,0,0,1,1,20261002,20261212
11457,0,0,0,0,0,1,1,20261002,20261212
11458,0,0,0,0,0,1,1,20261002,20261212
11459,0,0,0,0,0,1,1,20261002,20261212
11460,0,0,0,0,0,1,1,20261002,20261212
11461,0,0,0,0,0,1,1,20261002,20261212
11462,0,0,0,0,0,1,1,20261002,20261212
11463,0,0,0,0,0,1,1,20261002,20261212
11464,0,0,0,0,0,1,1,20261002,20261212
11465,0,0,0,0,0,1,1,20261002,20261212
11466,0,0,0,0,0,1,1,20261002,20261212
11467,0,0,0,0,0,1,1,20261002,20261212
11468,0,0,0,0,0,1,1,20261002,20261212
11469,0,0,0,0,0,1,1,20261002,20261212
11470,1,1,1,1,1,0,0,20261002,20261212
11471,1,1,1,1,1,0,0,20261002,20261212
11472,1,1,1,1,1,0,0,20261002,20261212
11473,1,1,1,1,1,0,0,20261002,20261212
11474,1,1,1,1,1,0,0,20261002,20261212
11475,1,1,1,1,1,0,0,20261002,20261212
11476,1,1,1,1,1,0,0,20261002,20261212
11477,1,1,1,1,1,0,0,20261002,20261212
11478,1,1,1,1,1,0,0,20261002,20261212
11479,1,1,1,1,1,0,0,20261002,20261212
11480,1,1,1,1,1,0,0,20261002,20261212
11481,1,1,1,1,1,0,0,20261002,20261212
11482,1,1,1,1,1,0,0,20261002,20261212
11483,1,1,1,1,1,0,0,20261002,20261212
11484,1,1,1,1,1,0,0,20261002,20261212
11487,0,0,0,0,0,1,0,20261002,20261212
11488,0,0,0,0,0,1,0,20261002,20261212
11489,0,0,0,0,0,0,1,20261002,20261212
11490,0,0,0,0,0,0,1,20261002,20261212
11491,0,0,0,0,0,0,1,20261002,20261212
11492,0,0,0,0,0,1,0,20261002,20261212
11493,0,0,0,0,0,1,0,20261002,20261212
11494,0,0,0,0,0,0,1,20261002,20261212
11495,0,0,0,0,0,0,1,20261002,20261212
11496,0,0,0,0,0,0,1,20261002,20261212
11497,0,0,0,0,0,0,1,20261002,20261212
11498,1,1,1,1,1,0,0,20261002,20261212
11499,1,1,1,1,1,0,0,20261002,20261212
11500,1,1,1,1,1,0,0,20261002,20261212
11501,1,1,1,1,1,0,0,20261002,20261212
11502,1,1,1,1,1,0,0,20261002,20261212
11503,1,1,1,1,1,0,0,20261002,20261212
11504,1,1,1,1,1,0,0,20261002,20261212
11505,1,1,1,1,1,0,0,20261002,20261212
11506,1,1,1,1,1,0,0,20261002,20261212
11507,1,1,1,1,1,0,0,20261002,20261212
11508,1,1,1,1,1,0,0,20261002,20261212
11509,1,1,1,1,1,0,0,20261002,20261212
11510,1,1,1,1,1,0,0,20261002,20261212
11511,1,1,1,1,1,0,0,20261002,20261212
11512,1,1,1,1,1,0,0,20261002,20261212
11513,1,1,1,1,1,0,0,20261002,20261212
11514,1,1,1,1,1,0,0,20261002,20261212
11515,1,1,1,1,1,0,0,20261002,20261212
11516,1,1,1,1,1,0,0,20261002,20261212
11517,1,1,1,1,1,0,0,20261002,20261212
11518,1,1,1,1,1,0,0,20261002,20261212
11519,1,1,1,1,1,0,0,20261002,20261212
11520,1,1,1,1,1,0,0,20261002,20261212
11521,1,1,1,1,1,0,0,20261002,20261212
11522,1,1,1,1,1,0,0,20261002,20261212
11523,1,1,1,1,1,0,0,20261002,20261212
11524,1,1,1,1,1,0,0,20261002,20261212
11525,1,1,1,1,1,0,0,20261002,20261212
11526,1,1,1,1,1,0,0,20261002,20261212
11527,1,1,1,1,1,0,0,20261002,20261212
11528,1,1,1,1,1,0,0,20261002,20261212
11529,1,1,1,1,1,0,0,20261002,20261212
11530,1,1,1,1,1,0,0,20261002,20261212
11531,1,1,1,1,1,0,0,20261002,20261212
11532,1,1,1,1,1,0,0,20261002,20261212
11533,1,1,1,1,1,0,0,20261002,20261212
11534,1,1,1,1,1,0,0,20261002,20261212
11535,1,1,1,1,1,0,0,20261002,20261212
11536,1,1,1,1,1,0,0,20261002,20261212
11537,1,1,1,1,1,0,0,20261002,20261212
11538,1,1,1,1,1,0,0,20261002,20261212
11539,1,1,1,1,1,0,0,20261002,20261212
11540,1,1,1,1,1,0,0,20261002,20261212
11541,1,1,1,1,1,0,0,20261002,20261212
11542,0,0,0,0,0,1,0,20261002,20261212
11543,0,0,0,0,0,1,0,20261002,20261212
11544,0,0,0,0,0,1,0,20261002,20261212
11545,0,0,0,0,0,0,1,20261002,20261212
11546,0,0,0,0,0,1,1,20261002,20261212
11547,0,0,0,0,0,1,1,20261002,20261212
11548,0,0,0,0,0,1,1,20261002,20261212
11549,0,0,0,0,0,1,1,20261002,20261212
11550,0,0,0,0,0,1,1,20261002,20261212
11551,0,0,0,0,0,1,1,20261002,20261212
11552,0,0,0,0,0,1,1,20261002,20261212
11553,0,0,0,0,0,1,1,20261002,20261212
11554,0,0,0,0,0,1,1,20261002,20261212
11555,0,0,0,0,0,0,1,20261002,20261212
11556,0,0,0,0,0,1,1,20261002,20261212
11557,0,0,0,0,0,0,1,20261002,20261212
11558,0,0,0,0,0,1,1,20261002,20261212
11559,1,1,1,1,1,0,0,20261002,20261212
11560,1,1,1,1,1,0,0,20261002,20261212
11561,1,1,1,1,1,0,0,20261002,20261212
11562,1,1,1,1,1,0,0,20261002,20261212
11563,1,1,1,1,1,0,0,20261002,20261212
11564,1,1,1,1,1,0,0,20261002,20261212
11565,1,1,1,1,1,0,0,20261002,20261212
11566,1,1,1,1,1,0,0,20261002,20261212
11567,1,1,1,1,1,0,0,20261002,20261212
11568,1,1,1,1,1,0,0,20261002,20261212
11569,1,1,1,1,1,0,0,20261002,20261212
11570,1,1,1,1,1,0,0,20261002,20261212
11571,1,1,1,1,1,0,0,20261002,20261212
11572,1,1,1,1,1,0,0,20261002,20261212
11573,1,1,1,1,1,0,0,20261002,20261212
11574,1,1,1,1,1,0,0,20261002,20261212
11575,1,1,1,1,1,0,0,20261002,20261212
11576,1,1,1,1,1,0,0,20261002,20261212
11577,1,1,1,1,1,0,0,20261002,20261212
11578,1,1,1,1,1,0,0,20261002,20261212
11579,1,1,1,1,1,0,0,20261002,20261212
11580,1,1,1,1,1,0,0,20261002,20261212
11581,1,1,1,1,1,0,0,20261002,20261212
11582,1,1,1,1,1,0,0,20261002,20261212
11583,1,1,1,1,1,0,0,20261002,20261212
11584,1,1,1,1,1,0,0,20261002,20261212
11585,1,1,1,1,1,0,0,20261002,20261212
11586,1,1,1,1,1,0,0,20261002,20261212
11589,0,0,0,0,0,1,0,20261002,20261212
11590,0,0,0,0,0,1,1,20261002,20261212
11591,0,0,0,0,0,0,1,20261002,20261212
11592,0,0,0,0,0,1,1,20261002,20261212
11593,0,0,0,0,0,1,1,20261002,20261212
11594,0,0,0,0,0,1,1,20261002,20261212
11595,0,0,0,0,0,0,1,20261002,20261212
11596,1,1,1,1,1,0,0,20261002,20261212
11597,1,1,1,1,1,0,0,20261002,20261212
11598,1,1,1,1,1,0,0,20261002,20261212
11599,1,1,1,1,1,0,0,20261002,20261212
11600,1,1,1,1,1,0,0,20261002,20261212
11601,1,1,1,1,1,0,0,20261002,20261212
11602,1,1,1,1,1,0,0,20261002,20261212
11603,1,1,1,1,1,0,0,20261002,20261212
11604,1,1,1,1,1,0,0,20261002,20261212
11605,1,1,1,1,1,0,0,20261002,20261212
11606,1,1,1,1,1,0,0,20261002,20261212
11607,1,1,1,1,1,0,0,20261002,20261212
11608,1,1,1,1,1,0,0,20261002,20261212
11609,1,1,1,1,1,0,0,20261002,20261212
11610,1,1,1,1,1,0,0,20261002,20261212
11611,1,1,1,1,1,0,0,20261002,20261212
11612,1,1,1,1,1,0,0,20261002,20261212
11616,1,1,1,1,1,0,0,20261002,20261212
11617,1,1,1,1,1,0,0,20261002,20261212
11618,1,1,1,1,1,0,0,20261002,20261212
11619,1,1,1,1,1,0,0,20261002,20261212
11620,1,1,1,1,1,0,0,20261002,20261212
11621,1,1,1,1,1,0,0,20261002,20261212
11622,1,1,1,1,1,0,0,20261002,20261212
11623,1,1,1,1,1,0,0,20261002,20261212
11624,1,1,1,1,1,0,0,20261002,20261212
11625,1,1,1,1,1,0,0,20261002,20261212
11626,1,1,1,1,1,0,0,20261002,20261212
11627,1,1,1,1,1,0,0,20261002,20261212
11628,1,1,1,1,1,0,0,20261002,20261212
11629,1,1,1,1,1,0,0,20261002,20261212
11630,1,1,1,1,1,0,0,20261002,20261212
11631,1,1,1,1,1,0,0,20261002,20261212
11632,1,1,1,1,1,0,0,20261002,20261212
11633,1,1,1,1,1,0,0,20261002,20261212
11634,0,0,0,0,0,1,1,20261002,20261212
11635,0,0,0,0,0,1,0,20261002,20261212
11636,0,0,0,0,0,1,0,20261002,20261212
11637,0,0,0,0,0,1,1,20261002,20261212
11638,0,0,0,0,0,1,1,20261002,20261212
11639,0,0,0,0,0,1,0,20261002,20261212
11640,0,0,0,0,0,1,1,20261002,20261212
11641,0,0,0,0,0,1,1,20261002,20261212
11642,0,0,0,0,0,1,1,20261002,20261212
11643,0,0,0,0,0,1,0,20261002,20261212
11644,0,0,0,0,0,1,0,20261002,20261212
11645,0,0,0,0,0,0,1,20261002,20261212
11646,0,0,0,0,0,1,1,20261002,20261212
11647,1,1,1,1,1,0,0,20261002,20261212
11648,1,1,1,1,1,0,0,20261002,20261212
11649,1,1,1,1,1,0,0,20261002,20261212
11650,1,1,1,1,1,0,0,20261002,20261212
11651,1,1,1,1,1,0,0,20261002,20261212
11652,1,1,1,1,1,0,0,20261002,20261212
11653,1,1,1,1,1,0,0,20261002,20261212
11654,1,1,1,1,1,0,0,20261002,20261212
11655,1,1,1,1,1,0,0,20261002,20261212
11656,1,1,1,1,1,0,0,20261002,20261212
11657,1,1,1,1,1,0,0,20261002,20261212
11658,1,1,1,1,1,0,0,20261002,20261212
11659,1,1,1,1,1,0,0,20261002,20261212
11660,1,1,1,1,1,0,0,20261002,20261212
11661,1,1,1,1,1,0,0,20261002,20261212
11662,1,1,1,1,1,0,0,20261002,20261212
11663,1,1,1,1,1,0,0,20261002,20261212
11664,1,1,1,1,1,0,0,20261002,20261212
11665,1,1,1,1,1,0,0,20261002,20261212
11666,1,1,1,1,1,0,0,20261002,20261212
11667,1,1,1,1,1,0,0,20261002,20261212
11668,1,1,1,1,1,0,0,20261002,20261212
11669,1,1,1,1,1,0,0,20261002,20261212
11670,1,1,1,1,1,0,0,20261002,20261212
11671,1,1,1,1,1,0,0,20261002,20261212
11672,1,1,1,1,1,0,0,20261002,20261212
11673,1,1,1,1,1,0,0,20261002,20261212
11674,1,1,1,1,1,0,0,20261002,20261212
11675,1,1,1,1,1,0,0,20261002,20261212
11676,1,1,1,1,1,0,0,20261002,20261212
11677,1,1,1,1,1,0,0,20261002,20261212
11678,1,1,1,1,1,0,0,20261002,20261212
11679,1,1,1,1,1,0,0,20261002,20261212
11680,1,1,1,1,1,0,0,20261002,20261212
11681,1,1,1,1,1,0,0,20261002,20261212
11682,1,1,1,1,1,0,0,20261002,20261212
11683,1,1,1,1,1,0,0,20261002,20261212
11684,1,1,1,1,1,0,0,20261002,20261212
11685,1,1,1,1,1,0,0,20261002,20261212
11686,1,1,1,1,1,0,0,20261002,20261212
11687,1,1,1,1,1,0,0,20261002,20261212
11688,1,1,1,1,1,0,0,20261002,20261212
11689,1,1,1,1,1,0,0,20261002,20261212
11690,1,1,1,1,1,0,0,20261002,20261212
11691,1,1,1,1,1,0,0,20261002,20261212
11692,1,1,1,1,1,0,0,20261002,20261212
11693,1,1,1,1,1,0,0,20261002,20261212
11695,0,0,0,0,0,1,1,20261002,20261212
11696,0,0,0,0,0,1,1,20261002,20261212
11697,0,0,0,0,0,1,1,20261002,20261212
11698,0,0,0,0,0,1,1,20261002,20261212
11699,1,1,1,1,1,0,0,20261002,20261212
11700,1,1,1,1,1,0,0,20261002,20261212
11701,1,1,1,1,1,0,0,20261002,20261212
11702,1,1,1,1,1,0,0,20261002,20261212
11703,1,1,1,1,1,0,0,20261002,20261212
11704,1,1,1,1,1,0,0,20261002,20261212
11705,1,1,1,1,1,0,0,20261002,20261212
11706,1,1,1,1,1,0,0,20261002,20261212
11707,1,1,1,1,1,0,0,20261002,20261212
11708,1,1,1,1,1,0,0,20261002,20261212
11709,1,1,1,1,1,0,0,20261002,20261212
11710,1,1,1,1,1,0,0,20261002,20261212
11711,1,1,1,1,1,0,0,20261002,20261212
11712,1,1,1,1,1,0,0,20261002,20261212
11713,1,1,1,1,1,0,0,20261002,20261212
11714,1,1,1,1,1,0,0,20261002,20261212
11715,1,1,1,1,1,0,0,20261002,20261212
11716,1,1,1,1,1,0,0,20261002,20261212
11717,1,1,1,1,1,0,0,20261002,20261212
11718,1,1,1,1,1,0,0,20261002,20261212
11723,0,0,0,0,0,1,1,20261002,20261212
11724,0,0,0,0,0,1,1,20261002,20261212
11725,0,0,0,0,0,1,1,20261002,20261212
11726,0,0,0,0,0,1,1,20261002,20261212
11727,0,0,0,0,0,1,1,20261002,20261212
11728,0,0,0,0,0,1,1,20261002,20261212
11729,0,0,0,0,0,1,1,20261002,20261212
11730,0,0,0,0,0,1,1,20261002,20261212
11731,0,0,0,0,0,1,1,20261002,20261212
11732,0,0,0,0,0,1,1,20261002,20261212
11733,0,0,0,0,0,1,1,20261002,20261212
11734,0,0,0,0,0,1,1,20261002,20261212
11735,0,0,0,0,0,1,1,20261002,20261212
11736,0,0,0,0,0,1,1,20261002,20261212
11737,0,0,0,0,0,1,1,20261002,20261212
11738,0,0,0,0,0,1,1,20261002,20261212
11739,0,0,0,0,0,1,1,20261002,20261212
11740,0,0,0,0,0,1,1,20261002,20261212
11741,0,0,0,0,0,1,1,20261002,20261212
11742,0,0,0,0,0,1,1,20261002,20261212
11743,0,0,0,0,0,1,1,20261002,20261212
11744,0,0,0,0,0,1,1,20261002,20261212
11745,0,0,0,0,0,1,1,20261002,20261212
11746,0,0,0,0,0,1,1,20261002,20261212
11747,0,0,0,0,0,1,1,20261002,20261212
11748,0,0,0,0,0,1,1,20261002,20261212
11749,0,0,0,0,0,1,1,20261002,20261212
11750,0,0,0,0,0,1,1,20261002,20261212
11751,0,0,0,0,0,1,1,20261002,20261212
11752,0,0,0,0,0,1,1,20261002,20261212
11753,0,0,0,0,0,1,1,20261002,20261212
11754,0,0,0,0,0,1,1,20261002,20261212
11771,0,0,0,0,0,0,0,20261002,20261212
11772,0,0,0,0,0,0,0,20261002,20261212
11773,0,0,0,0,0,0,0,20261002,20261212
11774,0,0,0,0,0,0,0,20261002,20261212
11775,0,0,0,0,0,0,0,20261002,20261212
11776,0,0,0,0,0,0,0,20261002,20261212
11777,0,0,0,0,0,0,0,20261002,20261212
11778,0,0,0,0,0,0,0,20261002,20261212
11779,0,0,0,0,0,0,0,20261002,20261212
11780,0,0,0,0,0,0,0,20261002,20261212
11781,1,1,1,1,1,0,0,20261002,20261212
11782,1,1,1,1,1,0,0,20261002,20261212
11783,1,1,1,1,1,0,0,20261002,20261212
11784,1,1,1,1,1,0,0,20261002,20261212
11785,1,1,1,1,1,0,0,20261002,20261212
11786,1,1,1,1,1,0,0,20261002,20261212
11787,1,1,1,1,1,0,0,20261002,20261212
11788,1,1,1,1,1,0,0,20261002,20261212
11789,1,1,1,1,1,0,0,20261002,20261212
11790,1,1,1,1,1,0,0,20261002,20261212
11791,1,1,1,1,1,0,0,20261002,20261212
11792,1,1,1,1,1,0,0,20261002,20261212
11793,1,1,1,1,1,0,0,20261002,20261212
11794,1,1,1,1,1,0,0,20261002,20261212
11795,1,1,1,1,1,0,0,20261002,20261212
11796,1,1,1,1,1,0,0,20261002,20261212
11797,1,1,1,1,1,0,0,20261002,20261212
11798,1,1,1,1,1,0,0,20261002,20261212
11799,1,1,1,1,1,0,0,20261002,20261212
11800,1,1,1,1,1,0,0,20261002,20261212
11801,1,1,1,1,1,0,0,20261002,20261212
11802,1,1,1,1,1,0,0,20261002,20261212
11803,1,1,1,1,1,0,0,20261002,20261212
11804,1,1,1,1,1,0,0,20261002,20261212
11805,0,0,0,0,0,1,1,20261002,20261212
11806,0,0,0,0,0,1,1,20261002,20261212
11807,0,0,0,0,0,1,1,20261002,20261212
11808,0,0,0,0,0,1,1,20261002,20261212
11809,1,1,1,1,1,0,0,20261002,20261212
11810,1,1,1,1,1,0,0,20261002,20261212
11811,1,1,1,1,1,0,0,20261002,20261212
11812,1,1,1,1,1,0,0,20261002,20261212
11813,1,1,1,1,1,0,0,20261002,20261212
11814,1,1,1,1,1,0,0,20261002,20261212
11815,1,1,1,1,1,0,0,20261002,20261212
11816,1,1,1,1,1,0,0,20261002,20261212
11817,1,1,1,1,1,0,0,20261002,20261212
11818,1,1,1,1,1,0,0,20261002,20261212
11819,1,1,1,1,1,0,0,20261002,20261212
11820,1,1,1,1,1,0,0,20261002,20261212
11821,1,1,1,1,1,0,0,20261002,20261212
11822,1,1,1,1,1,0,0,20261002,20261212
11823,1,1,1,1,1,0,0,20261002,20261212
11824,1,1,1,1,1,0,0,20261002,20261212
11825,1,1,1,1,1,0,0,20261002,20261212
11826,1,1,1,1,1,0,0,20261002,20261212
11827,1,1,1,1,1,0,0,20261002,20261212
11828,1,1,1,1,1,0,0,20261002,20261212
11829,1,1,1,1,1,0,0,20261002,20261212
11830,1,1,1,1,1,0,0,20261002,20261212
11831,1,1,1,1,1,0,0,20261002,20261212
11832,1,1,1,1,1,0,0,20261002,20261212
11833,1,1,1,1,1,0,0,20261002,20261212
11834,1,1,1,1,1,0,0,20261002,20261212
11835,1,1,1,1,1,0,0,20261002,20261212
11836,1,1,1,1,1,0,0,20261002,20261212
11837,1,1,1,1,1,0,0,20261002,20261212
11838,1,1,1,1,1,0,0,20261002,20261212
11839,1,1,1,1,1,0,0,20261002,20261212
11840,1,1,1,1,1,0,0,20261002,20261212
11841,1,1,1,1,1,0,0,20261002,20261212
11842,1,1,1,1,1,0,0,20261002,20261212
11843,1,1,1,1,1,0,0,20261002,20261212
11844,1,1,1,1,1,0,0,20261002,20261212
11845,1,1,1,1,1,0,0,20261002,20261212
11846,1,1,1,1,1,0,0,20261002,20261212
11847,1,1,1,1,1,0,0,20261002,20261212
11848,1,1,1,1,1,0,0,20261002,20261212
11849,1,1,1,1,1,0,0,20261002,20261212
11850,1,1,1,1,1,0,0,20261002,20261212
11851,1,1,1,1,1,0,0,20261002,20261212
11852,1,1,1,1,1,0,0,20261002,20261212
11853,1,1,1,1,1,0,0,20261002,20261212
11854,1,1,1,1,1,0,0,20261002,20261212
11855,1,1,1,1,1,0,0,20261002,20261212
11856,1,1,1,1,1,0,0,20261002,20261212
11857,1,1,1,1,1,0,0,20261002,20261212
11858,1,1,1,1,1,0,0,20261002,20261212
11859,1,1,1,1,1,0,0,20261002,20261212
11860,1,1,1,1,1,0,0,20261002,20261212
11861,1,1,1,1,1,0,0,20261002,20261212
11864,0,0,0,0,0,1,1,20261002,20261212
11865,0,0,0,0,0,1,1,20261002,20261212
11866,0,0,0,0,0,1,1,20261002,20261212
11867,0,0,0,0,0,1,1,20261002,20261212
11868,0,0,0,0,0,1,1,20261002,20261212
11869,0,0,0,0,0,1,1,20261002,20261212
11870,0,0,0,0,0,1,1,20261002,20261212
11871,0,0,0,0,0,1,1,20261002,20261212
11872,0,0,0,0,0,1,1,20261002,20261212
11873,0,0,0,0,0,1,1,20261002,20261212
11874,0,0,0,0,0,1,1,20261002,20261212
11875,0,0,0,0,0,1,1,20261002,20261212
11876,0,0,0,0,0,1,1,20261002,20261212
11877,0,0,0,0,0,1,1,20261002,20261212
11878,1,1,1,1,1,0,0,20261002,20261212
11879,1,1,1,1,1,0,0,20261002,20261212
11880,1,1,1,1,1,0,0,20261002,20261212
11881,0,0,0,0,0,1,1,20261002,20261212
11882,1,1,1,1,1,0,0,20261002,20261212
11883,1,1,1,1,1,0,0,20261002,20261212
11884,1,1,1,1,1,0,0,20261002,20261212
11885,1,1,1,1,1,0,0,20261002,20261212
11886,1,1,1,1,1,0,0,20261002,20261212
11887,1,1,1,1,1,0,0,20261002,20261212
11888,1,1,1,1,1,0,0,20261002,20261212
11889,1,1,1,1,1,0,0,20261002,20261212
11890,1,1,1,1,1,0,0,20261002,20261212
11891,1,1,1,1,1,0,0,20261002,20261212
11892,1,1,1,1,1,0,0,20261002,20261212
11894,1,1,1,1,1,0,0,20261002,20261212
11895,1,1,1,1,1,0,0,20261002,20261212
11896,1,1,1,1,1,0,0,20261002,20261212
11897,1,1,1,1,1,0,0,20261002,20261212
11898,1,1,1,1,1,0,0,20261002,20261212
11899,1,1,1,1,1,0,0,20261002,20261212
11900,1,1,1,1,1,0,0,20261002,20261212
11901,1,1,1,1,1,0,0,20261002,20261212
11902,1,1,1,1,1,0,0,20261002,20261212
11903,1,1,1,1,1,0,0,20261002,20261212
11904,1,1,1,1,1,0,0,20261002,20261212
11905,1,1,1,1,1,0,0,20261002,20261212
11906,1,1,1,1,1,0,0,20261002,20261212
11907,1,1,1,1,1,0,0,20261002,20261212
11908,1,1,1,1,1,0,0,20261002,20261212
11909,1,1,1,1,1,0,0,20261002,20261212
11910,1,1,1,1,1,0,0,20261002,20261212
11911,1,1,1,1,1,0,0,20261002,20261212
11912,1,1,1,1,1,0,0,20261002,20261212
11913,1,1,1,1,1,0,0,20261002,20261212
11914,1,1,1,1,1,0,0,20261002,20261212
11915,1,1,1,1,1,0,0,20261002,20261212
11916,1,1,1,1,1,0,0,20261002,20261212
11917,1,1,1,1,1,0,0,20261002,20261212
11918,1,1,1,1,1,0,0,20261002,20261212
11919,1,1,1,1,1,0,0,20261002,20261212
11920,1,1,1,1,1,0,0,20261002,20261212
11921,1,1,1,1,1,0,0,20261002,20261212
11922,1,1,1,1,1,0,0,20261002,20261212
11923,1,1,1,1,1,0,0,20261002,20261212
11924,1,1,1,1,1,0,0,20261002,20261212
11925,1,1,1,1,1,0,0,20261002,20261212
11926,1,1,1,1,1,0,0,20261002,20261212
11928,0,0,0,0,0,1,1,20261002,20261212
11929,0,0,0,0,0,1,1,20261002,20261212
11930,0,0,0,0,0,1,1,20261002,20261212
11931,0,0,0,0,0,1,1,20261002,20261212
11932,1,1,1,1,1,0,0,20261002,20261212
11933,1,1,1,1,1,0,0,20261002,20261212
11934,1,1,1,1,1,0,0,20261002,20261212
11935,1,1,1,1,1,0,0,20261002,20261212
11936,1,1,1,1,1,0,0,20261002,20261212
11937,1,1,1,1,1,0,0,20261002,20261212
11938,1,1,1,1,1,0,0,20261002,20261212
11939,1,1,1,1,1,0,0,20261002,20261212
11940,1,1,1,1,1,0,0,20261002,20261212
11941,1,1,1,1,1,0,0,20261002,20261212
11942,1,1,1,1,1,0,0,20261002,20261212
11943,1,1,1,1,1,0,0,20261002,20261212
11944,1,1,1,1,1,0,0,20261002,20261212
11945,1,1,1,1,1,0,0,20261002,20261212
11946,1,1,1,1,1,0,0,20261002,20261212
11947,1,1,1,1,1,0,0,20261002,20261212
11948,1,1,1,1,1,0,0,20261002,20261212
11949,1,1,1,1,1,0,0,20261002,20261212
11950,1,1,1,1,1,0,0,20261002,20261212
11951,1,1,1,1,1,0,0,20261002,20261212
11952,1,1,1,1,1,0,0,20261002,20261212
11953,1,1,1,1,1,0,0,20261002,20261212
11954,1,1,1,1,1,0,0,20261002,20261212
11955,1,1,1,1,1,0,0,20261002,20261212
11956,0,0,0,0,0,1,0,20261002,20261212
11957,0,0,0,0,0,1,0,20261002,20261212
11958,0,0,0,0,0,1,1,20261002,20261212
11959,0,0,0,0,0,1,1,20261002,20261212
11960,0,0,0,0,0,1,1,20261002,20261212
11961,0,0,0,0,0,1,1,20261002,20261212
11962,0,0,0,0,0,1,1,20261002,20261212
11963,0,0,0,0,0,1,1,20261002,20261212
11964,1,1,1,1,1,1,1,20261002,20261212
11966,0,0,0,0,0,1,1,20261002,20261212
11968,1,1,1,1,1,1,1,20261002,20261212
11970,1,1,1,1,1,1,1,20261002,20261212
11971,1,1,1,1,1,1,1,20261002,20261212
11973,0,0,0,0,0,1,1,20261002,20261212
11976,1,1,1,1,1,1,1,20261002,20261212
11977,1,1,1,1,1,1,1,20261002,20261212
11979,0,0,0,0,0,1,0,20261002,20261212
11980,0,0,0,0,0,1,0,20261002,20261212
11981,1,1,1,1,1,0,0,20261002,20261212
11982,1,1,1,1,1,0,0,20261002,20261212
11983,1,1,1,1,1,0,0,20261002,20261212
11984,1,1,1,1,1,0,0,20261002,20261212
11985,1,1,1,1,1,0,0,20261002,20261212
11986,0,0,0,0,0,1,1,20261002,20261212
11987,0,0,0,0,0,1,1,20261002,20261212
11988,0,0,0,0,0,1,1,20261002,20261212
11989,0,0,0,0,0,1,1,20261002,20261212
11990,1,1,1,1,1,0,0,20261002,20261212
11991,1,1,1,1,1,0,0,20261002,20261212
11992,1,1,1,1,1,0,0,20261002,20261212
11993,1,1,1,1,1,0,0,20261002,20261212
11994,1,1,1,1,1,0,0,20261002,20261212
11995,1,1,1,1,1,0,0,20261002,20261212
11996,1,1,1,1,1,0,0,20261002,20261212
11997,1,1,1,1,1,0,0,20261002,20261212
11998,1,1,1,1,1,0,0,20261002,20261212
11999,0,0,0,0,0,0,1,20261002,20261212
12000,0,0,0,0,0,0,1,20261002,20261212
12001,1,1,1,1,1,0,0,20261002,20261212
12002,1,1,1,1,1,0,0,20261002,20261212
12003,1,1,1,1,1,0,0,20261002,20261212
12004,1,1,1,1,1,0,0,20261002,20261212
12005,1,1,1,1,1,0,0,20261002,20261212
12006,1,1,1,1,1,0,0,20261002,20261212
12007,1,1,1,1,1,0,0,20261002,20261212
12008,1,1,1,1,1,0,0,20261002,20261212
12009,1,1,1,1,1,0,0,20261002,20261212
12010,1,1,1,1,1,0,0,20261002,20261212
12011,1,1,1,1,1,0,0,20261002,20261212
12012,1,1,1,1,1,0,0,20261002,20261212
12013,1,1,1,1,1,0,0,20261002,20261212
12014,1,1,1,1,1,0,0,20261002,20261212
12015,1,1,1,1,1,0,0,20261002,20261212
12016,1,1,1,1,1,0,0,20261002,20261212
12017,1,1,1,1,1,0,0,20261002,20261212
12018,1,1,1,1,1,0,0,20261002,20261212
12019,1,1,1,1,1,0,0,20261002,20261212
12020,0,0,0,0,0,1,1,20261002,20261212
12021,0,0,0,0,0,1,1,20261002,20261212
12022,0,0,0,0,0,1,1,20261002,20261212
12023,0,0,0,0,0,1,1,20261002,20261212
12024,0,0,0,0,0,1,1,20261002,20261212
12025,0,0,0,0,0,1,1,20261002,20261212
12026,0,0,0,0,0,1,1,20261002,20261212
12027,0,0,0,0,0,1,1,20261002,20261212
12028,0,0,0,0,0,1,1,20261002,20261212
12029,0,0,0,0,0,1,1,20261002,20261212
12030,0,0,0,0,0,1,1,20261002,20261212
12031,0,0,0,0,0,0,1,20261002,20261212
12032,0,0,0,0,0,0,1,20261002,20261212
12047,0,0,0,0,0,1,0,20261002,20261212
12048,0,0,0,0,0,0,1,20261002,20261212
12049,0,0,0,0,0,1,0,20261002,20261212
12050,0,0,0,0,0,0,1,20261002,20261212
12051,1,1,1,1,1,0,0,20261002,20261212
12052,1,1,1,1,1,0,0,20261002,20261212
12053,1,1,1,1,1,0,0,20261002,20261212
12054,1,1,1,1,1,0,0,20261002,20261212
12055,1,1,1,1,1,0,0,20261002,20261212
12056,1,1,1,1,1,0,0,20261002,20261212
12057,1,1,1,1,1,0,0,20261002,20261212
12058,1,1,1,1,1,0,0,20261002,20261212
12059,1,1,1,1,1,0,0,20261002,20261212
12060,1,1,1,1,1,0,0,20261002,20261212
12061,1,1,1,1,1,0,0,20261002,20261212
12062,1,1,1,1,1,0,0,20261002,20261212
12063,1,1,1,1,1,0,0,20261002,20261212
12064,1,1,1,1,1,0,0,20261002,20261212
12065,1,1,1,1,1,0,0,20261002,20261212
12066,1,1,1,1,1,0,0,20261002,20261212
12225,1,1,1,1,1,0,0,20261002,20261212
12226,1,1,1,1,1,0,0,20261002,20261212
12227,1,1,1,1,1,0,0,20261002,20261212
12228,1,1,1,1,1,0,0,20261002,20261212
12229,1,1,1,1,1,0,0,20261002,20261212
12230,1,1,1,1,1,0,0,20261002,20261212
12231,1,1,1,1,1,0,0,20261002,20261212
12232,1,1,1,1,1,0,0,20261002,20261212
12233,1,1,1,1,1,0,0,20261002,20261212
12234,1,1,1,1,1,0,0,20261002,20261212
12235,1,1,1,1,1,0,0,20261002,20261212
12236,1,1,1,1,1,0,0,20261002,20261212
12237,1,1,1,1,1,0,0,20261002,20261212
12238,1,1,1,1,1,0,0,20261002,20261212
12239,1,1,1,1,1,0,0,20261002,20261212
12240,1,1,1,1,1,0,0,20261002,20261212
12241,1,1,1,1,1,0,0,20261002,20261212
12242,1,1,1,1,1,0,0,20261002,20261212
12243,1,1,1,1,1,0,0,20261002,20261212
12244,1,1,1,1,1,0,0,20261002,20261212
12245,1,1,1,1,1,0,0,20261002,20261212
12246,1,1,1,1,1,0,0,20261002,20261212
12247,1,1,1,1,1,0,0,20261002,20261212
12248,1,1,1,1,1,0,0,20261002,20261212
12249,1,1,1,1,1,0,0,20261002,20261212
12250,1,1,1,1,1,0,0,20261002,20261212
12251,0,0,0,0,0,1,1,20261002,20261212
12252,0,0,0,0,0,1,0,20261002,20261212
12253,0,0,0,0,0,1,1,20261002,20261212
12254,0,0,0,0,0,1,1,20261002,20261212
12255,0,0,0,0,0,1,1,20261002,20261212
12256,0,0,0,0,0,1,1,20261002,20261212
12257,0,0,0,0,0,1,0,20261002,20261212
12258,0,0,0,0,0,1,1,20261002,20261212
12259,0,0,0,0,0,1,1,20261002,20261212
12260,0,0,0,0,0,1,0,20261002,20261212
12261,0,0,0,0,0,1,0,20261002,20261212
12262,0,0,0,0,0,1,1,20261002,20261212
12263,0,0,0,0,0,1,0,20261002,20261212
12264,1,1,1,1,1,0,0,20261002,20261212
12265,1,1,1,1,1,0,0,20261002,20261212
12266,1,1,1,1,1,0,0,20261002,20261212
12267,1,1,1,1,1,0,0,20261002,20261212
12268,1,1,1,1,1,0,0,20261002,20261212
12269,1,1,1,1,1,0,0,20261002,20261212
12270,1,1,1,1,1,0,0,20261002,20261212
12271,1,1,1,1,1,0,0,20261002,20261212
12272,1,1,1,1,1,0,0,20261002,20261212
12273,1,1,1,1,1,0,0,20261002,20261212
12274,1,1,1,1,1,0,0,20261002,20261212
12275,1,1,1,1,1,0,0,20261002,20261212
12276,1,1,1,1,1,0,0,20261002,20261212
12277,1,1,1,1,1,0,0,20261002,20261212
12278,1,1,1,1,1,0,0,20261002,20261212
12279,1,1,1,1,1,0,0,20261002,20261212
12280,1,1,1,1,1,0,0,20261002,20261212
12281,1,1,1,1,1,0,0,20261002,20261212
12282,1,1,1,1,1,0,0,20261002,20261212
12283,1,1,1,1,1,0,0,20261002,20261212
12284,1,1,1,1,1,0,0,20261002,20261212
12285,1,1,1,1,1,0,0,20261002,20261212
12286,1,1,1,1,1,0,0,20261002,20261212
12287,0,0,0,0,0,1,0,20261002,20261212
12288,0,0,0,0,0,1,0,20261002,20261212
12289,0,0,0,0,0,1,1,20261002,20261212
12290,0,0,0,0,0,1,0,20261002,20261212
12291,0,0,0,0,0,1,1,20261002,20261212
12292,0,0,0,0,0,0,1,20261002,20261212
12293,0,0,0,0,0,1,1,20261002,20261212
12294,0,0,0,0,0,1,1,20261002,20261212
12295,0,0,0,0,0,0,1,20261002,20261212
12296,0,0,0,0,0,1,1,20261002,20261212
12297,0,0,0,0,0,0,1,20261002,20261212
12298,1,1,1,1,1,0,0,20261002,20261212
12299,1,1,1,1,1,0,0,20261002,20261212
12300,1,1,1,1,1,0,0,20261002,20261212
12301,1,1,1,1,1,0,0,20261002,20261212
12302,1,1,1,1,1,0,0,20261002,20261212
12303,1,1,1,1,1,0,0,20261002,20261212
12304,1,1,1,1,1,0,0,20261002,20261212
12305,1,1,1,1,1,0,0,20261002,20261212
12306,1,1,1,1,1,0,0,20261002,20261212
12307,1,1,1,1,1,0,0,20261002,20261212
12308,1,1,1,1,1,0,0,20261002,20261212
12309,1,1,1,1,1,0,0,20261002,20261212
12310,1,1,1,1,1,0,0,20261002,20261212
12311,1,1,1,1,1,0,0,20261002,20261212
12312,1,1,1,1,1,0,0,20261002,20261212
12313,0,0,0,0,0,1,0,20261002,20261212
12314,0,0,0,0,0,1,1,20261002,20261212
12315,0,0,0,0,0,1,1,20261002,20261212
12316,0,0,0,0,0,1,0,20261002,20261212
12317,0,0,0,0,0,0,1,20261002,20261212
12318,1,1,1,1,1,0,0,20261002,20261212
12319,1,1,1,1,1,0,0,20261002,20261212
12320,1,1,1,1,1,0,0,20261002,20261212
12321,1,1,1,1,1,0,0,20261002,20261212
12322,1,1,1,1,1,0,0,20261002,20261212
12323,1,1,1,1,1,0,0,20261002,20261212
12324,1,1,1,1,1,0,0,20261002,20261212
12325,1,1,1,1,1,0,0,20261002,20261212
12327,1,1,1,1,1,0,0,20261002,20261212
12328,1,1,1,1,1,0,0,20261002,20261212
12329,1,1,1,1,1,0,0,20261002,20261212
12330,1,1,1,1,1,0,0,20261002,20261212
12331,1,1,1,1,1,0,0,20261002,20261212
12332,1,1,1,1,1,0,0,20261002,20261212
12333,1,1,1,1,1,0,0,20261002,20261212
12334,1,1,1,1,1,0,0,20261002,20261212
12335,1,1,1,1,1,0,0,20261002,20261212
12336,1,1,1,1,1,0,0,20261002,20261212
12337,1,1,1,1,1,0,0,20261002,20261212
12338,1,1,1,1,1,0,0,20261002,20261212
12339,1,1,1,1,1,0,0,20261002,20261212
12340,1,1,1,1,1,0,0,20261002,20261212
12341,1,1,1,1,1,0,0,20261002,20261212
12342,1,1,1,1,1,0,0,20261002,20261212
12343,1,1,1,1,1,0,0,20261002,20261212
12344,0,0,0,0,0,0,1,20261002,20261212
12345,0,0,0,0,0,1,1,20261002,20261212
12346,0,0,0,0,0,1,0,20261002,20261212
12347,0,0,0,0,0,1,1,20261002,20261212
12348,0,0,0,0,0,1,0,20261002,20261212
12349,0,0,0,0,0,1,1,20261002,20261212
12350,0,0,0,0,0,1,0,20261002,20261212
12351,0,0,0,0,0,1,1,20261002,20261212
12352,1,1,1,1,1,0,0,20261002,20261212
12353,1,1,1,1,1,0,0,20261002,20261212
12354,1,1,1,1,1,0,0,20261002,20261212
12355,1,1,1,1,1,0,0,20261002,20261212
12356,1,1,1,1,1,0,0,20261002,20261212
12357,1,1,1,1,1,0,0,20261002,20261212
12358,1,1,1,1,1,0,0,20261002,20261212
12359,1,1,1,1,1,0,0,20261002,20261212
12360,1,1,1,1,1,0,0,20261002,20261212
12361,1,1,1,1,1,0,0,20261002,20261212
12362,1,1,1,1,1,0,0,20261002,20261212
12363,1,1,1,1,1,0,0,20261002,20261212
12364,1,1,1,1,1,0,0,20261002,20261212
12365,1,1,1,1,1,0,0,20261002,20261212
12366,1,1,1,1,1,0,0,20261002,20261212
12367,1,1,1,1,1,0,0,20261002,20261212
12368,1,1,1,1,1,0,0,20261002,20261212
12369,1,1,1,1,1,0,0,20261002,20261212
12370,1,1,1,1,1,0,0,20261002,20261212
12371,1,1,1,1,1,0,0,20261002,20261212
12372,1,1,1,1,1,0,0,20261002,20261212
12373,1,1,1,1,1,0,0,20261002,20261212
12374,1,1,1,1,1,0,0,20261002,20261212
12375,1,1,1,1,1,0,0,20261002,20261212
12376,1,1,1,1,1,0,0,20261002,20261212
12377,1,1,1,1,1,0,0,20261002,20261212
12378,1,1,1,1,1,0,0,20261002,20261212
12379,1,1,1,1,1,0,0,20261002,20261212
12380,1,1,1,1,1,0,0,20261002,20261212
12381,1,1,1,1,1,0,0,20261002,20261212
12382,1,1,1,1,1,0,0,20261002,20261212
12383,1,1,1,1,1,0,0,20261002,20261212
12384,1,1,1,1,1,0,0,20261002,20261212
12385,1,1,1,1,1,0,0,20261002,20261212
12386,0,0,0,0,0,1,1,20261002,20261212
12387,0,0,0,0,0,1,1,20261002,20261212
12388,0,0,0,0,0,1,1,20261002,20261212
12389,0,0,0,0,0,1,1,20261002,20261212
12390,1,1,1,1,1,0,0,20261002,20261212
12391,1,1,1,1,1,0,0,20261002,20261212
12392,1,1,1,1,1,0,0,20261002,20261212
12393,1,1,1,1,1,0,0,20261002,20261212
12394,1,1,1,1,1,0,0,20261002,20261212
12395,1,1,1,1,1,0,0,20261002,20261212
12396,1,1,1,1,1,0,0,20261002,20261212
12397,1,1,1,1,1,0,0,20261002,20261212
12398,1,1,1,1,1,0,0,20261002,20261212
12399,1,1,1,1,1,0,0,20261002,20261212
12400,1,1,1,1,1,0,0,20261002,20261212
12401,1,1,1,1,1,0,0,20261002,20261212
12402,1,1,1,1,1,0,0,20261002,20261212
12403,1,1,1,1,1,0,0,20261002,20261212
12404,1,1,1,1,1,0,0,20261002,20261212
12405,1,1,1,1,1,0,0,20261002,20261212
12406,1,1,1,1,1,0,0,20261002,20261212
12407,1,1,1,1,1,0,0,20261002,20261212
12408,1,1,1,1,1,0,0,20261002,20261212
12409,0,0,0,0,0,1,1,20261002,20261212
12410,1,1,1,1,1,0,0,20261002,20261212
12411,1,1,1,1,1,0,0,20261002,20261212
12412,1,1,1,1,1,0,0,20261002,20261212
12413,1,1,1,1,1,0,0,20261002,20261212
12414,1,1,1,1,1,0,0,20261002,20261212
12415,1,1,1,1,1,0,0,20261002,20261212
12416,1,1,1,1,1,0,0,20261002,20261212
12417,1,1,1,1,1,0,0,20261002,20261212
12418,1,1,1,1,1,0,0,20261002,20261212
12419,1,1,1,1,1,0,0,20261002,20261212
12420,1,1,1,1,1,0,0,20261002,20261212
12421,1,1,1,1,1,0,0,20261002,20261212
12422,1,1,1,1,1,0,0,20261002,20261212
12424,0,0,0,0,0,0,1,20261002,20261212
12425,0,0,0,0,0,0,1,20261002,20261212
12426,0,0,0,0,0,0,1,20261002,20261212
12427,0,0,0,0,0,0,1,20261002,20261212
12428,1,1,1,1,1,0,0,20261002,20261212
12429,1,1,1,1,1,0,0,20261002,20261212
12430,1,1,1,1,1,0,0,20261002,20261212
12431,1,1,1,1,1,0,0,20261002,20261212
12432,1,1,1,1,1,0,0,20261002,20261212
12433,1,1,1,1,1,0,0,20261002,20261212
12434,1,1,1,1,1,0,0,20261002,20261212
12435,1,1,1,1,1,0,0,20261002,20261212
12436,1,1,1,1,1,0,0,20261002,20261212
12437,1,1,1,1,1,0,0,20261002,20261212
12438,1,1,1,1,1,0,0,20261002,20261212
12439,1,1,1,1,1,0,0,20261002,20261212
12440,1,1,1,1,1,0,0,20261002,20261212
12441,1,1,1,1,1,0,0,20261002,20261212
12442,1,1,1,1,1,0,0,20261002,20261212
12443,1,1,1,1,1,0,0,20261002,20261212
12444,1,1,1,1,1,0,0,20261002,20261212
12445,1,1,1,1,1,0,0,20261002,20261212
12446,1,1,1,1,1,0,0,20261002,20261212
12447,1,1,1,1,1,0,0,20261002,20261212
12448,1,1,1,1,1,0,0,20261002,20261212
12449,1,1,1,1,1,0,0,20261002,20261212
12450,1,1,1,1,1,0,0,20261002,20261212
12451,1,1,1,1,1,0,0,20261002,20261212
12452,1,1,1,1,1,0,0,20261002,20261212
12453,1,1,1,1,1,0,0,20261002,20261212
12454,1,1,1,1,1,0,0,20261002,20261212
12455,1,1,1,1,1,0,0,20261002,20261212
12456,1,1,1,1,1,0,0,20261002,20261212
12461,1,1,1,1,1,0,0,20261002,20261212
12462,1,1,1,1,1,0,0,20261002,20261212
12463,1,1,1,1,1,0,0,20261002,20261212
12464,1,1,1,1,1,0,0,20261002,20261212
12465,1,1,1,1,1,0,0,20261002,20261212
12466,1,1,1,1,1,0,0,20261002,20261212
12467,1,1,1,1,1,0,0,20261002,20261212
12468,1,1,1,1,1,0,0,20261002,20261212
12469,1,1,1,1,1,0,0,20261002,20261212
12470,1,1,1,1,1,0,0,20261002,20261212
12471,1,1,1,1,1,0,0,20261002,20261212
12472,1,1,1,1,1,0,0,20261002,20261212
12473,1,1,1,1,1,0,0,20261002,20261212
12474,1,1,1,1,1,0,0,20261002,20261212
12475,1,1,1,1,1,0,0,20261002,20261212
12476,1,1,1,1,1,0,0,20261002,20261212
12477,1,1,1,1,1,0,0,20261002,20261212
12478,1,1,1,1,1,0,0,20261002,20261212
12479,1,1,1,1,1,0,0,20261002,20261212
12480,1,1,1,1,1,0,0,20261002,20261212
12481,1,1,1,1,1,0,0,20261002,20261212
12482,1,1,1,1,1,0,0,20261002,20261212
12483,1,1,1,1,1,0,0,20261002,20261212
12484,1,1,1,1,1,0,0,20261002,20261212
12485,1,1,1,1,1,0,0,20261002,20261212
12486,1,1,1,1,1,0,0,20261002,20261212
12487,1,1,1,1,1,0,0,20261002,20261212
12488,1,1,1,1,1,0,0,20261002,20261212
12489,1,1,1,1,1,0,0,20261002,20261212
12490,1,1,1,1,1,0,0,20261002,20261212
12492,0,0,0,0,0,1,0,20261002,20261212
12493,0,0,0,0,0,1,0,20261002,20261212
12494,0,0,0,0,0,1,0,20261002,20261212
12495,0,0,0,0,0,0,1,20261002,20261212
12496,0,0,0,0,0,1,1,20261002,20261212
12497,0,0,0,0,0,1,0,20261002,20261212
12498,0,0,0,0,0,1,1,20261002,20261212
12499,0,0,0,0,0,1,0,20261002,20261212
12500,0,0,0,0,0,1,1,20261002,20261212
12501,0,0,0,0,0,1,1,20261002,20261212
12502,0,0,0,0,0,0,1,20261002,20261212
12503,0,0,0,0,0,1,1,20261002,20261212
12504,0,0,0,0,0,0,1,20261002,20261212
12505,1,1,1,1,1,0,0,20261002,20261212
12506,1,1,1,1,1,0,0,20261002,20261212
12507,1,1,1,1,1,0,0,20261002,20261212
12508,1,1,1,1,1,0,0,20261002,20261212
12509,1,1,1,1,1,0,0,20261002,20261212
12510,1,1,1,1,1,0,0,20261002,20261212
12511,1,1,1,1,1,0,0,20261002,20261212
12512,1,1,1,1,1,0,0,20261002,20261212
12513,1,1,1,1,1,0,0,20261002,20261212
12514,1,1,1,1,1,0,0,20261002,20261212
12515,1,1,1,1,1,0,0,20261002,20261212
12516,1,1,1,1,1,0,0,20261002,20261212
12517,1,1,1,1,1,0,0,20261002,20261212
12518,1,1,1,1,1,0,0,20261002,20261212
12519,1,1,1,1,1,0,0,20261002,20261212
12520,1,1,1,1,1,0,0,20261002,20261212
12521,1,1,1,1,1,0,0,20261002,20261212
12522,1,1,1,1,1,0,0,20261002,20261212
12523,1,1,1,1,1,0,0,20261002,20261212
12524,1,1,1,1,1,0,0,20261002,20261212
12525,1,1,1,1,1,0,0,20261002,20261212
12526,1,1,1,1,1,0,0,20261002,20261212
12527,1,1,1,1,1,0,0,20261002,20261212
12528,1,1,1,1,1,0,0,20261002,20261212
12529,1,1,1,1,1,0,0,20261002,20261212
12530,1,1,1,1,1,0,0,20261002,20261212
12534,0,0,0,0,0,1,0,20261002,20261212
12535,0,0,0,0,0,1,0,20261002,20261212
12536,0,0,0,0,0,1,1,20261002,20261212
12537,0,0,0,0,0,1,0,20261002,20261212
12538,0,0,0,0,0,1,1,20261002,20261212
12539,0,0,0,0,0,0,1,20261002,20261212
12540,0,0,0,0,0,1,1,20261002,20261212
12541,0,0,0,0,0,1,1,20261002,20261212
12542,0,0,0,0,0,1,0,20261002,20261212
12543,0,0,0,0,0,1,1,20261002,20261212
12544,0,0,0,0,0,0,1,20261002,20261212
12545,0,0,0,0,0,1,1,20261002,20261212
12546,1,1,1,1,1,0,0,20261002,20261212
12547,1,1,1,1,1,0,0,20261002,20261212
12548,1,1,1,1,1,0,0,20261002,20261212
12549,1,1,1,1,1,0,0,20261002,20261212
12550,1,1,1,1,1,0,0,20261002,20261212
12551,1,1,1,1,1,0,0,20261002,20261212
12552,1,1,1,1,1,0,0,20261002,20261212
12553,1,1,1,1,1,0,0,20261002,20261212
12554,1,1,1,1,1,0,0,20261002,20261212
12555,1,1,1,1,1,0,0,20261002,20261212
12556,1,1,1,1,1,0,0,20261002,20261212
12557,1,1,1,1,1,0,0,20261002,20261212
12558,1,1,1,1,1,0,0,20261002,20261212
12559,1,1,1,1,1,0,0,20261002,20261212
12560,1,1,1,1,1,0,0,20261002,20261212
12561,1,1,1,1,1,0,0,20261002,20261212
12562,1,1,1,1,1,0,0,20261002,20261212
12563,1,1,1,1,1,0,0,20261002,20261212
12564,1,1,1,1,1,0,0,20261002,20261212
12565,1,1,1,1,1,0,0,20261002,20261212
12566,1,1,1,1,1,0,0,20261002,20261212
12567,1,1,1,1,1,0,0,20261002,20261212
12568,1,1,1,1,1,0,0,20261002,20261212
12569,1,1,1,1,1,0,0,20261002,20261212
12570,1,1,1,1,1,0,0,20261002,20261212
12571,1,1,1,1,1,0,0,20261002,20261212
12572,1,1,1,1,1,0,0,20261002,20261212
12573,1,1,1,1,1,0,0,20261002,20261212
12574,1,1,1,1,1,0,0,20261002,20261212
12577,1,1,1,1,1,0,0,20261002,20261212
12578,1,1,1,1,1,0,0,20261002,20261212
12579,1,1,1,1,1,0,0,20261002,20261212
12580,1,1,1,1,1,0,0,20261002,20261212
12581,1,1,1,1,1,0,0,20261002,20261212
12582,1,1,1,1,1,0,0,20261002,20261212
12583,1,1,1,1,1,0,0,20261002,20261212
12584,1,1,1,1,1,0,0,20261002,20261212
12585,1,1,1,1,1,0,0,20261002,20261212
12586,1,1,1,1,1,0,0,20261002,20261212
12587,1,1,1,1,1,0,0,20261002,20261212
12588,1,1,1,1,1,0,0,20261002,20261212
12589,1,1,1,1,1,0,0,20261002,20261212
12590,1,1,1,1,1,0,0,20261002,20261212
12591,1,1,1,1,1,0,0,20261002,20261212
12592,1,1,1,1,1,0,0,20261002,20261212
12593,1,1,1,1,1,0,0,20261002,20261212
12597,0,0,0,0,0,1,0,20261002,20261212
12598,0,0,0,0,0,1,0,20261002,20261212
12599,0,0,0,0,0,0,1,20261002,20261212
12600,0,0,0,0,0,0,1,20261002,20261212
12601,1,1,1,1,1,0,0,20261002,20261212
12602,1,1,1,1,1,0,0,20261002,20261212
12603,1,1,1,1,1,0,0,20261002,20261212
12604,1,1,1,1,1,0,0,20261002,20261212
12605,1,1,1,1,1,0,0,20261002,20261212
12606,1,1,1,1,1,0,0,20261002,20261212
12607,1,1,1,1,1,0,0,20261002,20261212
12608,1,1,1,1,1,0,0,20261002,20261212
12609,1,1,1,1,1,0,0,20261002,20261212
12610,1,1,1,1,1,0,0,20261002,20261212
12611,1,1,1,1,1,0,0,20261002,20261212
12612,1,1,1,1,1,0,0,20261002,20261212
12613,1,1,1,1,1,0,0,20261002,20261212
12614,1,1,1,1,1,0,0,20261002,20261212
12615,1,1,1,1,1,0,0,20261002,20261212
12616,0,0,0,0,0,1,0,20261002,20261212
12617,0,0,0,0,0,1,0,20261002,20261212
12618,0,0,0,0,0,1,0,20261002,20261212
12619,0,0,0,0,0,1,0,20261002,20261212
12620,0,0,0,0,0,1,0,20261002,20261212
12621,0,0,0,0,0,1,0,20261002,20261212
12622,0,0,0,0,0,1,1,20261002,20261212
12623,0,0,0,0,0,1,1,20261002,20261212
12624,0,0,0,0,0,1,0,20261002,20261212
12625,1,1,1,1,1,0,0,20261002,20261212
12626,1,1,1,1,1,0,0,20261002,20261212
12627,1,1,1,1,1,0,0,20261002,20261212
12628,1,1,1,1,1,0,0,20261002,20261212
12629,1,1,1,1,1,0,0,20261002,20261212
12630,1,1,1,1,1,0,0,20261002,20261212
12631,1,1,1,1,1,0,0,20261002,20261212
12632,1,1,1,1,1,0,0,20261002,20261212
12633,1,1,1,1,1,0,0,20261002,20261212
12634,1,1,1,1,1,0,0,20261002,20261212
12635,1,1,1,1,1,0,0,20261002,20261212
12636,1,1,1,1,1,0,0,20261002,20261212
12637,1,1,1,1,1,0,0,20261002,20261212
12638,1,1,1,1,1,0,0,20261002,20261212
12639,1,1,1,1,1,0,0,20261002,20261212
12640,1,1,1,1,1,0,0,20261002,20261212
12641,1,1,1,1,1,0,0,20261002,20261212
12642,1,1,1,1,1,0,0,20261002,20261212
12643,1,1,1,1,1,0,0,20261002,20261212
12644,1,1,1,1,1,0,0,20261002,20261212
12645,1,1,1,1,1,0,0,20261002,20261212
12646,1,1,1,1,1,0,0,20261002,20261212
12647,1,1,1,1,1,0,0,20261002,20261212
12648,1,1,1,1,1,0,0,20261002,20261212
12649,1,1,1,1,1,0,0,20261002,20261212
12650,1,1,1,1,1,0,0,20261002,20261212
12651,1,1,1,1,1,0,0,20261002,20261212
12652,1,1,1,1,1,0,0,20261002,20261212
12653,1,1,1,1,1,0,0,20261002,20261212
12654,1,1,1,1,1,0,0,20261002,20261212
12655,1,1,1,1,1,0,0,20261002,20261212
12656,1,1,1,1,1,0,0,20261002,20261212
12657,1,1,1,1,1,0,0,20261002,20261212
12658,1,1,1,1,1,0,0,20261002,20261212
12659,1,1,1,1,1,0,0,20261002,20261212
12660,1,1,1,1,1,0,0,20261002,20261212
12661,1,1,1,1,1,0,0,20261002,20261212
12662,1,1,1,1,1,0,0,20261002,20261212
12663,1,1,1,1,1,0,0,20261002,20261212
12664,1,1,1,1,1,0,0,20261002,20261212
12665,1,1,1,1,1,0,0,20261002,20261212
12666,1,1,1,1,1,0,0,20261002,20261212
12671,0,0,0,0,0,1,0,20261002,20261212
12672,0,0,0,0,0,1,0,20261002,20261212
12673,0,0,0,0,0,0,1,20261002,20261212
12674,0,0,0,0,0,0,1,20261002,20261212
12675,0,0,0,0,0,0,1,20261002,20261212
12676,0,0,0,0,0,0,1,20261002,20261212
12677,0,0,0,0,0,1,0,20261002,20261212
12678,0,0,0,0,0,1,0,20261002,20261212
12679,0,0,0,0,0,0,1,20261002,20261212
12680,0,0,0,0,0,0,1,20261002,20261212
12681,0,0,0,0,0,1,0,20261002,20261212
12682,0,0,0,0,0,0,1,20261002,20261212
12683,0,0,0,0,0,0,1,20261002,20261212
12684,0,0,0,0,0,1,0,20261002,20261212
12685,0,0,0,0,0,1,1,20261002,20261212
12686,0,0,0,0,0,0,1,20261002,20261212
12687,0,0,0,0,0,1,1,20261002,20261212
12688,0,0,0,0,0,1,1,20261002,20261212
12689,0,0,0,0,0,1,1,20261002,20261212
12690,0,0,0,0,0,0,1,20261002,20261212
12691,0,0,0,0,0,0,1,20261002,20261212
12692,0,0,0,0,0,1,0,20261002,20261212
12693,0,0,0,0,0,1,0,20261002,20261212
12694,0,0,0,0,0,1,1,20261002,20261212
12695,1,1,1,1,1,0,0,20261002,20261212
12696,1,1,1,1,1,0,0,20261002,20261212
12697,1,1,1,1,1,0,0,20261002,20261212
12698,1,1,1,1,1,0,0,20261002,20261212
12699,1,1,1,1,1,0,0,20261002,20261212
12700,1,1,1,1,1,0,0,20261002,20261212
12701,1,1,1,1,1,0,0,20261002,20261212
12702,1,1,1,1,1,0,0,20261002,20261212
12703,1,1,1,1,1,0,0,20261002,20261212
12704,1,1,1,1,1,0,0,20261002,20261212
12705,1,1,1,1,1,0,0,20261002,20261212
12706,1,1,1,1,1,0,0,20261002,20261212
12707,1,1,1,1,1,0,0,20261002,20261212
12708,1,1,1,1,1,0,0,20261002,20261212
12709,1,1,1,1,1,0,0,20261002,20261212
12710,1,1,1,1,1,0,0,20261002,20261212
12711,1,1,1,1,1,0,0,20261002,20261212
12712,1,1,1,1,1,0,0,20261002,20261212
12713,1,1,1,1,1,0,0,20261002,20261212
12714,1,1,1,1,1,0,0,20261002,20261212
12715,1,1,1,1,1,0,0,20261002,20261212
12716,1,1,1,1,1,0,0,20261002,20261212
12717,1,1,1,1,1,0,0,20261002,20261212
12718,1,1,1,1,1,0,0,20261002,20261212
12719,1,1,1,1,1,0,0,20261002,20261212
12720,1,1,1,1,1,0,0,20261002,20261212
12721,1,1,1,1,1,0,0,20261002,20261212
12722,1,1,1,1,1,0,0,20261002,20261212
12723,1,1,1,1,1,0,0,20261002,20261212
12724,1,1,1,1,1,0,0,20261002,20261212
12725,1,1,1,1,1,0,0,20261002,20261212
12726,1,1,1,1,1,0,0,20261002,20261212
12727,1,1,1,1,1,0,0,20261002,20261212
12728,1,1,1,1,1,0,0,20261002,20261212
12729,1,1,1,1,1,0,0,20261002,20261212
12730,1,1,1,1,1,0,0,20261002,20261212
12731,1,1,1,1,1,0,0,20261002,20261212
12732,1,1,1,1,1,0,0,20261002,20261212
12733,1,1,1,1,1,0,0,20261002,20261212
12734,0,0,0,0,0,1,1,20261002,20261212
12735,0,0,0,0,0,1,1,20261002,20261212
12736,0,0,0,0,0,1,1,20261002,20261212
12737,0,0,0,0,0,1,1,20261002,20261212
12738,0,0,0,0,0,1,1,20261002,20261212
12739,0,0,0,0,0,1,1,20261002,20261212
12740,0,0,0,0,0,1,1,20261002,20261212
12741,0,0,0,0,0,1,1,20261002,20261212
12742,0,0,0,0,0,1,1,20261002,20261212
12743,0,0,0,0,0,1,1,20261002,20261212
12744,0,0,0,0,0,1,1,20261002,20261212
12745,0,0,0,0,0,1,1,20261002,20261212
12746,0,0,0,0,0,1,1,20261002,20261212
12747,0,0,0,0,0,1,1,20261002,20261212
12748,1,1,1,1,1,0,0,20261002,20261212
12749,1,1,1,1,1,0,0,20261002,20261212
12750,1,1,1,1,1,0,0,20261002,20261212
12751,1,1,1,1,1,0,0,20261002,20261212
12752,1,1,1,1,1,0,0,20261002,20261212
12753,1,1,1,1,1,0,0,20261002,20261212
12754,1,1,1,1,1,0,0,20261002,20261212
12755,1,1,1,1,1,0,0,20261002,20261212
12756,1,1,1,1,1,0,0,20261002,20261212
12757,1,1,1,1,1,0,0,20261002,20261212
12758,1,1,1,1,1,0,0,20261002,20261212
12759,1,1,1,1,1,0,0,20261002,20261212
12760,1,1,1,1,1,0,0,20261002,20261212
12761,1,1,1,1,1,0,0,20261002,20261212
12762,0,0,0,0,0,1,1,20261002,20261212
12763,0,0,0,0,0,1,1,20261002,20261212
12764,0,0,0,0,0,1,1,20261002,20261212
12765,0,0,0,0,0,1,1,20261002,20261212
12766,0,0,0,0,0,1,1,20261002,20261212
12767,0,0,0,0,0,1,1,20261002,20261212
12768,0,0,0,0,0,1,0,20261002,20261212
12769,0,0,0,0,0,1,1,20261002,20261212
12770,0,0,0,0,0,1,1,20261002,20261212
12771,0,0,0,0,0,1,1,20261002,20261212
12772,0,0,0,0,0,1,1,20261002,20261212
12773,1,1,1,1,1,0,0,20261002,20261212
12774,1,1,1,1,1,0,0,20261002,20261212
12775,1,1,1,1,1,0,0,20261002,20261212
12776,1,1,1,1,1,0,0,20261002,20261212
12777,1,1,1,1,1,0,0,20261002,20261212
12778,1,1,1,1,1,0,0,20261002,20261212
12779,1,1,1,1,1,0,0,20261002,20261212
12780,1,1,1,1,1,0,0,20261002,20261212
12781,1,1,1,1,1,0,0,20261002,20261212
12782,1,1,1,1,1,0,0,20261002,20261212
12783,1,1,1,1,1,0,0,20261002,20261212
12784,1,1,1,1,1,0,0,20261002,20261212
12785,1,1,1,1,1,0,0,20261002,20261212
12786,1,1,1,1,1,0,0,20261002,20261212
12787,1,1,1,1,1,0,0,20261002,20261212
12788,1,1,1,1,1,0,0,20261002,20261212
12789,1,1,1,1,1,0,0,20261002,20261212
12790,1,1,1,1,1,0,0,20261002,20261212
12791,1,1,1,1,1,0,0,20261002,20261212
12792,1,1,1,1,1,0,0,20261002,20261212
12793,1,1,1,1,1,0,0,20261002,20261212
12794,1,1,1,1,1,0,0,20261002,20261212
12795,1,1,1,1,1,0,0,20261002,20261212
12796,1,1,1,1,1,0,0,20261002,20261212
12797,1,1,1,1,1,0,0,20261002,20261212
12798,1,1,1,1,1,0,0,20261002,20261212
12799,1,1,1,1,1,0,0,20261002,20261212
12800,1,1,1,1,1,0,0,20261002,20261212
12801,1,1,1,1,1,0,0,20261002,20261212
12802,0,0,0,0,0,0,1,20261002,20261212
12803,0,0,0,0,0,0,1,20261002,20261212
12804,0,0,0,0,0,0,1,20261002,20261212
12805,0,0,0,0,0,0,1,20261002,20261212
12806,0,0,0,0,0,1,1,20261002,20261212
12807,0,0,0,0,0,0,1,20261002,20261212
12808,0,0,0,0,0,1,1,20261002,20261212
12809,0,0,0,0,0,1,0,20261002,20261212
12810,0,0,0,0,0,1,1,20261002,20261212
12811,0,0,0,0,0,1,1,20261002,20261212
12812,0,0,0,0,0,1,1,20261002,20261212
12813,0,0,0,0,0,1,1,20261002,20261212
12814,0,0,0,0,0,1,1,20261002,20261212
12825,1,1,1,1,1,0,0,20261002,20261212
12826,1,1,1,1,1,0,0,20261002,20261212
12827,1,1,1,1,1,0,0,20261002,20261212
12828,1,1,1,1,1,0,0,20261002,20261212
12829,1,1,1,1,1,0,0,20261002,20261212
12830,1,1,1,1,1,0,0,20261002,20261212
12832,0,0,0,0,0,1,1,20261002,20261212
12833,0,0,0,0,0,1,1,20261002,20261212
12834,0,0,0,0,0,1,0,20261002,20261212
12835,0,0,0,0,0,1,1,20261002,20261212
12836,0,0,0,0,0,1,0,20261002,20261212
12837,0,0,0,0,0,1,1,20261002,20261212
12838,0,0,0,0,0,1,1,20261002,20261212
12839,0,0,0,0,0,1,1,20261002,20261212
12840,1,1,1,1,1,0,0,20261002,20261212
12841,1,1,1,1,1,0,0,20261002,20261212
12842,0,0,0,0,0,0,1,20261002,20261212
12843,1,1,1,1,1,0,0,20261002,20261212
12844,1,1,1,1,1,0,0,20261002,20261212
12845,0,0,0,0,0,0,1,20261002,20261212
12846,1,1,1,1,1,0,0,20261002,20261212
12847,1,1,1,1,1,0,0,20261002,20261212
12848,1,1,1,1,1,0,1,20261002,20261212
12849,1,1,1,1,1,0,0,20261002,20261212
12850,1,1,1,1,1,0,0,20261002,20261212
12851,1,1,1,1,1,0,0,20261002,20261212
12852,1,1,1,1,1,0,0,20261002,20261212
12853,1,1,1,1,1,0,0,20261002,20261212
12854,1,1,1,1,1,0,0,20261002,20261212
12855,1,1,1,1,1,0,0,20261002,20261212
12856,1,1,1,1,1,0,0,20261002,20261212
12857,1,1,1,1,1,0,0,20261002,20261212
12858,1,1,1,1,1,0,0,20261002,20261212
12859,1,1,1,1,1,0,0,20261002,20261212
12860,1,1,1,1,1,0,0,20261002,20261212
12861,1,1,1,1,1,0,0,20261002,20261212
12862,0,0,0,0,0,0,1,20261002,20261212
12863,1,1,1,1,1,0,0,20261002,20261212
12864,1,1,1,1,1,0,0,20261002,20261212
12865,1,1,1,1,1,0,0,20261002,20261212
12866,1,1,1,1,1,0,0,20261002,20261212
12867,1,1,1,1,1,0,0,20261002,20261212
12868,1,1,1,1,1,0,0,20261002,20261212
12869,1,1,1,1,1,0,0,20261002,20261212
12870,0,0,0,0,0,0,1,20261002,20261212
12871,1,1,1,1,1,0,1,20261002,20261212
12872,1,1,1,1,1,1,1,20261002,20261212
12873,0,0,0,0,0,0,1,20261002,20261212
12874,1,1,1,1,1,0,1,20261002,20261212
12875,1,1,1,1,1,0,0,20261002,20261212
12876,1,1,1,1,1,1,1,20261002,20261212
12877,1,1,1,1,1,1,1,20261002,20261212
12878,1,1,1,1,1,1,1,20261002,20261212
12879,0,0,0,0,0,0,1,20261002,20261212
12880,1,1,1,1,1,0,0,20261002,20261212
12881,1,1,1,1,1,0,1,20261002,20261212
12882,1,1,1,1,1,1,1,20261002,20261212
12883,1,1,1,1,1,0,0,20261002,20261212
12884,1,1,1,1,1,0,1,20261002,20261212
12885,1,1,1,1,1,0,0,20261002,20261212
12886,0,0,0,0,0,0,1,20261002,20261212
12887,1,1,1,1,1,0,0,20261002,20261212
12888,1,1,1,1,1,0,0,20261002,20261212
12889,1,1,1,1,1,0,0,20261002,20261212
12890,1,1,1,1,1,0,0,20261002,20261212
12891,1,1,1,1,1,1,1,20261002,20261212
12892,1,1,1,1,1,0,0,20261002,20261212
12893,1,1,1,1,1,0,0,20261002,20261212
12894,1,1,1,1,1,0,0,20261002,20261212
12895,1,1,1,1,1,0,0,20261002,20261212
12896,1,1,1,1,1,0,0,20261002,20261212
12897,0,0,0,0,0,1,1,20261002,20261212
12898,0,0,0,0,0,1,1,20261002,20261212
12899,1,1,1,1,1,0,0,20261002,20261212
12900,1,1,1,1,1,0,0,20261002,20261212
12901,1,1,1,1,1,0,0,20261002,20261212
12902,1,1,1,1,1,0,0,20261002,20261212
12903,1,1,1,1,1,0,0,20261002,20261212
12904,1,1,1,1,1,0,0,20261002,20261212
12905,1,1,1,1,1,0,0,20261002,20261212
12906,1,1,1,1,1,0,0,20261002,20261212
12907,1,1,1,1,1,0,0,20261002,20261212
12908,0,0,0,0,0,0,1,20261002,20261212
12909,1,1,1,1,1,0,0,20261002,20261212
12910,1,1,1,1,1,0,0,20261002,20261212
12911,1,1,1,1,1,0,0,20261002,20261212
12912,1,1,1,1,1,0,0,20261002,20261212
12913,1,1,1,1,1,0,0,20261002,20261212
12914,1,1,1,1,1,0,0,20261002,20261212
12915,1,1,1,1,1,1,0,20261002,20261212
12916,1,1,1,1,1,0,0,20261002,20261212
12917,1,1,1,1,1,0,0,20261002,20261212
12918,1,1,1,1,1,0,0,20261002,20261212
12919,1,1,1,1,1,0,0,20261002,20261212
12920,1,1,1,1,1,0,0,20261002,20261212
12921,1,1,1,1,1,0,0,20261002,20261212
12922,1,1,1,1,1,0,0,20261002,20261212
12923,1,1,1,1,1,0,0,20261002,20261212
12924,1,1,1,1,1,0,0,20261002,20261212
12925,1,1,1,1,1,0,0,20261002,20261212
12926,1,1,1,1,1,0,0,20261002,20261212
12927,1,1,1,1,1,0,0,20261002,20261212
12928,1,1,1,1,1,0,0,20261002,20261212
12929,1,1,1,1,1,0,0,20261002,20261212
12930,1,1,1,1,1,0,0,20261002,20261212
12931,1,1,1,1,1,0,0,20261002,20261212
12932,1,1,1,1,1,0,0,20261002,20261212
12933,1,1,1,1,1,0,0,20261002,20261212
12934,1,1,1,1,1,0,0,20261002,20261212
12935,1,1,1,1,1,0,0,20261002,20261212
12936,1,1,1,1,1,0,0,20261002,20261212
12937,1,1,1,1,1,0,0,20261002,20261212
12938,1,1,1,1,1,0,0,20261002,20261212
12939,1,1,1,1,1,0,0,20261002,20261212
12940,1,1,1,1,1,0,0,20261002,20261212
12941,1,1,1,1,1,0,0,20261002,20261212
12942,1,1,1,1,1,0,0,20261002,20261212
12943,0,0,0,0,0,1,1,20261002,20261212
12944,0,0,0,0,0,1,1,20261002,20261212
12945,0,0,0,0,0,1,1,20261002,20261212
12946,0,0,0,0,0,1,1,20261002,20261212
12947,0,0,0,0,0,1,1,20261002,20261212
12948,0,0,0,0,0,1,1,20261002,20261212
12949,0,0,0,0,0,1,1,20261002,20261212
12950,0,0,0,0,0,1,1,20261002,20261212
12951,0,0,0,0,0,1,1,20261002,20261212
12952,0,0,0,0,0,1,1,20261002,20261212
12953,0,0,0,0,0,1,1,20261002,20261212
12954,0,0,0,0,0,1,1,20261002,20261212
12955,1,1,1,1,1,0,0,20261002,20261212
12956,1,1,1,1,1,0,0,20261002,20261212
12957,1,1,1,1,1,0,0,20261002,20261212
12958,1,1,1,1,1,0,0,20261002,20261212
12959,1,1,1,1,1,0,0,20261002,20261212
12960,1,1,1,1,1,0,0,20261002,20261212
12961,1,1,1,1,1,0,0,20261002,20261212
12962,1,1,1,1,1,0,1,20261002,20261212
12963,0,0,0,0,0,0,1,20261002,20261212
12964,1,1,1,1,1,0,1,20261002,20261212
12965,1,1,1,1,1,0,0,20261002,20261212
12966,0,0,0,0,0,1,0,20261002,20261212
12967,1,1,1,1,1,0,0,20261002,20261212
12969,0,0,0,0,0,1,1,20261002,20261212
12970,1,1,1,1,1,0,0,20261002,20261212
12971,0,0,0,0,0,0,1,20261002,20261212
12972,1,1,1,1,1,0,0,20261002,20261212
12973,1,1,1,1,1,0,0,20261002,20261212
12974,0,0,0,0,0,0,1,20261002,20261212
12975,0,0,0,0,0,0,1,20261002,20261212
12976,1,1,1,1,1,0,0,20261002,20261212
12977,1,1,1,1,1,1,0,20261002,20261212
12978,1,1,1,1,1,0,1,20261002,20261212
12979,0,0,0,0,0,0,1,20261002,20261212
12980,0,0,0,0,0,0,1,20261002,20261212
12981,1,1,1,1,1,0,0,20261002,20261212
12982,1,1,1,1,1,0,0,20261002,20261212
12983,1,1,1,1,1,0,0,20261002,20261212
12984,1,1,1,1,1,0,0,20261002,20261212
12985,0,0,0,0,0,0,1,20261002,20261212
12986,0,0,0,0,0,1,1,20261002,20261212
12987,1,1,1,1,1,0,0,20261002,20261212
12988,1,1,1,1,1,1,1,20261002,20261212
12989,1,1,1,1,1,0,0,20261002,20261212
12990,1,1,1,1,1,0,0,20261002,20261212
12991,1,1,1,1,1,0,0,20261002,20261212
12992,1,1,1,1,1,0,0,20261002,20261212
12993,1,1,1,1,1,0,0,20261002,20261212
12994,0,0,0,0,0,1,1,20261002,20261212
12995,1,1,1,1,1,0,0,20261002,20261212
12996,1,1,1,1,1,0,0,20261002,20261212
12997,0,0,0,0,0,1,1,20261002,20261212
12998,1,1,1,1,1,0,0,20261002,20261212
12999,1,1,1,1,1,0,0,20261002,20261212
13000,1,1,1,1,1,0,0,20261002,20261212
13001,1,1,1,1,1,1,0,20261002,20261212
13002,1,1,1,1,1,0,0,20261002,20261212
13003,1,1,1,1,1,0,0,20261002,20261212
13004,1,1,1,1,1,0,0,20261002,20261212
13005,1,1,1,1,1,0,0,20261002,20261212
13006,1,1,1,1,1,0,0,20261002,20261212
13007,1,1,1,1,1,0,0,20261002,20261212
13008,1,1,1,1,1,1,1,20261002,20261212
13009,1,1,1,1,1,0,0,20261002,20261212
13010,1,1,1,1,1,0,0,20261002,20261212
13011,1,1,1,1,1,0,0,20261002,20261212
13012,1,1,1,1,1,0,0,20261002,20261212
13013,1,1,1,1,1,0,0,20261002,20261212
13014,1,1,1,1,1,0,0,20261002,20261212
13015,1,1,1,1,1,0,0,20261002,20261212
13016,1,1,1,1,1,0,0,20261002,20261212
13017,0,0,0,0,0,1,0,20261002,20261212
13018,1,1,1,1,1,0,0,20261002,20261212
13019,1,1,1,1,1,0,0,20261002,20261212
13020,1,1,1,1,1,0,0,20261002,20261212
13021,0,0,0,0,0,1,1,20261002,20261212
13022,1,1,1,1,1,0,0,20261002,20261212
13023,1,1,1,1,1,0,0,20261002,20261212
13024,1,1,1,1,1,0,0,20261002,20261212
13025,1,1,1,1,1,0,0,20261002,20261212
13026,1,1,1,1,1,0,0,20261002,20261212
13027,1,1,1,1,1,0,0,20261002,20261212
13028,1,1,1,1,1,0,0,20261002,20261212
13029,1,1,1,1,1,0,0,20261002,20261212
13030,1,1,1,1,1,0,0,20261002,20261212
13031,1,1,1,1,1,0,0,20261002,20261212
13032,1,1,1,1,1,0,0,20261002,20261212
13033,1,1,1,1,1,0,0,20261002,20261212
13034,1,1,1,1,1,0,0,20261002,20261212
13035,1,1,1,1,1,0,0,20261002,20261212
13036,1,1,1,1,1,0,0,20261002,20261212
13037,1,1,1,1,1,0,0,20261002,20261212
13038,1,1,1,1,1,0,0,20261002,20261212
13039,1,1,1,1,1,0,0,20261002,20261212
13040,1,1,1,1,1,0,0,20261002,20261212
13041,1,1,1,1,1,0,0,20261002,20261212
13042,0,0,0,0,0,1,1,20261002,20261212
13043,0,0,0,0,0,1,1,20261002,20261212
13044,0,0,0,0,0,1,1,20261002,20261212
13045,0,0,0,0,0,1,1,20261002,20261212
13046,0,0,0,0,0,1,1,20261002,20261212
13047,0,0,0,0,0,1,1,20261002,20261212
13048,1,1,1,1,1,0,0,20261002,20261212
13049,1,1,1,1,1,0,0,20261002,20261212
13050,1,1,1,1,1,0,0,20261002,20261212
13051,0,0,0,0,0,1,1,20261002,20261212
13052,0,0,0,0,0,1,1,20261002,20261212
13053,1,1,1,1,1,0,0,20261002,20261212
13054,1,1,1,1,1,0,0,20261002,20261212
13055,1,1,1,1,1,0,0,20261002,20261212
13056,1,1,1,1,1,0,0,20261002,20261212
13057,1,1,1,1,1,0,0,20261002,20261212
13058,1,1,1,1,1,0,0,20261002,20261212
13059,1,1,1,1,1,0,0,20261002,20261212
13060,1,1,1,1,1,0,0,20261002,20261212
13061,1,1,1,1,1,0,0,20261002,20261212
13062,1,1,1,1,1,0,0,20261002,20261212
13063,1,1,1,1,1,0,0,20261002,20261212
13064,0,0,0,0,0,1,1,20261002,20261212
13065,0,0,0,0,0,1,1,20261002,20261212
13066,1,1,1,1,1,0,0,20261002,20261212
13067,1,1,1,1,1,0,0,20261002,20261212
13068,1,1,1,1,1,0,0,20261002,20261212
13069,1,1,1,1,1,0,0,20261002,20261212
13070,1,1,1,1,1,0,0,20261002,20261212
13071,0,0,0,0,0,1,1,20261002,20261212
13072,1,1,1,1,1,0,0,20261002,20261212
13073,1,1,1,1,1,0,0,20261002,20261212
13074,1,1,1,1,1,0,0,20261002,20261212
13075,1,1,1,1,1,0,0,20261002,20261212
13076,1,1,1,1,1,0,0,20261002,20261212
13077,1,1,1,1,1,0,0,20261002,20261212
13078,0,0,0,0,0,1,1,20261002,20261212
13079,1,1,1,1,1,0,0,20261002,20261212
13080,1,1,1,1,1,0,0,20261002,20261212
13081,1,1,1,1,1,0,0,20261002,20261212
13082,1,1,1,1,1,0,0,20261002,20261212
13083,0,0,0,0,0,1,1,20261002,20261212
13084,1,1,1,1,1,0,0,20261002,20261212
13085,1,1,1,1,1,0,0,20261002,20261212
13086,1,1,1,1,1,0,0,20261002,20261212
13087,0,0,0,0,0,1,1,20261002,20261212
13088,1,1,1,1,1,0,0,20261002,20261212
13089,1,1,1,1,1,0,0,20261002,20261212
13090,0,0,0,0,0,1,1,20261002,20261212
13091,0,0,0,0,0,1,1,20261002,20261212
13092,1,1,1,1,1,0,0,20261002,20261212
13093,1,1,1,1,1,1,1,20261002,20261212
13094,1,1,1,1,1,0,0,20261002,20261212
13095,1,1,1,1,1,0,0,20261002,20261212
13096,1,1,1,1,1,0,0,20261002,20261212
13097,1,1,1,1,1,0,0,20261002,20261212
13098,1,1,1,1,1,0,0,20261002,20261212
13099,1,1,1,1,1,0,0,20261002,20261212
13100,0,0,0,0,0,1,1,20261002,20261212
13101,0,0,0,0,0,1,1,20261002,20261212
13102,0,0,0,0,0,1,1,20261002,20261212
13103,0,0,0,0,0,1,1,20261002,20261212
13104,0,0,0,0,0,1,1,20261002,20261212
13105,0,0,0,0,0,1,1,20261002,20261212
13106,0,0,0,0,0,1,1,20261002,20261212
13107,1,1,1,1,1,0,0,20261002,20261212
13108,0,0,0,0,0,1,1,20261002,20261212
13109,1,1,1,1,1,0,0,20261002,20261212
13110,0,0,0,0,0,1,1,20261002,20261212
13111,0,0,0,0,0,1,1,20261002,20261212
13112,0,0,0,0,0,1,1,20261002,20261212
13113,0,0,0,0,0,1,0,20261002,20261212
13114,0,0,0,0,0,0,1,20261002,20261212
13115,0,0,0,0,0,0,1,20261002,20261212
13116,0,0,0,0,0,0,1,20261002,20261212
13117,0,0,0,0,0,1,1,20261002,20261212
13118,1,1,1,1,1,0,0,20261002,20261212
13119,1,1,1,1,1,0,0,20261002,20261212
13120,1,1,1,1,1,0,0,20261002,20261212
13121,1,1,1,1,1,0,0,20261002,20261212
13122,0,0,0,0,0,1,1,20261002,20261212
13123,0,0,0,0,0,1,1,20261002,20261212
13127,0,0,0,0,0,1,1,20261002,20261212
13128,0,0,0,0,0,1,1,20261002,20261212
13131,0,0,0,0,0,1,1,20261002,20261212
13135,0,0,0,0,0,1,1,20261002,20261212
13138,0,0,0,0,0,1,1,20261002,20261212
13139,0,0,0,0,0,1,1,20261002,20261212
13142,0,0,0,0,0,1,1,20261002,20261212
13146,0,0,0,0,0,1,1,20261002,20261212
13150,0,0,0,0,0,1,1,20261002,20261212
13154,0,0,0,0,0,1,1,20261002,20261212
13155,0,0,0,0,0,1,1,20261002,20261212
13158,0,0,0,0,0,1,1,20261002,20261212
13163,0,0,0,0,0,1,1,20261002,20261212
13164,0,0,0,0,0,1,1,20261002,20261212
13167,0,0,0,0,0,1,1,20261002,20261212
13168,0,0,0,0,0,1,1,20261002,20261212
13171,0,0,0,0,0,1,1,20261002,20261212
13175,0,0,0,0,0,1,1,20261002,20261212
13177,0,0,0,0,0,1,1,20261002,20261212
13180,0,0,0,0,0,1,1,20261002,20261212
13184,0,0,0,0,0,1,1,20261002,20261212
13185,0,0,0,0,0,1,1,20261002,20261212
13189,0,0,0,0,0,1,1,20261002,20261212
13192,0,0,0,0,0,1,1,20261002,20261212
13194,0,0,0,0,0,1,1,20261002,20261212
13196,0,0,0,0,0,1,1,20261002,20261212
13197,0,0,0,0,0,1,1,20261002,20261212
13202,0,0,0,0,0,1,1,20261002,20261212
13205,0,0,0,0,0,1,1,20261002,20261212
13206,0,0,0,0,0,1,1,20261002,20261212
13207,0,0,0,0,0,1,1,20261002,20261212
13217,0,0,0,0,0,1,1,20261002,20261212
13218,0,0,0,0,0,1,1,20261002,20261212
13220,0,0,0,0,0,1,1,20261002,20261212
13221,0,0,0,0,0,1,1,20261002,20261212
13227,0,0,0,0,0,1,1,20261002,20261212
13228,0,0,0,0,0,1,1,20261002,20261212
13231,0,0,0,0,0,1,1,20261002,20261212
13232,0,0,0,0,0,1,1,20261002,20261212
13239,0,0,0,0,0,1,1,20261002,20261212
13242,0,0,0,0,0,1,1,20261002,20261212
13243,0,0,0,0,0,1,1,20261002,20261212
13244,0,0,0,0,0,1,1,20261002,20261212
13251,0,0,0,0,0,1,1,20261002,20261212
13255,0,0,0,0,0,1,1,20261002,20261212
13259,0,0,0,0,0,1,1,20261002,20261212
13260,0,0,0,0,0,1,1,20261002,20261212
13266,0,0,0,0,0,1,1,20261002,20261212
13270,0,0,0,0,0,1,1,20261002,20261212
13271,0,0,0,0,0,1,1,20261002,20261212
13274,0,0,0,0,0,1,1,20261002,20261212
13280,0,0,0,0,0,1,1,20261002,20261212
13283,0,0,0,0,0,1,1,20261002,20261212
13284,0,0,0,0,0,1,1,20261002,20261212
13286,0,0,0,0,0,1,1,20261002,20261212
13294,0,0,0,0,0,1,1,20261002,20261212
13295,0,0,0,0,0,1,1,20261002,20261212
13296,0,0,0,0,0,1,1,20261002,20261212
13297,0,0,0,0,0,1,1,20261002,20261212
13304,0,0,0,0,0,1,1,20261002,20261212
13307,0,0,0,0,0,1,1,20261002,20261212
13308,0,0,0,0,0,1,1,20261002,20261212
13312,0,0,0,0,0,1,1,20261002,20261212
13315,0,0,0,0,0,1,1,20261002,20261212
13318,0,0,0,0,0,1,1,20261002,20261212
13319,0,0,0,0,0,1,1,20261002,20261212
13324,0,0,0,0,0,1,1,20261002,20261212
13325,0,0,0,0,0,1,1,20261002,20261212
13328,0,0,0,0,0,1,1,20261002,20261212
13334,0,0,0,0,0,1,1,20261002,20261212
13335,0,0,0,0,0,1,1,20261002,20261212
13339,0,0,0,0,0,1,1,20261002,20261212
13341,0,0,0,0,0,1,1,20261002,20261212
13344,0,0,0,0,0,1,1,20261002,20261212
13348,0,0,0,0,0,1,1,20261002,20261212
13350,0,0,0,0,0,1,1,20261002,20261212
13351,0,0,0,0,0,1,1,20261002,20261212
13353,0,0,0,0,0,1,1,20261002,20261212
13354,0,0,0,0,0,1,1,20261002,20261212
13357,0,0,0,0,0,1,1,20261002,20261212
13362,0,0,0,0,0,1,1,20261002,20261212
13364,0,0,0,0,0,1,1,20261002,20261212
13368,0,0,0,0,0,1,1,20261002,20261212
13372,0,0,0,0,0,1,1,20261002,20261212
13373,0,0,0,0,0,1,1,20261002,20261212
13377,0,0,0,0,0,1,1,20261002,20261212
13378,0,0,0,0,0,1,1,20261002,20261212
13382,0,0,0,0,0,1,1,20261002,20261212
13383,0,0,0,0,0,1,1,20261002,20261212
13387,0,0,0,0,0,1,1,20261002,20261212
13388,0,0,0,0,0,1,1,20261002,20261212
13397,1,1,1,1,1,1,1,20261002,20261212
13398,1,1,1,1,1,1,0,20261002,20261212
13423,1,1,1,1,1,0,0,20261002,20261212
13424,1,1,1,1,1,0,0,20261002,20261212
13425,1,1,1,1,1,0,0,20261002,20261212
13426,1,1,1,1,1,0,0,20261002,20261212
13427,1,1,1,1,1,0,0,20261002,20261212
13428,1,1,1,1,1,0,0,20261002,20261212
13429,1,1,1,1,1,0,0,20261002,20261212
13430,1,1,1,1,1,0,0,20261002,20261212
13431,1,1,1,1,1,0,0,20261002,20261212
13432,1,1,1,1,1,0,0,20261002,20261212
13433,1,1,1,1,1,0,0,20261002,20261212
13435,0,0,0,0,0,0,1,20261002,20261212
13436,0,0,0,0,0,0,1,20261002,20261212
13437,0,0,0,0,0,1,1,20261002,20261212
13438,0,0,0,0,0,1,1,20261002,20261212
13439,0,0,0,0,0,1,1,20261002,20261212
13440,0,0,0,0,0,1,1,20261002,20261212
13441,0,0,0,0,0,1,1,20261002,20261212
13442,0,0,0,0,0,1,1,20261002,20261212
13443,0,0,0,0,0,1,1,20261002,20261212
13444,0,0,0,0,0,1,1,20261002,20261212
13445,0,0,0,0,0,1,1,20261002,20261212
13446,0,0,0,0,0,1,1,20261002,20261212
13447,0,0,0,0,0,1,1,20261002,20261212
13448,0,0,0,0,0,1,1,20261002,20261212
13449,0,0,0,0,0,1,1,20261002,20261212
13450,0,0,0,0,0,1,1,20261002,20261212
13451,0,0,0,0,0,1,1,20261002,20261212
13452,0,0,0,0,0,1,1,20261002,20261212
13453,0,0,0,0,0,1,1,20261002,20261212
13454,0,0,0,0,0,1,1,20261002,20261212
13455,1,1,1,1,1,0,0,20261002,20261212
13456,1,1,1,1,1,0,0,20261002,20261212
13457,1,1,1,1,1,0,0,20261002,20261212
13458,1,1,1,1,1,0,0,20261002,20261212
13459,1,1,1,1,1,0,0,20261002,20261212
13460,1,1,1,1,1,0,0,20261002,20261212
13461,1,1,1,1,1,0,0,20261002,20261212
13462,1,1,1,1,1,0,0,20261002,20261212
13463,1,1,1,1,1,0,0,20261002,20261212
13464,1,1,1,1,1,0,0,20261002,20261212
13465,1,1,1,1,1,0,0,20261002,20261212
13500,1,1,1,1,1,0,0,20261002,20261212
13501,1,1,1,1,1,0,0,20261002,20261212
13502,1,1,1,1,1,0,0,20261002,20261212
13503,1,1,1,1,1,0,0,20261002,20261212
13504,0,0,0,0,0,1,1,20261002,20261212
13505,0,0,0,0,0,1,1,20261002,20261212
13506,0,0,0,0,0,1,1,20261002,20261212
13507,0,0,0,0,0,1,1,20261002,20261212
13508,0,0,0,0,0,1,1,20261002,20261212
13509,0,0,0,0,0,1,1,20261002,20261212
13510,0,0,0,0,0,1,1,20261002,20261212
13556,1,1,1,1,1,0,0,20261002,20261212
13557,1,1,1,1,1,0,0,20261002,20261212
13558,1,1,1,1,1,0,0,20261002,20261212
13559,1,1,1,1,1,0,0,20261002,20261212
13560,1,1,1,1,1,0,0,20261002,20261212
13561,1,1,1,1,1,0,0,20261002,20261212
13562,1,1,1,1,1,0,0,20261002,20261212
13563,1,1,1,1,1,0,0,20261002,20261212
13564,1,1,1,1,1,0,0,20261002,20261212
13565,1,1,1,1,1,0,0,20261002,20261212
13566,1,1,1,1,1,0,0,20261002,20261212
13567,1,1,1,1,1,0,0,20261002,20261212
13568,1,1,1,1,1,0,0,20261002,20261212
13569,1,1,1,1,1,0,0,20261002,20261212
13570,1,1,1,1,1,0,0,20261002,20261212
13571,1,1,1,1,1,0,0,20261002,20261212
13572,1,1,1,1,1,0,0,20261002,20261212
13573,1,1,1,1,1,0,0,20261002,20261212
13574,1,1,1,1,1,0,0,20261002,20261212
13575,1,1,1,1,1,0,0,20261002,20261212
13576,1,1,1,1,1,0,0,20261002,20261212
13577,1,1,1,1,1,0,0,20261002,20261212
13578,1,1,1,1,1,0,0,20261002,20261212
13579,1,1,1,1,1,0,0,20261002,20261212
13580,1,1,1,1,1,0,0,20261002,20261212
13581,1,1,1,1,1,0,0,20261002,20261212
13582,1,1,1,1,1,0,0,20261002,20261212
13583,1,1,1,1,1,0,0,20261002,20261212
13584,1,1,1,1,1,0,0,20261002,20261212
13585,1,1,1,1,1,0,0,20261002,20261212
13586,1,1,1,1,1,0,0,20261002,20261212
13587,1,1,1,1,1,0,0,20261002,20261212
13588,1,1,1,1,1,0,0,20261002,20261212
13589,1,1,1,1,1,0,0,20261002,20261212
13590,1,1,1,1,1,0,0,20261002,20261212
13591,1,1,1,1,1,0,0,20261002,20261212
13592,1,1,1,1,1,0,0,20261002,20261212
13593,1,1,1,1,1,0,0,20261002,20261212
13594,1,1,1,1,1,0,0,20261002,20261212
13595,1,1,1,1,1,0,0,20261002,20261212
13596,1,1,1,1,1,0,0,20261002,20261212
13597,1,1,1,1,1,0,0,20261002,20261212
13598,0,0,0,0,0,1,1,20261002,20261212
13599,0,0,0,0,0,1,1,20261002,20261212
13600,0,0,0,0,0,1,1,20261002,20261212
13601,0,0,0,0,0,1,1,20261002,20261212
13602,0,0,0,0,0,1,0,20261002,20261212
13603,0,0,0,0,0,0,1,20261002,20261212
13604,0,0,0,0,0,0,1,20261002,20261212
13605,0,0,0,0,0,1,0,20261002,20261212
13606,0,0,0,0,0,1,0,20261002,20261212
13607,0,0,0,0,0,0,1,20261002,20261212
13608,0,0,0,0,0,0,1,20261002,20261212
13609,0,0,0,0,0,0,1,20261002,20261212
13610,0,0,0,0,0,0,1,20261002,20261212
13611,0,0,0,0,0,1,0,20261002,20261212
13612,0,0,0,0,0,1,1,20261002,20261212
13613,0,0,0,0,0,1,1,20261002,20261212
13614,0,0,0,0,0,1,1,20261002,20261212
13615,0,0,0,0,0,1,1,20261002,20261212
13616,0,0,0,0,0,1,1,20261002,20261212
13617,0,0,0,0,0,1,0,20261002,20261212
13618,0,0,0,0,0,1,0,20261002,20261212
13619,0,0,0,0,0,0,1,20261002,20261212
13620,0,0,0,0,0,0,1,20261002,20261212
13621,0,0,0,0,0,1,0,20261002,20261212
13622,0,0,0,0,0,1,1,20261002,20261212
13623,0,0,0,0,0,0,1,20261002,20261212
13624,0,0,0,0,0,1,1,20261002,20261212
13625,0,0,0,0,0,1,1,20261002,20261212
13626,0,0,0,0,0,1,0,20261002,20261212
13627,0,0,0,0,0,1,1,20261002,20261212
13628,0,0,0,0,0,0,1,20261002,20261212
13629,0,0,0,0,0,1,0,20261002,20261212
13630,0,0,0,0,0,0,1,20261002,20261212
13631,0,0,0,0,0,0,1,20261002,20261212
13632,1,1,1,1,1,0,0,20261002,20261212
13633,1,1,1,1,1,0,0,20261002,20261212
13634,1,1,1,1,1,0,0,20261002,20261212
13635,1,1,1,1,1,0,0,20261002,20261212
13636,1,1,1,1,1,0,0,20261002,20261212
13637,1,1,1,1,1,0,0,20261002,20261212
13638,1,1,1,1,1,0,0,20261002,20261212
13639,1,1,1,1,1,0,0,20261002,20261212
13640,0,0,0,0,0,1,1,20261002,20261212
13641,0,0,0,0,0,1,1,20261002,20261212
13642,1,1,1,1,1,1,1,20261002,20261212
13643,1,1,1,1,1,1,1,20261002,20261212
13645,0,0,0,0,0,1,1,20261002,20261212
13648,1,1,1,1,1,1,1,20261002,20261212
13649,1,1,1,1,1,1,1,20261002,20261212
13650,1,1,1,1,1,1,1,20261002,20261212
13651,1,1,1,1,1,1,1,20261002,20261212
13652,1,1,1,1,1,1,1,20261002,20261212
13653,1,1,1,1,1,1,1,20261002,20261212
13657,0,0,0,0,0,1,1,20261002,20261212
13720,0,0,0,0,0,1,1,20261002,20261212
13721,0,0,0,0,0,1,1,20261002,20261212
13740,1,1,1,1,1,0,0,20261002,20261212
13741,1,1,1,1,1,0,0,20261002,20261212
13742,1,1,1,1,1,0,0,20261002,20261212
13743,1,1,1,1,1,0,0,20261002,20261212
13744,1,1,1,1,1,0,0,20261002,20261212
13745,1,1,1,1,1,0,0,20261002,20261212
13746,1,1,1,1,1,0,0,20261002,20261212
13747,1,1,1,1,1,0,0,20261002,20261212
13748,1,1,1,1,1,0,0,20261002,20261212
13749,1,1,1,1,1,0,0,20261002,20261212
13750,1,1,1,1,1,0,0,20261002,20261212
13751,1,1,1,1,1,0,0,20261002,20261212
13752,1,1,1,1,1,0,0,20261002,20261212
13753,1,1,1,1,1,0,0,20261002,20261212
13754,1,1,1,1,1,0,0,20261002,20261212
13755,1,1,1,1,1,0,0,20261002,20261212
13756,1,1,1,1,1,0,0,20261002,20261212
13757,1,1,1,1,1,0,0,20261002,20261212
13758,1,1,1,1,1,0,0,20261002,20261212
13759,1,1,1,1,1,0,0,20261002,20261212
13760,1,1,1,1,1,0,0,20261002,20261212
13761,1,1,1,1,1,0,0,20261002,20261212
13762,1,1,1,1,1,0,0,20261002,20261212
13763,0,0,0,0,0,1,1,20261002,20261212
13764,0,0,0,0,0,1,1,20261002,20261212
13765,0,0,0,0,0,1,1,20261002,20261212
13766,0,0,0,0,0,1,1,20261002,20261212
13767,0,0,0,0,0,1,1,20261002,20261212
13768,0,0,0,0,0,1,1,20261002,20261212
13769,0,0,0,0,0,1,1,20261002,20261212
13770,0,0,0,0,0,1,1,20261002,20261212
13771,0,0,0,0,0,1,1,20261002,20261212
13772,0,0,0,0,0,1,1,20261002,20261212
13773,0,0,0,0,0,1,1,20261002,20261212
13774,0,0,0,0,0,1,1,20261002,20261212
13775,0,0,0,0,0,1,1,20261002,20261212
13776,0,0,0,0,0,1,1,20261002,20261212
13777,1,1,1,1,1,0,0,20261002,20261212
13778,1,1,1,1,1,0,0,20261002,20261212
13779,1,1,1,1,1,0,0,20261002,20261212
13780,1,1,1,1,1,0,0,20261002,20261212
13781,1,1,1,1,1,0,0,20261002,20261212
13782,1,1,1,1,1,0,0,20261002,20261212
13783,1,1,1,1,1,0,0,20261002,20261212
13784,1,1,1,1,1,0,0,20261002,20261212
13785,1,1,1,1,1,0,0,20261002,20261212
13786,1,1,1,1,1,0,0,20261002,20261212
13787,1,1,1,1,1,0,0,20261002,20261212
13788,1,1,1,1,1,0,0,20261002,20261212
13789,1,1,1,1,1,0,0,20261002,20261212
13790,1,1,1,1,1,0,0,20261002,20261212
13791,1,1,1,1,1,0,0,20261002,20261212
13792,1,1,1,1,1,0,0,20261002,20261212
13793,1,1,1,1,1,0,0,20261002,20261212
13794,1,1,1,1,1,0,0,20261002,20261212
13795,1,1,1,1,1,0,0,20261002,20261212
13796,1,1,1,1,1,0,0,20261002,20261212
13797,1,1,1,1,1,0,0,20261002,20261212
13798,1,1,1,1,1,0,0,20261002,20261212
13799,1,1,1,1,1,0,0,20261002,20261212
13800,1,1,1,1,1,0,0,20261002,20261212
13801,1,1,1,1,1,0,0,20261002,20261212
13802,1,1,1,1,1,0,0,20261002,20261212
13803,1,1,1,1,1,0,0,20261002,20261212
13804,1,1,1,1,1,0,0,20261002,20261212
13805,1,1,1,1,1,0,0,20261002,20261212
13806,1,1,1,1,1,0,0,20261002,20261212
13807,1,1,1,1,1,0,0,20261002,20261212
13808,1,1,1,1,1,0,0,20261002,20261212
13809,1,1,1,1,1,0,0,20261002,20261212
13810,1,1,1,1,1,0,0,20261002,20261212
13811,1,1,1,1,1,0,0,20261002,20261212
13812,1,1,1,1,1,0,0,20261002,20261212
13813,1,1,1,1,1,0,0,20261002,20261212
13814,1,1,1,1,1,0,0,20261002,20261212
13815,1,1,1,1,1,0,0,20261002,20261212
13816,1,1,1,1,1,0,0,20261002,20261212
13817,1,1,1,1,1,0,0,20261002,20261212
13818,1,1,1,1,1,0,0,20261002,20261212
13819,1,1,1,1,1,0,0,20261002,20261212
13820,1,1,1,1,1,0,0,20261002,20261212
13821,1,1,1,1,1,0,0,20261002,20261212
13822,1,1,1,1,1,0,0,20261002,20261212
13823,1,1,1,1,1,0,0,20261002,20261212
13824,1,1,1,1,1,0,0,20261002,20261212
13825,1,1,1,1,1,0,0,20261002,20261212
13826,0,0,0,0,0,1,1,20261002,20261212
13827,0,0,0,0,0,1,1,20261002,20261212
13828,0,0,0,0,0,1,1,20261002,20261212
13829,0,0,0,0,0,1,1,20261002,20261212
13830,0,0,0,0,0,1,1,20261002,20261212
13831,0,0,0,0,0,1,1,20261002,20261212
13832,0,0,0,0,0,1,1,20261002,20261212
13833,0,0,0,0,0,1,1,20261002,20261212
13834,0,0,0,0,0,1,1,20261002,20261212
13835,0,0,0,0,0,1,1,20261002,20261212
13836,0,0,0,0,0,1,1,20261002,20261212
13837,0,0,0,0,0,1,1,20261002,20261212
13838,0,0,0,0,0,1,1,20261002,20261212
13839,0,0,0,0,0,1,1,20261002,20261212
13840,0,0,0,0,0,1,1,20261002,20261212
13841,0,0,0,0,0,1,1,20261002,20261212
13842,0,0,0,0,0,1,1,20261002,20261212
13843,0,0,0,0,0,1,1,20261002,20261212
13856,1,1,1,1,1,0,0,20261002,20261212
13857,1,1,1,1,1,0,0,20261002,20261212
13858,1,1,1,1,1,0,0,20261002,20261212
13859,1,1,1,1,1,0,0,20261002,20261212
13860,1,1,1,1,1,0,0,20261002,20261212
13861,1,1,1,1,1,0,0,20261002,20261212
13862,0,0,0,0,0,1,1,20261002,20261212
13863,0,0,0,0,0,1,1,20261002,20261212
13864,0,0,0,0,0,1,1,20261002,20261212
13865,0,0,0,0,0,1,1,20261002,20261212
13866,0,0,0,0,0,1,0,20261002,20261212
13867,1,1,1,1,1,0,0,20261002,20261212
13868,1,1,1,1,1,0,0,20261002,20261212
13870,0,0,0,0,0,1,1,20261002,20261212
13871,0,0,0,0,0,1,1,20261002,20261212
13872,0,0,0,0,0,1,1,20261002,20261212
13873,0,0,0,0,0,1,1,20261002,20261212
13874,0,0,0,0,0,1,1,20261002,20261212
13875,0,0,0,0,0,1,1,20261002,20261212
13876,1,1,1,1,1,0,0,20261002,20261212
13877,1,1,1,1,1,0,0,20261002,20261212
13878,1,1,1,1,1,0,0,20261002,20261212
13879,1,1,1,1,1,0,0,20261002,20261212
13880,1,1,1,1,1,0,0,20261002,20261212
13881,1,1,1,1,1,0,0,20261002,20261212
13882,1,1,1,1,1,0,0,20261002,20261212
13883,1,1,1,1,1,0,0,20261002,20261212
13884,0,0,0,0,0,1,1,20261002,20261212
13885,0,0,0,0,0,1,1,20261002,20261212
13886,0,0,0,0,0,1,1,20261002,20261212
13887,0,0,0,0,0,1,1,20261002,20261212
13888,0,0,0,0,0,1,1,20261002,20261212
13889,0,0,0,0,0,1,1,20261002,20261212
13890,0,0,0,0,0,1,1,20261002,20261212
13891,0,0,0,0,0,1,1,20261002,20261212
13922,1,1,1,1,1,0,0,20261002,20261212
13923,1,1,1,1,1,0,0,20261002,20261212
13924,1,1,1,1,1,0,0,20261002,20261212
13925,1,1,1,1,1,0,0,20261002,20261212
13926,1,1,1,1,1,0,0,20261002,20261212
13927,1,1,1,1,1,0,0,20261002,20261212
13928,1,1,1,1,1,0,0,20261002,20261212
13929,1,1,1,1,1,0,0,20261002,20261212
13930,1,1,1,1,1,0,0,20261002,20261212
13931,1,1,1,1,1,0,0,20261002,20261212
13932,1,1,1,1,1,0,0,20261002,20261212
13933,1,1,1,1,1,0,0,20261002,20261212
13934,1,1,1,1,1,0,0,20261002,20261212
13935,1,1,1,1,1,0,0,20261002,20261212
13936,1,1,1,1,1,0,0,20261002,20261212
13937,1,1,1,1,1,0,0,20261002,20261212
13938,1,1,1,1,1,0,0,20261002,20261212
13939,1,1,1,1,1,0,0,20261002,20261212
13940,1,1,1,1,1,0,0,20261002,20261212
13941,1,1,1,1,1,0,0,20261002,20261212
13942,1,1,1,1,1,0,0,20261002,20261212
13943,1,1,1,1,1,0,0,20261002,20261212
13944,1,1,1,1,1,0,0,20261002,20261212
13945,1,1,1,1,1,0,0,20261002,20261212
13946,1,1,1,1,1,0,0,20261002,20261212
13947,1,1,1,1,1,0,0,20261002,20261212
13948,1,1,1,1,1,0,0,20261002,20261212
13949,1,1,1,1,1,0,0,20261002,20261212
13950,1,1,1,1,1,0,0,20261002,20261212
13951,1,1,1,1,1,0,0,20261002,20261212
13952,1,1,1,1,1,0,0,20261002,20261212
13953,1,1,1,1,1,0,0,20261002,20261212
13954,1,1,1,1,1,0,0,20261002,20261212
13955,1,1,1,1,1,0,0,20261002,20261212
13956,1,1,1,1,1,0,0,20261002,20261212
13957,1,1,1,1,1,0,0,20261002,20261212
13958,1,1,1,1,1,0,0,20261002,20261212
13959,1,1,1,1,1,0,0,20261002,20261212
13960,1,1,1,1,1,0,0,20261002,20261212
13961,1,1,1,1,1,0,0,20261002,20261212
13962,1,1,1,1,1,0,0,20261002,20261212
13963,1,1,1,1,1,0,0,20261002,20261212
13964,1,1,1,1,1,0,0,20261002,20261212
13965,0,0,0,0,0,1,1,20261002,20261212
13966,0,0,0,0,0,1,1,20261002,20261212
13967,0,0,0,0,0,1,1,20261002,20261212
13968,0,0,0,0,0,1,1,20261002,20261212
13969,0,0,0,0,0,1,1,20261002,20261212
13970,0,0,0,0,0,1,1,20261002,20261212
13971,0,0,0,0,0,1,1,20261002,20261212
13972,0,0,0,0,0,1,1,20261002,20261212
13973,0,0,0,0,0,1,1,20261002,20261212
13974,0,0,0,0,0,1,1,20261002,20261212
13975,0,0,0,0,0,1,1,20261002,20261212
13976,0,0,0,0,0,1,1,20261002,20261212
13977,0,0,0,0,0,1,1,20261002,20261212
13978,0,0,0,0,0,1,1,20261002,20261212
13979,0,0,0,0,0,1,1,20261002,20261212
13980,0,0,0,0,0,1,1,20261002,20261212
13981,1,1,1,1,1,0,0,20261002,20261212
13982,1,1,1,1,1,0,0,20261002,20261212
13983,1,1,1,1,1,0,0,20261002,20261212
13984,1,1,1,1,1,0,0,20261002,20261212
13985,1,1,1,1,1,0,0,20261002,20261212
13986,1,1,1,1,1,0,0,20261002,20261212
13987,1,1,1,1,1,0,0,20261002,20261212
13988,1,1,1,1,1,0,0,20261002,20261212
13989,1,1,1,1,1,0,0,20261002,20261212
13990,1,1,1,1,1,0,0,20261002,20261212
13991,1,1,1,1,1,0,0,20261002,20261212
13992,1,1,1,1,1,0,0,20261002,20261212
13993,1,1,1,1,1,0,0,20261002,20261212
13994,1,1,1,1,1,0,0,20261002,20261212
13995,1,1,1,1,1,0,0,20261002,20261212
13996,1,1,1,1,1,0,0,20261002,20261212
13997,1,1,1,1,1,0,0,20261002,20261212
13998,1,1,1,1,1,0,0,20261002,20261212
13999,1,1,1,1,1,0,0,20261002,20261212
14000,1,1,1,1,1,0,0,20261002,20261212
14001,1,1,1,1,1,0,0,20261002,20261212
14002,1,1,1,1,1,0,0,20261002,20261212
14003,1,1,1,1,1,0,0,20261002,20261212
14004,1,1,1,1,1,0,0,20261002,20261212
14005,1,1,1,1,1,0,0,20261002,20261212
14006,1,1,1,1,1,0,0,20261002,20261212
14007,1,1,1,1,1,0,0,20261002,20261212
14008,1,1,1,1,1,0,0,20261002,20261212
14009,1,1,1,1,1,0,0,20261002,20261212
14010,1,1,1,1,1,0,0,20261002,20261212
14011,1,1,1,1,1,0,0,20261002,20261212
14012,1,1,1,1,1,0,0,20261002,20261212
14013,1,1,1,1,1,0,0,20261002,20261212
14014,1,1,1,1,1,0,0,20261002,20261212
14015,1,1,1,1,1,0,0,20261002,20261212
14016,1,1,1,1,1,0,0,20261002,20261212
14017,1,1,1,1,1,0,0,20261002,20261212
14018,1,1,1,1,1,0,0,20261002,20261212
14019,1,1,1,1,1,0,0,20261002,20261212
14020,1,1,1,1,1,0,0,20261002,20261212
14021,0,0,0,0,0,1,1,20261002,20261212
14022,0,0,0,0,0,1,1,20261002,20261212
14023,0,0,0,0,0,1,1,20261002,20261212
14024,0,0,0,0,0,1,1,20261002,20261212
14025,0,0,0,0,0,1,1,20261002,20261212
14026,0,0,0,0,0,0,1,20261002,20261212
14027,0,0,0,0,0,1,1,20261002,20261212
14028,0,0,0,0,0,1,1,20261002,20261212
14029,0,0,0,0,0,1,1,20261002,20261212
14030,0,0,0,0,0,1,1,20261002,20261212
14031,0,0,0,0,0,1,1,20261002,20261212
14032,0,0,0,0,0,1,1,20261002,20261212
14033,0,0,0,0,0,1,1,20261002,20261212
14034,0,0,0,0,0,1,1,20261002,20261212
14035,0,0,0,0,0,1,1,20261002,20261212
14036,0,0,0,0,0,1,1,20261002,20261212
14037,0,0,0,0,0,1,1,20261002,20261212
14038,1,1,1,1,1,0,0,20261002,20261212
14039,0,0,0,0,0,1,1,20261002,20261212
14040,1,1,1,1,1,0,0,20261002,20261212
14041,1,1,1,1,1,0,0,20261002,20261212
14042,1,1,1,1,1,0,0,20261002,20261212
14043,1,1,1,1,1,0,0,20261002,20261212
14044,1,1,1,1,1,0,0,20261002,20261212
14045,1,1,1,1,1,0,0,20261002,20261212
14046,1,1,1,1,1,0,0,20261002,20261212
14047,1,1,1,1,1,0,0,20261002,20261212
14098,1,1,1,1,1,0,0,20261002,20261212
14099,1,1,1,1,1,0,0,20261002,20261212
14100,1,1,1,1,1,0,0,20261002,20261212
14101,1,1,1,1,1,0,0,20261002,20261212
14102,1,1,1,1,1,0,0,20261002,20261212
14103,1,1,1,1,1,0,0,20261002,20261212
14104,1,1,1,1,1,0,0,20261002,20261212
14105,1,1,1,1,1,0,0,20261002,20261212
14106,1,1,1,1,1,0,0,20261002,20261212
14107,1,1,1,1,1,0,0,20261002,20261212
14108,1,1,1,1,1,0,0,20261002,20261212
14109,1,1,1,1,1,0,0,20261002,20261212
14110,1,1,1,1,1,0,0,20261002,20261212
14111,1,1,1,1,1,0,0,20261002,20261212
14112,1,1,1,1,1,0,0,20261002,20261212
14113,1,1,1,1,1,0,0,20261002,20261212
14114,1,1,1,1,1,0,0,20261002,20261212
14115,1,1,1,1,1,0,0,20261002,20261212
14116,1,1,1,1,1,0,0,20261002,20261212
14117,1,1,1,1,1,0,0,20261002,20261212
14118,1,1,1,1,1,0,0,20261002,20261212
14119,1,1,1,1,1,0,0,20261002,20261212
14120,1,1,1,1,1,0,0,20261002,20261212
14121,1,1,1,1,1,0,0,20261002,20261212
14122,1,1,1,1,1,0,0,20261002,20261212
14125,0,0,0,0,0,1,0,20261002,20261212
14126,0,0,0,0,0,1,0,20261002,20261212
14127,0,0,0,0,0,1,1,20261002,20261212
14128,0,0,0,0,0,1,1,20261002,20261212
14129,0,0,0,0,0,1,1,20261002,20261212
14130,0,0,0,0,0,1,1,20261002,20261212
14131,0,0,0,0,0,1,1,20261002,20261212
14132,0,0,0,0,0,1,1,20261002,20261212
14133,0,0,0,0,0,1,1,20261002,20261212
14134,0,0,0,0,0,1,1,20261002,20261212
14135,1,1,1,1,1,0,0,20261002,20261212
14136,1,1,1,1,1,0,0,20261002,20261212
14137,1,1,1,1,1,0,0,20261002,20261212
14138,1,1,1,1,1,0,0,20261002,20261212
14139,1,1,1,1,1,0,0,20261002,20261212
14140,1,1,1,1,1,0,0,20261002,20261212
14141,1,1,1,1,1,0,0,20261002,20261212
14142,1,1,1,1,1,0,0,20261002,20261212
14143,1,1,1,1,1,0,0,20261002,20261212
14144,1,1,1,1,1,0,0,20261002,20261212
14145,1,1,1,1,1,0,0,20261002,20261212
14146,1,1,1,1,1,0,0,20261002,20261212
14147,1,1,1,1,1,0,0,20261002,20261212
14148,1,1,1,1,1,0,0,20261002,20261212
14149,1,1,1,1,1,0,0,20261002,20261212
14150,1,1,1,1,1,0,0,20261002,20261212
14151,1,1,1,1,1,0,0,20261002,20261212
14152,1,1,1,1,1,0,0,20261002,20261212
14153,1,1,1,1,1,0,0,20261002,20261212
14154,1,1,1,1,1,0,0,20261002,20261212
14155,1,1,1,1,1,0,0,20261002,20261212
14156,1,1,1,1,1,0,0,20261002,20261212
14157,1,1,1,1,1,0,0,20261002,20261212
14158,1,1,1,1,1,0,0,20261002,20261212
14159,1,1,1,1,1,0,0,20261002,20261212
14161,0,0,0,0,0,1,1,20261002,20261212
14162,0,0,0,0,0,1,1,20261002,20261212
14163,0,0,0,0,0,0,1,20261002,20261212
14164,0,0,0,0,0,0,1,20261002,20261212
14165,0,0,0,0,0,1,1,20261002,20261212
14166,0,0,0,0,0,1,1,20261002,20261212
14167,0,0,0,0,0,1,1,20261002,20261212
14168,0,0,0,0,0,0,1,20261002,20261212
14169,0,0,0,0,0,0,1,20261002,20261212
14170,0,0,0,0,0,1,1,20261002,20261212
14171,0,0,0,0,0,1,1,20261002,20261212
14172,0,0,0,0,0,1,1,20261002,20261212
14173,0,0,0,0,0,1,1,20261002,20261212
14174,0,0,0,0,0,1,1,20261002,20261212
14175,1,1,1,1,1,0,0,20261002,20261212
14176,1,1,1,1,1,0,0,20261002,20261212
14177,1,1,1,1,1,0,0,20261002,20261212
14178,1,1,1,1,1,0,0,20261002,20261212
14179,1,1,1,1,1,0,0,20261002,20261212
14180,1,1,1,1,1,0,0,20261002,20261212
14181,1,1,1,1,1,0,0,20261002,20261212
14182,1,1,1,1,1,0,0,20261002,20261212
14183,1,1,1,1,1,0,0,20261002,20261212
14184,1,1,1,1,1,0,0,20261002,20261212
14185,1,1,1,1,1,0,0,20261002,20261212
14188,0,0,0,0,0,0,1,20261002,20261212
14189,1,1,1,1,1,0,0,20261002,20261212
14190,1,1,1,1,1,0,0,20261002,20261212
14191,1,1,1,1,1,0,0,20261002,20261212
14192,1,1,1,1,1,0,0,20261002,20261212
14193,1,1,1,1,1,0,0,20261002,20261212
14194,1,1,1,1,1,0,0,20261002,20261212
14195,1,1,1,1,1,0,0,20261002,20261212
14196,1,1,1,1,1,0,0,20261002,20261212
14197,1,1,1,1,1,0,0,20261002,20261212
14198,1,1,1,1,1,0,0,20261002,20261212
14199,1,1,1,1,1,0,0,20261002,20261212
14200,1,1,1,1,1,0,0,20261002,20261212
14201,1,1,1,1,1,0,0,20261002,20261212
14202,1,1,1,1,1,0,0,20261002,20261212
14203,1,1,1,1,1,0,0,20261002,20261212
14204,1,1,1,1,1,0,0,20261002,20261212
14205,1,1,1,1,1,0,0,20261002,20261212
14206,1,1,1,1,1,0,0,20261002,20261212
14207,1,1,1,1,1,0,0,20261002,20261212
14208,1,1,1,1,1,0,0,20261002,20261212
14209,1,1,1,1,1,0,0,20261002,20261212
14210,1,1,1,1,1,0,0,20261002,20261212
14211,1,1,1,1,1,0,0,20261002,20261212
14212,1,1,1,1,1,0,0,20261002,20261212
14213,1,1,1,1,1,0,0,20261002,20261212
14214,1,1,1,1,1,0,0,20261002,20261212
14215,1,1,1,1,1,0,0,20261002,20261212
14216,1,1,1,1,1,0,0,20261002,20261212
14217,1,1,1,1,1,0,0,20261002,20261212
14218,1,1,1,1,1,0,0,20261002,20261212
14219,1,1,1,1,1,0,0,20261002,20261212
14220,1,1,1,1,1,0,0,20261002,20261212
14221,1,1,1,1,1,0,0,20261002,20261212
14222,1,1,1,1,1,0,0,20261002,20261212
14223,1,1,1,1,1,0,0,20261002,20261212
14224,1,1,1,1,1,0,0,20261002,20261212
14225,1,1,1,1,1,0,0,20261002,20261212
14226,1,1,1,1,1,0,0,20261002,20261212
14227,1,1,1,1,1,0,0,20261002,20261212
14228,1,1,1,1,1,0,0,20261002,20261212
14231,0,0,0,0,0,1,1,20261002,20261212
14232,0,0,0,0,0,1,1,20261002,20261212
14233,0,0,0,0,0,1,1,20261002,20261212
14234,0,0,0,0,0,1,1,20261002,20261212
14235,0,0,0,0,0,1,1,20261002,20261212
14236,0,0,0,0,0,1,1,20261002,20261212
14269,1,1,1,1,1,0,0,20261002,20261212
14270,1,1,1,1,1,0,0,20261002,20261212
14271,1,1,1,1,1,0,0,20261002,20261212
14272,1,1,1,1,1,0,0,20261002,20261212
14273,1,1,1,1,1,0,0,20261002,20261212
14274,1,1,1,1,1,0,0,20261002,20261212
14275,1,1,1,1,1,0,0,20261002,20261212
14276,1,1,1,1,1,0,0,20261002,20261212
14277,1,1,1,1,1,0,0,20261002,20261212
14278,1,1,1,1,1,0,0,20261002,20261212
14279,1,1,1,1,1,0,0,20261002,20261212
14280,1,1,1,1,1,0,0,20261002,20261212
14290,1,1,1,1,1,0,0,20261002,20261212
14291,1,1,1,1,1,0,0,20261002,20261212
14292,1,1,1,1,1,0,0,20261002,20261212
14293,1,1,1,1,1,0,0,20261002,20261212
14294,1,1,1,1,1,0,0,20261002,20261212
14295,1,1,1,1,1,0,0,20261002,20261212
14296,1,1,1,1,1,0,0,20261002,20261212
14297,1,1,1,1,1,0,0,20261002,20261212
14298,1,1,1,1,1,0,0,20261002,20261212
14299,1,1,1,1,1,0,0,20261002,20261212
14300,1,1,1,1,1,0,0,20261002,20261212
14301,1,1,1,1,1,0,0,20261002,20261212
14302,1,1,1,1,1,0,0,20261002,20261212
14303,1,1,1,1,1,0,0,20261002,20261212
14304,1,1,1,1,1,0,0,20261002,20261212
14305,1,1,1,1,1,0,0,20261002,20261212
14306,1,1,1,1,1,0,0,20261002,20261212
14307,1,1,1,1,1,0,0,20261002,20261212
14308,1,1,1,1,1,0,0,20261002,20261212
14309,1,1,1,1,1,0,0,20261002,20261212
14310,1,1,1,1,1,0,0,20261002,20261212
14311,1,1,1,1,1,0,0,20261002,20261212
14312,1,1,1,1,1,0,0,20261002,20261212
14313,1,1,1,1,1,0,0,20261002,20261212
14314,1,1,1,1,1,0,0,20261002,20261212
14315,1,1,1,1,1,0,0,20261002,20261212
14316,1,1,1,1,1,0,0,20261002,20261212
14317,1,1,1,1,1,0,0,20261002,20261212
14320,0,0,0,0,0,1,0,20261002,20261212
14321,0,0,0,0,0,1,1,20261002,20261212
14322,0,0,0,0,0,1,1,20261002,20261212
14323,0,0,0,0,0,1,1,20261002,20261212
14324,0,0,0,0,0,1,0,20261002,20261212
14325,0,0,0,0,0,1,1,20261002,20261212
14326,1,1,1,1,1,0,0,20261002,20261212
14327,1,1,1,1,1,0,0,20261002,20261212
14328,1,1,1,1,1,0,0,20261002,20261212
14329,1,1,1,1,1,0,0,20261002,20261212
14330,1,1,1,1,1,0,0,20261002,20261212
14331,1,1,1,1,1,0,0,20261002,20261212
14332,1,1,1,1,1,0,0,20261002,20261212
14333,1,1,1,1,1,0,0,20261002,20261212
14334,1,1,1,1,1,0,0,20261002,20261212
14335,1,1,1,1,1,0,0,20261002,20261212
14336,1,1,1,1,1,0,0,20261002,20261212
14337,1,1,1,1,1,0,0,20261002,20261212
14338,1,1,1,1,1,0,0,20261002,20261212
14339,1,1,1,1,1,0,0,20261002,20261212
14340,1,1,1,1,1,0,0,20261002,20261212
14341,1,1,1,1,1,0,0,20261002,20261212
14342,1,1,1,1,1,0,0,20261002,20261212
14343,1,1,1,1,1,0,0,20261002,20261212
14344,1,1,1,1,1,0,0,20261002,20261212
14345,1,1,1,1,1,0,0,20261002,20261212
14346,1,1,1,1,1,0,0,20261002,20261212
14347,1,1,1,1,1,0,0,20261002,20261212
14348,1,1,1,1,1,0,0,20261002,20261212
14349,1,1,1,1,1,0,0,20261002,20261212
14352,0,0,0,0,0,1,0,20261002,20261212
14353,0,0,0,0,0,1,0,20261002,20261212
14354,0,0,0,0,0,1,0,20261002,20261212
14355,0,0,0,0,0,1,0,20261002,20261212
14356,0,0,0,0,0,1,1,20261002,20261212
14357,0,0,0,0,0,1,1,20261002,20261212
14358,0,0,0,0,0,1,1,20261002,20261212
14359,0,0,0,0,0,1,1,20261002,20261212
14360,0,0,0,0,0,0,1,20261002,20261212
14361,0,0,0,0,0,0,1,20261002,20261212
14362,0,0,0,0,0,1,0,20261002,20261212
14363,0,0,0,0,0,1,0,20261002,20261212
14364,1,1,1,1,1,0,0,20261002,20261212
14365,1,1,1,1,1,0,0,20261002,20261212
14366,1,1,1,1,1,0,0,20261002,20261212
14367,1,1,1,1,1,0,0,20261002,20261212
14368,1,1,1,1,1,0,0,20261002,20261212
14369,1,1,1,1,1,0,0,20261002,20261212
14370,1,1,1,1,1,0,0,20261002,20261212
14371,1,1,1,1,1,0,0,20261002,20261212
14372,0,0,0,0,0,1,0,20261002,20261212
14373,0,0,0,0,0,1,0,20261002,20261212
14374,1,1,1,1,1,0,0,20261002,20261212
14375,1,1,1,1,1,0,0,20261002,20261212
14376,1,1,1,1,1,0,0,20261002,20261212
14377,1,1,1,1,1,0,0,20261002,20261212
14378,1,1,1,1,1,0,0,20261002,20261212
14379,1,1,1,1,1,0,0,20261002,20261212
14380,1,1,1,1,1,0,0,20261002,20261212
14381,1,1,1,1,1,0,0,20261002,20261212
14382,1,1,1,1,1,0,0,20261002,20261212
14383,1,1,1,1,1,0,0,20261002,20261212
14384,1,1,1,1,1,0,0,20261002,20261212
14385,1,1,1,1,1,0,0,20261002,20261212
14386,1,1,1,1,1,0,0,20261002,20261212
14387,1,1,1,1,1,0,0,20261002,20261212
14388,1,1,1,1,1,0,0,20261002,20261212
14389,1,1,1,1,1,0,0,20261002,20261212
14390,1,1,1,1,1,0,0,20261002,20261212
14391,1,1,1,1,1,0,0,20261002,20261212
14392,1,1,1,1,1,0,0,20261002,20261212
14393,1,1,1,1,1,0,0,20261002,20261212
14394,1,1,1,1,1,0,0,20261002,20261212
14395,1,1,1,1,1,0,0,20261002,20261212
14396,1,1,1,1,1,0,0,20261002,20261212
14397,1,1,1,1,1,0,0,20261002,20261212
14398,1,1,1,1,1,0,0,20261002,20261212
14400,0,0,0,0,0,1,1,20261002,20261212
14401,0,0,0,0,0,1,1,20261002,20261212
14402,0,0,0,0,0,0,1,20261002,20261212
14403,0,0,0,0,0,1,1,20261002,20261212
14404,0,0,0,0,0,1,1,20261002,20261212
14405,0,0,0,0,0,0,1,20261002,20261212
14406,0,0,0,0,0,1,1,20261002,20261212
14407,0,0,0,0,0,1,1,20261002,20261212
14408,0,0,0,0,0,1,1,20261002,20261212
14409,0,0,0,0,0,1,1,20261002,20261212
14410,0,0,0,0,0,1,1,20261002,20261212
14411,0,0,0,0,0,1,1,20261002,20261212
14412,0,0,0,0,0,1,0,20261002,20261212
14413,0,0,0,0,0,1,0,20261002,20261212
14414,1,1,1,1,1,0,0,20261002,20261212
14415,1,1,1,1,1,0,0,20261002,20261212
14416,1,1,1,1,1,0,0,20261002,20261212
14417,1,1,1,1,1,0,0,20261002,20261212
14418,1,1,1,1,1,0,0,20261002,20261212
14419,1,1,1,1,1,0,0,20261002,20261212
14420,1,1,1,1,1,0,0,20261002,20261212
14421,1,1,1,1,1,0,0,20261002,20261212
14422,1,1,1,1,1,0,0,20261002,20261212
14423,1,1,1,1,1,0,0,20261002,20261212
14424,1,1,1,1,1,0,0,20261002,20261212
14425,1,1,1,1,1,0,0,20261002,20261212
14426,1,1,1,1,1,0,0,20261002,20261212
14427,1,1,1,1,1,0,0,20261002,20261212
14428,1,1,1,1,1,0,0,20261002,20261212
14429,1,1,1,1,1,0,0,20261002,20261212
14430,1,1,1,1,1,0,0,20261002,20261212
14431,1,1,1,1,1,0,0,20261002,20261212
14432,1,1,1,1,1,0,0,20261002,20261212
14433,1,1,1,1,1,0,0,20261002,20261212
14434,1,1,1,1,1,0,0,20261002,20261212
14435,1,1,1,1,1,0,0,20261002,20261212
14436,1,1,1,1,1,0,0,20261002,20261212
14437,1,1,1,1,1,0,0,20261002,20261212
14438,1,1,1,1,1,0,0,20261002,20261212
14439,1,1,1,1,1,0,0,20261002,20261212
14440,1,1,1,1,1,0,0,20261002,20261212
14441,1,1,1,1,1,0,0,20261002,20261212
14442,1,1,1,1,1,0,0,20261002,20261212
14443,1,1,1,1,1,0,0,20261002,20261212
14444,1,1,1,1,1,0,0,20261002,20261212
14445,1,1,1,1,1,0,0,20261002,20261212
14446,1,1,1,1,1,0,0,20261002,20261212
14447,1,1,1,1,1,0,0,20261002,20261212
14448,1,1,1,1,1,0,0,20261002,20261212
14449,1,1,1,1,1,0,0,20261002,20261212
14450,1,1,1,1,1,0,0,20261002,20261212
14451,1,1,1,1,1,0,0,20261002,20261212
14452,1,1,1,1,1,0,0,20261002,20261212
14453,1,1,1,1,1,0,0,20261002,20261212
14454,1,1,1,1,1,0,0,20261002,20261212
14455,1,1,1,1,1,0,0,20261002,20261212
14456,1,1,1,1,1,0,0,20261002,20261212
14457,1,1,1,1,1,0,0,20261002,20261212
14458,1,1,1,1,1,0,0,20261002,20261212
14459,1,1,1,1,1,0,0,20261002,20261212
14460,1,1,1,1,1,0,0,20261002,20261212
14461,1,1,1,1,1,0,0,20261002,20261212
14462,1,1,1,1,1,0,0,20261002,20261212
14463,1,1,1,1,1,0,0,20261002,20261212
14464,0,0,0,0,0,1,0,20261002,20261212
14465,0,0,0,0,0,1,1,20261002,20261212
14466,0,0,0,0,0,1,1,20261002,20261212
14467,0,0,0,0,0,1,1,20261002,20261212
14468,0,0,0,0,0,1,1,20261002,20261212
14469,0,0,0,0,0,1,1,20261002,20261212
14470,0,0,0,0,0,1,1,20261002,20261212
14471,0,0,0,0,0,1,0,20261002,20261212
14472,0,0,0,0,0,1,0,20261002,20261212
14473,0,0,0,0,0,1,1,20261002,20261212
14474,0,0,0,0,0,1,1,20261002,20261212
14475,0,0,0,0,0,1,0,20261002,20261212
14476,0,0,0,0,0,0,1,20261002,20261212
14477,0,0,0,0,0,0,1,20261002,20261212
14478,0,0,0,0,0,1,0,20261002,20261212
14479,0,0,0,0,0,1,1,20261002,20261212
14480,0,0,0,0,0,1,1,20261002,20261212
14481,0,0,0,0,0,1,1,20261002,20261212
14482,0,0,0,0,0,1,1,20261002,20261212
14483,0,0,0,0,0,1,0,20261002,20261212
14484,1,1,1,1,1,0,0,20261002,20261212
14485,1,1,1,1,1,0,0,20261002,20261212
14486,1,1,1,1,1,0,0,20261002,20261212
14487,1,1,1,1,1,0,0,20261002,20261212
14488,1,1,1,1,1,0,0,20261002,20261212
14489,1,1,1,1,1,0,0,20261002,20261212
14490,1,1,1,1,1,0,0,20261002,20261212
14491,1,1,1,1,1,0,0,20261002,20261212
14492,1,1,1,1,1,0,0,20261002,20261212
14493,1,1,1,1,1,0,0,20261002,20261212
14494,1,1,1,1,1,0,0,20261002,20261212
14495,1,1,1,1,1,0,0,20261002,20261212
14496,1,1,1,1,1,0,0,20261002,20261212
14497,1,1,1,1,1,0,0,20261002,20261212
14498,1,1,1,1,1,0,0,20261002,20261212
14499,0,0,0,0,0,1,1,20261002,20261212
14500,0,0,0,0,0,1,1,20261002,20261212
14501,0,0,0,0,0,1,1,20261002,20261212
14502,0,0,0,0,0,1,1,20261002,20261212
14503,0,0,0,0,0,1,1,20261002,20261212
14504,0,0,0,0,0,1,1,20261002,20261212
14505,1,1,1,1,1,0,0,20261002,20261212
14506,1,1,1,1,1,0,0,20261002,20261212
14507,1,1,1,1,1,0,0,20261002,20261212
14508,1,1,1,1,1,0,0,20261002,20261212
14509,1,1,1,1,1,0,0,20261002,20261212
14510,1,1,1,1,1,0,0,20261002,20261212
14511,1,1,1,1,1,0,0,20261002,20261212
14512,1,1,1,1,1,0,0,20261002,20261212
14513,1,1,1,1,1,0,0,20261002,20261212
14514,1,1,1,1,1,0,0,20261002,20261212
14515,1,1,1,1,1,0,0,20261002,20261212
14516,1,1,1,1,1,0,0,20261002,20261212
14517,1,1,1,1,1,0,0,20261002,20261212
14518,1,1,1,1,1,0,0,20261002,20261212
14519,1,1,1,1,1,0,0,20261002,20261212
14520,1,1,1,1,1,0,0,20261002,20261212
14521,1,1,1,1,1,0,0,20261002,20261212
14522,1,1,1,1,1,0,0,20261002,20261212
14523,1,1,1,1,1,0,0,20261002,20261212
14524,1,1,1,1,1,0,0,20261002,20261212
14525,1,1,1,1,1,0,0,20261002,20261212
14526,1,1,1,1,1,0,0,20261002,20261212
14527,1,1,1,1,1,0,0,20261002,20261212
14528,1,1,1,1,1,0,0,20261002,20261212
14529,1,1,1,1,1,0,0,20261002,20261212
14530,1,1,1,1,1,0,0,20261002,20261212
14531,1,1,1,1,1,0,0,20261002,20261212
14532,1,1,1,1,1,0,0,20261002,20261212
14533,1,1,1,1,1,0,0,20261002,20261212
14534,1,1,1,1,1,0,0,20261002,20261212
14535,1,1,1,1,1,0,0,20261002,20261212
14536,1,1,1,1,1,0,0,20261002,20261212
14537,1,1,1,1,1,0,0,20261002,20261212
14538,1,1,1,1,1,0,0,20261002,20261212
14539,1,1,1,1,1,0,0,20261002,20261212
14540,1,1,1,1,1,0,0,20261002,20261212
14541,1,1,1,1,1,0,0,20261002,20261212
14543,0,0,0,0,0,1,1,20261002,20261212
14544,0,0,0,0,0,1,1,20261002,20261212
14545,0,0,0,0,0,1,1,20261002,20261212
14546,0,0,0,0,0,1,1,20261002,20261212
14547,0,0,0,0,0,1,1,20261002,20261212
14548,0,0,0,0,0,1,1,20261002,20261212
14549,0,0,0,0,0,1,1,20261002,20261212
14550,0,0,0,0,0,1,1,20261002,20261212
14551,0,0,0,0,0,1,1,20261002,20261212
14552,1,1,1,1,1,0,0,20261002,20261212
14553,1,1,1,1,1,0,0,20261002,20261212
14554,1,1,1,1,1,0,0,20261002,20261212
14555,1,1,1,1,1,0,0,20261002,20261212
14556,1,1,1,1,1,0,0,20261002,20261212
14557,1,1,1,1,1,0,0,20261002,20261212
14558,1,1,1,1,1,0,0,20261002,20261212
14559,1,1,1,1,1,0,0,20261002,20261212
14560,1,1,1,1,1,0,0,20261002,20261212
14561,1,1,1,1,1,0,0,20261002,20261212
14562,1,1,1,1,1,0,0,20261002,20261212
14563,1,1,1,1,1,0,0,20261002,20261212
14564,1,1,1,1,1,0,0,20261002,20261212
14565,1,1,1,1,1,0,0,20261002,20261212
14566,1,1,1,1,1,0,0,20261002,20261212
14567,1,1,1,1,1,0,0,20261002,20261212
14568,1,1,1,1,1,0,0,20261002,20261212
14569,1,1,1,1,1,0,0,20261002,20261212
14570,1,1,1,1,1,0,0,20261002,20261212
14571,1,1,1,1,1,0,0,20261002,20261212
14572,1,1,1,1,1,0,0,20261002,20261212
14573,1,1,1,1,1,0,0,20261002,20261212
14574,1,1,1,1,1,0,0,20261002,20261212
14575,1,1,1,1,1,0,0,20261002,20261212
14576,1,1,1,1,1,0,0,20261002,20261212
14577,1,1,1,1,1,0,0,20261002,20261212
14578,1,1,1,1,1,0,0,20261002,20261212
14579,1,1,1,1,1,0,0,20261002,20261212
14580,1,1,1,1,1,0,0,20261002,20261212
14581,1,1,1,1,1,0,0,20261002,20261212
14582,1,1,1,1,1,0,0,20261002,20261212
14583,1,1,1,1,1,0,0,20261002,20261212
14584,1,1,1,1,1,0,0,20261002,20261212
14585,1,1,1,1,1,0,0,20261002,20261212
14586,1,1,1,1,1,0,0,20261002,20261212
14587,1,1,1,1,1,0,0,20261002,20261212
14588,1,1,1,1,1,0,0,20261002,20261212
14589,1,1,1,1,1,0,0,20261002,20261212
14590,1,1,1,1,1,0,0,20261002,20261212
14591,1,1,1,1,1,0,0,20261002,20261212
14592,1,1,1,1,1,0,0,20261002,20261212
14593,1,1,1,1,1,0,0,20261002,20261212
14594,1,1,1,1,1,0,0,20261002,20261212
14595,1,1,1,1,1,0,0,20261002,20261212
14596,1,1,1,1,1,0,0,20261002,20261212
14597,1,1,1,1,1,0,0,20261002,20261212
14598,1,1,1,1,1,0,0,20261002,20261212
14599,1,1,1,1,1,0,0,20261002,20261212
14600,1,1,1,1,1,0,0,20261002,20261212
14601,1,1,1,1,1,0,0,20261002,20261212
14602,1,1,1,1,1,0,0,20261002,20261212
14603,1,1,1,1,1,0,0,20261002,20261212
14604,0,0,0,0,0,1,1,20261002,20261212
14605,0,0,0,0,0,1,1,20261002,20261212
14606,0,0,0,0,0,1,0,20261002,20261212
14607,0,0,0,0,0,1,1,20261002,20261212
14608,0,0,0,0,0,1,1,20261002,20261212
14609,0,0,0,0,0,1,1,20261002,20261212
14610,0,0,0,0,0,1,1,20261002,20261212
14611,0,0,0,0,0,1,1,20261002,20261212
14612,0,0,0,0,0,1,1,20261002,20261212
14613,0,0,0,0,0,1,1,20261002,20261212
14614,0,0,0,0,0,1,1,20261002,20261212
14615,0,0,0,0,0,1,1,20261002,20261212
14616,0,0,0,0,0,0,1,20261002,20261212
14617,0,0,0,0,0,0,1,20261002,20261212
14618,0,0,0,0,0,0,1,20261002,20261212
14619,0,0,0,0,0,1,1,20261002,20261212
14620,0,0,0,0,0,1,0,20261002,20261212
14621,0,0,0,0,0,1,0,20261002,20261212
14622,1,1,1,1,1,0,0,20261002,20261212
14686,1,1,1,1,1,0,0,20261002,20261212
14687,1,1,1,1,1,0,0,20261002,20261212
14688,1,1,1,1,1,0,0,20261002,20261212
14689,1,1,1,1,1,0,0,20261002,20261212
14690,1,1,1,1,1,0,0,20261002,20261212
14691,1,1,1,1,1,0,0,20261002,20261212
14692,1,1,1,1,1,0,0,20261002,20261212
14693,1,1,1,1,1,0,0,20261002,20261212
14694,1,1,1,1,1,0,0,20261002,20261212
14695,1,1,1,1,1,0,0,20261002,20261212
14696,1,1,1,1,1,0,0,20261002,20261212
14697,1,1,1,1,1,0,0,20261002,20261212
14698,0,0,0,0,0,1,1,20261002,20261212
14699,0,0,0,0,0,1,1,20261002,20261212
14703,1,1,1,1,1,1,1,20261002,20261212
14705,1,1,1,1,1,1,0,20261002,20261212
14707,1,1,1,1,1,1,1,20261002,20261212
14708,1,1,1,1,1,1,1,20261002,20261212
14709,1,1,1,1,1,1,1,20261002,20261212
14710,1,1,1,1,1,1,1,20261002,20261212
14711,1,1,1,1,1,1,0,20261002,20261212
14712,0,0,0,0,0,1,1,20261002,20261212
14713,1,1,1,1,1,1,1,20261002,20261212
14716,1,1,1,1,1,1,1,20261002,20261212
14717,1,1,1,1,1,1,1,20261002,20261212
14718,1,1,1,1,1,1,1,20261002,20261212
14720,0,0,0,0,0,1,1,20261002,20261212
14721,0,0,0,0,0,1,1,20261002,20261212
14724,0,0,0,0,0,1,1,20261002,20261212
14725,0,0,0,0,0,1,1,20261002,20261212
14727,1,1,1,1,1,1,1,20261002,20261212
14729,1,1,1,1,1,1,1,20261002,20261212
14730,0,0,0,0,0,1,1,20261002,20261212
14733,0,0,0,0,0,1,1,20261002,20261212
14734,0,0,0,0,0,1,1,20261002,20261212
14735,1,1,1,1,1,1,1,20261002,20261212
14736,1,1,1,1,1,0,0,20261002,20261212
14737,1,1,1,1,1,0,0,20261002,20261212
14738,1,1,1,1,1,0,0,20261002,20261212
14739,1,1,1,1,1,0,0,20261002,20261212
14740,1,1,1,1,1,0,0,20261002,20261212
14741,1,1,1,1,1,0,0,20261002,20261212
14742,1,1,1,1,1,0,0,20261002,20261212
14743,1,1,1,1,1,0,0,20261002,20261212
14744,1,1,1,1,1,0,0,20261002,20261212
14745,1,1,1,1,1,0,0,20261002,20261212
14746,1,1,1,1,1,0,0,20261002,20261212
14747,1,1,1,1,1,0,0,20261002,20261212
14748,1,1,1,1,1,0,0,20261002,20261212
14749,1,1,1,1,1,0,0,20261002,20261212
14750,1,1,1,1,1,0,0,20261002,20261212
14751,1,1,1,1,1,0,0,20261002,20261212
14752,1,1,1,1,1,0,0,20261002,20261212
14753,1,1,1,1,1,0,0,20261002,20261212
14754,1,1,1,1,1,0,0,20261002,20261212
14755,1,1,1,1,1,0,0,20261002,20261212
14756,1,1,1,1,1,0,0,20261002,20261212
14757,1,1,1,1,1,0,0,20261002,20261212
14758,0,0,0,0,0,1,1,20261002,20261212
14759,0,0,0,0,0,1,1,20261002,20261212
14760,0,0,0,0,0,1,1,20261002,20261212
14761,0,0,0,0,0,1,1,20261002,20261212
14762,0,0,0,0,0,1,1,20261002,20261212
14763,0,0,0,0,0,1,1,20261002,20261212
14764,0,0,0,0,0,1,1,20261002,20261212
14765,0,0,0,0,0,1,1,20261002,20261212
14766,0,0,0,0,0,1,1,20261002,20261212
14767,0,0,0,0,0,1,1,20261002,20261212
14768,1,1,1,1,1,0,0,20261002,20261212
14769,1,1,1,1,1,0,0,20261002,20261212
14770,1,1,1,1,1,0,0,20261002,20261212
14771,1,1,1,1,1,0,0,20261002,20261212
14772,1,1,1,1,1,0,0,20261002,20261212
14773,1,1,1,1,1,0,0,20261002,20261212
14774,1,1,1,1,1,0,0,20261002,20261212
14775,1,1,1,1,1,0,0,20261002,20261212
14776,1,1,1,1,1,0,0,20261002,20261212
14777,1,1,1,1,1,0,0,20261002,20261212
14778,1,1,1,1,1,0,0,20261002,20261212
14779,1,1,1,1,1,0,0,20261002,20261212
14780,1,1,1,1,1,0,0,20261002,20261212
14781,1,1,1,1,1,0,0,20261002,20261212
14782,1,1,1,1,1,0,0,20261002,20261212
14783,1,1,1,1,1,0,0,20261002,20261212
14784,1,1,1,1,1,0,0,20261002,20261212
14785,1,1,1,1,1,0,0,20261002,20261212
14786,1,1,1,1,1,0,0,20261002,20261212
14787,1,1,1,1,1,0,0,20261002,20261212
14788,1,1,1,1,1,0,0,20261002,20261212
14789,1,1,1,1,1,0,0,20261002,20261212
14790,1,1,1,1,1,0,0,20261002,20261212
14791,1,1,1,1,1,0,0,20261002,20261212
14792,1,1,1,1,1,0,0,20261002,20261212
14793,1,1,1,1,1,0,0,20261002,20261212
14794,1,1,1,1,1,0,0,20261002,20261212
14795,1,1,1,1,1,0,0,20261002,20261212
14796,0,0,0,0,0,1,1,20261002,20261212
14797,0,0,0,0,0,1,1,20261002,20261212
14798,0,0,0,0,0,1,1,20261002,20261212
14799,0,0,0,0,0,1,1,20261002,20261212
14800,0,0,0,0,0,1,1,20261002,20261212
14801,0,0,0,0,0,1,1,20261002,20261212
14802,0,0,0,0,0,1,1,20261002,20261212
14803,0,0,0,0,0,1,1,20261002,20261212
14804,0,0,0,0,0,1,1,20261002,20261212
14805,0,0,0,0,0,1,1,20261002,20261212
14806,0,0,0,0,0,1,1,20261002,20261212
14807,0,0,0,0,0,1,1,20261002,20261212
14808,0,0,0,0,0,1,1,20261002,20261212
14809,0,0,0,0,0,1,1,20261002,20261212
14810,1,1,1,1,1,0,0,20261002,20261212
14811,1,1,1,1,1,0,0,20261002,20261212
14812,1,1,1,1,1,0,0,20261002,20261212
14813,1,1,1,1,1,0,0,20261002,20261212
14814,1,1,1,1,1,0,0,20261002,20261212
14815,1,1,1,1,1,0,0,20261002,20261212
14816,1,1,1,1,1,0,0,20261002,20261212
14817,1,1,1,1,1,0,0,20261002,20261212
14818,1,1,1,1,1,0,0,20261002,20261212
14819,1,1,1,1,1,0,0,20261002,20261212
14820,1,1,1,1,1,0,0,20261002,20261212
14821,1,1,1,1,1,0,0,20261002,20261212
14822,1,1,1,1,1,0,0,20261002,20261212
14823,1,1,1,1,1,0,0,20261002,20261212
14824,1,1,1,1,1,0,0,20261002,20261212
14825,1,1,1,1,1,0,0,20261002,20261212
14826,1,1,1,1,1,0,0,20261002,20261212
14827,1,1,1,1,1,0,0,20261002,20261212
14828,1,1,1,1,1,0,0,20261002,20261212
14829,1,1,1,1,1,0,0,20261002,20261212
14830,1,1,1,1,1,0,0,20261002,20261212
14831,1,1,1,1,1,0,0,20261002,20261212
14832,1,1,1,1,1,0,0,20261002,20261212
14833,1,1,1,1,1,0,0,20261002,20261212
14834,1,1,1,1,1,0,0,20261002,20261212
14835,1,1,1,1,1,0,0,20261002,20261212
14836,1,1,1,1,1,0,0,20261002,20261212
14837,1,1,1,1,1,0,0,20261002,20261212
14838,1,1,1,1,1,0,0,20261002,20261212
14839,1,1,1,1,1,0,0,20261002,20261212
14840,1,1,1,1,1,0,0,20261002,20261212
14841,1,1,1,1,1,0,0,20261002,20261212
14842,1,1,1,1,1,0,0,20261002,20261212
14843,1,1,1,1,1,0,0,20261002,20261212
14844,1,1,1,1,1,0,0,20261002,20261212
14845,1,1,1,1,1,0,0,20261002,20261212
14846,1,1,1,1,1,0,0,20261002,20261212
14847,1,1,1,1,1,0,0,20261002,20261212
14848,1,1,1,1,1,0,0,20261002,20261212
14849,1,1,1,1,1,0,0,20261002,20261212
14850,1,1,1,1,1,0,0,20261002,20261212
14851,1,1,1,1,1,0,0,20261002,20261212
14852,1,1,1,1,1,0,0,20261002,20261212
14853,1,1,1,1,1,0,0,20261002,20261212
14854,1,1,1,1,1,0,0,20261002,20261212
14855,0,0,0,0,0,1,1,20261002,20261212
14856,0,0,0,0,0,1,1,20261002,20261212
14857,0,0,0,0,0,1,1,20261002,20261212
14858,0,0,0,0,0,1,1,20261002,20261212
14859,0,0,0,0,0,1,1,20261002,20261212
14860,0,0,0,0,0,1,1,20261002,20261212
14861,0,0,0,0,0,1,1,20261002,20261212
14862,0,0,0,0,0,1,1,20261002,20261212
14863,0,0,0,0,0,1,1,20261002,20261212
14864,0,0,0,0,0,1,1,20261002,20261212
14865,0,0,0,0,0,1,1,20261002,20261212
14866,0,0,0,0,0,1,1,20261002,20261212
14867,0,0,0,0,0,1,1,20261002,20261212
14868,1,1,1,1,1,0,0,20261002,20261212
14869,1,1,1,1,1,0,0,20261002,20261212
14870,1,1,1,1,1,0,0,20261002,20261212
14871,1,1,1,1,1,0,0,20261002,20261212
14872,1,1,1,1,1,0,0,20261002,20261212
14873,1,1,1,1,1,0,0,20261002,20261212
14874,1,1,1,1,1,0,0,20261002,20261212
14875,1,1,1,1,1,0,0,20261002,20261212
14876,1,1,1,1,1,0,0,20261002,20261212
14877,1,1,1,1,1,0,0,20261002,20261212
14878,1,1,1,1,1,0,0,20261002,20261212
14879,1,1,1,1,1,0,0,20261002,20261212
14880,1,1,1,1,1,0,0,20261002,20261212
14881,1,1,1,1,1,0,0,20261002,20261212
14882,1,1,1,1,1,0,0,20261002,20261212
14883,1,1,1,1,1,0,0,20261002,20261212
14884,1,1,1,1,1,0,0,20261002,20261212
14885,1,1,1,1,1,0,0,20261002,20261212
14886,1,1,1,1,1,0,0,20261002,20261212
14887,1,1,1,1,1,0,0,20261002,20261212
14888,1,1,1,1,1,0,0,20261002,20261212
14889,1,1,1,1,1,0,0,20261002,20261212
14890,1,1,1,1,1,0,0,20261002,20261212
14891,1,1,1,1,1,0,0,20261002,20261212
14892,1,1,1,1,1,0,0,20261002,20261212
14893,1,1,1,1,1,0,0,20261002,20261212
14894,1,1,1,1,1,0,0,20261002,20261212
14895,1,1,1,1,1,0,0,20261002,20261212
14896,1,1,1,1,1,0,0,20261002,20261212
14897,1,1,1,1,1,0,0,20261002,20261212
14898,1,1,1,1,1,0,0,20261002,20261212
14899,1,1,1,1,1,0,0,20261002,20261212
14900,1,1,1,1,1,0,0,20261002,20261212
14901,1,1,1,1,1,0,0,20261002,20261212
14902,1,1,1,1,1,0,0,20261002,20261212
14903,1,1,1,1,1,0,0,20261002,20261212
14904,1,1,1,1,1,0,0,20261002,20261212
14905,1,1,1,1,1,0,0,20261002,20261212
14906,1,1,1,1,1,0,0,20261002,20261212
14907,1,1,1,1,1,0,0,20261002,20261212
14908,0,0,0,0,0,1,1,20261002,20261212
14909,0,0,0,0,0,1,1,20261002,20261212
14910,0,0,0,0,0,1,1,20261002,20261212
14911,0,0,0,0,0,1,1,20261002,20261212
14912,0,0,0,0,0,1,1,20261002,20261212
14913,0,0,0,0,0,1,1,20261002,20261212
14914,0,0,0,0,0,1,1,20261002,20261212
14915,0,0,0,0,0,1,1,20261002,20261212
14916,0,0,0,0,0,1,1,20261002,20261212
14917,0,0,0,0,0,1,1,20261002,20261212
14918,0,0,0,0,0,1,1,20261002,20261212
14919,0,0,0,0,0,1,1,20261002,20261212
14920,0,0,0,0,0,1,1,20261002,20261212
14921,0,0,0,0,0,1,1,20261002,20261212
14922,0,0,0,0,0,1,1,20261002,20261212
14923,0,0,0,0,0,1,1,20261002,20261212
14924,0,0,0,0,0,1,1,20261002,20261212
14925,0,0,0,0,0,1,1,20261002,20261212
14926,0,0,0,0,0,1,1,20261002,20261212
14927,0,0,0,0,0,1,1,20261002,20261212
14928,0,0,0,0,0,1,1,20261002,20261212
14929,0,0,0,0,0,1,1,20261002,20261212
14930,0,0,0,0,0,1,1,20261002,20261212
14931,0,0,0,0,0,1,1,20261002,20261212
14932,0,0,0,0,0,1,1,20261002,20261212
14933,0,0,0,0,0,1,1,20261002,20261212
14934,0,0,0,0,0,1,1,20261002,20261212
14935,0,0,0,0,0,1,1,20261002,20261212
14936,1,1,1,1,1,0,0,20261002,20261212
14937,1,1,1,1,1,0,0,20261002,20261212
14938,1,1,1,1,1,0,0,20261002,20261212
14939,1,1,1,1,1,0,0,20261002,20261212
14940,1,1,1,1,1,0,0,20261002,20261212
14941,1,1,1,1,1,0,0,20261002,20261212
14942,1,1,1,1,1,0,0,20261002,20261212
14943,1,1,1,1,1,0,0,20261002,20261212
14944,1,1,1,1,1,0,0,20261002,20261212
14945,1,1,1,1,1,0,0,20261002,20261212
14946,1,1,1,1,1,0,0,20261002,20261212
14947,1,1,1,1,1,0,0,20261002,20261212
14948,1,1,1,1,1,0,0,20261002,20261212
14949,1,1,1,1,1,0,0,20261002,20261212
14950,1,1,1,1,1,0,0,20261002,20261212
14951,1,1,1,1,1,0,0,20261002,20261212
14952,1,1,1,1,1,0,0,20261002,20261212
14953,1,1,1,1,1,0,0,20261002,20261212
14954,1,1,1,1,1,0,0,20261002,20261212
14955,1,1,1,1,1,0,0,20261002,20261212
14956,1,1,1,1,1,0,0,20261002,20261212
14957,1,1,1,1,1,0,0,20261002,20261212
14958,1,1,1,1,1,0,0,20261002,20261212
14959,1,1,1,1,1,0,0,20261002,20261212
14960,1,1,1,1,1,0,0,20261002,20261212
14961,1,1,1,1,1,0,0,20261002,20261212
14962,1,1,1,1,1,0,0,20261002,20261212
14963,1,1,1,1,1,0,0,20261002,20261212
14964,1,1,1,1,1,0,0,20261002,20261212
14965,1,1,1,1,1,0,0,20261002,20261212
14966,1,1,1,1,1,0,0,20261002,20261212
14967,1,1,1,1,1,0,0,20261002,20261212
14968,1,1,1,1,1,0,0,20261002,20261212
14969,1,1,1,1,1,0,0,20261002,20261212
14970,1,1,1,1,1,0,0,20261002,20261212
14971,1,1,1,1,1,0,0,20261002,20261212
14972,1,1,1,1,1,0,0,20261002,20261212
14973,1,1,1,1,1,0,0,20261002,20261212
14974,1,1,1,1,1,0,0,20261002,20261212
14975,1,1,1,1,1,0,0,20261002,20261212
14976,1,1,1,1,1,0,0,20261002,20261212
14977,1,1,1,1,1,0,0,20261002,20261212
14978,0,0,0,0,0,1,1,20261002,20261212
14979,0,0,0,0,0,1,1,20261002,20261212
14980,0,0,0,0,0,1,1,20261002,20261212
14981,0,0,0,0,0,1,1,20261002,20261212
14982,0,0,0,0,0,1,1,20261002,20261212
14983,0,0,0,0,0,1,1,20261002,20261212
14984,0,0,0,0,0,1,1,20261002,20261212
14985,0,0,0,0,0,1,1,20261002,20261212
14986,0,0,0,0,0,1,1,20261002,20261212
14987,0,0,0,0,0,1,1,20261002,20261212
14988,0,0,0,0,0,1,1,20261002,20261212
14989,0,0,0,0,0,1,1,20261002,20261212
14990,0,0,0,0,0,1,1,20261002,20261212
14991,0,0,0,0,0,1,1,20261002,20261212
14992,0,0,0,0,0,1,1,20261002,20261212
14993,0,0,0,0,0,1,1,20261002,20261212
14994,1,1,1,1,1,0,0,20261002,20261212
14995,1,1,1,1,1,0,0,20261002,20261212
14996,1,1,1,1,1,0,0,20261002,20261212
14997,1,1,1,1,1,0,0,20261002,20261212
14998,1,1,1,1,1,0,0,20261002,20261212
14999,1,1,1,1,1,0,0,20261002,20261212
15000,1,1,1,1,1,0,0,20261002,20261212
15001,1,1,1,1,1,0,0,20261002,20261212
15002,1,1,1,1,1,0,0,20261002,20261212
15003,1,1,1,1,1,0,0,20261002,20261212
15004,1,1,1,1,1,0,0,20261002,20261212
15005,1,1,1,1,1,0,0,20261002,20261212
15006,1,1,1,1,1,0,0,20261002,20261212
15007,1,1,1,1,1,0,0,20261002,20261212
15008,1,1,1,1,1,0,0,20261002,20261212
15009,1,1,1,1,1,0,0,20261002,20261212
15010,1,1,1,1,1,0,0,20261002,20261212
15011,1,1,1,1,1,0,0,20261002,20261212
15012,1,1,1,1,1,0,0,20261002,20261212
15013,1,1,1,1,1,0,0,20261002,20261212
15014,1,1,1,1,1,0,0,20261002,20261212
15015,1,1,1,1,1,0,0,20261002,20261212
15016,1,1,1,1,1,0,0,20261002,20261212
15017,1,1,1,1,1,0,0,20261002,20261212
15018,1,1,1,1,1,0,0,20261002,20261212
15019,1,1,1,1,1,0,0,20261002,20261212
15020,1,1,1,1,1,0,0,20261002,20261212
15021,1,1,1,1,1,0,0,20261002,20261212
15022,1,1,1,1,1,0,0,20261002,20261212
15023,1,1,1,1,1,0,0,20261002,20261212
15024,1,1,1,1,1,0,0,20261002,20261212
15025,1,1,1,1,1,0,0,20261002,20261212
15026,1,1,1,1,1,0,0,20261002,20261212
15027,1,1,1,1,1,0,0,20261002,20261212
15028,1,1,1,1,1,0,0,20261002,20261212
15029,1,1,1,1,1,0,0,20261002,20261212
15030,1,1,1,1,1,0,0,20261002,20261212
15031,1,1,1,1,1,0,0,20261002,20261212
15032,1,1,1,1,1,0,0,20261002,20261212
15033,1,1,1,1,1,0,0,20261002,20261212
15034,1,1,1,1,1,0,0,20261002,20261212
15035,1,1,1,1,1,0,0,20261002,20261212
15036,1,1,1,1,1,0,0,20261002,20261212
15037,1,1,1,1,1,0,0,20261002,20261212
15038,1,1,1,1,1,0,0,20261002,20261212
15039,1,1,1,1,1,0,0,20261002,20261212
15040,1,1,1,1,1,0,0,20261002,20261212
15041,1,1,1,1,1,0,0,20261002,20261212
15042,1,1,1,1,1,0,0,20261002,20261212
15043,1,1,1,1,1,0,0,20261002,20261212
15044,1,1,1,1,1,0,0,20261002,20261212
15045,1,1,1,1,1,0,0,20261002,20261212
15046,1,1,1,1,1,0,0,20261002,20261212
15047,1,1,1,1,1,0,0,20261002,20261212
15048,1,1,1,1,1,0,0,20261002,20261212
15049,1,1,1,1,1,0,0,20261002,20261212
15050,1,1,1,1,1,0,0,20261002,20261212
15051,1,1,1,1,1,0,0,20261002,20261212
15052,1,1,1,1,1,0,0,20261002,20261212
15053,1,1,1,1,1,0,0,20261002,20261212
15054,1,1,1,1,1,0,0,20261002,20261212
15055,0,0,0,0,0,1,1,20261002,20261212
15056,0,0,0,0,0,1,1,20261002,20261212
15057,0,0,0,0,0,1,1,20261002,20261212
15058,0,0,0,0,0,1,1,20261002,20261212
15059,0,0,0,0,0,1,1,20261002,20261212
15060,0,0,0,0,0,1,1,20261002,20261212
15061,0,0,0,0,0,1,1,20261002,20261212
15062,0,0,0,0,0,1,1,20261002,20261212
15063,0,0,0,0,0,1,1,20261002,20261212
15064,0,0,0,0,0,1,1,20261002,20261212
15065,0,0,0,0,0,1,1,20261002,20261212
15066,0,0,0,0,0,1,1,20261002,20261212
15067,0,0,0,0,0,1,1,20261002,20261212
15068,0,0,0,0,0,1,1,20261002,20261212
15069,0,0,0,0,0,1,1,20261002,20261212
15070,0,0,0,0,0,1,1,20261002,20261212
15071,0,0,0,0,0,1,1,20261002,20261212
15072,0,0,0,0,0,1,1,20261002,20261212
15073,0,0,0,0,0,1,1,20261002,20261212
15074,0,0,0,0,0,1,1,20261002,20261212
15075,0,0,0,0,0,1,1,20261002,20261212
15076,0,0,0,0,0,1,1,20261002,20261212
15077,0,0,0,0,0,1,1,20261002,20261212
15078,1,1,1,1,1,0,0,20261002,20261212
15079,1,1,1,1,1,0,0,20261002,20261212
15080,1,1,1,1,1,0,0,20261002,20261212
15081,1,1,1,1,1,0,0,20261002,20261212
15082,1,1,1,1,1,0,0,20261002,20261212
15083,1,1,1,1,1,0,0,20261002,20261212
15084,1,1,1,1,1,0,0,20261002,20261212
15085,1,1,1,1,1,0,0,20261002,20261212
15086,1,1,1,1,1,0,0,20261002,20261212
15087,1,1,1,1,1,0,0,20261002,20261212
15088,1,1,1,1,1,0,0,20261002,20261212
15089,1,1,1,1,1,0,0,20261002,20261212
15090,1,1,1,1,1,0,0,20261002,20261212
15091,1,1,1,1,1,0,0,20261002,20261212
15092,1,1,1,1,1,0,0,20261002,20261212
15093,0,0,0,0,0,0,1,20261002,20261212
15094,0,0,0,0,0,0,1,20261002,20261212
15095,0,0,0,0,0,0,1,20261002,20261212
15096,0,0,0,0,0,0,1,20261002,20261212
15097,1,1,1,1,1,0,0,20261002,20261212
15098,1,1,1,1,1,0,0,20261002,20261212
15099,1,1,1,1,1,0,0,20261002,20261212
15101,1,1,1,1,1,0,0,20261002,20261212
15102,1,1,1,1,1,0,0,20261002,20261212
15103,1,1,1,1,1,0,0,20261002,20261212
15104,1,1,1,1,1,0,0,20261002,20261212
15105,1,1,1,1,1,0,0,20261002,20261212
15106,1,1,1,1,1,0,0,20261002,20261212
15107,1,1,1,1,1,0,0,20261002,20261212
15108,1,1,1,1,1,0,0,20261002,20261212
15109,1,1,1,1,1,0,0,20261002,20261212
15110,1,1,1,1,1,0,0,20261002,20261212
15111,1,1,1,1,1,0,0,20261002,20261212
15112,1,1,1,1,1,0,0,20261002,20261212
15113,1,1,1,1,1,0,0,20261002,20261212
15114,1,1,1,1,1,0,0,20261002,20261212
15115,1,1,1,1,1,0,0,20261002,20261212
15116,1,1,1,1,1,0,0,20261002,20261212
15117,1,1,1,1,1,0,0,20261002,20261212
15118,1,1,1,1,1,0,0,20261002,20261212
15119,1,1,1,1,1,0,0,20261002,20261212
15120,1,1,1,1,1,0,0,20261002,20261212
15121,1,1,1,1,1,0,0,20261002,20261212
15122,1,1,1,1,1,0,0,20261002,20261212
15123,1,1,1,1,1,0,0,20261002,20261212
15124,1,1,1,1,1,0,0,20261002,20261212
15125,1,1,1,1,1,0,0,20261002,20261212
15126,1,1,1,1,1,0,0,20261002,20261212
15127,1,1,1,1,1,0,0,20261002,20261212
15128,1,1,1,1,1,0,0,20261002,20261212
15129,1,1,1,1,1,0,0,20261002,20261212
15130,1,1,1,1,1,0,0,20261002,20261212
15131,1,1,1,1,1,0,0,20261002,20261212
15132,1,1,1,1,1,0,0,20261002,20261212
15133,1,1,1,1,1,0,0,20261002,20261212
15134,1,1,1,1,1,0,0,20261002,20261212
15135,1,1,1,1,1,0,0,20261002,20261212
15136,0,0,0,0,0,1,1,20261002,20261212
15137,0,0,0,0,0,1,1,20261002,20261212
15138,0,0,0,0,0,1,1,20261002,20261212
15139,0,0,0,0,0,1,1,20261002,20261212
15140,0,0,0,0,0,1,1,20261002,20261212
15141,0,0,0,0,0,1,1,20261002,20261212
15142,0,0,0,0,0,0,1,20261002,20261212
15143,0,0,0,0,0,1,1,20261002,20261212
15144,0,0,0,0,0,0,1,20261002,20261212
15145,0,0,0,0,0,1,1,20261002,20261212
15146,0,0,0,0,0,1,1,20261002,20261212
15147,0,0,0,0,0,1,1,20261002,20261212
15148,0,0,0,0,0,1,1,20261002,20261212
15149,0,0,0,0,0,1,1,20261002,20261212
15150,1,1,1,1,1,0,0,20261002,20261212
15151,1,1,1,1,1,0,0,20261002,20261212
15152,1,1,1,1,1,0,0,20261002,20261212
15153,1,1,1,1,1,0,0,20261002,20261212
15154,1,1,1,1,1,0,0,20261002,20261212
15155,1,1,1,1,1,0,0,20261002,20261212
15156,1,1,1,1,1,0,0,20261002,20261212
15157,1,1,1,1,1,0,0,20261002,20261212
15158,1,1,1,1,1,0,0,20261002,20261212
15159,1,1,1,1,1,0,0,20261002,20261212
15160,1,1,1,1,1,0,0,20261002,20261212
15161,1,1,1,1,1,0,0,20261002,20261212
15162,1,1,1,1,1,0,0,20261002,20261212
15163,1,1,1,1,1,0,0,20261002,20261212
15164,1,1,1,1,1,0,0,20261002,20261212
15165,1,1,1,1,1,0,0,20261002,20261212
15166,1,1,1,1,1,0,0,20261002,20261212
15167,1,1,1,1,1,0,0,20261002,20261212
15168,1,1,1,1,1,0,0,20261002,20261212
15169,1,1,1,1,1,0,0,20261002,20261212
15170,1,1,1,1,1,0,0,20261002,20261212
15171,1,1,1,1,1,0,0,20261002,20261212
15172,1,1,1,1,1,0,0,20261002,20261212
15173,1,1,1,1,1,0,0,20261002,20261212
15174,1,1,1,1,1,0,0,20261002,20261212
15175,0,0,0,0,0,1,1,20261002,20261212
15176,0,0,0,0,0,1,1,20261002,20261212
15177,0,0,0,0,0,1,1,20261002,20261212
15178,0,0,0,0,0,1,1,20261002,20261212
15179,0,0,0,0,0,1,1,20261002,20261212
15180,0,0,0,0,0,1,1,20261002,20261212
15181,0,0,0,0,0,1,1,20261002,20261212
15182,0,0,0,0,0,1,1,20261002,20261212
15183,0,0,0,0,0,1,1,20261002,20261212
15184,0,0,0,0,0,1,1,20261002,20261212
15185,0,0,0,0,0,1,1,20261002,20261212
15186,0,0,0,0,0,1,1,20261002,20261212
15187,0,0,0,0,0,1,1,20261002,20261212
15188,0,0,0,0,0,1,1,20261002,20261212
15189,1,1,1,1,1,0,0,20261002,20261212
15190,1,1,1,1,1,0,0,20261002,20261212
15191,1,1,1,1,1,0,0,20261002,20261212
15192,1,1,1,1,1,0,0,20261002,20261212
15193,1,1,1,1,1,0,0,20261002,20261212
15194,1,1,1,1,1,0,0,20261002,20261212
15195,1,1,1,1,1,0,0,20261002,20261212
15196,1,1,1,1,1,0,0,20261002,20261212
15197,1,1,1,1,1,0,0,20261002,20261212
15198,1,1,1,1,1,0,0,20261002,20261212
15199,1,1,1,1,1,0,0,20261002,20261212
15200,1,1,1,1,1,0,0,20261002,20261212
15201,1,1,1,1,1,0,0,20261002,20261212
15202,1,1,1,1,1,0,0,20261002,20261212
15203,1,1,1,1,1,0,0,20261002,20261212
15204,1,1,1,1,1,0,0,20261002,20261212
15205,1,1,1,1,1,0,0,20261002,20261212
15206,1,1,1,1,1,0,0,20261002,20261212
15207,1,1,1,1,1,0,0,20261002,20261212
15208,1,1,1,1,1,0,0,20261002,20261212
15209,1,1,1,1,1,0,0,20261002,20261212
15210,1,1,1,1,1,0,0,20261002,20261212
15211,1,1,1,1,1,0,0,20261002,20261212
15212,1,1,1,1,1,0,0,20261002,20261212
15213,1,1,1,1,1,0,0,20261002,20261212
15214,1,1,1,1,1,0,0,20261002,20261212
15215,1,1,1,1,1,0,0,20261002,20261212
15216,1,1,1,1,1,0,0,20261002,20261212
15217,1,1,1,1,1,0,0,20261002,20261212
15218,1,1,1,1,1,0,0,20261002,20261212
15219,1,1,1,1,1,0,0,20261002,20261212
15220,1,1,1,1,1,0,0,20261002,20261212
15221,1,1,1,1,1,0,0,20261002,20261212
15222,1,1,1,1,1,0,0,20261002,20261212
15223,1,1,1,1,1,0,0,20261002,20261212
15224,1,1,1,1,1,0,0,20261002,20261212
15225,1,1,1,1,1,0,0,20261002,20261212
15226,1,1,1,1,1,0,0,20261002,20261212
15227,1,1,1,1,1,0,0,20261002,20261212
15228,1,1,1,1,1,0,0,20261002,20261212
15229,1,1,1,1,1,0,0,20261002,20261212
15230,1,1,1,1,1,0,0,20261002,20261212
15231,1,1,1,1,1,0,0,20261002,20261212
15232,1,1,1,1,1,0,0,20261002,20261212
15233,1,1,1,1,1,0,0,20261002,20261212
15234,1,1,1,1,1,0,0,20261002,20261212
15235,1,1,1,1,1,0,0,20261002,20261212
15236,1,1,1,1,1,0,0,20261002,20261212
15237,1,1,1,1,1,0,0,20261002,20261212
15238,1,1,1,1,1,0,0,20261002,20261212
15239,1,1,1,1,1,0,0,20261002,20261212
15240,1,1,1,1,1,0,0,20261002,20261212
15241,1,1,1,1,1,0,0,20261002,20261212
15242,1,1,1,1,1,0,0,20261002,20261212
15243,0,0,0,0,0,1,1,20261002,20261212
15244,0,0,0,0,0,1,1,20261002,20261212
15245,0,0,0,0,0,1,1,20261002,20261212
15246,0,0,0,0,0,1,1,20261002,20261212
15247,0,0,0,0,0,1,1,20261002,20261212
15248,0,0,0,0,0,1,1,20261002,20261212
15249,0,0,0,0,0,1,1,20261002,20261212
15250,0,0,0,0,0,1,1,20261002,20261212
15251,0,0,0,0,0,1,1,20261002,20261212
15252,0,0,0,0,0,1,1,20261002,20261212
15253,0,0,0,0,0,1,1,20261002,20261212
15254,0,0,0,0,0,1,1,20261002,20261212
15255,1,1,1,1,1,0,0,20261002,20261212
15256,1,1,1,1,1,0,0,20261002,20261212
15257,1,1,1,1,1,0,0,20261002,20261212
15258,1,1,1,1,1,0,0,20261002,20261212
15259,1,1,1,1,1,0,0,20261002,20261212
15260,1,1,1,1,1,0,0,20261002,20261212
15261,1,1,1,1,1,0,0,20261002,20261212
15262,1,1,1,1,1,0,0,20261002,20261212
15263,1,1,1,1,1,0,0,20261002,20261212
15264,1,1,1,1,1,0,0,20261002,20261212
15265,1,1,1,1,1,0,0,20261002,20261212
15266,1,1,1,1,1,0,0,20261002,20261212
15267,1,1,1,1,1,0,0,20261002,20261212
15268,1,1,1,1,1,0,0,20261002,20261212
15269,1,1,1,1,1,0,0,20261002,20261212
15270,1,1,1,1,1,0,0,20261002,20261212
15271,1,1,1,1,1,0,0,20261002,20261212
15272,1,1,1,1,1,0,0,20261002,20261212
15273,1,1,1,1,1,0,0,20261002,20261212
15274,1,1,1,1,1,0,0,20261002,20261212
15275,0,0,0,0,0,1,1,20261002,20261212
15276,0,0,0,0,0,1,1,20261002,20261212
15277,0,0,0,0,0,1,1,20261002,20261212
15278,0,0,0,0,0,1,1,20261002,20261212
15279,0,0,0,0,0,1,1,20261002,20261212
15280,0,0,0,0,0,1,1,20261002,20261212
15281,0,0,0,0,0,1,1,20261002,20261212
15282,1,1,1,1,1,0,0,20261002,20261212
15283,1,1,1,1,1,0,0,20261002,20261212
15284,1,1,1,1,1,0,0,20261002,20261212
15285,1,1,1,1,1,0,0,20261002,20261212
15286,1,1,1,1,1,0,0,20261002,20261212
15287,1,1,1,1,1,0,0,20261002,20261212
15288,1,1,1,1,1,0,0,20261002,20261212
15289,1,1,1,1,1,0,0,20261002,20261212
15290,1,1,1,1,1,0,0,20261002,20261212
15291,1,1,1,1,1,0,0,20261002,20261212
15292,1,1,1,1,1,0,0,20261002,20261212
15293,1,1,1,1,1,0,0,20261002,20261212
15294,1,1,1,1,1,0,0,20261002,20261212
15295,1,1,1,1,1,0,0,20261002,20261212
15296,1,1,1,1,1,0,0,20261002,20261212
15297,1,1,1,1,1,0,0,20261002,20261212
15298,1,1,1,1,1,0,0,20261002,20261212
15299,1,1,1,1,1,0,0,20261002,20261212
15300,1,1,1,1,1,0,0,20261002,20261212
15301,1,1,1,1,1,0,0,20261002,20261212
15302,1,1,1,1,1,0,0,20261002,20261212
15303,1,1,1,1,1,0,0,20261002,20261212
15304,1,1,1,1,1,0,0,20261002,20261212
15305,1,1,1,1,1,0,0,20261002,20261212
15306,1,1,1,1,1,0,0,20261002,20261212
15307,1,1,1,1,1,0,0,20261002,20261212
15308,1,1,1,1,1,0,0,20261002,20261212
15309,1,1,1,1,1,0,0,20261002,20261212
15310,1,1,1,1,1,0,0,20261002,20261212
15311,1,1,1,1,1,0,0,20261002,20261212
15312,1,1,1,1,1,0,0,20261002,20261212
15313,1,1,1,1,1,0,0,20261002,20261212
15314,1,1,1,1,1,0,0,20261002,20261212
15315,1,1,1,1,1,0,0,20261002,20261212
15316,1,1,1,1,1,0,0,20261002,20261212
15317,1,1,1,1,1,0,0,20261002,20261212
15318,1,1,1,1,1,0,0,20261002,20261212
15319,1,1,1,1,1,0,0,20261002,20261212
15320,1,1,1,1,1,0,0,20261002,20261212
15321,0,0,0,0,0,0,1,20261002,20261212
15322,0,0,0,0,0,0,1,20261002,20261212
15323,0,0,0,0,0,0,1,20261002,20261212
15324,0,0,0,0,0,0,1,20261002,20261212
15325,0,0,0,0,0,0,1,20261002,20261212
15326,0,0,0,0,0,0,1,20261002,20261212
15327,1,1,1,1,1,0,0,20261002,20261212
15328,1,1,1,1,1,0,0,20261002,20261212
15329,1,1,1,1,1,0,0,20261002,20261212
15330,1,1,1,1,1,0,0,20261002,20261212
15331,1,1,1,1,1,0,0,20261002,20261212
15332,1,1,1,1,1,0,0,20261002,20261212
15333,1,1,1,1,1,0,0,20261002,20261212
15334,1,1,1,1,1,0,0,20261002,20261212
15335,1,1,1,1,1,0,0,20261002,20261212
15336,1,1,1,1,1,0,0,20261002,20261212
15337,1,1,1,1,1,0,0,20261002,20261212
15338,1,1,1,1,1,0,0,20261002,20261212
15339,1,1,1,1,1,0,0,20261002,20261212
15340,1,1,1,1,1,0,0,20261002,20261212
15341,1,1,1,1,1,0,0,20261002,20261212
15342,1,1,1,1,1,0,0,20261002,20261212
15343,1,1,1,1,1,0,0,20261002,20261212
15344,1,1,1,1,1,0,0,20261002,20261212
15345,1,1,1,1,1,0,0,20261002,20261212
15346,0,0,0,0,0,0,1,20261002,20261212
15347,0,0,0,0,0,0,1,20261002,20261212
15348,0,0,0,0,0,0,1,20261002,20261212
15349,0,0,0,0,0,0,1,20261002,20261212
15350,1,1,1,1,1,0,0,20261002,20261212
15351,1,1,1,1,1,0,0,20261002,20261212
15352,1,1,1,1,1,0,0,20261002,20261212
15353,1,1,1,1,1,0,0,20261002,20261212
15354,1,1,1,1,1,0,0,20261002,20261212
15355,1,1,1,1,1,0,0,20261002,20261212
15356,1,1,1,1,1,0,0,20261002,20261212
15357,1,1,1,1,1,0,0,20261002,20261212
15358,1,1,1,1,1,0,0,20261002,20261212
15359,1,1,1,1,1,0,0,20261002,20261212
15360,1,1,1,1,1,0,0,20261002,20261212
15361,1,1,1,1,1,0,0,20261002,20261212
15362,1,1,1,1,1,0,0,20261002,20261212
15363,1,1,1,1,1,0,0,20261002,20261212
15364,1,1,1,1,1,0,0,20261002,20261212
15365,1,1,1,1,1,0,0,20261002,20261212
15366,1,1,1,1,1,0,0,20261002,20261212
15367,1,1,1,1,1,0,0,20261002,20261212
15368,1,1,1,1,1,0,0,20261002,20261212
15369,1,1,1,1,1,0,0,20261002,20261212
15370,1,1,1,1,1,0,0,20261002,20261212
15371,1,1,1,1,1,0,0,20261002,20261212
15372,1,1,1,1,1,0,0,20261002,20261212
15373,1,1,1,1,1,0,0,20261002,20261212
15374,1,1,1,1,1,0,0,20261002,20261212
15375,1,1,1,1,1,0,0,20261002,20261212
15376,1,1,1,1,1,0,0,20261002,20261212
15377,1,1,1,1,1,0,0,20261002,20261212
15378,1,1,1,1,1,0,0,20261002,20261212
15379,1,1,1,1,1,0,0,20261002,20261212
15380,1,1,1,1,1,0,0,20261002,20261212
15381,1,1,1,1,1,0,0,20261002,20261212
15382,1,1,1,1,1,0,0,20261002,20261212
15383,1,1,1,1,1,0,0,20261002,20261212
15384,1,1,1,1,1,0,0,20261002,20261212
15385,1,1,1,1,1,0,0,20261002,20261212
15386,1,1,1,1,1,0,0,20261002,20261212
15387,1,1,1,1,1,0,0,20261002,20261212
15388,1,1,1,1,1,0,0,20261002,20261212
15389,1,1,1,1,1,0,0,20261002,20261212
15390,1,1,1,1,1,0,0,20261002,20261212
15391,1,1,1,1,1,0,0,20261002,20261212
15392,1,1,1,1,1,0,0,20261002,20261212
15393,1,1,1,1,1,0,0,20261002,20261212
15394,1,1,1,1,1,0,0,20261002,20261212
15395,1,1,1,1,1,0,0,20261002,20261212
15396,1,1,1,1,1,0,0,20261002,20261212
15397,1,1,1,1,1,0,0,20261002,20261212
15399,1,1,1,1,1,0,0,20261002,20261212
15400,0,0,0,0,0,1,1,20261002,20261212
15401,0,0,0,0,0,1,1,20261002,20261212
15402,0,0,0,0,0,1,1,20261002,20261212
15403,0,0,0,0,0,1,1,20261002,20261212
15404,0,0,0,0,0,1,1,20261002,20261212
15405,0,0,0,0,0,1,1,20261002,20261212
15406,0,0,0,0,0,1,1,20261002,20261212
15407,0,0,0,0,0,1,1,20261002,20261212
15408,0,0,0,0,0,1,1,20261002,20261212
15409,1,1,1,1,1,0,0,20261002,20261212
15410,1,1,1,1,1,0,0,20261002,20261212
15411,1,1,1,1,1,0,0,20261002,20261212
15412,1,1,1,1,1,0,0,20261002,20261212
15413,1,1,1,1,1,0,0,20261002,20261212
15414,1,1,1,1,1,0,0,20261002,20261212
15415,1,1,1,1,1,0,0,20261002,20261212
15416,1,1,1,1,1,0,0,20261002,20261212
15417,0,0,0,0,0,1,0,20261002,20261212
15418,0,0,0,0,0,1,0,20261002,20261212
15780,1,1,1,1,1,1,1,20261002,20261212
15781,1,1,1,1,1,0,0,20261002,20261212
15782,1,1,1,1,1,0,0,20261002,20261212
15783,1,1,1,1,1,0,0,20261002,20261212
15784,1,1,1,1,1,0,0,20261002,20261212
15785,1,1,1,1,1,0,0,20261002,20261212
15786,1,1,1,1,1,0,0,20261002,20261212
15787,1,1,1,1,1,0,0,20261002,20261212
15788,1,1,1,1,1,0,0,20261002,20261212
15797,1,1,1,1,1,1,1,20261002,20261212
15800,1,1,1,1,1,1,1,20261002,20261212
15801,1,1,1,1,1,1,1,20261002,20261212
15802,0,0,0,0,0,1,1,20261002,20261212
15803,0,0,0,0,0,1,1,20261002,20261212
15804,0,0,0,0,0,1,1,20261002,20261212
15814,0,0,0,0,0,1,1,20261002,20261212
16087,1,1,1,1,1,0,0,20261002,20261212
16088,1,1,1,1,1,0,0,20261002,20261212
16089,1,1,1,1,1,0,0,20261002,20261212
16090,1,1,1,1,1,0,0,20261002,20261212
16091,1,1,1,1,1,0,0,20261002,20261212
16092,1,1,1,1,1,0,0,20261002,20261212
16093,1,1,1,1,1,0,0,20261002,20261212
16094,1,1,1,1,1,0,0,20261002,20261212
16095,1,1,1,1,1,0,0,20261002,20261212
16096,1,1,1,1,1,0,0,20261002,20261212
16097,1,1,1,1,1,0,0,20261002,20261212
16098,1,1,1,1,1,0,0,20261002,20261212
16099,1,1,1,1,1,0,0,20261002,20261212
16100,1,1,1,1,1,0,0,20261002,20261212
16101,1,1,1,1,1,0,0,20261002,20261212
16102,1,1,1,1,1,0,0,20261002,20261212
16103,1,1,1,1,1,0,0,20261002,20261212
16104,1,1,1,1,1,0,0,20261002,20261212
16105,1,1,1,1,1,0,0,20261002,20261212
16106,1,1,1,1,1,0,0,20261002,20261212
16107,1,1,1,1,1,0,0,20261002,20261212
16108,1,1,1,1,1,0,0,20261002,20261212
16109,1,1,1,1,1,0,0,20261002,20261212
16110,1,1,1,1,1,0,0,20261002,20261212
16111,1,1,1,1,1,0,0,20261002,20261212
16112,1,1,1,1,1,0,0,20261002,20261212
16113,1,1,1,1,1,0,0,20261002,20261212
16114,1,1,1,1,1,0,0,20261002,20261212
16115,1,1,1,1,1,0,0,20261002,20261212
16116,1,1,1,1,1,0,0,20261002,20261212
16117,1,1,1,1,1,0,0,20261002,20261212
16118,1,1,1,1,1,0,0,20261002,20261212
16119,1,1,1,1,1,0,0,20261002,20261212
16120,1,1,1,1,1,0,0,20261002,20261212
16121,1,1,1,1,1,0,0,20261002,20261212
16122,1,1,1,1,1,0,0,20261002,20261212
16123,1,1,1,1,1,0,0,20261002,20261212
16124,1,1,1,1,1,0,0,20261002,20261212
16125,1,1,1,1,1,0,0,20261002,20261212
16126,1,1,1,1,1,0,0,20261002,20261212
16127,1,1,1,1,1,0,0,20261002,20261212
16128,1,1,1,1,1,0,0,20261002,20261212
16129,1,1,1,1,1,0,0,20261002,20261212
16130,1,1,1,1,1,0,0,20261002,20261212
16131,1,1,1,1,1,0,0,20261002,20261212
16132,1,1,1,1,1,0,0,20261002,20261212
16133,1,1,1,1,1,0,0,20261002,20261212
16134,1,1,1,1,1,0,0,20261002,20261212
16135,1,1,1,1,1,0,0,20261002,20261212
16136,1,1,1,1,1,0,0,20261002,20261212
16137,1,1,1,1,1,0,0,20261002,20261212
16138,1,1,1,1,1,0,0,20261002,20261212
16139,1,1,1,1,1,0,0,20261002,20261212
16140,1,1,1,1,1,0,0,20261002,20261212
16141,1,1,1,1,1,0,0,20261002,20261212
16142,1,1,1,1,1,0,0,20261002,20261212
16143,1,1,1,1,1,0,0,20261002,20261212
16144,0,0,0,0,0,1,1,20261002,20261212
16145,0,0,0,0,0,1,1,20261002,20261212
16146,0,0,0,0,0,1,1,20261002,20261212
16147,0,0,0,0,0,1,1,20261002,20261212
16148,0,0,0,0,0,1,1,20261002,20261212
16149,0,0,0,0,0,1,1,20261002,20261212
16150,0,0,0,0,0,1,1,20261002,20261212
16151,0,0,0,0,0,1,1,20261002,20261212
16152,0,0,0,0,0,1,1,20261002,20261212
16153,0,0,0,0,0,1,1,20261002,20261212
16154,0,0,0,0,0,1,1,20261002,20261212
16155,0,0,0,0,0,1,1,20261002,20261212
16156,0,0,0,0,0,1,1,20261002,20261212
16157,0,0,0,0,0,1,1,20261002,20261212
16158,0,0,0,0,0,1,1,20261002,20261212
16159,0,0,0,0,0,1,1,20261002,20261212
16160,0,0,0,0,0,1,1,20261002,20261212
16161,0,0,0,0,0,1,1,20261002,20261212
16162,0,0,0,0,0,1,1,20261002,20261212
16163,0,0,0,0,0,1,1,20261002,20261212
16164,0,0,0,0,0,1,1,20261002,20261212
16165,0,0,0,0,0,1,1,20261002,20261212
16166,0,0,0,0,0,1,1,20261002,20261212
16167,0,0,0,0,0,1,1,20261002,20261212
16168,0,0,0,0,0,1,1,20261002,20261212
16169,0,0,0,0,0,1,1,20261002,20261212
16170,0,0,0,0,0,1,1,20261002,20261212
16171,0,0,0,0,0,1,1,20261002,20261212
16172,0,0,0,0,0,1,1,20261002,20261212
16173,0,0,0,0,0,1,1,20261002,20261212
16174,0,0,0,0,0,1,1,20261002,20261212
16175,0,0,0,0,0,1,1,20261002,20261212
16176,0,0,0,0,0,1,1,20261002,20261212
16345,1,1,1,1,1,0,0,20261002,20261212
16346,1,1,1,1,1,0,0,20261002,20261212
16347,1,1,1,1,1,0,0,20261002,20261212
16348,1,1,1,1,1,0,0,20261002,20261212
16349,1,1,1,1,1,0,0,20261002,20261212
16350,1,1,1,1,1,0,0,20261002,20261212
16351,1,1,1,1,1,0,0,20261002,20261212
16352,1,1,1,1,1,0,0,20261002,20261212
16353,1,1,1,1,1,0,0,20261002,20261212
16354,1,1,1,1,1,0,0,20261002,20261212
16355,1,1,1,1,1,0,0,20261002,20261212
16356,1,1,1,1,1,0,0,20261002,20261212
16357,1,1,1,1,1,0,0,20261002,20261212
16358,1,1,1,1,1,0,0,20261002,20261212
16359,1,1,1,1,1,0,0,20261002,20261212
16360,1,1,1,1,1,0,0,20261002,20261212
16361,1,1,1,1,1,0,0,20261002,20261212
16362,1,1,1,1,1,0,0,20261002,20261212
16363,1,1,1,1,1,0,0,20261002,20261212
16364,1,1,1,1,1,0,0,20261002,20261212
16365,1,1,1,1,1,0,0,20261002,20261212
16366,1,1,1,1,1,0,0,20261002,20261212
16367,1,1,1,1,1,0,0,20261002,20261212
16368,1,1,1,1,1,0,0,20261002,20261212
16369,1,1,1,1,1,0,0,20261002,20261212
16370,1,1,1,1,1,0,0,20261002,20261212
16371,1,1,1,1,1,0,0,20261002,20261212
16372,1,1,1,1,1,0,0,20261002,20261212
16373,1,1,1,1,1,0,0,20261002,20261212
16374,1,1,1,1,1,0,0,20261002,20261212
16375,1,1,1,1,1,0,0,20261002,20261212
16376,1,1,1,1,1,0,0,20261002,20261212
16377,1,1,1,1,1,0,0,20261002,20261212
16378,1,1,1,1,1,0,0,20261002,20261212
16379,1,1,1,1,1,0,0,20261002,20261212
16380,1,1,1,1,1,0,0,20261002,20261212
16381,1,1,1,1,1,0,0,20261002,20261212
16382,1,1,1,1,1,0,0,20261002,20261212
16383,1,1,1,1,1,0,0,20261002,20261212
16384,1,1,1,1,1,0,0,20261002,20261212
16385,1,1,1,1,1,0,0,20261002,20261212
16386,1,1,1,1,1,0,0,20261002,20261212
16387,1,1,1,1,1,0,0,20261002,20261212
16388,1,1,1,1,1,0,0,20261002,20261212
16389,1,1,1,1,1,0,0,20261002,20261212
16390,1,1,1,1,1,0,0,20261002,20261212
16391,1,1,1,1,1,0,0,20261002,20261212
16392,1,1,1,1,1,0,0,20261002,20261212
16393,1,1,1,1,1,0,0,20261002,20261212
16394,1,1,1,1,1,0,0,20261002,20261212
16395,1,1,1,1,1,0,0,20261002,20261212
16396,1,1,1,1,1,0,0,20261002,20261212
16397,1,1,1,1,1,0,0,20261002,20261212
16398,1,1,1,1,1,0,0,20261002,20261212
16399,1,1,1,1,1,0,0,20261002,20261212
16400,1,1,1,1,1,0,0,20261002,20261212
16401,1,1,1,1,1,0,0,20261002,20261212
16402,1,1,1,1,1,0,0,20261002,20261212
16403,1,1,1,1,1,0,0,20261002,20261212
16404,1,1,1,1,1,0,0,20261002,20261212
16405,1,1,1,1,1,0,0,20261002,20261212
16406,1,1,1,1,1,0,0,20261002,20261212
16407,1,1,1,1,1,0,0,20261002,20261212
16408,1,1,1,1,1,0,0,20261002,20261212
16409,1,1,1,1,1,0,0,20261002,20261212
16410,1,1,1,1,1,0,0,20261002,20261212
16411,1,1,1,1,1,0,0,20261002,20261212
16412,0,0,0,0,0,1,1,20261002,20261212
16413,0,0,0,0,0,1,1,20261002,20261212
16414,0,0,0,0,0,1,1,20261002,20261212
16415,0,0,0,0,0,1,1,20261002,20261212
16416,0,0,0,0,0,1,1,20261002,20261212
16417,0,0,0,0,0,1,1,20261002,20261212
16418,0,0,0,0,0,1,1,20261002,20261212
16419,0,0,0,0,0,1,1,20261002,20261212
16420,0,0,0,0,0,1,1,20261002,20261212
16421,0,0,0,0,0,1,1,20261002,20261212
16422,0,0,0,0,0,1,1,20261002,20261212
16423,0,0,0,0,0,1,1,20261002,20261212
16424,0,0,0,0,0,1,1,20261002,20261212
16425,0,0,0,0,0,1,1,20261002,20261212
16426,0,0,0,0,0,1,1,20261002,20261212
16427,0,0,0,0,0,1,1,20261002,20261212
16428,1,1,1,1,1,0,0,20261002,20261212
16429,1,1,1,1,1,0,0,20261002,20261212
16430,1,1,1,1,1,0,0,20261002,20261212
16431,1,1,1,1,1,0,0,20261002,20261212
16432,1,1,1,1,1,0,0,20261002,20261212
16433,1,1,1,1,1,0,0,20261002,20261212
16434,1,1,1,1,1,0,0,20261002,20261212
16435,1,1,1,1,1,0,0,20261002,20261212
16436,1,1,1,1,1,0,0,20261002,20261212
16437,1,1,1,1,1,0,0,20261002,20261212
16438,1,1,1,1,1,0,0,20261002,20261212
16439,1,1,1,1,1,0,0,20261002,20261212
16440,1,1,1,1,1,0,0,20261002,20261212
16441,1,1,1,1,1,0,0,20261002,20261212
16442,1,1,1,1,1,0,0,20261002,20261212
16443,1,1,1,1,1,0,0,20261002,20261212
16444,1,1,1,1,1,0,0,20261002,20261212
16445,1,1,1,1,1,0,0,20261002,20261212
16446,1,1,1,1,1,0,0,20261002,20261212
16447,1,1,1,1,1,0,0,20261002,20261212
16448,1,1,1,1,1,0,0,20261002,20261212
16449,1,1,1,1,1,0,0,20261002,20261212
16450,1,1,1,1,1,0,0,20261002,20261212
16451,1,1,1,1,1,0,0,20261002,20261212
16452,1,1,1,1,1,0,0,20261002,20261212
16453,1,1,1,1,1,0,0,20261002,20261212
16454,1,1,1,1,1,0,0,20261002,20261212
16455,1,1,1,1,1,0,0,20261002,20261212
16456,1,1,1,1,1,0,0,20261002,20261212
16457,1,1,1,1,1,0,0,20261002,20261212
16458,1,1,1,1,1,0,0,20261002,20261212
16459,1,1,1,1,1,0,0,20261002,20261212
16460,1,1,1,1,1,0,0,20261002,20261212
16461,1,1,1,1,1,0,0,20261002,20261212
16462,1,1,1,1,1,0,0,20261002,20261212
16463,1,1,1,1,1,0,0,20261002,20261212
16464,1,1,1,1,1,0,0,20261002,20261212
16465,1,1,1,1,1,0,0,20261002,20261212
16466,1,1,1,1,1,0,0,20261002,20261212
16467,1,1,1,1,1,0,0,20261002,20261212
16468,1,1,1,1,1,0,0,20261002,20261212
16469,1,1,1,1,1,0,0,20261002,20261212
16470,1,1,1,1,1,0,0,20261002,20261212
16471,1,1,1,1,1,0,0,20261002,20261212
16472,1,1,1,1,1,0,0,20261002,20261212
16473,1,1,1,1,1,0,0,20261002,20261212
16474,1,1,1,1,1,0,0,20261002,20261212
16475,1,1,1,1,1,0,0,20261002,20261212
16476,1,1,1,1,1,0,0,20261002,20261212
16477,1,1,1,1,1,0,0,20261002,20261212
16478,1,1,1,1,1,0,0,20261002,20261212
16479,1,1,1,1,1,0,0,20261002,20261212
16480,1,1,1,1,1,0,0,20261002,20261212
16481,1,1,1,1,1,0,0,20261002,20261212
16482,1,1,1,1,1,0,0,20261002,20261212
16483,1,1,1,1,1,0,0,20261002,20261212
16484,1,1,1,1,1,0,0,20261002,20261212
16485,1,1,1,1,1,0,0,20261002,20261212
16486,1,1,1,1,1,0,0,20261002,20261212
16487,1,1,1,1,1,0,0,20261002,20261212
16488,1,1,1,1,1,0,0,20261002,20261212
16489,1,1,1,1,1,0,0,20261002,20261212
16490,1,1,1,1,1,0,0,20261002,20261212
16491,1,1,1,1,1,0,0,20261002,20261212
16492,1,1,1,1,1,0,0,20261002,20261212
16493,1,1,1,1,1,0,0,20261002,20261212
16494,1,1,1,1,1,0,0,20261002,20261212
16495,1,1,1,1,1,0,0,20261002,20261212
16496,1,1,1,1,1,0,0,20261002,20261212
16497,1,1,1,1,1,0,0,20261002,20261212
16504,0,0,0,0,0,1,1,20261002,20261212
16509,0,0,0,0,0,1,1,20261002,20261212
16514,0,0,0,0,0,1,1,20261002,20261212
16515,0,0,0,0,0,1,1,20261002,20261212
16522,0,0,0,0,0,1,1,20261002,20261212
16523,0,0,0,0,0,1,1,20261002,20261212
16530,0,0,0,0,0,1,1,20261002,20261212
16531,0,0,0,0,0,1,1,20261002,20261212
16538,0,0,0,0,0,1,1,20261002,20261212
16540,0,0,0,0,0,1,1,20261002,20261212
16544,0,0,0,0,0,1,1,20261002,20261212
16548,0,0,0,0,0,1,1,20261002,20261212
16552,0,0,0,0,0,1,1,20261002,20261212
16556,0,0,0,0,0,1,1,20261002,20261212
16560,0,0,0,0,0,1,1,20261002,20261212
16564,0,0,0,0,0,1,1,20261002,20261212
16568,0,0,0,0,0,1,1,20261002,20261212
16572,0,0,0,0,0,1,1,20261002,20261212
16577,0,0,0,0,0,1,1,20261002,20261212
16580,0,0,0,0,0,1,1,20261002,20261212
16584,0,0,0,0,0,1,1,20261002,20261212
16586,0,0,0,0,0,1,1,20261002,20261212
16590,0,0,0,0,0,1,1,20261002,20261212
16596,0,0,0,0,0,1,1,20261002,20261212
16597,0,0,0,0,0,1,1,20261002,20261212
16607,0,0,0,0,0,1,1,20261002,20261212
16611,0,0,0,0,0,1,1,20261002,20261212
16615,0,0,0,0,0,1,1,20261002,20261212
16616,0,0,0,0,0,1,1,20261002,20261212
16623,0,0,0,0,0,1,1,20261002,20261212
16625,0,0,0,0,0,1,1,20261002,20261212
16632,0,0,0,0,0,1,1,20261002,20261212
16636,0,0,0,0,0,1,1,20261002,20261212
16643,0,0,0,0,0,1,1,20261002,20261212
16644,0,0,0,0,0,1,1,20261002,20261212
16649,0,0,0,0,0,1,1,20261002,20261212
16650,0,0,0,0,0,1,1,20261002,20261212
16653,0,0,0,0,0,1,1,20261002,20261212
16657,0,0,0,0,0,1,1,20261002,20261212
16664,0,0,0,0,0,1,1,20261002,20261212
16666,1,1,1,1,1,0,0,20261002,20261212
16667,1,1,1,1,1,0,0,20261002,20261212
16668,1,1,1,1,1,0,0,20261002,20261212
16669,1,1,1,1,1,0,0,20261002,20261212
16670,1,1,1,1,1,0,0,20261002,20261212
16671,1,1,1,1,1,0,0,20261002,20261212
16672,1,1,1,1,1,0,0,20261002,20261212
16673,1,1,1,1,1,0,0,20261002,20261212
16674,1,1,1,1,1,0,0,20261002,20261212
16675,1,1,1,1,1,0,0,20261002,20261212
16676,1,1,1,1,1,0,0,20261002,20261212
16677,1,1,1,1,1,0,0,20261002,20261212
16678,1,1,1,1,1,0,0,20261002,20261212
16679,1,1,1,1,1,0,0,20261002,20261212
16680,1,1,1,1,1,0,0,20261002,20261212
16681,1,1,1,1,1,0,0,20261002,20261212
16682,1,1,1,1,1,0,0,20261002,20261212
16683,1,1,1,1,1,0,0,20261002,20261212
16684,1,1,1,1,1,0,0,20261002,20261212
16685,1,1,1,1,1,0,0,20261002,20261212
16686,1,1,1,1,1,0,0,20261002,20261212
16687,1,1,1,1,1,0,0,20261002,20261212
16688,1,1,1,1,1,0,0,20261002,20261212
16689,1,1,1,1,1,0,0,20261002,20261212
16690,1,1,1,1,1,0,0,20261002,20261212
16691,1,1,1,1,1,0,0,20261002,20261212
16692,1,1,1,1,1,0,0,20261002,20261212
16693,1,1,1,1,1,0,0,20261002,20261212
16694,1,1,1,1,1,0,0,20261002,20261212
16695,1,1,1,1,1,0,0,20261002,20261212
16696,0,0,0,0,0,1,1,20261002,20261212
16697,0,0,0,0,0,1,1,20261002,20261212
16698,0,0,0,0,0,1,1,20261002,20261212
16699,0,0,0,0,0,1,1,20261002,20261212
16700,0,0,0,0,0,1,1,20261002,20261212
16701,0,0,0,0,0,1,1,20261002,20261212
16702,0,0,0,0,0,1,1,20261002,20261212
16703,0,0,0,0,0,1,1,20261002,20261212
16704,0,0,0,0,0,1,1,20261002,20261212
16705,0,0,0,0,0,1,1,20261002,20261212
16706,0,0,0,0,0,1,1,20261002,20261212
16707,0,0,0,0,0,1,1,20261002,20261212
16708,1,1,1,1,1,0,0,20261002,20261212
16709,1,1,1,1,1,0,0,20261002,20261212
16710,1,1,1,1,1,0,0,20261002,20261212
16711,1,1,1,1,1,0,0,20261002,20261212
16713,0,0,0,0,0,0,1,20261002,20261212
16714,0,0,0,0,0,0,1,20261002,20261212
16715,1,1,1,1,1,0,0,20261002,20261212
16716,1,1,1,1,1,0,0,20261002,20261212
16717,1,1,1,1,1,0,0,20261002,20261212
16718,1,1,1,1,1,0,0,20261002,20261212
16719,1,1,1,1,1,0,0,20261002,20261212
16720,1,1,1,1,1,0,0,20261002,20261212
16721,1,1,1,1,1,0,0,20261002,20261212
16722,1,1,1,1,1,0,0,20261002,20261212
16723,1,1,1,1,1,0,0,20261002,20261212
16724,1,1,1,1,1,0,0,20261002,20261212
16725,1,1,1,1,1,0,0,20261002,20261212
16726,1,1,1,1,1,0,0,20261002,20261212
16727,1,1,1,1,1,0,0,20261002,20261212
16728,1,1,1,1,1,0,0,20261002,20261212
16729,1,1,1,1,1,0,0,20261002,20261212
16730,1,1,1,1,1,0,0,20261002,20261212
16731,1,1,1,1,1,0,0,20261002,20261212
16732,1,1,1,1,1,0,0,20261002,20261212
16733,1,1,1,1,1,0,0,20261002,20261212
16734,1,1,1,1,1,0,0,20261002,20261212
16735,1,1,1,1,1,0,0,20261002,20261212
16736,1,1,1,1,1,0,0,20261002,20261212
16737,1,1,1,1,1,0,0,20261002,20261212
16738,1,1,1,1,1,0,0,20261002,20261212
16739,1,1,1,1,1,0,0,20261002,20261212
16740,1,1,1,1,1,0,0,20261002,20261212
16741,1,1,1,1,1,0,0,20261002,20261212
16742,1,1,1,1,1,0,0,20261002,20261212
16743,1,1,1,1,1,0,0,20261002,20261212
16744,1,1,1,1,1,0,0,20261002,20261212
16745,1,1,1,1,1,0,0,20261002,20261212
16746,1,1,1,1,1,0,0,20261002,20261212
16747,1,1,1,1,1,0,0,20261002,20261212
16748,1,1,1,1,1,0,0,20261002,20261212
16749,1,1,1,1,1,0,0,20261002,20261212
16750,1,1,1,1,1,0,0,20261002,20261212
16751,1,1,1,1,1,0,0,20261002,20261212
16752,1,1,1,1,1,0,0,20261002,20261212
16753,1,1,1,1,1,0,0,20261002,20261212
16754,1,1,1,1,1,0,0,20261002,20261212
16755,1,1,1,1,1,0,0,20261002,20261212
16756,1,1,1,1,1,0,0,20261002,20261212
16757,1,1,1,1,1,0,0,20261002,20261212
16758,1,1,1,1,1,0,0,20261002,20261212
16759,1,1,1,1,1,0,0,20261002,20261212
16760,1,1,1,1,1,0,0,20261002,20261212
16761,1,1,1,1,1,0,0,20261002,20261212
16762,1,1,1,1,1,0,0,20261002,20261212
16763,1,1,1,1,1,0,0,20261002,20261212
16764,1,1,1,1,1,0,0,20261002,20261212
16765,1,1,1,1,1,0,0,20261002,20261212
16766,1,1,1,1,1,0,0,20261002,20261212
16767,1,1,1,1,1,0,0,20261002,20261212
16768,1,1,1,1,1,0,0,20261002,20261212
16769,1,1,1,1,1,0,0,20261002,20261212
16770,1,1,1,1,1,0,0,20261002,20261212
16771,1,1,1,1,1,0,0,20261002,20261212
16772,1,1,1,1,1,0,0,20261002,20261212
16773,1,1,1,1,1,0,0,20261002,20261212
16774,1,1,1,1,1,0,0,20261002,20261212
16780,0,0,0,0,0,1,0,20261002,20261212
16781,0,0,0,0,0,1,1,20261002,20261212
16782,0,0,0,0,0,0,1,20261002,20261212
16783,0,0,0,0,0,1,0,20261002,20261212
16784,0,0,0,0,0,0,1,20261002,20261212
16785,0,0,0,0,0,0,1,20261002,20261212
16786,0,0,0,0,0,1,0,20261002,20261212
16787,0,0,0,0,0,0,1,20261002,20261212
16788,0,0,0,0,0,0,1,20261002,20261212
16789,0,0,0,0,0,1,0,20261002,20261212
16790,0,0,0,0,0,1,1,20261002,20261212
16791,0,0,0,0,0,0,1,20261002,20261212
16792,0,0,0,0,0,0,1,20261002,20261212
16793,0,0,0,0,0,1,1,20261002,20261212
16794,0,0,0,0,0,1,1,20261002,20261212
16795,0,0,0,0,0,0,1,20261002,20261212
16796,1,1,1,1,1,0,0,20261002,20261212
16797,1,1,1,1,1,0,0,20261002,20261212
16798,1,1,1,1,1,0,0,20261002,20261212
16799,1,1,1,1,1,0,0,20261002,20261212
16800,1,1,1,1,1,0,0,20261002,20261212
16801,1,1,1,1,1,0,0,20261002,20261212
16802,1,1,1,1,1,0,0,20261002,20261212
16803,1,1,1,1,1,0,0,20261002,20261212
16804,1,1,1,1,1,0,0,20261002,20261212
16805,1,1,1,1,1,0,0,20261002,20261212
16806,1,1,1,1,1,0,0,20261002,20261212
16807,1,1,1,1,1,0,0,20261002,20261212
16808,1,1,1,1,1,0,0,20261002,20261212
16809,1,1,1,1,1,0,0,20261002,20261212
16810,1,1,1,1,1,0,0,20261002,20261212
16811,1,1,1,1,1,0,0,20261002,20261212
16812,1,1,1,1,1,0,0,20261002,20261212
16813,1,1,1,1,1,0,0,20261002,20261212
16814,1,1,1,1,1,0,0,20261002,20261212
16815,1,1,1,1,1,0,0,20261002,20261212
16816,1,1,1,1,1,0,0,20261002,20261212
16817,1,1,1,1,1,0,0,20261002,20261212
16818,1,1,1,1,1,0,0,20261002,20261212
16819,1,1,1,1,1,0,0,20261002,20261212
16820,1,1,1,1,1,0,0,20261002,20261212
16821,1,1,1,1,1,0,0,20261002,20261212
16822,1,1,1,1,1,0,0,20261002,20261212
16823,1,1,1,1,1,0,0,20261002,20261212
16824,1,1,1,1,1,0,0,20261002,20261212
16825,1,1,1,1,1,0,0,20261002,20261212
16826,1,1,1,1,1,0,0,20261002,20261212
16827,1,1,1,1,1,0,0,20261002,20261212
16828,1,1,1,1,1,0,0,20261002,20261212
16829,1,1,1,1,1,0,0,20261002,20261212
16830,1,1,1,1,1,0,0,20261002,20261212
16831,1,1,1,1,1,0,0,20261002,20261212
16832,1,1,1,1,1,0,0,20261002,20261212
16833,1,1,1,1,1,0,0,20261002,20261212
16838,0,0,0,0,0,1,1,20261002,20261212
16839,0,0,0,0,0,1,1,20261002,20261212
16840,0,0,0,0,0,1,0,20261002,20261212
16841,0,0,0,0,0,1,1,20261002,20261212
16842,0,0,0,0,0,1,0,20261002,20261212
16843,0,0,0,0,0,1,1,20261002,20261212
16844,0,0,0,0,0,1,1,20261002,20261212
16845,0,0,0,0,0,1,1,20261002,20261212
16846,1,1,1,1,1,0,0,20261002,20261212
16847,1,1,1,1,1,0,0,20261002,20261212
16848,1,1,1,1,1,0,0,20261002,20261212
16849,1,1,1,1,1,0,0,20261002,20261212
16850,1,1,1,1,1,0,0,20261002,20261212
16851,1,1,1,1,1,0,0,20261002,20261212
16852,1,1,1,1,1,0,0,20261002,20261212
16853,1,1,1,1,1,0,0,20261002,20261212
16854,1,1,1,1,1,0,0,20261002,20261212
16855,1,1,1,1,1,0,0,20261002,20261212
16856,1,1,1,1,1,0,0,20261002,20261212
16857,1,1,1,1,1,0,0,20261002,20261212
16858,1,1,1,1,1,0,0,20261002,20261212
16859,1,1,1,1,1,0,0,20261002,20261212
16860,1,1,1,1,1,0,0,20261002,20261212
16861,1,1,1,1,1,0,0,20261002,20261212
16862,1,1,1,1,1,0,0,20261002,20261212
16863,1,1,1,1,1,0,0,20261002,20261212
16864,1,1,1,1,1,0,0,20261002,20261212
16865,1,1,1,1,1,0,0,20261002,20261212
16866,1,1,1,1,1,0,0,20261002,20261212
16867,1,1,1,1,1,0,0,20261002,20261212
16868,1,1,1,1,1,0,0,20261002,20261212
16869,1,1,1,1,1,0,0,20261002,20261212
16870,1,1,1,1,1,0,0,20261002,20261212
16871,1,1,1,1,1,0,0,20261002,20261212
16872,1,1,1,1,1,0,0,20261002,20261212
16873,1,1,1,1,1,0,0,20261002,20261212
16874,1,1,1,1,1,0,0,20261002,20261212
16875,1,1,1,1,1,0,0,20261002,20261212
16876,1,1,1,1,1,0,0,20261002,20261212
16877,1,1,1,1,1,0,0,20261002,20261212
16878,1,1,1,1,1,0,0,20261002,20261212
16879,1,1,1,1,1,0,0,20261002,20261212
16880,1,1,1,1,1,0,0,20261002,20261212
16881,1,1,1,1,1,0,0,20261002,20261212
16882,1,1,1,1,1,0,0,20261002,20261212
16883,1,1,1,1,1,0,0,20261002,20261212
16884,1,1,1,1,1,0,0,20261002,20261212
16885,1,1,1,1,1,0,0,20261002,20261212
16886,1,1,1,1,1,0,0,20261002,20261212
16887,1,1,1,1,1,0,0,20261002,20261212
16888,1,1,1,1,1,0,0,20261002,20261212
16889,1,1,1,1,1,0,0,20261002,20261212
16890,1,1,1,1,1,0,0,20261002,20261212
16891,1,1,1,1,1,0,0,20261002,20261212
16892,1,1,1,1,1,0,0,20261002,20261212
16893,1,1,1,1,1,0,0,20261002,20261212
16894,1,1,1,1,1,0,0,20261002,20261212
16895,1,1,1,1,1,0,0,20261002,20261212
16896,1,1,1,1,1,0,0,20261002,20261212
16897,1,1,1,1,1,0,0,20261002,20261212
16898,1,1,1,1,1,0,0,20261002,20261212
16899,1,1,1,1,1,0,0,20261002,20261212
16900,1,1,1,1,1,0,0,20261002,20261212
16901,1,1,1,1,1,0,0,20261002,20261212
16902,1,1,1,1,1,0,0,20261002,20261212
16903,1,1,1,1,1,0,0,20261002,20261212
16904,1,1,1,1,1,0,0,20261002,20261212
16905,0,0,0,0,0,1,0,20261002,20261212
16906,0,0,0,0,0,1,1,20261002,20261212
16907,0,0,0,0,0,1,0,20261002,20261212
16908,0,0,0,0,0,1,1,20261002,20261212
16909,0,0,0,0,0,1,1,20261002,20261212
16910,0,0,0,0,0,1,1,20261002,20261212
16911,0,0,0,0,0,1,1,20261002,20261212
16912,0,0,0,0,0,1,1,20261002,20261212
16913,0,0,0,0,0,1,1,20261002,20261212
16914,0,0,0,0,0,0,1,20261002,20261212
16915,0,0,0,0,0,1,1,20261002,20261212
16916,0,0,0,0,0,1,1,20261002,20261212
16917,0,0,0,0,0,1,1,20261002,20261212
16918,0,0,0,0,0,0,1,20261002,20261212
16919,1,1,1,1,1,0,0,20261002,20261212
16920,1,1,1,1,1,0,0,20261002,20261212
16921,1,1,1,1,1,0,0,20261002,20261212
16922,1,1,1,1,1,0,0,20261002,20261212
16923,1,1,1,1,1,0,0,20261002,20261212
16924,1,1,1,1,1,0,0,20261002,20261212
16925,1,1,1,1,1,0,0,20261002,20261212
16926,1,1,1,1,1,0,0,20261002,20261212
16927,0,0,0,0,0,1,1,20261002,20261212
16928,0,0,0,0,0,1,1,20261002,20261212
16929,0,0,0,0,0,1,1,20261002,20261212
16930,0,0,0,0,0,1,1,20261002,20261212
16931,0,0,0,0,0,1,1,20261002,20261212
16932,0,0,0,0,0,1,1,20261002,20261212
16933,0,0,0,0,0,1,1,20261002,20261212
16934,0,0,0,0,0,1,1,20261002,20261212
16935,1,1,1,1,1,1,1,20261002,20261212
16936,1,1,1,1,1,0,0,20261002,20261212
16937,1,1,1,1,1,0,0,20261002,20261212
16938,1,1,1,1,1,0,0,20261002,20261212
16939,1,1,1,1,1,1,1,20261002,20261212
16940,1,1,1,1,1,1,1,20261002,20261212
16941,1,1,1,1,1,1,1,20261002,20261212
16942,1,1,1,1,1,1,1,20261002,20261212
16943,1,1,1,1,1,0,0,20261002,20261212
16944,1,1,1,1,1,1,1,20261002,20261212
16945,1,1,1,1,1,1,1,20261002,20261212
16946,1,1,1,1,1,1,1,20261002,20261212
16947,1,1,1,1,1,1,1,20261002,20261212
16948,1,1,1,1,1,1,1,20261002,20261212
16949,1,1,1,1,1,1,1,20261002,20261212
16950,1,1,1,1,1,1,1,20261002,20261212
16951,1,1,1,1,1,1,1,20261002,20261212
16952,1,1,1,1,1,1,1,20261002,20261212
16953,1,1,1,1,1,1,1,20261002,20261212
16954,1,1,1,1,1,1,1,20261002,20261212
16955,1,1,1,1,1,1,1,20261002,20261212
16956,1,1,1,1,1,1,1,20261002,20261212
16957,1,1,1,1,1,0,0,20261002,20261212
16958,1,1,1,1,1,1,1,20261002,20261212
16959,1,1,1,1,1,0,0,20261002,20261212
16960,1,1,1,1,1,1,1,20261002,20261212
16961,1,1,1,1,1,1,1,20261002,20261212
16962,1,1,1,1,1,1,1,20261002,20261212
16963,1,1,1,1,1,1,1,20261002,20261212
16964,1,1,1,1,1,1,1,20261002,20261212
16965,1,1,1,1,1,0,0,20261002,20261212
16966,1,1,1,1,1,0,0,20261002,20261212
16967,1,1,1,1,1,1,1,20261002,20261212
16968,0,0,0,0,0,1,1,20261002,20261212
16969,1,1,1,1,1,0,0,20261002,20261212
16970,1,1,1,1,1,1,1,20261002,20261212
16971,1,1,1,1,1,1,1,20261002,20261212
16972,1,1,1,1,1,1,1,20261002,20261212
16973,1,1,1,1,1,1,1,20261002,20261212
16974,1,1,1,1,1,1,1,20261002,20261212
16975,1,1,1,1,1,1,1,20261002,20261212
16976,1,1,1,1,1,1,1,20261002,20261212
16977,1,1,1,1,1,1,1,20261002,20261212
16978,1,1,1,1,1,1,1,20261002,20261212
16979,1,1,1,1,1,1,1,20261002,20261212
16980,1,1,1,1,1,1,1,20261002,20261212
16981,1,1,1,1,1,1,1,20261002,20261212
16986,1,1,1,1,1,0,0,20261002,20261212
16987,1,1,1,1,1,0,0,20261002,20261212
16988,1,1,1,1,1,0,0,20261002,20261212
16989,1,1,1,1,1,0,0,20261002,20261212
16990,1,1,1,1,1,0,0,20261002,20261212
16991,1,1,1,1,1,0,0,20261002,20261212
16992,1,1,1,1,1,0,0,20261002,20261212
16993,1,1,1,1,1,0,0,20261002,20261212
16994,0,0,0,0,0,1,1,20261002,20261212
16995,0,0,0,0,0,1,1,20261002,20261212
16996,0,0,0,0,0,1,1,20261002,20261212
16997,0,0,0,0,0,1,1,20261002,20261212
16998,0,0,0,0,0,1,1,20261002,20261212
16999,0,0,0,0,0,1,1,20261002,20261212
17000,0,0,0,0,0,1,1,20261002,20261212
17001,0,0,0,0,0,1,1,20261002,20261212
17002,0,0,0,0,0,1,1,20261002,20261212
17007,0,0,0,0,0,1,1,20261002,20261212
17008,0,0,0,0,0,1,1,20261002,20261212
17021,0,0,0,0,0,1,1,20261002,20261212
17022,0,0,0,0,0,1,1,20261002,20261212
17035,0,0,0,0,0,1,1,20261002,20261212
17036,0,0,0,0,0,1,1,20261002,20261212
17047,0,0,0,0,0,1,1,20261002,20261212
17053,0,0,0,0,0,1,1,20261002,20261212
17060,0,0,0,0,0,1,1,20261002,20261212
17071,0,0,0,0,0,1,1,20261002,20261212
17075,0,0,0,0,0,1,1,20261002,20261212
17081,0,0,0,0,0,1,1,20261002,20261212
17084,0,0,0,0,0,1,1,20261002,20261212
17089,0,0,0,0,0,1,1,20261002,20261212
17090,0,0,0,0,0,1,1,20261002,20261212
17097,0,0,0,0,0,1,1,20261002,20261212
17098,0,0,0,0,0,1,1,20261002,20261212
17105,0,0,0,0,0,1,1,20261002,20261212
17106,0,0,0,0,0,1,1,20261002,20261212
17113,0,0,0,0,0,1,1,20261002,20261212
17114,0,0,0,0,0,1,1,20261002,20261212
17121,0,0,0,0,0,1,1,20261002,20261212
17122,0,0,0,0,0,1,1,20261002,20261212
17129,0,0,0,0,0,1,1,20261002,20261212
17130,0,0,0,0,0,1,1,20261002,20261212
17138,0,0,0,0,0,1,1,20261002,20261212
17139,0,0,0,0,0,1,1,20261002,20261212
17147,0,0,0,0,0,1,1,20261002,20261212
17152,0,0,0,0,0,1,1,20261002,20261212
17159,0,0,0,0,0,1,1,20261002,20261212
17160,0,0,0,0,0,1,1,20261002,20261212
17170,0,0,0,0,0,1,1,20261002,20261212
17171,0,0,0,0,0,1,1,20261002,20261212
17178,0,0,0,0,0,1,1,20261002,20261212
17182,0,0,0,0,0,1,1,20261002,20261212
17189,0,0,0,0,0,1,1,20261002,20261212
17190,0,0,0,0,0,1,1,20261002,20261212
17200,0,0,0,0,0,1,1,20261002,20261212
17201,0,0,0,0,0,1,1,20261002,20261212
17208,0,0,0,0,0,1,1,20261002,20261212
17212,0,0,0,0,0,1,1,20261002,20261212
17216,0,0,0,0,0,1,1,20261002,20261212
17220,0,0,0,0,0,1,1,20261002,20261212
17227,0,0,0,0,0,1,1,20261002,20261212
17228,0,0,0,0,0,1,1,20261002,20261212
17235,0,0,0,0,0,1,1,20261002,20261212
17239,0,0,0,0,0,1,1,20261002,20261212
17243,0,0,0,0,0,1,1,20261002,20261212
17247,0,0,0,0,0,1,1,20261002,20261212
17251,0,0,0,0,0,1,1,20261002,20261212
17255,0,0,0,0,0,1,1,20261002,20261212
17259,0,0,0,0,0,1,1,20261002,20261212
17372,1,1,1,1,1,0,0,20261002,20261212
17373,1,1,1,1,1,0,0,20261002,20261212
17374,1,1,1,1,1,0,0,20261002,20261212
17375,1,1,1,1,1,0,0,20261002,20261212
17376,1,1,1,1,1,0,0,20261002,20261212
17377,1,1,1,1,1,0,0,20261002,20261212
17378,1,1,1,1,1,0,0,20261002,20261212
17379,1,1,1,1,1,0,0,20261002,20261212
17380,0,0,0,0,0,1,1,20261002,20261212
17381,0,0,0,0,0,1,1,20261002,20261212
17382,0,0,0,0,0,1,1,20261002,20261212
17383,0,0,0,0,0,1,1,20261002,20261212
17384,0,0,0,0,0,1,1,20261002,20261212
17385,0,0,0,0,0,1,1,20261002,20261212
17386,0,0,0,0,0,1,1,20261002,20261212
17387,0,0,0,0,0,1,1,20261002,20261212
17388,1,1,1,1,1,1,1,20261002,20261212
17389,1,1,1,1,1,1,1,20261002,20261212
17391,1,1,1,1,1,1,1,20261002,20261212
17400,1,1,1,1,1,1,1,20261002,20261212
17401,1,1,1,1,1,1,1,20261002,20261212
17402,1,1,1,1,1,1,1,20261002,20261212
17403,1,1,1,1,1,1,1,20261002,20261212
17407,1,1,1,1,1,1,1,20261002,20261212
17408,1,1,1,1,1,1,1,20261002,20261212
17409,1,1,1,1,1,1,1,20261002,20261212
17411,0,0,0,0,0,1,1,20261002,20261212
17412,1,1,1,1,1,1,1,20261002,20261212
17414,0,0,0,0,0,1,1,20261002,20261212
17415,0,0,0,0,0,1,1,20261002,20261212
17417,1,1,1,1,1,1,1,20261002,20261212
17418,1,1,1,1,1,1,1,20261002,20261212
17419,1,1,1,1,1,1,1,20261002,20261212
17420,1,1,1,1,1,1,1,20261002,20261212
17421,1,1,1,1,1,1,1,20261002,20261212
17422,1,1,1,1,1,1,1,20261002,20261212
17423,1,1,1,1,1,1,1,20261002,20261212
17424,1,1,1,1,1,1,1,20261002,20261212
17425,1,1,1,1,1,1,1,20261002,20261212
17426,1,1,1,1,1,1,1,20261002,20261212
17427,1,1,1,1,1,1,1,20261002,20261212
17428,1,1,1,1,1,1,1,20261002,20261212
17429,1,1,1,1,1,1,1,20261002,20261212
17432,0,0,0,0,0,1,0,20261002,20261212
17433,1,1,1,1,1,1,1,20261002,20261212
17434,1,1,1,1,1,1,1,20261002,20261212
17435,1,1,1,1,1,1,1,20261002,20261212
17436,1,1,1,1,1,1,1,20261002,20261212
17437,1,1,1,1,1,1,1,20261002,20261212
17438,1,1,1,1,1,1,1,20261002,20261212
17439,1,1,1,1,1,1,1,20261002,20261212
17440,1,1,1,1,1,1,1,20261002,20261212
17441,1,1,1,1,1,1,1,20261002,20261212
17444,1,1,1,1,1,1,1,20261002,20261212
17447,0,0,0,0,0,1,0,20261002,20261212
17449,1,1,1,1,1,1,1,20261002,20261212
17450,1,1,1,1,1,1,1,20261002,20261212
17451,1,1,1,1,1,1,1,20261002,20261212
17452,1,1,1,1,1,1,1,20261002,20261212
17453,1,1,1,1,1,1,1,20261002,20261212
17457,0,0,0,0,0,1,1,20261002,20261212
17459,1,1,1,1,1,1,0,20261002,20261212
17461,1,1,1,1,1,1,1,20261002,20261212
17462,1,1,1,1,1,1,1,20261002,20261212
17463,0,0,0,0,0,1,0,20261002,20261212
17464,1,1,1,1,1,1,1,20261002,20261212
17465,1,1,1,1,1,1,1,20261002,20261212
17469,1,1,1,1,1,1,1,20261002,20261212
17470,1,1,1,1,1,1,1,20261002,20261212
17471,1,1,1,1,1,1,1,20261002,20261212
17472,1,1,1,1,1,1,1,20261002,20261212
17474,1,1,1,1,1,1,1,20261002,20261212
17475,1,1,1,1,1,1,1,20261002,20261212
17476,1,1,1,1,1,1,1,20261002,20261212
17477,1,1,1,1,1,1,1,20261002,20261212
17478,1,1,1,1,1,1,1,20261002,20261212
17479,1,1,1,1,1,1,1,20261002,20261212
17480,1,1,1,1,1,1,1,20261002,20261212
17481,1,1,1,1,1,1,1,20261002,20261212
17482,1,1,1,1,1,1,1,20261002,20261212
17483,1,1,1,1,1,1,1,20261002,20261212
17484,1,1,1,1,1,1,1,20261002,20261212
17485,1,1,1,1,1,1,1,20261002,20261212
17486,1,1,1,1,1,1,1,20261002,20261212
17488,1,1,1,1,1,1,1,20261002,20261212
17489,1,1,1,1,1,1,1,20261002,20261212
17490,1,1,1,1,1,1,1,20261002,20261212
17491,1,1,1,1,1,1,1,20261002,20261212
17492,1,1,1,1,1,1,1,20261002,20261212
17493,1,1,1,1,1,1,1,20261002,20261212
17589,0,0,0,0,0,1,1,20261002,20261212
17598,1,1,1,1,1,1,1,20261002,20261212
17604,1,1,1,1,1,1,1,20261002,20261212
17606,1,1,1,1,1,1,1,20261002,20261212
17607,0,0,0,0,0,1,1,20261002,20261212
17608,0,0,0,0,0,1,0,20261002,20261212
17609,0,0,0,0,0,1,1,20261002,20261212
17610,0,0,0,0,0,1,1,20261002,20261212
4508,0,0,0,0,0,1,1,20261002,20261212
4533,0,0,0,0,0,1,1,20261002,20261212
4537,0,0,0,0,0,1,1,20261002,20261212
4555,0,0,0,0,0,1,1,20261002,20261212
4557,0,0,0,0,0,1,1,20261002,20261212
4567,0,0,0,0,0,1,1,20261002,20261212
4571,0,0,0,0,0,1,1,20261002,20261212
4580,0,0,0,0,0,1,1,20261002,20261212
4593,0,0,0,0,0,1,1,20261002,20261212
4616,0,0,0,0,0,1,1,20261002,20261212
4635,0,0,0,0,0,1,1,20261002,20261212
4636,0,0,0,0,0,1,1,20261002,20261212
4653,0,0,0,0,0,1,1,20261002,20261212
4656,0,0,0,0,0,1,1,20261002,20261212
4669,0,0,0,0,0,1,1,20261002,20261212
4672,0,0,0,0,0,1,1,20261002,20261212
4685,0,0,0,0,0,1,1,20261002,20261212
4690,0,0,0,0,0,1,1,20261002,20261212
4704,0,0,0,0,0,1,1,20261002,20261212
4708,0,0,0,0,0,1,1,20261002,20261212
4724,0,0,0,0,0,1,1,20261002,20261212
4728,0,0,0,0,0,1,1,20261002,20261212
4742,0,0,0,0,0,1,1,20261002,20261212
4743,0,0,0,0,0,1,1,20261002,20261212
4748,0,0,0,0,0,1,1,20261002,20261212
4756,0,0,0,0,0,1,1,20261002,20261212
4758,0,0,0,0,0,1,1,20261002,20261212
4763,0,0,0,0,0,1,1,20261002,20261212
4764,0,0,0,0,0,1,1,20261002,20261212
4769,0,0,0,0,0,1,1,20261002,20261212
4773,0,0,0,0,0,1,1,20261002,20261212
4783,0,0,0,0,0,1,1,20261002,20261212
4787,0,0,0,0,0,1,1,20261002,20261212
4789,0,0,0,0,0,1,1,20261002,20261212
4809,0,0,0,0,0,1,1,20261002,20261212
4819,0,0,0,0,0,1,1,20261002,20261212
4823,0,0,0,0,0,1,1,20261002,20261212
4827,0,0,0,0,0,1,1,20261002,20261212
4835,0,0,0,0,0,1,1,20261002,20261212
4842,0,0,0,0,0,1,1,20261002,20261212
4851,0,0,0,0,0,1,1,20261002,20261212
4863,0,0,0,0,0,1,1,20261002,20261212
4864,0,0,0,0,0,1,1,20261002,20261212
4871,0,0,0,0,0,1,1,20261002,20261212
4872,0,0,0,0,0,1,1,20261002,20261212
4877,0,0,0,0,0,1,1,20261002,20261212
4881,0,0,0,0,0,1,1,20261002,20261212
4883,0,0,0,0,0,1,1,20261002,20261212
4884,0,0,0,0,0,1,1,20261002,20261212
4891,0,0,0,0,0,1,1,20261002,20261212
4892,0,0,0,0,0,1,1,20261002,20261212
4895,0,0,0,0,0,1,1,20261002,20261212
4897,0,0,0,0,0,1,1,20261002,20261212
4898,0,0,0,0,0,1,1,20261002,20261212
4905,0,0,0,0,0,1,1,20261002,20261212
4906,0,0,0,0,0,1,1,20261002,20261212
4913,0,0,0,0,0,1,1,20261002,20261212
4914,0,0,0,0,0,1,1,20261002,20261212
4921,0,0,0,0,0,1,1,20261002,20261212
4922,0,0,0,0,0,1,1,20261002,20261212
4929,0,0,0,0,0,1,1,20261002,20261212
4934,0,0,0,0,0,1,1,20261002,20261212
4937,0,0,0,0,0,1,1,20261002,20261212
4950,0,0,0,0,0,1,1,20261002,20261212
4951,0,0,0,0,0,1,1,20261002,20261212
4962,0,0,0,0,0,1,1,20261002,20261212
4969,0,0,0,0,0,1,1,20261002,20261212
4970,0,0,0,0,0,1,1,20261002,20261212
4978,0,0,0,0,0,1,1,20261002,20261212
4979,0,0,0,0,0,1,1,20261002,20261212
4984,0,0,0,0,0,1,1,20261002,20261212
4988,0,0,0,0,0,1,1,20261002,20261212
4996,0,0,0,0,0,1,1,20261002,20261212
4997,0,0,0,0,0,1,1,20261002,20261212
5002,0,0,0,0,0,1,1,20261002,20261212
5006,0,0,0,0,0,1,1,20261002,20261212
5014,0,0,0,0,0,1,1,20261002,20261212
5015,0,0,0,0,0,1,1,20261002,20261212
5022,0,0,0,0,0,1,1,20261002,20261212
5023,0,0,0,0,0,1,1,20261002,20261212
5030,0,0,0,0,0,1,1,20261002,20261212
5031,0,0,0,0,0,1,1,20261002,20261212
5038,0,0,0,0,0,1,1,20261002,20261212
5039,0,0,0,0,0,1,1,20261002,20261212
5048,0,0,0,0,0,1,1,20261002,20261212
5052,0,0,0,0,0,1,1,20261002,20261212
5056,0,0,0,0,0,1,1,20261002,20261212
5057,0,0,0,0,0,1,1,20261002,20261212
5066,0,0,0,0,0,1,1,20261002,20261212
5069,0,0,0,0,0,1,1,20261002,20261212
5074,0,0,0,0,0,1,1,20261002,20261212
5075,0,0,0,0,0,1,1,20261002,20261212
5080,0,0,0,0,0,1,1,20261002,20261212
5084,0,0,0,0,0,1,1,20261002,20261212
5086,0,0,0,0,0,1,1,20261002,20261212
5089,0,0,0,0,0,1,1,20261002,20261212
5101,0,0,0,0,0,1,1,20261002,20261212
5104,0,0,0,0,0,1,1,20261002,20261212
5111,0,0,0,0,0,1,1,20261002,20261212
5127,0,0,0,0,0,1,1,20261002,20261212
5130,0,0,0,0,0,1,1,20261002,20261212
5131,0,0,0,0,0,1,1,20261002,20261212
5132,0,0,0,0,0,1,1,20261002,20261212
5133,0,0,0,0,0,1,1,20261002,20261212
5134,0,0,0,0,0,1,1,20261002,20261212
5135,0,0,0,0,0,1,1,20261002,20261212
5138,0,0,0,0,0,1,1,20261002,20261212
5139,0,0,0,0,0,1,1,20261002,20261212
5151,0,0,0,0,0,1,1,20261002,20261212
5164,0,0,0,0,0,1,1,20261002,20261212
5165,0,0,0,0,0,1,1,20261002,20261212
5170,0,0,0,0,0,1,1,20261002,20261212
5173,0,0,0,0,0,1,1,20261002,20261212
5178,0,0,0,0,0,1,1,20261002,20261212
5180,0,0,0,0,0,1,1,20261002,20261212
5183,0,0,0,0,0,1,1,20261002,20261212
5187,0,0,0,0,0,1,1,20261002,20261212
5197,0,0,0,0,0,1,1,20261002,20261212
5199,0,0,0,0,0,1,1,20261002,20261212
5203,0,0,0,0,0,1,1,20261002,20261212
5207,0,0,0,0,0,1,1,20261002,20261212
5208,0,0,0,0,0,1,1,20261002,20261212
5209,0,0,0,0,0,1,1,20261002,20261212
5212,0,0,0,0,0,1,1,20261002,20261212
5216,0,0,0,0,0,1,1,20261002,20261212
5220,0,0,0,0,0,1,1,20261002,20261212
5226,0,0,0,0,0,1,1,20261002,20261212
5227,0,0,0,0,0,1,1,20261002,20261212
5232,0,0,0,0,0,1,1,20261002,20261212
5234,0,0,0,0,0,1,1,20261002,20261212
5241,0,0,0,0,0,1,1,20261002,20261212
5261,0,0,0,0,0,1,1,20261002,20261212
5286,0,0,0,0,0,1,1,20261002,20261212
5292,0,0,0,0,0,1,1,20261002,20261212
5301,0,0,0,0,0,1,1,20261002,20261212
5303,0,0,0,0,0,1,1,20261002,20261212
5314,0,0,0,0,0,1,1,20261002,20261212
5318,0,0,0,0,0,1,1,20261002,20261212
5324,0,0,0,0,0,1,1,20261002,20261212
5336,0,0,0,0,0,1,1,20261002,20261212
5339,0,0,0,0,0,1,1,20261002,20261212
5351,0,0,0,0,0,1,1,20261002,20261212
5355,0,0,0,0,0,1,1,20261002,20261212
5364,0,0,0,0,0,1,1,20261002,20261212
5370,0,0,0,0,0,1,1,20261002,20261212
5377,0,0,0,0,0,1,1,20261002,20261212
5378,0,0,0,0,0,1,1,20261002,20261212
5385,0,0,0,0,0,1,1,20261002,20261212
5388,0,0,0,0,0,1,1,20261002,20261212
5395,0,0,0,0,0,1,1,20261002,20261212
5396,0,0,0,0,0,1,1,20261002,20261212
5402,0,0,0,0,0,1,1,20261002,20261212
5406,0,0,0,0,0,1,1,20261002,20261212
5410,0,0,0,0,0,1,1,20261002,20261212
5415,0,0,0,0,0,1,1,20261002,20261212
5422,0,0,0,0,0,1,1,20261002,20261212
5423,0,0,0,0,0,1,1,20261002,20261212
5433,0,0,0,0,0,1,1,20261002,20261212
5434,0,0,0,0,0,1,1,20261002,20261212
5449,0,0,0,0,0,1,1,20261002,20261212
5450,0,0,0,0,0,1,1,20261002,20261212
5464,0,0,0,0,0,1,1,20261002,20261212
5470,0,0,0,0,0,1,1,20261002,20261212
5480,0,0,0,0,0,1,1,20261002,20261212
5491,0,0,0,0,0,1,1,20261002,20261212
5493,0,0,0,0,0,1,1,20261002,20261212
5511,0,0,0,0,0,1,1,20261002,20261212
5512,0,0,0,0,0,1,1,20261002,20261212
5527,0,0,0,0,0,1,1,20261002,20261212
5530,0,0,0,0,0,1,1,20261002,20261212
5540,0,0,0,0,0,1,1,20261002,20261212
5549,0,0,0,0,0,1,1,20261002,20261212
5556,0,0,0,0,0,1,1,20261002,20261212
5563,0,0,0,0,0,1,1,20261002,20261212
5571,0,0,0,0,0,1,1,20261002,20261212
5576,0,0,0,0,0,1,1,20261002,20261212
5583,0,0,0,0,0,1,1,20261002,20261212
5584,0,0,0,0,0,1,1,20261002,20261212
5591,0,0,0,0,0,1,1,20261002,20261212
5595,0,0,0,0,0,1,1,20261002,20261212
5602,0,0,0,0,0,1,1,20261002,20261212
5607,0,0,0,0,0,1,1,20261002,20261212
5612,0,0,0,0,0,1,1,20261002,20261212
5616,0,0,0,0,0,1,1,20261002,20261212
5620,0,0,0,0,0,1,1,20261002,20261212
5624,0,0,0,0,0,1,1,20261002,20261212
5628,0,0,0,0,0,1,1,20261002,20261212
5632,0,0,0,0,0,1,1,20261002,20261212
5634,0,0,0,0,0,1,1,20261002,20261212
5638,1,1,1,1,1,1,1,20261002,20261212
5639,1,1,1,1,1,1,1,20261002,20261212
5640,1,1,1,1,1,1,1,20261002,20261212
5641,1,1,1,1,1,1,1,20261002,20261212
5642,1,1,1,1,1,1,1,20261002,20261212
5643,1,1,1,1,1,1,1,20261002,20261212
5644,1,1,1,1,1,1,1,20261002,20261212
5645,1,1,1,1,1,1,1,20261002,20261212
5646,1,1,1,1,1,1,1,20261002,20261212
5647,1,1,1,1,1,1,1,20261002,20261212
5648,1,1,1,1,1,1,1,20261002,20261212
5649,1,1,1,1,1,1,1,20261002,20261212
5650,0,0,0,0,0,1,0,20261002,20261212
5651,0,0,0,0,0,1,1,20261002,20261212
5652,0,0,0,0,0,1,1,20261002,20261212
5655,0,0,0,0,0,1,1,20261002,20261212
5658,0,0,0,0,0,1,1,20261002,20261212
5663,0,0,0,0,0,1,1,20261002,20261212
5664,1,1,1,1,1,1,1,20261002,20261212
5665,1,1,1,1,1,1,1,20261002,20261212
5666,1,1,1,1,1,1,1,20261002,20261212
5667,1,1,1,1,1,1,1,20261002,20261212
5670,0,0,0,0,0,1,1,20261002,20261212
5671,1,1,1,1,1,1,1,20261002,20261212
5672,1,1,1,1,1,1,1,20261002,20261212
5674,0,0,0,0,0,1,1,20261002,20261212
5675,1,1,1,1,1,1,1,20261002,20261212
5676,1,1,1,1,1,1,1,20261002,20261212
5677,1,1,1,1,1,1,1,20261002,20261212
5678,1,1,1,1,1,1,1,20261002,20261212
5680,1,1,1,1,1,1,1,20261002,20261212
5681,1,1,1,1,1,1,1,20261002,20261212
5682,1,1,1,1,1,1,1,20261002,20261212
5683,1,1,1,1,1,1,1,20261002,20261212
5685,0,0,0,0,0,1,1,20261002,20261212
5686,1,1,1,1,1,1,1,20261002,20261212
5687,1,1,1,1,1,1,1,20261002,20261212
5689,1,1,1,1,1,1,1,20261002,20261212
5690,1,1,1,1,1,1,1,20261002,20261212
5691,1,1,1,1,1,1,1,20261002,20261212
5692,1,1,1,1,1,1,1,20261002,20261212
5693,1,1,1,1,1,1,1,20261002,20261212
5694,1,1,1,1,1,1,1,20261002,20261212
5695,1,1,1,1,1,1,1,20261002,20261212
5696,1,1,1,1,1,1,1,20261002,20261212
5697,1,1,1,1,1,1,1,20261002,20261212
5698,1,1,1,1,1,1,1,20261002,20261212
5700,1,1,1,1,1,1,1,20261002,20261212
5701,0,0,0,0,0,1,1,20261002,20261212
5703,0,0,0,0,0,1,1,20261002,20261212
5705,1,1,1,1,1,1,1,20261002,20261212
5707,1,1,1,1,1,1,1,20261002,20261212
5708,1,1,1,1,1,1,1,20261002,20261212
5710,1,1,1,1,1,1,1,20261002,20261212
5711,0,0,0,0,0,1,1,20261002,20261212
5714,1,1,1,1,1,1,1,20261002,20261212
5715,1,1,1,1,1,1,1,20261002,20261212
5717,1,1,1,1,1,1,1,20261002,20261212
5718,0,0,0,0,0,1,1,20261002,20261212
5720,1,1,1,1,1,1,1,20261002,20261212
5721,1,1,1,1,1,1,1,20261002,20261212
5722,1,1,1,1,1,1,1,20261002,20261212
5723,1,1,1,1,1,1,1,20261002,20261212
5724,1,1,1,1,1,1,1,20261002,20261212
5725,1,1,1,1,1,1,1,20261002,20261212
5726,1,1,1,1,1,1,1,20261002,20261212
5727,1,1,1,1,1,1,1,20261002,20261212
5728,0,0,0,0,0,1,1,20261002,20261212
5730,1,1,1,1,1,1,1,20261002,20261212
5731,1,1,1,1,1,1,1,20261002,20261212
5732,1,1,1,1,1,1,1,20261002,20261212
5733,0,0,0,0,0,1,0,20261002,20261212
5734,1,1,1,1,1,1,1,20261002,20261212
5735,0,0,0,0,0,1,1,20261002,20261212
5737,1,1,1,1,1,1,1,20261002,20261212
5738,1,1,1,1,1,1,0,20261002,20261212
5741,0,0,0,0,0,1,1,20261002,20261212
5742,1,1,1,1,1,1,1,20261002,20261212
5743,1,1,1,1,1,1,1,20261002,20261212
5744,1,1,1,1,1,1,1,20261002,20261212
5745,1,1,1,1,0,1,1,20261002,20261212
5747,1,1,1,1,1,1,1,20261002,20261212
5749,1,1,1,1,1,1,1,20261002,20261212
5750,0,0,0,0,0,1,0,20261002,20261212
5753,1,1,1,1,1,1,0,20261002,20261212
5754,0,0,0,0,0,1,0,20261002,20261212
5756,0,0,0,0,0,1,0,20261002,20261212
5759,0,0,0,0,0,1,1,20261002,20261212
5761,1,1,1,1,1,1,1,20261002,20261212
5768,1,1,1,1,1,1,1,20261002,20261212
5769,1,1,1,1,1,1,1,20261002,20261212
5770,1,1,1,1,1,1,1,20261002,20261212
5774,1,1,1,1,1,1,1,20261002,20261212
5775,0,0,0,0,0,1,1,20261002,20261212
5779,1,1,1,1,1,1,1,20261002,20261212
5787,1,1,1,1,1,1,1,20261002,20261212
5791,1,1,1,1,1,1,1,20261002,20261212
5792,1,1,1,1,1,1,1,20261002,20261212
5794,1,1,1,1,1,1,1,20261002,20261212
5795,1,1,1,1,1,1,1,20261002,20261212
5796,0,0,0,0,0,1,1,20261002,20261212
5797,1,1,1,1,1,1,1,20261002,20261212
5798,1,1,1,1,1,1,1,20261002,20261212
5800,0,0,0,0,0,1,1,20261002,20261212
5801,1,1,1,1,1,1,1,20261002,20261212
5802,1,1,1,1,1,1,1,20261002,20261212
5804,0,0,0,0,0,1,1,20261002,20261212
5806,0,0,0,0,0,1,1,20261002,20261212
5807,1,1,1,1,1,1,1,20261002,20261212
5809,0,0,0,0,0,1,1,20261002,20261212
5810,1,1,1,1,1,1,1,20261002,20261212
5811,1,1,1,1,1,1,1,20261002,20261212
5812,1,1,1,1,1,1,1,20261002,20261212
5813,1,1,1,1,1,1,1,20261002,20261212
5814,1,1,1,1,1,1,1,20261002,20261212
5816,0,0,0,0,0,1,1,20261002,20261212
5817,1,1,1,1,1,1,1,20261002,20261212
5818,1,1,1,1,1,1,1,20261002,20261212
5819,1,1,1,1,1,1,1,20261002,20261212
5820,1,1,1,1,1,1,1,20261002,20261212
5821,1,1,1,1,1,1,1,20261002,20261212
5822,1,1,1,1,1,1,1,20261002,20261212
5823,1,1,1,1,1,1,1,20261002,20261212
5824,1,1,1,1,1,1,1,20261002,20261212
5825,1,1,1,1,1,1,1,20261002,20261212
5826,1,1,1,1,1,1,1,20261002,20261212
5827,1,1,1,1,1,1,1,20261002,20261212
5828,1,1,1,1,1,1,1,20261002,20261212
5829,1,1,1,1,1,1,1,20261002,20261212
5832,1,1,1,1,1,1,1,20261002,20261212
5833,1,1,1,1,1,1,1,20261002,20261212
5834,0,0,0,0,0,1,1,20261002,20261212
5836,1,1,1,1,1,1,1,20261002,20261212
5837,1,1,1,1,1,1,1,20261002,20261212
5838,1,1,1,1,1,1,1,20261002,20261212
5840,1,1,1,0,0,1,0,20261002,20261212
5841,1,1,1,1,1,1,1,20261002,20261212
5842,1,1,1,1,1,1,1,20261002,20261212
5845,1,1,1,1,1,1,1,20261002,20261212
5846,1,1,1,1,1,1,1,20261002,20261212
5848,1,1,1,1,1,1,1,20261002,20261212
5850,1,1,1,1,1,1,1,20261002,20261212
5853,1,1,1,1,1,1,1,20261002,20261212
5855,0,0,0,0,0,1,1,20261002,20261212
5856,1,1,1,1,1,1,1,20261002,20261212
5857,1,1,1,1,1,1,1,20261002,20261212
5858,1,1,1,1,1,1,1,20261002,20261212
5861,1,1,1,1,1,1,1,20261002,20261212
5864,0,0,0,0,0,1,0,20261002,20261212
5867,0,0,0,0,0,1,0,20261002,20261212
5870,0,0,0,0,0,1,1,20261002,20261212
5872,0,0,0,0,0,1,1,20261002,20261212
5873,1,1,1,1,1,1,1,20261002,20261212
5874,1,1,1,1,1,1,1,20261002,20261212
5875,1,1,1,1,1,1,1,20261002,20261212
5876,1,1,1,1,1,1,1,20261002,20261212
5877,1,1,1,1,1,1,1,20261002,20261212
5878,1,1,1,1,1,1,1,20261002,20261212
5879,1,1,1,1,1,1,1,20261002,20261212
5880,1,1,1,1,1,1,1,20261002,20261212
5881,1,1,1,1,1,1,1,20261002,20261212
5885,0,0,0,0,0,1,1,20261002,20261212
5887,0,0,0,0,0,1,1,20261002,20261212
5888,1,1,1,1,1,1,1,20261002,20261212
5889,1,1,1,1,1,1,1,20261002,20261212
5890,1,1,1,1,1,1,1,20261002,20261212
5891,1,1,1,1,1,1,1,20261002,20261212
5892,1,1,1,1,1,1,1,20261002,20261212
5893,1,1,1,1,1,1,1,20261002,20261212
5894,1,1,1,1,1,1,1,20261002,20261212
5895,1,1,1,1,1,1,1,20261002,20261212
5898,1,1,1,1,1,1,1,20261002,20261212
5899,1,1,1,1,1,1,1,20261002,20261212
5902,1,1,1,1,1,1,1,20261002,20261212
5903,1,1,1,1,1,1,1,20261002,20261212
5904,1,1,1,1,1,1,1,20261002,20261212
5905,1,1,1,1,1,1,1,20261002,20261212
5906,1,1,1,1,1,1,1,20261002,20261212
5907,1,1,1,1,1,1,1,20261002,20261212
5909,1,1,1,1,1,1,1,20261002,20261212
5911,0,0,0,0,0,1,1,20261002,20261212
5913,0,0,0,0,0,1,1,20261002,20261212
5917,0,0,0,0,0,1,1,20261002,20261212
5918,1,1,1,1,1,1,1,20261002,20261212
5919,1,1,1,1,1,1,1,20261002,20261212
5920,1,1,1,1,1,1,1,20261002,20261212
5921,1,1,1,1,1,1,1,20261002,20261212
5922,1,1,1,1,1,1,1,20261002,20261212
5923,1,1,1,1,1,1,1,20261002,20261212
5924,1,1,1,1,1,1,1,20261002,20261212
5929,0,0,0,0,1,1,0,20261002,20261212
5930,1,1,1,1,1,1,1,20261002,20261212
5931,1,1,1,1,1,1,1,20261002,20261212
5933,1,1,1,1,1,1,0,20261002,20261212
5934,1,1,1,1,1,1,1,20261002,20261212
5935,1,1,1,1,1,1,1,20261002,20261212
5937,1,1,1,1,0,1,1,20261002,20261212
5938,1,1,1,1,1,1,1,20261002,20261212
5939,1,1,1,1,1,1,1,20261002,20261212
5940,1,1,1,1,1,1,1,20261002,20261212
5941,1,1,1,1,1,1,1,20261002,20261212
5943,0,0,0,0,0,1,1,20261002,20261212
5944,1,1,1,1,1,1,1,20261002,20261212
5946,1,1,1,1,1,1,0,20261002,20261212
5947,1,1,1,1,1,1,1,20261002,20261212
5948,1,1,1,1,1,1,1,20261002,20261212
5949,1,1,1,1,1,1,1,20261002,20261212
5950,1,1,1,1,1,1,1,20261002,20261212
5956,0,0,0,0,0,1,0,20261002,20261212
5958,1,1,1,1,1,1,1,20261002,20261212
5959,1,1,1,1,1,1,0,20261002,20261212
5960,1,1,1,1,1,1,1,20261002,20261212
5961,1,1,1,1,1,1,0,20261002,20261212
5963,1,1,1,1,1,1,1,20261002,20261212
5965,1,1,1,1,1,1,0,20261002,20261212
5966,1,1,1,1,1,1,1,20261002,20261212
5967,1,1,1,1,1,1,1,20261002,20261212
5968,1,1,1,1,1,1,1,20261002,20261212
5969,1,1,1,1,1,1,1,20261002,20261212
5970,1,1,1,1,1,1,0,20261002,20261212
5972,1,1,1,1,1,1,1,20261002,20261212
5973,1,1,1,1,1,1,1,20261002,20261212
5974,1,1,1,1,1,1,1,20261002,20261212
5975,1,1,1,1,1,1,1,20261002,20261212
5976,1,1,1,1,1,1,1,20261002,20261212
5977,1,1,1,1,1,1,0,20261002,20261212
5978,1,1,1,1,1,1,1,20261002,20261212
5979,1,1,1,1,1,0,0,20261002,20261212
5980,1,1,1,1,1,0,0,20261002,20261212
5981,1,1,1,1,1,0,0,20261002,20261212
5982,1,1,1,1,1,0,0,20261002,20261212
5983,1,1,1,1,1,0,0,20261002,20261212
5984,1,1,1,1,1,0,0,20261002,20261212
5985,1,1,1,1,1,0,0,20261002,20261212
5986,1,1,1,1,1,0,0,20261002,20261212
5987,1,1,1,1,1,0,0,20261002,20261212
5988,1,1,1,1,1,0,0,20261002,20261212
5989,1,1,1,1,1,0,0,20261002,20261212
5990,1,1,1,1,1,0,0,20261002,20261212
5991,1,1,1,1,1,0,0,20261002,20261212
5992,1,1,1,1,1,0,0,20261002,20261212
5993,1,1,1,1,1,0,0,20261002,20261212
5994,1,1,1,1,1,0,0,20261002,20261212
5995,1,1,1,1,1,0,0,20261002,20261212
5996,1,1,1,1,1,0,0,20261002,20261212
5997,1,1,1,1,1,0,0,20261002,20261212
5998,1,1,1,1,1,0,0,20261002,20261212
5999,1,1,1,1,1,0,0,20261002,20261212
6000,1,1,1,1,1,0,0,20261002,20261212
6001,1,1,1,1,1,0,0,20261002,20261212
6002,0,0,0,0,0,1,0,20261002,20261212
6003,0,0,0,0,0,1,0,20261002,20261212
6004,0,0,0,0,0,1,1,20261002,20261212
6005,0,0,0,0,0,1,1,20261002,20261212
6006,0,0,0,0,0,1,1,20261002,20261212
6007,0,0,0,0,0,1,1,20261002,20261212
6008,0,0,0,0,0,1,1,20261002,20261212
6009,0,0,0,0,0,1,1,20261002,20261212
6010,1,1,1,1,1,1,1,20261002,20261212
6011,1,1,1,1,1,0,0,20261002,20261212
6012,1,1,1,1,1,0,0,20261002,20261212
6013,1,1,1,1,1,0,0,20261002,20261212
6014,1,1,1,1,1,0,0,20261002,20261212
6015,1,1,1,1,1,0,0,20261002,20261212
6016,1,1,1,1,1,0,0,20261002,20261212
6017,1,1,1,1,1,0,0,20261002,20261212
6018,1,1,1,1,1,0,0,20261002,20261212
6019,1,1,1,1,1,0,0,20261002,20261212
6020,1,1,1,1,1,0,0,20261002,20261212
6021,1,1,1,1,1,0,0,20261002,20261212
6022,1,1,1,1,1,0,0,20261002,20261212
6023,1,1,1,1,1,0,0,20261002,20261212
6024,1,1,1,1,1,0,0,20261002,20261212
6025,1,1,1,1,1,0,0,20261002,20261212
6026,1,1,1,1,1,0,0,20261002,20261212
6027,1,1,1,1,1,0,0,20261002,20261212
6028,1,1,1,1,1,0,0,20261002,20261212
6029,1,1,1,1,1,0,0,20261002,20261212
6030,1,1,1,1,1,0,0,20261002,20261212
6031,1,1,1,1,1,0,0,20261002,20261212
6032,1,1,1,1,1,0,0,20261002,20261212
6033,1,1,1,1,1,0,0,20261002,20261212
6034,1,1,1,1,1,0,0,20261002,20261212
6035,1,1,1,1,1,0,0,20261002,20261212
6036,1,1,1,1,1,0,0,20261002,20261212
6037,1,1,1,1,1,0,0,20261002,20261212
6038,1,1,1,1,1,0,0,20261002,20261212
6039,0,0,0,0,0,1,1,20261002,20261212
6040,0,0,0,0,0,1,1,20261002,20261212
6041,0,0,0,0,0,1,0,20261002,20261212
6042,0,0,0,0,0,0,1,20261002,20261212
6043,0,0,0,0,0,1,1,20261002,20261212
6044,0,0,0,0,0,1,1,20261002,20261212
6045,0,0,0,0,0,1,1,20261002,20261212
6046,0,0,0,0,0,1,1,20261002,20261212
6047,0,0,0,0,0,1,1,20261002,20261212
6048,0,0,0,0,0,1,1,20261002,20261212
6049,0,0,0,0,0,1,1,20261002,20261212
6050,0,0,0,0,0,0,1,20261002,20261212
6051,0,0,0,0,0,1,0,20261002,20261212
6052,0,0,0,0,0,1,0,20261002,20261212
6058,1,1,1,1,1,1,1,20261002,20261212
6061,0,0,0,0,0,1,1,20261002,20261212
6062,1,1,1,1,1,0,0,20261002,20261212
6063,1,1,1,1,1,0,0,20261002,20261212
6064,1,1,1,1,1,0,0,20261002,20261212
6065,1,1,1,1,1,0,0,20261002,20261212
6066,1,1,1,1,1,0,0,20261002,20261212
6067,1,1,1,1,1,0,0,20261002,20261212
6068,1,1,1,1,1,0,0,20261002,20261212
6069,1,1,1,1,1,0,0,20261002,20261212
6070,1,1,1,1,1,0,0,20261002,20261212
6071,1,1,1,1,1,0,0,20261002,20261212
6072,0,0,0,0,0,1,1,20261002,20261212
6073,0,0,0,0,0,1,1,20261002,20261212
6074,0,0,0,0,0,1,1,20261002,20261212
6077,0,0,0,0,0,1,1,20261002,20261212
6079,0,0,0,0,0,1,1,20261002,20261212
6080,0,0,0,0,0,1,1,20261002,20261212
6083,0,0,0,0,0,1,1,20261002,20261212
6111,0,0,0,0,0,1,1,20261002,20261212
6112,0,0,0,0,0,1,1,20261002,20261212
6119,0,0,0,0,0,1,1,20261002,20261212
6120,0,0,0,0,0,1,1,20261002,20261212
6127,0,0,0,0,0,1,1,20261002,20261212
6128,0,0,0,0,0,1,1,20261002,20261212
6141,0,0,0,0,0,1,1,20261002,20261212
6142,0,0,0,0,0,1,1,20261002,20261212
6143,0,0,0,0,0,1,1,20261002,20261212
6144,0,0,0,0,0,1,1,20261002,20261212
6153,0,0,0,0,0,1,1,20261002,20261212
6154,0,0,0,0,0,1,1,20261002,20261212
6159,0,0,0,0,0,1,1,20261002,20261212
6160,0,0,0,0,0,1,1,20261002,20261212
6167,0,0,0,0,0,1,1,20261002,20261212
6168,0,0,0,0,0,1,1,20261002,20261212
6175,0,0,0,0,0,1,1,20261002,20261212
6176,0,0,0,0,0,1,1,20261002,20261212
6191,0,0,0,0,0,1,1,20261002,20261212
6192,0,0,0,0,0,1,1,20261002,20261212
6205,0,0,0,0,0,1,1,20261002,20261212
6206,0,0,0,0,0,1,1,20261002,20261212
6215,0,0,0,0,0,1,1,20261002,20261212
6219,0,0,0,0,0,1,1,20261002,20261212
6223,0,0,0,0,0,1,1,20261002,20261212
6227,0,0,0,0,0,1,1,20261002,20261212
6231,0,0,0,0,0,1,1,20261002,20261212
6235,0,0,0,0,0,1,1,20261002,20261212
6239,0,0,0,0,0,1,1,20261002,20261212
6243,0,0,0,0,0,1,1,20261002,20261212
6247,0,0,0,0,0,1,1,20261002,20261212
6249,0,0,0,0,0,1,1,20261002,20261212
6250,0,0,0,0,0,1,1,20261002,20261212
6259,0,0,0,0,0,1,1,20261002,20261212
6260,0,0,0,0,0,1,1,20261002,20261212
6264,0,0,0,0,0,1,1,20261002,20261212
6268,0,0,0,0,0,1,1,20261002,20261212
6272,0,0,0,0,0,1,1,20261002,20261212
6276,0,0,0,0,0,1,1,20261002,20261212
6278,0,0,0,0,0,1,1,20261002,20261212
6282,0,0,0,0,0,1,1,20261002,20261212
6286,0,0,0,0,0,1,1,20261002,20261212
6293,0,0,0,0,0,1,1,20261002,20261212
6299,0,0,0,0,0,1,1,20261002,20261212
6303,0,0,0,0,0,1,1,20261002,20261212
6308,0,0,0,0,0,1,1,20261002,20261212
6314,0,0,0,0,0,1,1,20261002,20261212
6316,0,0,0,0,0,1,1,20261002,20261212
6323,0,0,0,0,0,1,1,20261002,20261212
6324,0,0,0,0,0,1,1,20261002,20261212
6325,0,0,0,0,0,1,1,20261002,20261212
6326,0,0,0,0,0,1,1,20261002,20261212
6327,0,0,0,0,0,1,1,20261002,20261212
6334,0,0,0,0,0,1,1,20261002,20261212
6338,0,0,0,0,0,1,1,20261002,20261212
6342,0,0,0,0,0,1,1,20261002,20261212
6346,0,0,0,0,0,1,1,20261002,20261212
6350,0,0,0,0,0,1,1,20261002,20261212
6354,0,0,0,0,0,1,1,20261002,20261212
6361,0,0,0,0,0,1,1,20261002,20261212
6362,0,0,0,0,0,1,0,20261002,20261212
6365,0,0,0,0,0,0,1,20261002,20261212
6369,0,0,0,0,0,0,1,20261002,20261212
6371,0,0,0,0,0,1,0,20261002,20261212
6374,0,0,0,0,0,1,1,20261002,20261212
6376,0,0,0,0,0,1,0,20261002,20261212
6378,1,1,1,1,1,0,0,20261002,20261212
6379,1,1,1,1,1,0,0,20261002,20261212
6380,1,1,1,1,1,0,0,20261002,20261212
6381,1,1,1,1,1,0,0,20261002,20261212
6382,1,1,1,1,1,0,0,20261002,20261212
6383,1,1,1,1,1,0,0,20261002,20261212
6384,1,1,1,1,1,0,0,20261002,20261212
6385,1,1,1,1,1,0,0,20261002,20261212
6386,1,1,1,1,1,0,0,20261002,20261212
6387,1,1,1,1,1,0,0,20261002,20261212
6388,1,1,1,1,1,0,0,20261002,20261212
6389,1,1,1,1,1,0,0,20261002,20261212
6390,1,1,1,1,1,0,0,20261002,20261212
6391,1,1,1,1,1,0,0,20261002,20261212
6392,0,0,0,0,0,1,1,20261002,20261212
6521,1,1,1,1,1,0,0,20261002,20261212
6522,1,1,1,1,1,0,0,20261002,20261212
6523,1,1,1,1,1,0,0,20261002,20261212
6524,1,1,1,1,1,0,0,20261002,20261212
6525,1,1,1,1,1,0,0,20261002,20261212
6526,1,1,1,1,1,0,0,20261002,20261212
6527,1,1,1,1,1,0,0,20261002,20261212
6528,1,1,1,1,1,0,0,20261002,20261212
6529,1,1,1,1,1,0,0,20261002,20261212
6530,1,1,1,1,1,0,0,20261002,20261212
6531,1,1,1,1,1,0,0,20261002,20261212
6532,1,1,1,1,1,0,0,20261002,20261212
6533,1,1,1,1,1,0,0,20261002,20261212
6534,1,1,1,1,1,0,0,20261002,20261212
6535,1,1,1,1,1,0,0,20261002,20261212
6536,1,1,1,1,1,0,0,20261002,20261212
6537,1,1,1,1,1,0,0,20261002,20261212
6538,1,1,1,1,1,0,0,20261002,20261212
6540,1,1,1,1,1,0,0,20261002,20261212
6541,1,1,1,1,1,0,0,20261002,20261212
6542,1,1,1,1,1,0,0,20261002,20261212
6543,1,1,1,1,1,0,0,20261002,20261212
6544,1,1,1,1,1,0,0,20261002,20261212
6545,1,1,1,1,1,0,0,20261002,20261212
6546,1,1,1,1,1,0,0,20261002,20261212
6547,1,1,1,1,1,0,0,20261002,20261212
6548,1,1,1,1,1,0,0,20261002,20261212
6549,1,1,1,1,1,0,0,20261002,20261212
6550,1,1,1,1,1,0,0,20261002,20261212
6551,1,1,1,1,1,0,0,20261002,20261212
6552,1,1,1,1,1,0,0,20261002,20261212
6553,1,1,1,1,1,0,0,20261002,20261212
6554,1,1,1,1,1,0,0,20261002,20261212
6555,1,1,1,1,1,0,0,20261002,20261212
6556,1,1,1,1,1,0,0,20261002,20261212
6557,1,1,1,1,1,0,0,20261002,20261212
6558,1,1,1,1,1,0,0,20261002,20261212
6559,1,1,1,1,1,0,0,20261002,20261212
6560,1,1,1,1,1,0,0,20261002,20261212
6561,1,1,1,1,1,0,0,20261002,20261212
6562,1,1,1,1,1,0,0,20261002,20261212
6563,1,1,1,1,1,0,0,20261002,20261212
6564,1,1,1,1,1,0,0,20261002,20261212
6565,1,1,1,1,1,0,0,20261002,20261212
6566,1,1,1,1,1,0,0,20261002,20261212
6567,1,1,1,1,1,0,0,20261002,20261212
6568,1,1,1,1,1,0,0,20261002,20261212
6569,1,1,1,1,1,0,0,20261002,20261212
6570,1,1,1,1,1,0,0,20261002,20261212
6571,1,1,1,1,1,0,0,20261002,20261212
6572,1,1,1,1,1,0,0,20261002,20261212
6573,1,1,1,1,1,0,0,20261002,20261212
6574,1,1,1,1,1,0,0,20261002,20261212
6575,1,1,1,1,1,0,0,20261002,20261212
6579,0,0,0,0,0,0,1,20261002,20261212
6580,0,0,0,0,0,0,1,20261002,20261212
6581,0,0,0,0,0,1,0,20261002,20261212
6582,0,0,0,0,0,1,0,20261002,20261212
6583,0,0,0,0,0,1,1,20261002,20261212
6584,0,0,0,0,0,0,1,20261002,20261212
6585,0,0,0,0,0,0,1,20261002,20261212
6586,0,0,0,0,0,1,1,20261002,20261212
6587,0,0,0,0,0,0,1,20261002,20261212
6588,0,0,0,0,0,0,1,20261002,20261212
6589,0,0,0,0,0,1,1,20261002,20261212
6590,0,0,0,0,0,1,0,20261002,20261212
6591,0,0,0,0,0,0,1,20261002,20261212
6592,0,0,0,0,0,0,1,20261002,20261212
6593,0,0,0,0,0,1,1,20261002,20261212
6594,0,0,0,0,0,1,1,20261002,20261212
6595,1,1,1,1,1,0,0,20261002,20261212
6596,1,1,1,1,1,0,0,20261002,20261212
6597,1,1,1,1,1,0,0,20261002,20261212
6598,1,1,1,1,1,0,0,20261002,20261212
6599,1,1,1,1,1,0,0,20261002,20261212
6600,1,1,1,1,1,0,0,20261002,20261212
6601,1,1,1,1,1,0,0,20261002,20261212
6602,1,1,1,1,1,0,0,20261002,20261212
6603,1,1,1,1,1,0,0,20261002,20261212
6604,1,1,1,1,1,0,0,20261002,20261212
6605,1,1,1,1,1,0,0,20261002,20261212
6606,1,1,1,1,1,0,0,20261002,20261212
6607,1,1,1,1,1,0,0,20261002,20261212
6608,1,1,1,1,1,0,0,20261002,20261212
6609,1,1,1,1,1,0,0,20261002,20261212
6610,1,1,1,1,1,0,0,20261002,20261212
6611,1,1,1,1,1,0,0,20261002,20261212
6612,1,1,1,1,1,0,0,20261002,20261212
6613,1,1,1,1,1,0,0,20261002,20261212
6614,1,1,1,1,1,0,0,20261002,20261212
6615,1,1,1,1,1,0,0,20261002,20261212
6616,1,1,1,1,1,0,0,20261002,20261212
6617,1,1,1,1,1,0,0,20261002,20261212
6618,1,1,1,1,1,0,0,20261002,20261212
6619,1,1,1,1,1,0,0,20261002,20261212
6620,1,1,1,1,1,0,0,20261002,20261212
6621,1,1,1,1,1,0,0,20261002,20261212
6622,1,1,1,1,1,0,0,20261002,20261212
6623,1,1,1,1,1,0,0,20261002,20261212
6624,1,1,1,1,1,0,0,20261002,20261212
6625,0,0,0,0,0,1,1,20261002,20261212
6626,0,0,0,0,0,1,1,20261002,20261212
6627,0,0,0,0,0,1,0,20261002,20261212
6628,0,0,0,0,0,1,0,20261002,20261212
6629,0,0,0,0,0,0,1,20261002,20261212
6630,0,0,0,0,0,0,1,20261002,20261212
6631,0,0,0,0,0,1,1,20261002,20261212
6632,0,0,0,0,0,1,0,20261002,20261212
6633,0,0,0,0,0,1,0,20261002,20261212
6634,0,0,0,0,0,0,1,20261002,20261212
6635,0,0,0,0,0,1,0,20261002,20261212
6636,0,0,0,0,0,1,1,20261002,20261212
6637,0,0,0,0,0,1,0,20261002,20261212
6638,0,0,0,0,0,1,0,20261002,20261212
6639,0,0,0,0,0,1,1,20261002,20261212
6640,0,0,0,0,0,1,1,20261002,20261212
6641,0,0,0,0,0,1,1,20261002,20261212
6642,0,0,0,0,0,1,1,20261002,20261212
6643,0,0,0,0,0,1,1,20261002,20261212
6926,1,1,1,1,1,0,0,20261002,20261212
6927,1,1,1,1,1,0,0,20261002,20261212
6928,1,1,1,1,1,0,0,20261002,20261212
6929,1,1,1,1,1,0,0,20261002,20261212
6930,1,1,1,1,1,0,0,20261002,20261212
6931,1,1,1,1,1,0,0,20261002,20261212
6932,1,1,1,1,1,0,0,20261002,20261212
6933,1,1,1,1,1,0,0,20261002,20261212
6934,1,1,1,1,1,0,0,20261002,20261212
6935,1,1,1,1,1,0,0,20261002,20261212
6936,1,1,1,1,1,0,0,20261002,20261212
6937,1,1,1,1,1,0,0,20261002,20261212
6938,1,1,1,1,1,0,0,20261002,20261212
6939,1,1,1,1,1,0,0,20261002,20261212
6940,1,1,1,1,1,0,0,20261002,20261212
6941,1,1,1,1,1,0,0,20261002,20261212
6942,1,1,1,1,1,0,0,20261002,20261212
6943,1,1,1,1,1,0,0,20261002,20261212
6944,1,1,1,1,1,0,0,20261002,20261212
6945,1,1,1,1,1,0,0,20261002,20261212
6946,1,1,1,1,1,0,0,20261002,20261212
6947,1,1,1,1,1,0,0,20261002,20261212
6948,1,1,1,1,1,0,0,20261002,20261212
6949,1,1,1,1,1,0,0,20261002,20261212
6950,1,1,1,1,1,0,0,20261002,20261212
6951,1,1,1,1,1,0,0,20261002,20261212
6952,1,1,1,1,1,0,0,20261002,20261212
6953,1,1,1,1,1,0,0,20261002,20261212
6954,1,1,1,1,1,0,0,20261002,20261212
6955,1,1,1,1,1,0,0,20261002,20261212
6956,1,1,1,1,1,0,0,20261002,20261212
6957,1,1,1,1,1,0,0,20261002,20261212
6958,1,1,1,1,1,0,0,20261002,20261212
6959,1,1,1,1,1,0,0,20261002,20261212
6960,1,1,1,1,1,0,0,20261002,20261212
6961,1,1,1,1,1,0,0,20261002,20261212
6962,1,1,1,1,1,0,0,20261002,20261212
6963,1,1,1,1,1,0,0,20261002,20261212
6964,1,1,1,1,1,0,0,20261002,20261212
6965,1,1,1,1,1,0,0,20261002,20261212
6966,1,1,1,1,1,0,0,20261002,20261212
6967,1,1,1,1,1,0,0,20261002,20261212
6968,1,1,1,1,1,0,0,20261002,20261212
6969,1,1,1,1,1,0,0,20261002,20261212
6970,1,1,1,1,1,0,0,20261002,20261212
6971,1,1,1,1,1,0,0,20261002,20261212
6972,1,1,1,1,1,0,0,20261002,20261212
6973,1,1,1,1,1,0,0,20261002,20261212
6974,1,1,1,1,1,0,0,20261002,20261212
6975,1,1,1,1,1,0,0,20261002,20261212
6976,1,1,1,1,1,0,0,20261002,20261212
6977,1,1,1,1,1,0,0,20261002,20261212
6984,0,0,0,0,0,1,1,20261002,20261212
6985,0,0,0,0,0,1,1,20261002,20261212
6986,0,0,0,0,0,1,1,20261002,20261212
6987,0,0,0,0,0,1,1,20261002,20261212
6988,0,0,0,0,0,1,1,20261002,20261212
6989,0,0,0,0,0,1,1,20261002,20261212
6990,0,0,0,0,0,1,1,20261002,20261212
6991,0,0,0,0,0,1,1,20261002,20261212
6992,0,0,0,0,0,1,1,20261002,20261212
6993,0,0,0,0,0,1,1,20261002,20261212
6994,0,0,0,0,0,1,1,20261002,20261212
6995,0,0,0,0,0,1,1,20261002,20261212
6996,0,0,0,0,0,1,1,20261002,20261212
6997,0,0,0,0,0,1,1,20261002,20261212
6998,1,1,1,1,1,0,0,20261002,20261212
6999,1,1,1,1,1,0,0,20261002,20261212
7000,1,1,1,1,1,0,0,20261002,20261212
7001,1,1,1,1,1,0,0,20261002,20261212
7002,1,1,1,1,1,0,0,20261002,20261212
7003,1,1,1,1,1,0,0,20261002,20261212
7004,1,1,1,1,1,0,0,20261002,20261212
7005,1,1,1,1,1,0,0,20261002,20261212
7006,1,1,1,1,1,0,0,20261002,20261212
7007,1,1,1,1,1,0,0,20261002,20261212
7008,0,0,0,0,0,0,1,20261002,20261212
7009,1,1,1,1,1,0,0,20261002,20261212
7010,1,1,1,1,1,0,0,20261002,20261212
7011,1,1,1,1,1,0,0,20261002,20261212
7012,1,1,1,1,1,0,0,20261002,20261212
7013,1,1,1,1,1,0,0,20261002,20261212
7014,1,1,1,1,1,0,0,20261002,20261212
7015,1,1,1,1,1,0,0,20261002,20261212
7016,1,1,1,1,1,0,0,20261002,20261212
7017,1,1,1,1,1,0,0,20261002,20261212
7018,1,1,1,1,1,0,0,20261002,20261212
7019,1,1,1,1,1,0,0,20261002,20261212
7020,1,1,1,1,1,0,0,20261002,20261212
7021,1,1,1,1,1,0,0,20261002,20261212
7022,1,1,1,1,1,0,0,20261002,20261212
7023,1,1,1,1,1,0,0,20261002,20261212
7024,1,1,1,1,1,0,0,20261002,20261212
7025,1,1,1,1,1,0,0,20261002,20261212
7026,1,1,1,1,1,0,0,20261002,20261212
7027,1,1,1,1,1,0,0,20261002,20261212
7028,1,1,1,1,1,0,0,20261002,20261212
7029,1,1,1,1,1,0,0,20261002,20261212
7030,1,1,1,1,1,0,0,20261002,20261212
7031,1,1,1,1,1,0,0,20261002,20261212
7032,1,1,1,1,1,0,0,20261002,20261212
7033,1,1,1,1,1,0,0,20261002,20261212
7034,1,1,1,1,1,0,0,20261002,20261212
7035,1,1,1,1,1,0,0,20261002,20261212
7036,1,1,1,1,1,0,0,20261002,20261212
7037,1,1,1,1,1,0,0,20261002,20261212
7038,1,1,1,1,1,0,0,20261002,20261212
7039,1,1,1,1,1,0,0,20261002,20261212
7040,1,1,1,1,1,0,0,20261002,20261212
7041,1,1,1,1,1,0,0,20261002,20261212
7042,1,1,1,1,1,0,0,20261002,20261212
7043,1,1,1,1,1,0,0,20261002,20261212
7044,1,1,1,1,1,0,0,20261002,20261212
7045,1,1,1,1,1,0,0,20261002,20261212
7046,1,1,1,1,1,0,0,20261002,20261212
7047,1,1,1,1,1,0,0,20261002,20261212
7048,1,1,1,1,1,0,0,20261002,20261212
7049,1,1,1,1,1,0,0,20261002,20261212
7050,1,1,1,1,1,0,0,20261002,20261212
7051,1,1,1,1,1,0,0,20261002,20261212
7052,1,1,1,1,1,0,0,20261002,20261212
7053,1,1,1,1,1,0,0,20261002,20261212
7054,1,1,1,1,1,0,0,20261002,20261212
7055,1,1,1,1,1,0,0,20261002,20261212
7056,1,1,1,1,1,0,0,20261002,20261212
7057,1,1,1,1,1,0,0,20261002,20261212
7058,1,1,1,1,1,0,0,20261002,20261212
7061,0,0,0,0,0,1,1,20261002,20261212
7062,0,0,0,0,0,1,1,20261002,20261212
7063,0,0,0,0,0,1,1,20261002,20261212
7064,0,0,0,0,0,1,1,20261002,20261212
7065,0,0,0,0,0,1,1,20261002,20261212
7066,0,0,0,0,0,1,1,20261002,20261212
7067,0,0,0,0,0,0,1,20261002,20261212
7068,0,0,0,0,0,1,1,20261002,20261212
7069,0,0,0,0,0,1,1,20261002,20261212
7070,0,0,0,0,0,1,1,20261002,20261212
7071,0,0,0,0,0,1,1,20261002,20261212
7072,0,0,0,0,0,1,1,20261002,20261212
7073,1,1,1,1,1,0,0,20261002,20261212
7074,1,1,1,1,1,0,0,20261002,20261212
7075,1,1,1,1,1,0,0,20261002,20261212
7076,1,1,1,1,1,0,0,20261002,20261212
7077,1,1,1,1,1,0,0,20261002,20261212
7078,1,1,1,1,1,0,0,20261002,20261212
7079,1,1,1,1,1,0,0,20261002,20261212
7080,1,1,1,1,1,0,0,20261002,20261212
7081,1,1,1,1,1,0,0,20261002,20261212
7082,1,1,1,1,1,0,0,20261002,20261212
7083,1,1,1,1,1,0,0,20261002,20261212
7084,1,1,1,1,1,0,0,20261002,20261212
7085,1,1,1,1,1,0,0,20261002,20261212
7087,1,1,1,1,1,0,0,20261002,20261212
7088,1,1,1,1,1,0,0,20261002,20261212
7089,1,1,1,1,1,0,0,20261002,20261212
7090,1,1,1,1,1,0,0,20261002,20261212
7091,1,1,1,1,1,0,0,20261002,20261212
7092,1,1,1,1,1,0,0,20261002,20261212
7093,1,1,1,1,1,0,0,20261002,20261212
7094,1,1,1,1,1,0,0,20261002,20261212
7095,1,1,1,1,1,0,0,20261002,20261212
7096,1,1,1,1,1,0,0,20261002,20261212
7097,1,1,1,1,1,0,0,20261002,20261212
7098,1,1,1,1,1,0,0,20261002,20261212
7099,1,1,1,1,1,0,0,20261002,20261212
7100,1,1,1,1,1,0,0,20261002,20261212
7101,1,1,1,1,1,0,0,20261002,20261212
7102,1,1,1,1,1,0,0,20261002,20261212
7103,1,1,1,1,1,0,0,20261002,20261212
7104,1,1,1,1,1,0,0,20261002,20261212
7105,1,1,1,1,1,0,0,20261002,20261212
7106,1,1,1,1,1,0,0,20261002,20261212
7107,1,1,1,1,1,0,0,20261002,20261212
7108,1,1,1,1,1,0,0,20261002,20261212
7109,1,1,1,1,1,0,0,20261002,20261212
7110,1,1,1,1,1,0,0,20261002,20261212
7111,1,1,1,1,1,0,0,20261002,20261212
7112,1,1,1,1,1,0,0,20261002,20261212
7113,1,1,1,1,1,0,0,20261002,20261212
7114,1,1,1,1,1,0,0,20261002,20261212
7115,1,1,1,1,1,0,0,20261002,20261212
7116,1,1,1,1,1,0,0,20261002,20261212
7117,1,1,1,1,1,0,0,20261002,20261212
7118,1,1,1,1,1,0,0,20261002,20261212
7119,1,1,1,1,1,0,0,20261002,20261212
7120,1,1,1,1,1,0,0,20261002,20261212
7121,1,1,1,1,1,0,0,20261002,20261212
7122,1,1,1,1,1,0,0,20261002,20261212
7123,1,1,1,1,1,0,0,20261002,20261212
7125,0,0,0,0,0,0,1,20261002,20261212
7126,0,0,0,0,0,1,1,20261002,20261212
7127,0,0,0,0,0,0,1,20261002,20261212
7128,0,0,0,0,0,1,0,20261002,20261212
7129,0,0,0,0,0,1,0,20261002,20261212
7130,0,0,0,0,0,1,1,20261002,20261212
7131,0,0,0,0,0,0,1,20261002,20261212
7132,0,0,0,0,0,1,1,20261002,20261212
7133,0,0,0,0,0,1,0,20261002,20261212
7134,0,0,0,0,0,1,1,20261002,20261212
7135,0,0,0,0,0,0,1,20261002,20261212
7136,0,0,0,0,0,0,1,20261002,20261212
7137,0,0,0,0,0,1,1,20261002,20261212
7138,0,0,0,0,0,1,1,20261002,20261212
7139,0,0,0,0,0,0,1,20261002,20261212
7140,0,0,0,0,0,0,1,20261002,20261212
7357,1,1,1,1,1,0,0,20261002,20261212
7358,1,1,1,1,1,0,0,20261002,20261212
7359,1,1,1,1,1,0,0,20261002,20261212
7360,1,1,1,1,1,0,0,20261002,20261212
7361,1,1,1,1,1,0,0,20261002,20261212
7362,1,1,1,1,1,0,0,20261002,20261212
7363,1,1,1,1,1,0,0,20261002,20261212
7364,1,1,1,1,1,0,0,20261002,20261212
7365,1,1,1,1,1,0,0,20261002,20261212
7366,1,1,1,1,1,0,0,20261002,20261212
7367,1,1,1,1,1,0,0,20261002,20261212
7368,1,1,1,1,1,0,0,20261002,20261212
7369,1,1,1,1,1,0,0,20261002,20261212
7370,1,1,1,1,1,0,0,20261002,20261212
7371,1,1,1,1,1,0,0,20261002,20261212
7372,1,1,1,1,1,0,0,20261002,20261212
7373,1,1,1,1,1,0,0,20261002,20261212
7374,1,1,1,1,1,0,0,20261002,20261212
7375,1,1,1,1,1,0,0,20261002,20261212
7376,1,1,1,1,1,0,0,20261002,20261212
7377,1,1,1,1,1,0,0,20261002,20261212
7378,1,1,1,1,1,0,0,20261002,20261212
7379,1,1,1,1,1,0,0,20261002,20261212
7380,1,1,1,1,1,0,0,20261002,20261212
7381,1,1,1,1,1,0,0,20261002,20261212
7382,1,1,1,1,1,0,0,20261002,20261212
7383,1,1,1,1,1,0,0,20261002,20261212
7384,1,1,1,1,1,0,0,20261002,20261212
7385,1,1,1,1,1,0,0,20261002,20261212
7386,1,1,1,1,1,0,0,20261002,20261212
7387,1,1,1,1,1,0,0,20261002,20261212
7388,1,1,1,1,1,0,0,20261002,20261212
7389,1,1,1,1,1,0,0,20261002,20261212
7390,1,1,1,1,1,0,0,20261002,20261212
7391,1,1,1,1,1,0,0,20261002,20261212
7392,1,1,1,1,1,0,0,20261002,20261212
7393,1,1,1,1,1,0,0,20261002,20261212
7394,1,1,1,1,1,0,0,20261002,20261212
7396,0,0,0,0,0,1,1,20261002,20261212
7397,0,0,0,0,0,1,1,20261002,20261212
7398,0,0,0,0,0,1,1,20261002,20261212
7399,0,0,0,0,0,1,1,20261002,20261212
7400,0,0,0,0,0,0,1,20261002,20261212
7401,0,0,0,0,0,1,1,20261002,20261212
7402,0,0,0,0,0,1,1,20261002,20261212
7403,0,0,0,0,0,0,1,20261002,20261212
7404,0,0,0,0,0,1,1,20261002,20261212
7405,0,0,0,0,0,1,1,20261002,20261212
7406,0,0,0,0,0,1,1,20261002,20261212
7407,0,0,0,0,0,1,1,20261002,20261212
7408,0,0,0,0,0,1,1,20261002,20261212
7409,0,0,0,0,0,1,1,20261002,20261212
7410,1,1,1,1,1,0,0,20261002,20261212
7411,1,1,1,1,1,0,0,20261002,20261212
7412,1,1,1,1,1,0,0,20261002,20261212
7413,1,1,1,1,1,0,0,20261002,20261212
7414,1,1,1,1,1,0,0,20261002,20261212
7415,1,1,1,1,1,0,0,20261002,20261212
7416,1,1,1,1,1,0,0,20261002,20261212
7417,0,0,0,0,0,1,1,20261002,20261212
7418,0,0,0,0,0,1,1,20261002,20261212
7419,0,0,0,0,0,0,1,20261002,20261212
7420,1,1,1,1,1,0,0,20261002,20261212
7421,1,1,1,1,1,0,0,20261002,20261212
7422,1,1,1,1,1,0,0,20261002,20261212
7423,1,1,1,1,1,0,0,20261002,20261212
7424,1,1,1,1,1,0,0,20261002,20261212
7425,1,1,1,1,1,0,0,20261002,20261212
7426,1,1,1,1,1,0,0,20261002,20261212
7427,1,1,1,1,1,0,0,20261002,20261212
7428,1,1,1,1,1,0,0,20261002,20261212
7429,1,1,1,1,1,0,0,20261002,20261212
7430,1,1,1,1,1,0,0,20261002,20261212
7431,1,1,1,1,1,0,0,20261002,20261212
7432,1,1,1,1,1,0,0,20261002,20261212
7433,1,1,1,1,1,0,0,20261002,20261212
7435,0,0,0,0,0,1,1,20261002,20261212
7436,0,0,0,0,0,1,1,20261002,20261212
7437,0,0,0,0,0,1,1,20261002,20261212
7438,0,0,0,0,0,1,1,20261002,20261212
7439,0,0,0,0,0,1,1,20261002,20261212
7440,0,0,0,0,0,1,1,20261002,20261212
7441,0,0,0,0,0,1,1,20261002,20261212
7442,0,0,0,0,0,1,1,20261002,20261212
7443,1,1,1,1,1,0,0,20261002,20261212
7444,1,1,1,1,1,0,0,20261002,20261212
7445,1,1,1,1,1,0,0,20261002,20261212
7446,1,1,1,1,1,0,0,20261002,20261212
7447,1,1,1,1,1,0,0,20261002,20261212
7448,1,1,1,1,1,0,0,20261002,20261212
7449,1,1,1,1,1,0,0,20261002,20261212
7450,1,1,1,1,1,0,0,20261002,20261212
7451,1,1,1,1,1,0,0,20261002,20261212
7452,1,1,1,1,1,0,0,20261002,20261212
7453,1,1,1,1,1,0,0,20261002,20261212
7454,1,1,1,1,1,0,0,20261002,20261212
7455,1,1,1,1,1,0,0,20261002,20261212
7456,1,1,1,1,1,0,0,20261002,20261212
7457,1,1,1,1,1,0,0,20261002,20261212
7458,1,1,1,1,1,0,0,20261002,20261212
7459,1,1,1,1,1,0,0,20261002,20261212
7460,1,1,1,1,1,0,0,20261002,20261212
7461,1,1,1,1,1,0,0,20261002,20261212
7462,0,0,0,0,0,1,1,20261002,20261212
7463,0,0,0,0,0,1,1,20261002,20261212
7464,0,0,0,0,0,1,1,20261002,20261212
7465,0,0,0,0,0,1,1,20261002,20261212
7466,0,0,0,0,0,1,1,20261002,20261212
7467,0,0,0,0,0,1,1,20261002,20261212
7468,0,0,0,0,0,1,1,20261002,20261212
7469,0,0,0,0,0,1,1,20261002,20261212
7470,0,0,0,0,0,1,1,20261002,20261212
7670,1,1,1,1,1,0,0,20261002,20261212
7671,1,1,1,1,1,0,0,20261002,20261212
7672,1,1,1,1,1,0,0,20261002,20261212
7673,1,1,1,1,1,0,0,20261002,20261212
7674,1,1,1,1,1,0,0,20261002,20261212
7675,1,1,1,1,1,0,0,20261002,20261212
7676,1,1,1,1,1,0,0,20261002,20261212
7677,1,1,1,1,1,0,0,20261002,20261212
7678,1,1,1,1,1,0,0,20261002,20261212
7679,1,1,1,1,1,0,0,20261002,20261212
7680,1,1,1,1,1,0,0,20261002,20261212
7681,1,1,1,1,1,0,0,20261002,20261212
7682,1,1,1,1,1,0,0,20261002,20261212
7683,1,1,1,1,1,0,0,20261002,20261212
7684,1,1,1,1,1,0,0,20261002,20261212
7685,1,1,1,1,1,0,0,20261002,20261212
7686,1,1,1,1,1,0,0,20261002,20261212
7687,1,1,1,1,1,0,0,20261002,20261212
7688,1,1,1,1,1,0,0,20261002,20261212
7689,1,1,1,1,1,0,0,20261002,20261212
7690,1,1,1,1,1,0,0,20261002,20261212
7691,1,1,1,1,1,0,0,20261002,20261212
7692,1,1,1,1,1,0,0,20261002,20261212
7693,1,1,1,1,1,0,0,20261002,20261212
7694,1,1,1,1,1,0,0,20261002,20261212
7695,1,1,1,1,1,0,0,20261002,20261212
7696,1,1,1,1,1,0,0,20261002,20261212
7697,1,1,1,1,1,0,0,20261002,20261212
7698,1,1,1,1,1,0,0,20261002,20261212
7699,1,1,1,1,1,0,0,20261002,20261212
7700,1,1,1,1,1,0,0,20261002,20261212
7701,1,1,1,1,1,0,0,20261002,20261212
7702,1,1,1,1,1,0,0,20261002,20261212
7703,1,1,1,1,1,0,0,20261002,20261212
7704,1,1,1,1,1,0,0,20261002,20261212
7705,1,1,1,1,1,0,0,20261002,20261212
7706,1,1,1,1,1,0,0,20261002,20261212
7707,1,1,1,1,1,0,0,20261002,20261212
7795,1,1,1,1,1,0,0,20261002,20261212
7796,1,1,1,1,1,0,0,20261002,20261212
7797,1,1,1,1,1,0,0,20261002,20261212
7798,1,1,1,1,1,0,0,20261002,20261212
7799,1,1,1,1,1,0,0,20261002,20261212
7800,1,1,1,1,1,0,0,20261002,20261212
7801,1,1,1,1,1,0,0,20261002,20261212
7802,1,1,1,1,1,0,0,20261002,20261212
7803,1,1,1,1,1,0,0,20261002,20261212
7804,1,1,1,1,1,0,0,20261002,20261212
7805,1,1,1,1,1,0,0,20261002,20261212
7806,1,1,1,1,1,0,0,20261002,20261212
7807,1,1,1,1,1,0,0,20261002,20261212
7808,1,1,1,1,1,0,0,20261002,20261212
7809,1,1,1,1,1,0,0,20261002,20261212
7810,1,1,1,1,1,0,0,20261002,20261212
7811,1,1,1,1,1,0,0,20261002,20261212
7812,1,1,1,1,1,0,0,20261002,20261212
7813,1,1,1,1,1,0,0,20261002,20261212
7815,0,0,0,0,0,1,1,20261002,20261212
7816,1,1,1,1,1,0,0,20261002,20261212
7817,1,1,1,1,1,0,0,20261002,20261212
7818,1,1,1,1,1,0,0,20261002,20261212
7819,1,1,1,1,1,0,0,20261002,20261212
7820,1,1,1,1,1,0,0,20261002,20261212
7821,1,1,1,1,1,0,0,20261002,20261212
7822,1,1,1,1,1,0,0,20261002,20261212
7823,1,1,1,1,1,0,0,20261002,20261212
7824,1,1,1,1,1,0,0,20261002,20261212
7825,1,1,1,1,1,0,0,20261002,20261212
7826,1,1,1,1,1,0,0,20261002,20261212
7827,1,1,1,1,1,0,0,20261002,20261212
7828,1,1,1,1,1,0,0,20261002,20261212
7830,0,0,0,0,0,1,1,20261002,20261212
7831,0,0,0,0,0,1,1,20261002,20261212
7832,1,1,1,1,1,0,0,20261002,20261212
7833,1,1,1,1,1,0,0,20261002,20261212
7834,1,1,1,1,1,0,0,20261002,20261212
7835,1,1,1,1,1,0,0,20261002,20261212
7836,1,1,1,1,1,0,0,20261002,20261212
7837,1,1,1,1,1,0,0,20261002,20261212
7838,1,1,1,1,1,0,0,20261002,20261212
7839,1,1,1,1,1,0,0,20261002,20261212
7840,1,1,1,1,1,0,0,20261002,20261212
7841,1,1,1,1,1,0,0,20261002,20261212
7842,1,1,1,1,1,0,0,20261002,20261212
7843,1,1,1,1,1,0,0,20261002,20261212
7844,1,1,1,1,1,0,0,20261002,20261212
7845,1,1,1,1,1,0,0,20261002,20261212
7846,1,1,1,1,1,0,0,20261002,20261212
7847,1,1,1,1,1,0,0,20261002,20261212
7848,1,1,1,1,1,0,0,20261002,20261212
7849,1,1,1,1,1,0,0,20261002,20261212
7850,1,1,1,1,1,0,0,20261002,20261212
7851,1,1,1,1,1,0,0,20261002,20261212
7852,1,1,1,1,1,0,0,20261002,20261212
7853,1,1,1,1,1,0,0,20261002,20261212
7854,1,1,1,1,1,0,0,20261002,20261212
7855,1,1,1,1,1,0,0,20261002,20261212
7856,1,1,1,1,1,0,0,20261002,20261212
7857,1,1,1,1,1,0,0,20261002,20261212
7858,1,1,1,1,1,0,0,20261002,20261212
7859,1,1,1,1,1,0,0,20261002,20261212
7860,1,1,1,1,1,0,0,20261002,20261212
7861,1,1,1,1,1,0,0,20261002,20261212
7862,1,1,1,1,1,0,0,20261002,20261212
7863,1,1,1,1,1,0,0,20261002,20261212
7864,1,1,1,1,1,0,0,20261002,20261212
7865,1,1,1,1,1,0,0,20261002,20261212
7866,1,1,1,1,1,0,0,20261002,20261212
7867,1,1,1,1,1,0,0,20261002,20261212
7868,1,1,1,1,1,0,0,20261002,20261212
7869,1,1,1,1,1,0,0,20261002,20261212
7870,1,1,1,1,1,0,0,20261002,20261212
7871,1,1,1,1,1,0,0,20261002,20261212
7872,1,1,1,1,1,0,0,20261002,20261212
7873,1,1,1,1,1,0,0,20261002,20261212
7877,0,0,0,0,0,1,1,20261002,20261212
7878,0,0,0,0,0,1,1,20261002,20261212
7879,0,0,0,0,0,1,1,20261002,20261212
7880,0,0,0,0,0,1,1,20261002,20261212
7881,0,0,0,0,0,1,1,20261002,20261212
7882,0,0,0,0,0,1,0,20261002,20261212
7883,0,0,0,0,0,0,1,20261002,20261212
7884,0,0,0,0,0,1,1,20261002,20261212
7885,0,0,0,0,0,1,1,20261002,20261212
7886,0,0,0,0,0,1,1,20261002,20261212
7887,0,0,0,0,0,1,1,20261002,20261212
7888,1,1,1,1,1,0,0,20261002,20261212
7889,1,1,1,1,1,0,0,20261002,20261212
7890,1,1,1,1,1,0,0,20261002,20261212
7891,1,1,1,1,1,0,0,20261002,20261212
7892,1,1,1,1,1,0,0,20261002,20261212
7893,1,1,1,1,1,0,0,20261002,20261212
7894,1,1,1,1,1,0,0,20261002,20261212
7895,1,1,1,1,1,0,0,20261002,20261212
7896,1,1,1,1,1,0,0,20261002,20261212
7897,1,1,1,1,1,0,0,20261002,20261212
7898,1,1,1,1,1,0,0,20261002,20261212
7899,1,1,1,1,1,0,0,20261002,20261212
7900,1,1,1,1,1,0,0,20261002,20261212
7901,1,1,1,1,1,0,0,20261002,20261212
7902,1,1,1,1,1,0,0,20261002,20261212
7903,1,1,1,1,1,0,0,20261002,20261212
11978,0,0,0,0,0,1,0,20261003,20261003
15616,0,0,0,0,0,1,1,20261003,20261031
7251,1,1,1,1,1,0,0,20261003,20261031
13530,1,1,1,1,1,0,0,20261003,20261031
14654,1,1,1,1,1,0,0,20261003,20261031
14655,1,1,1,1,1,0,0,20261003,20261031
7252,1,1,1,1,1,0,0,20261003,20261031
6882,0,0,0,0,0,1,1,20261003,20261031
14656,1,1,1,1,1,0,0,20261003,20261031
6881,0,0,0,0,0,1,1,20261003,20261031
6880,0,0,0,0,0,1,1,20261003,20261031
14657,1,1,1,1,1,0,0,20261003,20261031
7253,1,1,1,1,1,0,0,20261003,20261031
14658,1,1,1,1,1,0,0,20261003,20261031
13529,1,1,1,1,1,0,0,20261003,20261031
7254,1,1,1,1,1,0,0,20261003,20261031
6435,1,1,1,1,1,0,0,20261003,20261031
6436,1,1,1,1,1,0,0,20261003,20261031
6437,1,1,1,1,1,0,0,20261003,20261031
6438,1,1,1,1,1,0,0,20261003,20261031
6439,1,1,1,1,1,0,0,20261003,20261031
6440,1,1,1,1,1,0,0,20261003,20261031
6441,1,1,1,1,1,0,0,20261003,20261031
6442,1,1,1,1,1,0,0,20261003,20261031
6443,1,1,1,1,1,0,0,20261003,20261031
6444,1,1,1,1,1,0,0,20261003,20261031
6445,1,1,1,1,1,0,0,20261003,20261031
6446,1,1,1,1,1,0,0,20261003,20261031
6447,1,1,1,1,1,0,0,20261003,20261031
6448,1,1,1,1,1,0,0,20261003,20261031
6449,1,1,1,1,1,0,0,20261003,20261031
6450,1,1,1,1,1,0,0,20261003,20261031
6451,1,1,1,1,1,0,0,20261003,20261031
6452,1,1,1,1,1,0,0,20261003,20261031
6453,1,1,1,1,1,0,0,20261003,20261031
6454,1,1,1,1,1,0,0,20261003,20261031
6455,1,1,1,1,1,0,0,20261003,20261031
6456,1,1,1,1,1,0,0,20261003,20261031
6457,1,1,1,1,1,0,0,20261003,20261031
6458,1,1,1,1,1,0,0,20261003,20261031
6459,1,1,1,1,1,0,0,20261003,20261031
6460,1,1,1,1,1,0,0,20261003,20261031
6461,1,1,1,1,1,0,0,20261003,20261031
6462,1,1,1,1,1,0,0,20261003,20261031
14659,1,1,1,1,1,0,0,20261003,20261031
13528,1,1,1,1,1,0,0,20261003,20261031
6465,0,0,0,0,0,1,1,20261003,20261031
6466,0,0,0,0,0,1,1,20261003,20261031
6467,0,0,0,0,0,1,1,20261003,20261031
6468,0,0,0,0,0,1,1,20261003,20261031
6469,0,0,0,0,0,1,1,20261003,20261031
6470,0,0,0,0,0,1,1,20261003,20261031
6471,0,0,0,0,0,1,1,20261003,20261031
6472,0,0,0,0,0,1,1,20261003,20261031
6473,0,0,0,0,0,1,1,20261003,20261031
6474,0,0,0,0,0,1,1,20261003,20261031
6475,0,0,0,0,0,1,1,20261003,20261031
6476,0,0,0,0,0,1,1,20261003,20261031
6477,0,0,0,0,0,1,1,20261003,20261031
6478,0,0,0,0,0,1,1,20261003,20261031
7255,1,1,1,1,1,0,0,20261003,20261031
7256,1,1,1,1,1,0,0,20261003,20261031
7961,1,1,1,1,1,0,0,20261003,20261031
7962,1,1,1,1,1,0,0,20261003,20261031
7963,1,1,1,1,1,0,0,20261003,20261031
7964,1,1,1,1,1,0,0,20261003,20261031
7965,1,1,1,1,1,0,0,20261003,20261031
7966,1,1,1,1,1,0,0,20261003,20261031
7967,1,1,1,1,1,0,0,20261003,20261031
7968,1,1,1,1,1,0,0,20261003,20261031
7969,1,1,1,1,1,0,0,20261003,20261031
7970,1,1,1,1,1,0,0,20261003,20261031
7971,1,1,1,1,1,0,0,20261003,20261031
7972,1,1,1,1,1,0,0,20261003,20261031
7973,1,1,1,1,1,0,0,20261003,20261031
7974,1,1,1,1,1,0,0,20261003,20261031
7975,1,1,1,1,1,0,0,20261003,20261031
7976,1,1,1,1,1,0,0,20261003,20261031
7977,1,1,1,1,1,0,0,20261003,20261031
7978,1,1,1,1,1,0,0,20261003,20261031
7979,1,1,1,1,1,0,0,20261003,20261031
7980,1,1,1,1,1,0,0,20261003,20261031
7981,1,1,1,1,1,0,0,20261003,20261031
7982,1,1,1,1,1,0,0,20261003,20261031
7983,1,1,1,1,1,0,0,20261003,20261031
7984,1,1,1,1,1,0,0,20261003,20261031
7985,1,1,1,1,1,0,0,20261003,20261031
7986,1,1,1,1,1,0,0,20261003,20261031
7987,1,1,1,1,1,0,0,20261003,20261031
7257,1,1,1,1,1,0,0,20261003,20261031
7989,0,0,0,0,0,1,0,20261003,20261031
7990,0,0,0,0,0,0,1,20261003,20261031
7991,0,0,0,0,0,1,1,20261003,20261031
7992,0,0,0,0,0,1,1,20261003,20261031
7258,1,1,1,1,1,0,0,20261003,20261031
7259,1,1,1,1,1,0,0,20261003,20261031
7260,1,1,1,1,1,0,0,20261003,20261031
6878,1,1,1,1,1,0,0,20261003,20261031
6877,1,1,1,1,1,0,0,20261003,20261031
7261,1,1,1,1,1,0,0,20261003,20261031
7262,1,1,1,1,1,0,0,20261003,20261031
13527,1,1,1,1,1,0,0,20261003,20261031
13526,1,1,1,1,1,0,0,20261003,20261031
7263,1,1,1,1,1,0,0,20261003,20261031
7264,1,1,1,1,1,0,0,20261003,20261031
7265,1,1,1,1,1,0,0,20261003,20261031
7266,1,1,1,1,1,0,0,20261003,20261031
6876,1,1,1,1,1,0,0,20261003,20261031
13525,1,1,1,1,1,0,0,20261003,20261031
6875,1,1,1,1,1,0,0,20261003,20261031
7267,1,1,1,1,1,0,0,20261003,20261031
14662,0,0,0,0,0,1,1,20261003,20261031
14663,0,0,0,0,1,0,0,20261003,20261031
6874,1,1,1,1,1,0,0,20261003,20261031
14664,0,0,0,0,1,0,0,20261003,20261031
7268,1,1,1,1,1,0,0,20261003,20261031
13524,1,1,1,1,1,0,0,20261003,20261031
6873,1,1,1,1,1,0,0,20261003,20261031
7269,1,1,1,1,1,0,0,20261003,20261031
6872,1,1,1,1,1,0,0,20261003,20261031
13407,1,1,1,1,1,0,0,20261003,20261031
13408,1,1,1,1,1,0,0,20261003,20261031
13409,1,1,1,1,1,0,0,20261003,20261031
13410,1,1,1,1,1,0,0,20261003,20261031
13523,1,1,1,1,1,0,0,20261003,20261031
7270,1,1,1,1,1,0,0,20261003,20261031
14660,1,1,1,1,1,0,0,20261003,20261031
13411,1,1,1,1,1,0,0,20261003,20261031
13412,0,0,0,0,0,1,0,20261003,20261031
13413,0,0,0,0,0,1,0,20261003,20261031
13414,0,0,0,0,0,0,1,20261003,20261031
7271,1,1,1,1,1,0,0,20261003,20261031
13522,1,1,1,1,1,0,0,20261003,20261031
6889,0,0,0,0,0,1,1,20261003,20261031
7272,1,1,1,1,1,0,0,20261003,20261031
7273,1,1,1,1,1,0,0,20261003,20261031
13521,1,1,1,1,1,0,0,20261003,20261031
7274,1,1,1,1,1,0,0,20261003,20261031
7275,1,1,1,1,1,0,0,20261003,20261031
7276,1,1,1,1,1,0,0,20261003,20261031
7277,1,1,1,1,1,0,0,20261003,20261031
7278,1,1,1,1,1,0,0,20261003,20261031
7279,1,1,1,1,1,0,0,20261003,20261031
6871,1,1,1,1,1,0,0,20261003,20261031
7280,1,1,1,1,1,0,0,20261003,20261031
7281,1,1,1,1,1,0,0,20261003,20261031
7282,1,1,1,1,1,0,0,20261003,20261031
7283,1,1,1,1,1,0,0,20261003,20261031
7284,1,1,1,1,1,0,0,20261003,20261031
7285,1,1,1,1,1,0,0,20261003,20261031
7286,1,1,1,1,1,0,0,20261003,20261031
6870,1,1,1,1,1,0,0,20261003,20261031
7289,0,0,0,0,0,1,1,20261003,20261031
13488,1,1,1,1,1,0,0,20261003,20261031
13487,1,1,1,1,1,0,0,20261003,20261031
6869,1,1,1,1,1,0,0,20261003,20261031
13486,1,1,1,1,1,0,0,20261003,20261031
7737,1,1,1,1,1,0,0,20261003,20261031
7738,1,1,1,1,1,0,0,20261003,20261031
15658,0,0,0,0,0,1,1,20261003,20261031
15657,0,0,0,0,0,1,1,20261003,20261031
15656,0,0,0,0,0,1,1,20261003,20261031
7739,1,1,1,1,1,0,0,20261003,20261031
15655,0,0,0,0,0,1,1,20261003,20261031
15654,0,0,0,0,0,1,1,20261003,20261031
15653,0,0,0,0,0,1,1,20261003,20261031
15652,0,0,0,0,0,1,1,20261003,20261031
7740,1,1,1,1,1,0,0,20261003,20261031
7741,1,1,1,1,1,0,0,20261003,20261031
7742,1,1,1,1,1,0,0,20261003,20261031
7743,1,1,1,1,1,0,0,20261003,20261031
7744,1,1,1,1,1,0,0,20261003,20261031
7745,1,1,1,1,1,0,0,20261003,20261031
7746,1,1,1,1,1,0,0,20261003,20261031
7747,1,1,1,1,1,0,0,20261003,20261031
7748,1,1,1,1,1,0,0,20261003,20261031
7749,1,1,1,1,1,0,0,20261003,20261031
7750,1,1,1,1,1,0,0,20261003,20261031
7751,1,1,1,1,1,0,0,20261003,20261031
7752,1,1,1,1,1,0,0,20261003,20261031
7753,1,1,1,1,1,0,0,20261003,20261031
15651,0,0,0,0,0,1,1,20261003,20261031
6888,0,0,0,0,0,1,1,20261003,20261031
7754,1,1,1,1,1,0,0,20261003,20261031
6887,0,0,0,0,0,1,1,20261003,20261031
7755,1,1,1,1,1,0,0,20261003,20261031
7756,1,1,1,1,1,0,0,20261003,20261031
7757,1,1,1,1,1,0,0,20261003,20261031
6701,1,1,1,1,1,0,0,20261003,20261031
6702,1,1,1,1,1,0,0,20261003,20261031
6703,1,1,1,1,1,0,0,20261003,20261031
6704,1,1,1,1,1,0,0,20261003,20261031
6705,1,1,1,1,1,0,0,20261003,20261031
6706,1,1,1,1,1,0,0,20261003,20261031
6707,1,1,1,1,1,0,0,20261003,20261031
6708,1,1,1,1,1,0,0,20261003,20261031
6709,1,1,1,1,1,0,0,20261003,20261031
6710,1,1,1,1,1,0,0,20261003,20261031
6711,1,1,1,1,1,0,0,20261003,20261031
6712,1,1,1,1,1,0,0,20261003,20261031
6713,1,1,1,1,1,0,0,20261003,20261031
6714,1,1,1,1,1,0,0,20261003,20261031
6715,1,1,1,1,1,0,0,20261003,20261031
6716,1,1,1,1,1,0,0,20261003,20261031
6717,1,1,1,1,1,0,0,20261003,20261031
6718,1,1,1,1,1,0,0,20261003,20261031
6719,1,1,1,1,1,0,0,20261003,20261031
6720,1,1,1,1,1,0,0,20261003,20261031
6721,1,1,1,1,1,0,0,20261003,20261031
6722,1,1,1,1,1,0,0,20261003,20261031
6723,1,1,1,1,1,0,0,20261003,20261031
6724,1,1,1,1,1,0,0,20261003,20261031
6725,1,1,1,1,1,0,0,20261003,20261031
6726,1,1,1,1,1,0,0,20261003,20261031
6727,1,1,1,1,1,0,0,20261003,20261031
6728,1,1,1,1,1,0,0,20261003,20261031
6729,1,1,1,1,1,0,0,20261003,20261031
6730,1,1,1,1,1,0,0,20261003,20261031
6731,1,1,1,1,1,0,0,20261003,20261031
6732,1,1,1,1,1,0,0,20261003,20261031
6733,1,1,1,1,1,0,0,20261003,20261031
6734,1,1,1,1,1,0,0,20261003,20261031
6735,1,1,1,1,1,0,0,20261003,20261031
6736,1,1,1,1,1,0,0,20261003,20261031
6737,1,1,1,1,1,0,0,20261003,20261031
6738,1,1,1,1,1,0,0,20261003,20261031
6739,1,1,1,1,1,0,0,20261003,20261031
6740,1,1,1,1,1,0,0,20261003,20261031
6741,1,1,1,1,1,0,0,20261003,20261031
6742,1,1,1,1,1,0,0,20261003,20261031
6743,1,1,1,1,1,0,0,20261003,20261031
6744,1,1,1,1,1,0,0,20261003,20261031
6745,1,1,1,1,1,0,0,20261003,20261031
6746,1,1,1,1,1,0,0,20261003,20261031
6747,1,1,1,1,1,0,0,20261003,20261031
7758,1,1,1,1,1,0,0,20261003,20261031
7759,1,1,1,1,1,0,0,20261003,20261031
6750,0,0,0,0,0,1,1,20261003,20261031
6751,0,0,0,0,0,1,1,20261003,20261031
6752,0,0,0,0,0,1,1,20261003,20261031
6753,0,0,0,0,0,1,1,20261003,20261031
6754,0,0,0,0,0,1,1,20261003,20261031
6755,0,0,0,0,0,1,1,20261003,20261031
6756,0,0,0,0,0,1,1,20261003,20261031
6757,0,0,0,0,0,1,1,20261003,20261031
6758,0,0,0,0,0,1,0,20261003,20261031
6759,0,0,0,0,0,1,0,20261003,20261031
7760,1,1,1,1,1,0,0,20261003,20261031
7761,1,1,1,1,1,0,0,20261003,20261031
7762,0,0,0,0,0,0,1,20261003,20261031
7763,0,0,0,0,0,0,1,20261003,20261031
7764,0,0,0,0,0,0,1,20261003,20261031
6886,0,0,0,0,0,1,1,20261003,20261031
7765,0,0,0,0,0,0,1,20261003,20261031
15650,0,0,0,0,0,1,1,20261003,20261031
15649,0,0,0,0,0,1,1,20261003,20261031
15648,0,0,0,0,0,1,1,20261003,20261031
6868,1,1,1,1,1,0,0,20261003,20261031
15647,0,0,0,0,0,1,1,20261003,20261031
15646,0,0,0,0,0,1,1,20261003,20261031
6867,1,1,1,1,1,0,0,20261003,20261031
15645,0,0,0,0,0,1,1,20261003,20261031
6866,1,1,1,1,1,0,0,20261003,20261031
6865,1,1,1,1,1,0,0,20261003,20261031
6864,1,1,1,1,1,0,0,20261003,20261031
6863,1,1,1,1,1,0,0,20261003,20261031
6862,1,1,1,1,1,0,0,20261003,20261031
15644,0,0,0,0,0,1,1,20261003,20261031
15643,0,0,0,0,0,1,1,20261003,20261031
15642,0,0,0,0,0,1,1,20261003,20261031
15641,0,0,0,0,0,1,1,20261003,20261031
6885,0,0,0,0,0,1,1,20261003,20261031
14286,0,0,0,0,0,0,1,20261003,20261031
14285,0,0,0,0,0,1,0,20261003,20261031
14284,0,0,0,0,0,1,0,20261003,20261031
7290,0,0,0,0,0,1,1,20261003,20261031
6860,1,1,1,1,1,0,0,20261003,20261031
6884,0,0,0,0,0,1,1,20261003,20261031
7291,0,0,0,0,0,1,1,20261003,20261031
6859,1,1,1,1,1,0,0,20261003,20261031
6858,1,1,1,1,1,0,0,20261003,20261031
7292,0,0,0,0,0,1,1,20261003,20261031
7293,0,0,0,0,0,1,1,20261003,20261031
7294,0,0,0,0,0,1,1,20261003,20261031
7295,0,0,0,0,0,1,1,20261003,20261031
7296,0,0,0,0,0,1,1,20261003,20261031
13549,1,1,1,1,1,0,0,20261003,20261031
7297,0,0,0,0,0,1,1,20261003,20261031
8224,1,1,1,1,1,0,0,20261003,20261031
8225,1,1,1,1,1,0,0,20261003,20261031
8226,1,1,1,1,1,0,0,20261003,20261031
8227,1,1,1,1,1,0,0,20261003,20261031
8228,1,1,1,1,1,0,0,20261003,20261031
8229,1,1,1,1,1,0,0,20261003,20261031
8230,1,1,1,1,1,0,0,20261003,20261031
8231,1,1,1,1,1,0,0,20261003,20261031
8232,1,1,1,1,1,0,0,20261003,20261031
8233,1,1,1,1,1,0,0,20261003,20261031
8234,1,1,1,1,1,0,0,20261003,20261031
8235,1,1,1,1,1,0,0,20261003,20261031
8236,1,1,1,1,1,0,0,20261003,20261031
8237,1,1,1,1,1,0,0,20261003,20261031
8238,1,1,1,1,1,0,0,20261003,20261031
8239,1,1,1,1,1,0,0,20261003,20261031
8240,1,1,1,1,1,0,0,20261003,20261031
8241,1,1,1,1,1,0,0,20261003,20261031
8242,1,1,1,1,1,0,0,20261003,20261031
8243,1,1,1,1,1,0,0,20261003,20261031
8244,1,1,1,1,1,0,0,20261003,20261031
8245,1,1,1,1,1,0,0,20261003,20261031
8246,1,1,1,1,1,0,0,20261003,20261031
8247,1,1,1,1,1,0,0,20261003,20261031
8248,1,1,1,1,1,0,0,20261003,20261031
8249,1,1,1,1,1,0,0,20261003,20261031
8250,1,1,1,1,1,0,0,20261003,20261031
6857,1,1,1,1,1,0,0,20261003,20261031
8251,1,1,1,1,1,0,0,20261003,20261031
8252,1,1,1,1,1,0,0,20261003,20261031
8253,1,1,1,1,1,0,0,20261003,20261031
8254,1,1,1,1,1,0,0,20261003,20261031
8255,1,1,1,1,1,0,0,20261003,20261031
8256,1,1,1,1,1,0,0,20261003,20261031
8257,1,1,1,1,1,0,0,20261003,20261031
8258,1,1,1,1,1,0,0,20261003,20261031
8259,1,1,1,1,1,0,0,20261003,20261031
8260,1,1,1,1,1,0,0,20261003,20261031
8261,1,1,1,1,1,0,0,20261003,20261031
8262,1,1,1,1,1,0,0,20261003,20261031
6856,1,1,1,1,1,0,0,20261003,20261031
8263,1,1,1,1,1,0,0,20261003,20261031
8264,1,1,1,1,1,0,0,20261003,20261031
8265,1,1,1,1,1,0,0,20261003,20261031
8266,1,1,1,1,1,0,0,20261003,20261031
8267,1,1,1,1,1,0,0,20261003,20261031
8268,1,1,1,1,1,0,0,20261003,20261031
8269,1,1,1,1,1,0,0,20261003,20261031
8270,1,1,1,1,1,0,0,20261003,20261031
13548,1,1,1,1,1,0,0,20261003,20261031
6855,1,1,1,1,1,0,0,20261003,20261031
8273,0,0,0,0,0,1,1,20261003,20261031
8274,0,0,0,0,0,1,1,20261003,20261031
8275,0,0,0,0,0,1,1,20261003,20261031
8276,0,0,0,0,0,1,1,20261003,20261031
8277,0,0,0,0,0,1,1,20261003,20261031
8278,0,0,0,0,0,1,1,20261003,20261031
8279,0,0,0,0,0,1,1,20261003,20261031
8280,0,0,0,0,0,1,1,20261003,20261031
8281,0,0,0,0,0,1,1,20261003,20261031
6854,1,1,1,1,1,0,0,20261003,20261031
8282,0,0,0,0,0,1,1,20261003,20261031
8283,0,0,0,0,0,1,1,20261003,20261031
8284,0,0,0,0,0,1,1,20261003,20261031
8285,0,0,0,0,0,1,1,20261003,20261031
8286,0,0,0,0,0,1,1,20261003,20261031
8287,0,0,0,0,0,1,1,20261003,20261031
15640,0,0,0,0,0,1,1,20261003,20261031
6853,1,1,1,1,1,0,0,20261003,20261031
15639,0,0,0,0,0,1,1,20261003,20261031
15638,0,0,0,0,0,1,1,20261003,20261031
15637,0,0,0,0,0,1,1,20261003,20261031
15636,0,0,0,0,0,1,1,20261003,20261031
15635,0,0,0,0,0,1,1,20261003,20261031
15634,0,0,0,0,0,1,1,20261003,20261031
15633,0,0,0,0,0,1,1,20261003,20261031
15632,0,0,0,0,0,1,1,20261003,20261031
15631,0,0,0,0,0,1,1,20261003,20261031
15630,0,0,0,0,0,1,1,20261003,20261031
15629,0,0,0,0,0,1,1,20261003,20261031
15628,0,0,0,0,0,1,1,20261003,20261031
15627,0,0,0,0,0,1,1,20261003,20261031
15626,0,0,0,0,0,1,1,20261003,20261031
14661,0,0,0,0,0,1,1,20261003,20261031
15625,0,0,0,0,0,1,1,20261003,20261031
15624,0,0,0,0,0,1,1,20261003,20261031
15623,0,0,0,0,0,1,1,20261003,20261031
15622,0,0,0,0,0,1,1,20261003,20261031
15621,0,0,0,0,0,1,1,20261003,20261031
15620,0,0,0,0,0,1,1,20261003,20261031
15619,0,0,0,0,0,1,1,20261003,20261031
15618,0,0,0,0,0,1,1,20261003,20261031
15617,0,0,0,0,0,1,1,20261003,20261031
6861,1,1,1,1,1,0,0,20261003,20261031
15615,0,0,0,0,0,1,1,20261003,20261031
15614,0,0,0,0,0,1,1,20261003,20261031
15613,0,0,0,0,0,1,1,20261003,20261031
15612,0,0,0,0,0,1,1,20261003,20261031
15611,0,0,0,0,0,1,1,20261003,20261031
15610,0,0,0,0,0,1,0,20261003,20261031
15609,0,0,0,0,0,1,0,20261003,20261031
15608,1,1,1,1,1,0,0,20261003,20261031
15607,1,1,1,1,1,0,0,20261003,20261031
15606,1,1,1,1,1,0,0,20261003,20261031
15605,1,1,1,1,1,0,0,20261003,20261031
15604,1,1,1,1,1,0,0,20261003,20261031
15603,1,1,1,1,1,0,0,20261003,20261031
15602,1,1,1,1,1,0,0,20261003,20261031
15601,1,1,1,1,1,0,0,20261003,20261031
15600,1,1,1,1,1,0,0,20261003,20261031
15599,1,1,1,1,1,0,0,20261003,20261031
15598,1,1,1,1,1,0,0,20261003,20261031
15597,1,1,1,1,1,0,0,20261003,20261031
15596,1,1,1,1,1,0,0,20261003,20261031
15595,1,1,1,1,1,0,0,20261003,20261031
15594,1,1,1,1,1,0,0,20261003,20261031
7298,0,0,0,0,0,1,1,20261003,20261031
15593,1,1,1,1,1,0,0,20261003,20261031
15592,1,1,1,1,1,0,0,20261003,20261031
15591,1,1,1,1,1,0,0,20261003,20261031
15590,1,1,1,1,1,0,0,20261003,20261031
15589,1,1,1,1,1,0,0,20261003,20261031
15588,1,1,1,1,1,0,0,20261003,20261031
15587,1,1,1,1,1,0,0,20261003,20261031
15586,1,1,1,1,1,0,0,20261003,20261031
15585,1,1,1,1,1,0,0,20261003,20261031
15584,1,1,1,1,1,0,0,20261003,20261031
15583,1,1,1,1,1,0,0,20261003,20261031
15582,1,1,1,1,1,0,0,20261003,20261031
15581,1,1,1,1,1,0,0,20261003,20261031
7299,0,0,0,0,0,1,1,20261003,20261031
13902,1,1,1,1,1,0,0,20261003,20261031
13903,1,1,1,1,1,0,0,20261003,20261031
13904,0,0,0,0,0,1,1,20261003,20261031
13905,0,0,0,0,0,1,1,20261003,20261031
13906,0,0,0,0,0,0,1,20261003,20261031
13907,0,0,0,0,0,0,1,20261003,20261031
13908,0,0,0,0,0,1,1,20261003,20261031
13909,0,0,0,0,0,1,1,20261003,20261031
13910,0,0,0,0,0,1,1,20261003,20261031
13911,0,0,0,0,0,1,1,20261003,20261031
15580,1,1,1,1,1,0,0,20261003,20261031
15579,1,1,1,1,1,0,0,20261003,20261031
15578,1,1,1,1,1,0,0,20261003,20261031
15577,1,1,1,1,1,0,0,20261003,20261031
15576,1,1,1,1,1,0,0,20261003,20261031
7300,0,0,0,0,0,1,1,20261003,20261031
13485,1,1,1,1,1,0,0,20261003,20261031
15575,1,1,1,1,1,0,0,20261003,20261031
15574,1,1,1,1,1,0,0,20261003,20261031
15573,1,1,1,1,1,0,0,20261003,20261031
15572,1,1,1,1,1,0,0,20261003,20261031
15571,1,1,1,1,1,0,0,20261003,20261031
13484,1,1,1,1,1,0,0,20261003,20261031
7301,0,0,0,0,0,1,1,20261003,20261031
13483,1,1,1,1,1,0,0,20261003,20261031
13482,1,1,1,1,1,0,0,20261003,20261031
13481,1,1,1,1,1,0,0,20261003,20261031
15539,1,1,1,1,1,0,0,20261003,20261031
15540,1,1,1,1,1,0,0,20261003,20261031
15541,1,1,1,1,1,0,0,20261003,20261031
15542,1,1,1,1,1,0,0,20261003,20261031
15543,1,1,1,1,1,0,0,20261003,20261031
15544,1,1,1,1,1,0,0,20261003,20261031
15545,1,1,1,1,1,0,0,20261003,20261031
13480,1,1,1,1,1,0,0,20261003,20261031
15570,1,1,1,1,1,0,0,20261003,20261031
15546,1,1,1,1,1,0,0,20261003,20261031
13479,1,1,1,1,1,0,0,20261003,20261031
15547,1,1,1,1,1,0,0,20261003,20261031
13547,1,1,1,1,1,0,0,20261003,20261031
7302,0,0,0,0,0,1,1,20261003,20261031
15548,1,1,1,1,1,0,0,20261003,20261031
15549,1,1,1,1,1,0,0,20261003,20261031
15550,1,1,1,1,1,0,0,20261003,20261031
15551,1,1,1,1,1,0,0,20261003,20261031
13478,1,1,1,1,1,0,0,20261003,20261031
15552,1,1,1,1,1,0,0,20261003,20261031
13550,1,1,1,1,1,0,0,20261003,20261031
14644,1,1,1,1,1,0,0,20261003,20261031
14645,1,1,1,1,1,0,0,20261003,20261031
13546,1,1,1,1,1,0,0,20261003,20261031
14646,1,1,1,1,1,0,0,20261003,20261031
14647,1,1,1,1,1,0,0,20261003,20261031
14648,1,1,1,1,1,0,0,20261003,20261031
14649,1,1,1,1,1,0,0,20261003,20261031
14650,1,1,1,1,1,0,0,20261003,20261031
7247,1,1,1,1,1,0,0,20261003,20261031
7248,1,1,1,1,1,0,0,20261003,20261031
6883,0,0,0,0,0,1,1,20261003,20261031
14651,1,1,1,1,1,0,0,20261003,20261031
14652,1,1,1,1,1,0,0,20261003,20261031
15553,1,1,1,1,1,0,0,20261003,20261031
15554,1,1,1,1,1,0,0,20261003,20261031
15555,1,1,1,1,1,0,0,20261003,20261031
15556,1,1,1,1,1,0,0,20261003,20261031
15557,1,1,1,1,1,0,0,20261003,20261031
15558,1,1,1,1,1,0,0,20261003,20261031
15559,1,1,1,1,1,0,0,20261003,20261031
15560,1,1,1,1,1,0,0,20261003,20261031
15561,1,1,1,1,1,0,0,20261003,20261031
15562,1,1,1,1,1,0,0,20261003,20261031
15563,1,1,1,1,1,0,0,20261003,20261031
15564,1,1,1,1,1,0,0,20261003,20261031
15565,1,1,1,1,1,0,0,20261003,20261031
15566,1,1,1,1,1,0,0,20261003,20261031
15567,1,1,1,1,1,0,0,20261003,20261031
15568,1,1,1,1,1,0,0,20261003,20261031
15569,1,1,1,1,1,0,0,20261003,20261031
7249,1,1,1,1,1,0,0,20261003,20261031
7250,1,1,1,1,1,0,0,20261003,20261031
14653,1,1,1,1,1,0,0,20261003,20261031
17600,0,0,0,0,0,1,0,20261004,20261212
12119,1,1,1,1,1,0,0,20261005,20261007
12118,1,1,1,1,1,0,0,20261005,20261007
12197,1,1,1,1,1,0,0,20261005,20261007
12117,1,1,1,1,1,0,0,20261005,20261007
12116,1,1,1,1,1,0,0,20261005,20261007
12198,1,1,1,1,1,0,0,20261005,20261007
12120,1,1,1,1,1,0,0,20261005,20261007
12203,1,1,1,1,1,0,0,20261005,20261007
12113,1,1,1,1,1,0,0,20261005,20261007
12112,1,1,1,1,1,0,0,20261005,20261007
12111,1,1,1,1,1,0,0,20261005,20261007
12110,1,1,1,1,1,0,0,20261005,20261007
12202,1,1,1,1,1,0,0,20261005,20261007
12109,1,1,1,1,1,0,0,20261005,20261007
12108,1,1,1,1,1,0,0,20261005,20261007
12107,1,1,1,1,1,0,0,20261005,20261007
12106,1,1,1,1,1,0,0,20261005,20261007
12105,1,1,1,1,1,0,0,20261005,20261007
12104,1,1,1,1,1,0,0,20261005,20261007
12103,1,1,1,1,1,0,0,20261005,20261007
12102,1,1,1,1,1,0,0,20261005,20261007
12101,1,1,1,1,1,0,0,20261005,20261007
12100,1,1,1,1,1,0,0,20261005,20261007
12186,1,1,1,1,1,0,0,20261005,20261007
12187,1,1,1,1,1,0,0,20261005,20261007
12124,1,1,1,1,1,0,0,20261005,20261007
12188,1,1,1,1,1,0,0,20261005,20261007
12189,1,1,1,1,1,0,0,20261005,20261007
12123,1,1,1,1,1,0,0,20261005,20261007
12190,1,1,1,1,1,0,0,20261005,20261007
12122,1,1,1,1,1,0,0,20261005,20261007
12191,1,1,1,1,1,0,0,20261005,20261007
12192,1,1,1,1,1,0,0,20261005,20261007
12121,1,1,1,1,1,0,0,20261005,20261007
12193,1,1,1,1,1,0,0,20261005,20261007
12194,1,1,1,1,1,0,0,20261005,20261007
12195,1,1,1,1,1,0,0,20261005,20261007
12196,1,1,1,1,1,0,0,20261005,20261007
12115,1,1,1,1,1,0,0,20261005,20261007
12199,1,1,1,1,1,0,0,20261005,20261007
12114,1,1,1,1,1,0,0,20261005,20261007
12200,1,1,1,1,1,0,0,20261005,20261007
12201,1,1,1,1,1,0,0,20261005,20261007
13395,1,1,1,1,0,0,0,20261005,20261008
17584,1,1,1,1,0,0,0,20261005,20261008
15806,1,1,1,1,0,0,0,20261005,20261008
17563,1,1,1,1,0,0,0,20261005,20261008
15809,1,1,1,1,0,0,0,20261005,20261008
17566,1,1,1,1,0,0,0,20261005,20261008
17572,1,1,1,1,0,0,0,20261005,20261008
17560,1,1,1,1,0,0,0,20261005,20261008
17594,1,1,1,1,0,0,0,20261005,20261008
17591,1,1,1,1,0,0,0,20261005,20261008
17569,1,1,1,1,0,0,0,20261005,20261008
17581,1,1,1,1,0,0,0,20261005,20261008
17587,1,1,1,1,0,0,0,20261005,20261008
17536,1,1,1,1,1,0,0,20261005,20261009
17551,1,1,1,1,1,0,0,20261005,20261009
17545,1,1,1,1,1,0,0,20261005,20261009
17539,1,1,1,1,1,0,0,20261005,20261009
17554,1,1,1,1,1,0,0,20261005,20261009
17533,1,1,1,1,1,0,0,20261005,20261009
17578,1,1,1,1,1,0,0,20261005,20261009
17524,1,1,1,1,1,0,0,20261005,20261009
17518,1,1,1,1,1,0,0,20261005,20261009
17521,1,1,1,1,1,0,0,20261005,20261009
17515,1,1,1,1,1,0,0,20261005,20261009
17530,1,1,1,1,1,0,0,20261005,20261009
17557,1,1,1,1,1,0,0,20261005,20261009
17542,1,1,1,1,1,0,0,20261005,20261009
17548,1,1,1,1,1,0,0,20261005,20261009
17527,1,1,1,1,1,0,0,20261005,20261009
17405,1,1,1,1,1,1,1,20261005,20261019
17602,0,0,0,0,0,0,1,20261005,20261206
17342,1,1,1,1,1,0,0,20261005,20261212
17362,0,0,0,0,0,1,1,20261005,20261212
17325,1,1,1,1,1,0,0,20261005,20261212
17360,0,0,0,0,0,1,1,20261005,20261212
17359,0,0,0,0,0,1,1,20261005,20261212
17358,0,0,0,0,0,1,1,20261005,20261212
17357,0,0,0,0,0,1,1,20261005,20261212
17356,0,0,0,0,0,1,1,20261005,20261212
17355,0,0,0,0,0,1,1,20261005,20261212
17344,1,1,1,1,1,0,0,20261005,20261212
17343,1,1,1,1,1,0,0,20261005,20261212
17369,0,0,0,0,0,1,1,20261005,20261212
17366,0,0,0,0,0,1,1,20261005,20261212
17327,1,1,1,1,1,0,0,20261005,20261212
17340,1,1,1,1,1,0,0,20261005,20261212
17335,1,1,1,1,1,0,0,20261005,20261212
17323,1,1,1,1,1,0,0,20261005,20261212
17321,1,1,1,1,1,0,0,20261005,20261212
17345,1,1,1,1,1,0,0,20261005,20261212
17328,1,1,1,1,1,0,0,20261005,20261212
17329,1,1,1,1,1,0,0,20261005,20261212
17330,1,1,1,1,1,0,0,20261005,20261212
17367,0,0,0,0,0,1,1,20261005,20261212
17318,1,1,1,1,1,0,0,20261005,20261212
17341,1,1,1,1,1,0,0,20261005,20261212
17364,0,0,0,0,0,1,1,20261005,20261212
17331,1,1,1,1,1,0,0,20261005,20261212
17322,1,1,1,1,1,0,0,20261005,20261212
17332,1,1,1,1,1,0,0,20261005,20261212
17317,1,1,1,1,1,0,0,20261005,20261212
17316,1,1,1,1,1,0,0,20261005,20261212
17333,1,1,1,1,1,0,0,20261005,20261212
17371,0,0,0,0,0,1,1,20261005,20261212
17370,0,0,0,0,0,1,1,20261005,20261212
17365,0,0,0,0,0,1,1,20261005,20261212
17319,1,1,1,1,1,0,0,20261005,20261212
17336,1,1,1,1,1,0,0,20261005,20261212
17363,0,0,0,0,0,1,1,20261005,20261212
17339,1,1,1,1,1,0,0,20261005,20261212
17320,1,1,1,1,1,0,0,20261005,20261212
17334,1,1,1,1,1,0,0,20261005,20261212
17346,1,1,1,1,1,0,0,20261005,20261212
17368,0,0,0,0,0,1,1,20261005,20261212
17347,1,1,1,1,1,0,0,20261005,20261212
17348,1,1,1,1,1,0,0,20261005,20261212
17338,1,1,1,1,1,0,0,20261005,20261212
17349,1,1,1,1,1,0,0,20261005,20261212
17350,1,1,1,1,1,0,0,20261005,20261212
17337,1,1,1,1,1,0,0,20261005,20261212
17351,1,1,1,1,1,0,0,20261005,20261212
17352,1,1,1,1,1,0,0,20261005,20261212
17353,1,1,1,1,1,0,0,20261005,20261212
17324,1,1,1,1,1,0,0,20261005,20261212
17354,1,1,1,1,1,0,0,20261005,20261212
17361,0,0,0,0,0,1,1,20261005,20261212
17326,1,1,1,1,1,0,0,20261005,20261212
17498,0,1,1,1,1,0,0,20261006,20261009
17501,0,1,1,1,1,0,0,20261006,20261009
17512,0,1,1,1,1,0,0,20261006,20261009
15812,0,1,1,1,1,0,0,20261006,20261009
17495,0,1,1,1,1,0,0,20261006,20261009
17509,0,1,1,1,1,0,0,20261006,20261009
17575,0,1,1,1,1,0,0,20261006,20261009
17505,0,1,1,1,1,0,0,20261006,20261009
5831,1,1,1,1,1,1,1,20261006,20261212
12136,1,1,1,1,1,0,0,20261008,20261212
12140,1,1,1,1,1,0,0,20261008,20261212
12222,1,1,1,1,1,0,0,20261008,20261212
12139,1,1,1,1,1,0,0,20261008,20261212
12166,0,0,0,0,0,1,1,20261008,20261212
12223,0,0,0,0,0,0,1,20261008,20261212
12224,0,0,0,0,0,0,1,20261008,20261212
12135,1,1,1,1,1,0,0,20261008,20261212
12165,0,0,0,0,0,1,0,20261008,20261212
12146,1,1,1,1,1,0,0,20261008,20261212
12134,1,1,1,1,1,0,0,20261008,20261212
12220,1,1,1,1,1,0,0,20261008,20261212
12163,0,0,0,0,0,1,1,20261008,20261212
12206,1,1,1,1,1,0,0,20261008,20261212
12207,1,1,1,1,1,0,0,20261008,20261212
12213,1,1,1,1,1,0,0,20261008,20261212
12208,1,1,1,1,1,0,0,20261008,20261212
12141,1,1,1,1,1,0,0,20261008,20261212
12214,1,1,1,1,1,0,0,20261008,20261212
12215,1,1,1,1,1,0,0,20261008,20261212
12216,1,1,1,1,1,0,0,20261008,20261212
12209,1,1,1,1,1,0,0,20261008,20261212
12217,1,1,1,1,1,0,0,20261008,20261212
12218,1,1,1,1,1,0,0,20261008,20261212
12145,1,1,1,1,1,0,0,20261008,20261212
12219,1,1,1,1,1,0,0,20261008,20261212
12210,1,1,1,1,1,0,0,20261008,20261212
12211,1,1,1,1,1,0,0,20261008,20261212
12212,1,1,1,1,1,0,0,20261008,20261212
12221,1,1,1,1,1,0,0,20261008,20261212
12164,0,0,0,0,0,1,1,20261008,20261212
12133,1,1,1,1,1,0,0,20261008,20261212
12138,1,1,1,1,1,0,0,20261008,20261212
12160,0,0,0,0,0,1,1,20261008,20261212
12137,1,1,1,1,1,0,0,20261008,20261212
12148,1,1,1,1,1,0,0,20261008,20261212
12159,0,0,0,0,0,1,1,20261008,20261212
12147,1,1,1,1,1,0,0,20261008,20261212
12157,1,1,1,1,1,0,0,20261008,20261212
12156,1,1,1,1,1,0,0,20261008,20261212
12155,1,1,1,1,1,0,0,20261008,20261212
12154,1,1,1,1,1,0,0,20261008,20261212
12153,1,1,1,1,1,0,0,20261008,20261212
12152,1,1,1,1,1,0,0,20261008,20261212
12142,1,1,1,1,1,0,0,20261008,20261212
12161,0,0,0,0,0,1,1,20261008,20261212
12151,1,1,1,1,1,0,0,20261008,20261212
12143,1,1,1,1,1,0,0,20261008,20261212
12150,1,1,1,1,1,0,0,20261008,20261212
12149,1,1,1,1,1,0,0,20261008,20261212
12162,0,0,0,0,0,1,1,20261008,20261212
12144,1,1,1,1,1,0,0,20261008,20261212
17595,1,1,1,1,1,1,1,20261009,20261212
17564,1,1,1,1,1,1,1,20261009,20261212
15810,1,1,1,1,1,1,1,20261009,20261212
17585,1,1,1,1,1,1,1,20261009,20261212
17582,1,1,1,1,1,1,1,20261009,20261212
17570,1,1,1,1,1,1,1,20261009,20261212
17567,1,1,1,1,1,1,1,20261009,20261212
17588,1,1,1,1,1,1,1,20261009,20261212
17561,1,1,1,1,1,1,1,20261009,20261212
15807,1,1,1,1,1,1,1,20261009,20261212
13396,1,1,1,1,1,1,1,20261009,20261212
17592,1,1,1,1,1,1,1,20261009,20261212
17573,1,1,1,1,1,1,1,20261009,20261212
17506,1,1,1,1,1,0,0,20261010,20261211
17576,1,1,1,1,1,0,0,20261010,20261211
17496,1,1,1,1,1,0,0,20261010,20261211
17516,1,1,1,1,1,0,0,20261010,20261211
17513,1,1,1,1,1,0,0,20261010,20261211
17549,1,1,1,1,1,1,1,20261010,20261212
17546,1,1,1,1,1,1,1,20261010,20261212
17543,1,1,1,1,1,1,1,20261010,20261212
17525,1,1,1,1,1,1,1,20261010,20261212
17528,1,1,1,1,1,1,1,20261010,20261212
17540,1,1,1,1,1,1,1,20261010,20261212
17552,1,1,1,1,1,1,1,20261010,20261212
17531,1,1,1,1,1,1,1,20261010,20261212
17522,1,1,1,1,1,1,1,20261010,20261212
17499,1,1,1,1,1,1,1,20261010,20261212
15813,1,1,1,1,1,1,1,20261010,20261212
17555,1,1,1,1,1,1,1,20261010,20261212
17558,1,1,1,1,1,1,1,20261010,20261212
17502,1,1,1,1,1,1,1,20261010,20261212
17579,1,1,1,1,1,1,1,20261010,20261212
17537,1,1,1,1,1,1,1,20261010,20261212
17534,1,1,1,1,1,1,1,20261010,20261212
17507,0,0,0,0,0,1,1,20261010,20261212
17510,1,1,1,1,1,1,1,20261010,20261212
17519,1,1,1,1,1,1,1,20261010,20261212
10510,1,1,1,1,1,0,0,20261012,20261212
10528,1,1,1,1,1,0,0,20261012,20261212
10515,1,1,1,1,1,0,0,20261012,20261212
10513,1,1,1,1,1,0,0,20261012,20261212
10514,1,1,1,1,1,0,0,20261012,20261212
10529,1,1,1,1,1,0,0,20261012,20261212
10525,1,1,1,1,1,0,0,20261012,20261212
10537,0,0,0,0,0,0,1,20261012,20261212
10530,1,1,1,1,1,0,0,20261012,20261212
10522,1,1,1,1,1,0,0,20261012,20261212
10524,1,1,1,1,1,0,0,20261012,20261212
10512,1,1,1,1,1,0,0,20261012,20261212
10536,0,0,0,0,0,0,1,20261012,20261212
10523,1,1,1,1,1,0,0,20261012,20261212
10535,0,0,0,0,0,0,1,20261012,20261212
10521,1,1,1,1,1,0,0,20261012,20261212
10507,1,1,1,1,1,0,0,20261012,20261212
10520,1,1,1,1,1,0,0,20261012,20261212
10534,1,1,1,1,1,0,0,20261012,20261212
10519,1,1,1,1,1,0,0,20261012,20261212
10538,0,0,0,0,0,0,1,20261012,20261212
10540,0,0,0,0,0,0,1,20261012,20261212
10532,1,1,1,1,1,0,0,20261012,20261212
10531,1,1,1,1,1,0,0,20261012,20261212
10526,1,1,1,1,1,0,0,20261012,20261212
10508,1,1,1,1,1,0,0,20261012,20261212
10518,1,1,1,1,1,0,0,20261012,20261212
10509,1,1,1,1,1,0,0,20261012,20261212
10506,1,1,1,1,1,0,0,20261012,20261212
10539,0,0,0,0,0,0,1,20261012,20261212
10517,1,1,1,1,1,0,0,20261012,20261212
10516,1,1,1,1,1,0,0,20261012,20261212
10511,1,1,1,1,1,0,0,20261012,20261212
10527,1,1,1,1,1,0,0,20261012,20261212
10533,1,1,1,1,1,0,0,20261012,20261212
17406,1,1,1,1,1,1,1,20261020,20261212
13269,1,1,1,1,1,0,0,20261029,20261030
3730,1,1,1,1,1,0,0,20261029,20261030
3727,1,1,1,1,1,0,0,20261029,20261030
5081,1,1,1,1,1,0,0,20261029,20261030
3723,1,1,1,1,1,0,0,20261029,20261030
4507,1,1,1,1,1,0,0,20261029,20261030
16539,1,1,1,1,1,0,0,20261029,20261030
13272,1,1,1,1,1,0,0,20261029,20261030
3719,1,1,1,1,1,0,0,20261029,20261030
5085,1,1,1,1,1,0,0,20261029,20261030
13273,1,1,1,1,1,0,0,20261029,20261030
10724,1,1,1,1,1,0,0,20261029,20261030
3713,1,1,1,1,1,0,0,20261029,20261030
16565,1,1,1,1,1,0,0,20261029,20261030
4749,1,1,1,1,1,0,0,20261029,20261030
4750,1,1,1,1,1,0,0,20261029,20261030
3705,1,1,1,1,1,0,0,20261029,20261030
17042,1,1,1,1,1,0,0,20261029,20261030
3703,1,1,1,1,1,0,0,20261029,20261030
13275,1,1,1,1,1,0,0,20261029,20261030
5090,1,1,1,1,1,0,0,20261029,20261030
17041,1,1,1,1,1,0,0,20261029,20261030
4128,1,1,1,1,1,0,0,20261029,20261030
4301,1,1,1,1,1,0,0,20261029,20261030
4469,1,1,1,1,1,0,0,20261029,20261030
3696,1,1,1,1,1,0,0,20261029,20261030
4437,1,1,1,1,1,0,0,20261029,20261030
5095,1,1,1,1,1,0,0,20261029,20261030
324,1,1,1,1,1,0,0,20261029,20261030
13281,1,1,1,1,1,0,0,20261029,20261030
13282,1,1,1,1,1,0,0,20261029,20261030
4125,1,1,1,1,1,0,0,20261029,20261030
4592,1,1,1,1,1,0,0,20261029,20261030
17115,1,1,1,1,1,0,0,20261029,20261030
13285,1,1,1,1,1,0,0,20261029,20261030
3692,1,1,1,1,1,0,0,20261029,20261030
16569,1,1,1,1,1,0,0,20261029,20261030
5098,1,1,1,1,1,0,0,20261029,20261030
1357,1,1,1,1,1,0,0,20261029,20261030
4120,1,1,1,1,1,0,0,20261029,20261030
3688,1,1,1,1,1,0,0,20261029,20261030
13289,1,1,1,1,1,0,0,20261029,20261030
1355,1,1,1,1,1,0,0,20261029,20261030
4755,1,1,1,1,1,0,0,20261029,20261030
1874,1,1,1,1,1,0,0,20261029,20261030
1872,1,1,1,1,1,0,0,20261029,20261030
13195,1,1,1,1,1,0,0,20261029,20261030
4757,1,1,1,1,1,0,0,20261029,20261030
1864,1,1,1,1,1,0,0,20261029,20261030
4116,1,1,1,1,1,0,0,20261029,20261030
1861,1,1,1,1,1,0,0,20261029,20261030
17108,1,1,1,1,1,0,0,20261029,20261030
1858,1,1,1,1,1,0,0,20261029,20261030
1857,1,1,1,1,1,0,0,20261029,20261030
4452,1,1,1,1,1,0,0,20261029,20261030
1852,1,1,1,1,1,0,0,20261029,20261030
4594,1,1,1,1,1,0,0,20261029,20261030
4110,1,1,1,1,1,0,0,20261029,20261030
1847,1,1,1,1,1,0,0,20261029,20261030
4294,1,1,1,1,1,0,0,20261029,20261030
3684,1,1,1,1,1,0,0,20261029,20261030
1843,1,1,1,1,1,0,0,20261029,20261030
1842,1,1,1,1,1,0,0,20261029,20261030
4381,1,1,1,1,1,0,0,20261029,20261030
13162,1,1,1,1,1,0,0,20261029,20261030
4105,1,1,1,1,1,0,0,20261029,20261030
1834,1,1,1,1,1,0,0,20261029,20261030
3681,1,1,1,1,1,0,0,20261029,20261030
17038,1,1,1,1,1,0,0,20261029,20261030
17037,1,1,1,1,1,0,0,20261029,20261030
73,1,1,1,1,1,0,0,20261029,20261030
1384,1,1,1,1,1,0,0,20261029,20261030
74,1,1,1,1,1,0,0,20261029,20261030
3677,1,1,1,1,1,0,0,20261029,20261030
17030,1,1,1,1,1,0,0,20261029,20261030
4765,1,1,1,1,1,0,0,20261029,20261030
17029,1,1,1,1,1,0,0,20261029,20261030
3673,1,1,1,1,1,0,0,20261029,20261030
4766,1,1,1,1,1,0,0,20261029,20261030
329,1,1,1,1,1,0,0,20261029,20261030
4101,1,1,1,1,1,0,0,20261029,20261030
17024,1,1,1,1,1,0,0,20261029,20261030
17023,1,1,1,1,1,0,0,20261029,20261030
3667,1,1,1,1,1,0,0,20261029,20261030
4511,1,1,1,1,1,0,0,20261029,20261030
3664,1,1,1,1,1,0,0,20261029,20261030
4597,1,1,1,1,1,0,0,20261029,20261030
332,1,1,1,1,1,0,0,20261029,20261030
3660,1,1,1,1,1,0,0,20261029,20261030
4512,1,1,1,1,1,0,0,20261029,20261030
3656,1,1,1,1,1,0,0,20261029,20261030
4097,1,1,1,1,1,0,0,20261029,20261030
17016,1,1,1,1,1,0,0,20261029,20261030
4770,1,1,1,1,1,0,0,20261029,20261030
17015,1,1,1,1,1,0,0,20261029,20261030
336,1,1,1,1,1,0,0,20261029,20261030
17010,1,1,1,1,1,0,0,20261029,20261030
17009,1,1,1,1,1,0,0,20261029,20261030
13292,1,1,1,1,1,0,0,20261029,20261030
13293,1,1,1,1,1,0,0,20261029,20261030
339,1,1,1,1,1,0,0,20261029,20261030
3650,1,1,1,1,1,0,0,20261029,20261030
5124,1,1,1,1,1,0,0,20261029,20261030
3647,1,1,1,1,1,0,0,20261029,20261030
4291,1,1,1,1,1,0,0,20261029,20261030
4436,1,1,1,1,1,0,0,20261029,20261030
17116,1,1,1,1,1,0,0,20261029,20261030
16573,1,1,1,1,1,0,0,20261029,20261030
13298,1,1,1,1,1,0,0,20261029,20261030
13299,1,1,1,1,1,0,0,20261029,20261030
2047,1,1,1,1,1,0,0,20261029,20261030
4093,1,1,1,1,1,0,0,20261029,20261030
1351,1,1,1,1,1,0,0,20261029,20261030
4447,1,1,1,1,1,0,0,20261029,20261030
16574,1,1,1,1,1,0,0,20261029,20261030
3643,1,1,1,1,1,0,0,20261029,20261030
4774,1,1,1,1,1,0,0,20261029,20261030
13305,1,1,1,1,1,0,0,20261029,20261030
13306,1,1,1,1,1,0,0,20261029,20261030
3639,1,1,1,1,1,0,0,20261029,20261030
2042,1,1,1,1,1,0,0,20261029,20261030
4416,1,1,1,1,1,0,0,20261029,20261030
2039,1,1,1,1,1,0,0,20261029,20261030
1975,1,1,1,1,1,0,0,20261029,20261030
13311,1,1,1,1,1,0,0,20261029,20261030
284,1,1,1,1,1,0,0,20261029,20261030
4602,1,1,1,1,1,0,0,20261029,20261030
4603,1,1,1,1,1,0,0,20261029,20261030
4376,1,1,1,1,1,0,0,20261029,20261030
1971,1,1,1,1,1,0,0,20261029,20261030
3631,1,1,1,1,1,0,0,20261029,20261030
4779,1,1,1,1,1,0,0,20261029,20261030
3627,1,1,1,1,1,0,0,20261029,20261030
4089,1,1,1,1,1,0,0,20261029,20261030
13316,1,1,1,1,1,0,0,20261029,20261030
13317,1,1,1,1,1,0,0,20261029,20261030
4780,1,1,1,1,1,0,0,20261029,20261030
4285,1,1,1,1,1,0,0,20261029,20261030
13320,1,1,1,1,1,0,0,20261029,20261030
1345,1,1,1,1,1,0,0,20261029,20261030
4474,1,1,1,1,1,0,0,20261029,20261030
13323,1,1,1,1,1,0,0,20261029,20261030
3623,1,1,1,1,1,0,0,20261029,20261030
4086,1,1,1,1,1,0,0,20261029,20261030
3619,1,1,1,1,1,0,0,20261029,20261030
4375,1,1,1,1,1,0,0,20261029,20261030
16581,1,1,1,1,1,0,0,20261029,20261030
13326,1,1,1,1,1,0,0,20261029,20261030
3615,1,1,1,1,1,0,0,20261029,20261030
13327,1,1,1,1,1,0,0,20261029,20261030
4784,1,1,1,1,1,0,0,20261029,20261030
1344,1,1,1,1,1,0,0,20261029,20261030
4283,1,1,1,1,1,0,0,20261029,20261030
5148,1,1,1,1,1,0,0,20261029,20261030
4517,1,1,1,1,1,0,0,20261029,20261030
4608,1,1,1,1,1,0,0,20261029,20261030
13333,1,1,1,1,1,0,0,20261029,20261030
3611,1,1,1,1,1,0,0,20261029,20261030
16585,1,1,1,1,1,0,0,20261029,20261030
13336,1,1,1,1,1,0,0,20261029,20261030
1967,1,1,1,1,1,0,0,20261029,20261030
4080,1,1,1,1,1,0,0,20261029,20261030
4788,1,1,1,1,1,0,0,20261029,20261030
13203,1,1,1,1,1,0,0,20261029,20261030
13340,1,1,1,1,1,0,0,20261029,20261030
16587,1,1,1,1,1,0,0,20261029,20261030
3607,1,1,1,1,1,0,0,20261029,20261030
4282,1,1,1,1,1,0,0,20261029,20261030
3603,1,1,1,1,1,0,0,20261029,20261030
4076,1,1,1,1,1,0,0,20261029,20261030
3599,1,1,1,1,1,0,0,20261029,20261030
1338,1,1,1,1,1,0,0,20261029,20261030
4609,1,1,1,1,1,0,0,20261029,20261030
4374,1,1,1,1,1,0,0,20261029,20261030
13345,1,1,1,1,1,0,0,20261029,20261030
4415,1,1,1,1,1,0,0,20261029,20261030
3595,1,1,1,1,1,0,0,20261029,20261030
4072,1,1,1,1,1,0,0,20261029,20261030
4794,1,1,1,1,1,0,0,20261029,20261030
4795,1,1,1,1,1,0,0,20261029,20261030
13349,1,1,1,1,1,0,0,20261029,20261030
1833,1,1,1,1,1,0,0,20261029,20261030
4279,1,1,1,1,1,0,0,20261029,20261030
1965,1,1,1,1,1,0,0,20261029,20261030
1826,1,1,1,1,1,0,0,20261029,20261030
3591,1,1,1,1,1,0,0,20261029,20261030
4475,1,1,1,1,1,0,0,20261029,20261030
4278,1,1,1,1,1,0,0,20261029,20261030
4520,1,1,1,1,1,0,0,20261029,20261030
1818,1,1,1,1,1,0,0,20261029,20261030
4067,1,1,1,1,1,0,0,20261029,20261030
1815,1,1,1,1,1,0,0,20261029,20261030
1814,1,1,1,1,1,0,0,20261029,20261030
4800,1,1,1,1,1,0,0,20261029,20261030
4801,1,1,1,1,1,0,0,20261029,20261030
1807,1,1,1,1,1,0,0,20261029,20261030
1806,1,1,1,1,1,0,0,20261029,20261030
4614,1,1,1,1,1,0,0,20261029,20261030
4615,1,1,1,1,1,0,0,20261029,20261030
1799,1,1,1,1,1,0,0,20261029,20261030
1959,1,1,1,1,1,0,0,20261029,20261030
1796,1,1,1,1,1,0,0,20261029,20261030
4063,1,1,1,1,1,0,0,20261029,20261030
1791,1,1,1,1,1,0,0,20261029,20261030
4521,1,1,1,1,1,0,0,20261029,20261030
1788,1,1,1,1,1,0,0,20261029,20261030
1786,1,1,1,1,1,0,0,20261029,20261030
4448,1,1,1,1,1,0,0,20261029,20261030
4806,1,1,1,1,1,0,0,20261029,20261030
22,1,1,1,1,1,0,0,20261029,20261030
79,1,1,1,1,1,0,0,20261029,20261030
83,1,1,1,1,1,0,0,20261029,20261030
342,1,1,1,1,1,0,0,20261029,20261030
92,1,1,1,1,1,0,0,20261029,20261030
28,1,1,1,1,1,0,0,20261029,20261030
2096,1,1,1,1,1,0,0,20261029,20261030
2097,1,1,1,1,1,0,0,20261029,20261030
10234,1,1,1,1,1,0,0,20261029,20261030
2100,1,1,1,1,1,0,0,20261029,20261030
2105,1,1,1,1,1,0,0,20261029,20261030
2109,1,1,1,1,1,0,0,20261029,20261030
16591,1,1,1,1,1,0,0,20261029,20261030
13352,1,1,1,1,1,0,0,20261029,20261030
2110,1,1,1,1,1,0,0,20261029,20261030
1780,1,1,1,1,1,0,0,20261029,20261030
1957,1,1,1,1,1,0,0,20261029,20261030
1777,1,1,1,1,1,0,0,20261029,20261030
1776,1,1,1,1,1,0,0,20261029,20261030
5179,1,1,1,1,1,0,0,20261029,20261030
4272,1,1,1,1,1,0,0,20261029,20261030
1769,1,1,1,1,1,0,0,20261029,20261030
1768,1,1,1,1,1,0,0,20261029,20261030
4059,1,1,1,1,1,0,0,20261029,20261030
4455,1,1,1,1,1,0,0,20261029,20261030
1761,1,1,1,1,1,0,0,20261029,20261030
13204,1,1,1,1,1,0,0,20261029,20261030
1758,1,1,1,1,1,0,0,20261029,20261030
5184,1,1,1,1,1,0,0,20261029,20261030
1753,1,1,1,1,1,0,0,20261029,20261030
4810,1,1,1,1,1,0,0,20261029,20261030
4619,1,1,1,1,1,0,0,20261029,20261030
1951,1,1,1,1,1,0,0,20261029,20261030
5188,1,1,1,1,1,0,0,20261029,20261030
1743,1,1,1,1,1,0,0,20261029,20261030
4055,1,1,1,1,1,0,0,20261029,20261030
4369,1,1,1,1,1,0,0,20261029,20261030
4524,1,1,1,1,1,0,0,20261029,20261030
1735,1,1,1,1,1,0,0,20261029,20261030
10929,1,1,1,1,1,0,0,20261029,20261030
10930,1,1,1,1,1,0,0,20261029,20261030
1734,1,1,1,1,1,0,0,20261029,20261030
4622,1,1,1,1,1,0,0,20261029,20261030
3587,1,1,1,1,1,0,0,20261029,20261030
5193,1,1,1,1,1,0,0,20261029,20261030
3583,1,1,1,1,1,0,0,20261029,20261030
5194,1,1,1,1,1,0,0,20261029,20261030
4815,1,1,1,1,1,0,0,20261029,20261030
3579,1,1,1,1,1,0,0,20261029,20261030
4816,1,1,1,1,1,0,0,20261029,20261030
4264,1,1,1,1,1,0,0,20261029,20261030
5198,1,1,1,1,1,0,0,20261029,20261030
1727,1,1,1,1,1,0,0,20261029,20261030
1946,1,1,1,1,1,0,0,20261029,20261030
4050,1,1,1,1,1,0,0,20261029,20261030
2118,1,1,1,1,1,0,0,20261029,20261030
29,1,1,1,1,1,0,0,20261029,20261030
93,1,1,1,1,1,0,0,20261029,20261030
3575,1,1,1,1,1,0,0,20261029,20261030
4478,1,1,1,1,1,0,0,20261029,20261030
6078,1,1,1,1,1,0,0,20261029,20261030
5202,1,1,1,1,1,0,0,20261029,20261030
16543,1,1,1,1,1,0,0,20261029,20261030
4820,1,1,1,1,1,0,0,20261029,20261030
4479,1,1,1,1,1,0,0,20261029,20261030
3570,1,1,1,1,1,0,0,20261029,20261030
5206,1,1,1,1,1,0,0,20261029,20261030
6088,1,1,1,1,1,0,0,20261029,20261030
1942,1,1,1,1,1,0,0,20261029,20261030
4410,1,1,1,1,1,0,0,20261029,20261030
6091,1,1,1,1,1,0,0,20261029,20261030
6092,1,1,1,1,1,0,0,20261029,20261030
1936,1,1,1,1,1,0,0,20261029,20261030
4046,1,1,1,1,1,0,0,20261029,20261030
3563,1,1,1,1,1,0,0,20261029,20261030
287,1,1,1,1,1,0,0,20261029,20261030
6097,1,1,1,1,1,0,0,20261029,20261030
6098,1,1,1,1,1,0,0,20261029,20261030
4824,1,1,1,1,1,0,0,20261029,20261030
4261,1,1,1,1,1,0,0,20261029,20261030
4480,1,1,1,1,1,0,0,20261029,20261030
5215,1,1,1,1,1,0,0,20261029,20261030
6103,1,1,1,1,1,0,0,20261029,20261030
6104,1,1,1,1,1,0,0,20261029,20261030
3557,1,1,1,1,1,0,0,20261029,20261030
1932,1,1,1,1,1,0,0,20261029,20261030
4042,1,1,1,1,1,0,0,20261029,20261030
13161,1,1,1,1,1,0,0,20261029,20261030
6109,1,1,1,1,1,0,0,20261029,20261030
6110,1,1,1,1,1,0,0,20261029,20261030
34,1,1,1,1,1,0,0,20261029,20261030
5219,1,1,1,1,1,0,0,20261029,20261030
1931,1,1,1,1,1,0,0,20261029,20261030
3551,1,1,1,1,1,0,0,20261029,20261030
5221,1,1,1,1,1,0,0,20261029,20261030
6117,1,1,1,1,1,0,0,20261029,20261030
6118,1,1,1,1,1,0,0,20261029,20261030
12968,1,1,1,1,1,0,0,20261029,20261030
4828,1,1,1,1,1,0,0,20261029,20261030
4829,1,1,1,1,1,0,0,20261029,20261030
3548,1,1,1,1,1,0,0,20261029,20261030
4038,1,1,1,1,1,0,0,20261029,20261030
6125,1,1,1,1,1,0,0,20261029,20261030
6126,1,1,1,1,1,0,0,20261029,20261030
4260,1,1,1,1,1,0,0,20261029,20261030
4627,1,1,1,1,1,0,0,20261029,20261030
4628,1,1,1,1,1,0,0,20261029,20261030
5228,1,1,1,1,1,0,0,20261029,20261030
6133,1,1,1,1,1,0,0,20261029,20261030
6134,1,1,1,1,1,0,0,20261029,20261030
5229,1,1,1,1,1,0,0,20261029,20261030
4364,1,1,1,1,1,0,0,20261029,20261030
4834,1,1,1,1,1,0,0,20261029,20261030
1926,1,1,1,1,1,0,0,20261029,20261030
6139,1,1,1,1,1,0,0,20261029,20261030
6140,1,1,1,1,1,0,0,20261029,20261030
3538,1,1,1,1,1,0,0,20261029,20261030
5233,1,1,1,1,1,0,0,20261029,20261030
1381,1,1,1,1,1,0,0,20261029,20261030
4256,1,1,1,1,1,0,0,20261029,20261030
6149,1,1,1,1,1,0,0,20261029,20261030
6150,1,1,1,1,1,0,0,20261029,20261030
3535,1,1,1,1,1,0,0,20261029,20261030
4529,1,1,1,1,1,0,0,20261029,20261030
39,1,1,1,1,1,0,0,20261029,20261030
4033,1,1,1,1,1,0,0,20261029,20261030
4255,1,1,1,1,1,0,0,20261029,20261030
6157,1,1,1,1,1,0,0,20261029,20261030
6158,1,1,1,1,1,0,0,20261029,20261030
6161,1,1,1,1,1,0,0,20261029,20261030
6162,1,1,1,1,1,0,0,20261029,20261030
3531,1,1,1,1,1,0,0,20261029,20261030
5239,1,1,1,1,1,0,0,20261029,20261030
3530,1,1,1,1,1,0,0,20261029,20261030
5240,1,1,1,1,1,0,0,20261029,20261030
40,1,1,1,1,1,0,0,20261029,20261030
6169,1,1,1,1,1,0,0,20261029,20261030
6170,1,1,1,1,1,0,0,20261029,20261030
1921,1,1,1,1,1,0,0,20261029,20261030
4363,1,1,1,1,1,0,0,20261029,20261030
4840,1,1,1,1,1,0,0,20261029,20261030
5244,1,1,1,1,1,0,0,20261029,20261030
5245,1,1,1,1,1,0,0,20261029,20261030
4841,1,1,1,1,1,0,0,20261029,20261030
3522,1,1,1,1,1,0,0,20261029,20261030
4409,1,1,1,1,1,0,0,20261029,20261030
6181,1,1,1,1,1,0,0,20261029,20261030
6182,1,1,1,1,1,0,0,20261029,20261030
4633,1,1,1,1,1,0,0,20261029,20261030
4634,1,1,1,1,1,0,0,20261029,20261030
3518,1,1,1,1,1,0,0,20261029,20261030
4025,1,1,1,1,1,0,0,20261029,20261030
6187,1,1,1,1,1,0,0,20261029,20261030
6188,1,1,1,1,1,0,0,20261029,20261030
6189,1,1,1,1,1,0,0,20261029,20261030
6190,1,1,1,1,1,0,0,20261029,20261030
1335,1,1,1,1,1,0,0,20261029,20261030
5252,1,1,1,1,1,0,0,20261029,20261030
4024,1,1,1,1,1,0,0,20261029,20261030
3515,1,1,1,1,1,0,0,20261029,20261030
1390,1,1,1,1,1,0,0,20261029,20261030
6197,1,1,1,1,1,0,0,20261029,20261030
6198,1,1,1,1,1,0,0,20261029,20261030
4847,1,1,1,1,1,0,0,20261029,20261030
4848,1,1,1,1,1,0,0,20261029,20261030
3512,1,1,1,1,1,0,0,20261029,20261030
4020,1,1,1,1,1,0,0,20261029,20261030
6203,1,1,1,1,1,0,0,20261029,20261030
6204,1,1,1,1,1,0,0,20261029,20261030
4248,1,1,1,1,1,0,0,20261029,20261030
5259,1,1,1,1,1,0,0,20261029,20261030
5260,1,1,1,1,1,0,0,20261029,20261030
6209,1,1,1,1,1,0,0,20261029,20261030
6210,1,1,1,1,1,0,0,20261029,20261030
3508,1,1,1,1,1,0,0,20261029,20261030
4456,1,1,1,1,1,0,0,20261029,20261030
5262,1,1,1,1,1,0,0,20261029,20261030
4532,1,1,1,1,1,0,0,20261029,20261030
13358,1,1,1,1,1,0,0,20261029,20261030
6216,1,1,1,1,1,0,0,20261029,20261030
3505,1,1,1,1,1,0,0,20261029,20261030
4852,1,1,1,1,1,0,0,20261029,20261030
4016,1,1,1,1,1,0,0,20261029,20261030
6220,1,1,1,1,1,0,0,20261029,20261030
4360,1,1,1,1,1,0,0,20261029,20261030
5267,1,1,1,1,1,0,0,20261029,20261030
6224,1,1,1,1,1,0,0,20261029,20261030
3501,1,1,1,1,1,0,0,20261029,20261030
4245,1,1,1,1,1,0,0,20261029,20261030
13361,1,1,1,1,1,0,0,20261029,20261030
6228,1,1,1,1,1,0,0,20261029,20261030
3500,1,1,1,1,1,0,0,20261029,20261030
4012,1,1,1,1,1,0,0,20261029,20261030
4641,1,1,1,1,1,0,0,20261029,20261030
6232,1,1,1,1,1,0,0,20261029,20261030
4642,1,1,1,1,1,0,0,20261029,20261030
4359,1,1,1,1,1,0,0,20261029,20261030
13363,1,1,1,1,1,0,0,20261029,20261030
6236,1,1,1,1,1,0,0,20261029,20261030
3497,1,1,1,1,1,0,0,20261029,20261030
5274,1,1,1,1,1,0,0,20261029,20261030
6240,1,1,1,1,1,0,0,20261029,20261030
3496,1,1,1,1,1,0,0,20261029,20261030
4008,1,1,1,1,1,0,0,20261029,20261030
13365,1,1,1,1,1,0,0,20261029,20261030
6244,1,1,1,1,1,0,0,20261029,20261030
4457,1,1,1,1,1,0,0,20261029,20261030
4431,1,1,1,1,1,0,0,20261029,20261030
4239,1,1,1,1,1,0,0,20261029,20261030
6248,1,1,1,1,1,0,0,20261029,20261030
5279,1,1,1,1,1,0,0,20261029,20261030
17123,1,1,1,1,1,0,0,20261029,20261030
4004,1,1,1,1,1,0,0,20261029,20261030
4536,1,1,1,1,1,0,0,20261029,20261030
3490,1,1,1,1,1,0,0,20261029,20261030
5282,1,1,1,1,1,0,0,20261029,20261030
6255,1,1,1,1,1,0,0,20261029,20261030
6256,1,1,1,1,1,0,0,20261029,20261030
3488,1,1,1,1,1,0,0,20261029,20261030
4647,1,1,1,1,1,0,0,20261029,20261030
13369,1,1,1,1,1,0,0,20261029,20261030
1329,1,1,1,1,1,0,0,20261029,20261030
2089,1,1,1,1,1,0,0,20261029,20261030
5285,1,1,1,1,1,0,0,20261029,20261030
6263,1,1,1,1,1,0,0,20261029,20261030
1918,1,1,1,1,1,0,0,20261029,20261030
3484,1,1,1,1,1,0,0,20261029,20261030
5287,1,1,1,1,1,0,0,20261029,20261030
6267,1,1,1,1,1,0,0,20261029,20261030
16598,1,1,1,1,1,0,0,20261029,20261030
4000,1,1,1,1,1,0,0,20261029,20261030
4238,1,1,1,1,1,0,0,20261029,20261030
6271,1,1,1,1,1,0,0,20261029,20261030
16599,1,1,1,1,1,0,0,20261029,20261030
6273,1,1,1,1,1,0,0,20261029,20261030
3480,1,1,1,1,1,0,0,20261029,20261030
4648,1,1,1,1,1,0,0,20261029,20261030
13374,1,1,1,1,1,0,0,20261029,20261030
6277,1,1,1,1,1,0,0,20261029,20261030
1328,1,1,1,1,1,0,0,20261029,20261030
1393,1,1,1,1,1,0,0,20261029,20261030
4458,1,1,1,1,1,0,0,20261029,20261030
6281,1,1,1,1,1,0,0,20261029,20261030
5293,1,1,1,1,1,0,0,20261029,20261030
3476,1,1,1,1,1,0,0,20261029,20261030
5294,1,1,1,1,1,0,0,20261029,20261030
6285,1,1,1,1,1,0,0,20261029,20261030
10189,1,1,1,1,1,0,0,20261029,20261030
3996,1,1,1,1,1,0,0,20261029,20261030
4869,1,1,1,1,1,0,0,20261029,20261030
6289,1,1,1,1,1,0,0,20261029,20261030
3472,1,1,1,1,1,0,0,20261029,20261030
4870,1,1,1,1,1,0,0,20261029,20261030
6292,1,1,1,1,1,0,0,20261029,20261030
4485,1,1,1,1,1,0,0,20261029,20261030
3992,1,1,1,1,1,0,0,20261029,20261030
4540,1,1,1,1,1,0,0,20261029,20261030
6296,1,1,1,1,1,0,0,20261029,20261030
3468,1,1,1,1,1,0,0,20261029,20261030
1913,1,1,1,1,1,0,0,20261029,20261030
13379,1,1,1,1,1,0,0,20261029,20261030
6300,1,1,1,1,1,0,0,20261029,20261030
5302,1,1,1,1,1,0,0,20261029,20261030
4234,1,1,1,1,1,0,0,20261029,20261030
4541,1,1,1,1,1,0,0,20261029,20261030
6304,1,1,1,1,1,0,0,20261029,20261030
4654,1,1,1,1,1,0,0,20261029,20261030
3988,1,1,1,1,1,0,0,20261029,20261030
6307,1,1,1,1,1,0,0,20261029,20261030
4655,1,1,1,1,1,0,0,20261029,20261030
3462,1,1,1,1,1,0,0,20261029,20261030
5308,1,1,1,1,1,0,0,20261029,20261030
6311,1,1,1,1,1,0,0,20261029,20261030
3459,1,1,1,1,1,0,0,20261029,20261030
5309,1,1,1,1,1,0,0,20261029,20261030
16602,1,1,1,1,1,0,0,20261029,20261030
6315,1,1,1,1,1,0,0,20261029,20261030
10188,1,1,1,1,1,0,0,20261029,20261030
6317,1,1,1,1,1,0,0,20261029,20261030
13183,1,1,1,1,1,0,0,20261029,20261030
4878,1,1,1,1,1,0,0,20261029,20261030
3984,1,1,1,1,1,0,0,20261029,20261030
4404,1,1,1,1,1,0,0,20261029,20261030
6322,1,1,1,1,1,0,0,20261029,20261030
13384,1,1,1,1,1,0,0,20261029,20261030
1324,1,1,1,1,1,0,0,20261029,20261030
10578,1,1,1,1,1,0,0,20261029,20261030
4486,1,1,1,1,1,0,0,20261029,20261030
10119,1,1,1,1,1,0,0,20261029,20261030
3453,1,1,1,1,1,0,0,20261029,20261030
4350,1,1,1,1,1,0,0,20261029,20261030
6330,1,1,1,1,1,0,0,20261029,20261030
5317,1,1,1,1,1,0,0,20261029,20261030
10579,1,1,1,1,1,0,0,20261029,20261030
6333,1,1,1,1,1,0,0,20261029,20261030
10118,1,1,1,1,1,0,0,20261029,20261030
3449,1,1,1,1,1,0,0,20261029,20261030
3980,1,1,1,1,1,0,0,20261029,20261030
6337,1,1,1,1,1,0,0,20261029,20261030
12831,1,1,1,1,1,0,0,20261029,20261030
4882,1,1,1,1,1,0,0,20261029,20261030
5321,1,1,1,1,1,0,0,20261029,20261030
6341,1,1,1,1,1,0,0,20261029,20261030
2121,1,1,1,1,1,0,0,20261029,20261030
3445,1,1,1,1,1,0,0,20261029,20261030
4544,1,1,1,1,1,0,0,20261029,20261030
6345,1,1,1,1,1,0,0,20261029,20261030
2076,1,1,1,1,1,0,0,20261029,20261030
3444,1,1,1,1,1,0,0,20261029,20261030
1910,1,1,1,1,1,0,0,20261029,20261030
6349,1,1,1,1,1,0,0,20261029,20261030
1719,1,1,1,1,1,0,0,20261029,20261030
3976,1,1,1,1,1,0,0,20261029,20261030
4229,1,1,1,1,1,0,0,20261029,20261030
6353,1,1,1,1,1,0,0,20261029,20261030
1718,1,1,1,1,1,0,0,20261029,20261030
5327,1,1,1,1,1,0,0,20261029,20261030
4661,1,1,1,1,1,0,0,20261029,20261030
6357,1,1,1,1,1,0,0,20261029,20261030
3438,1,1,1,1,1,0,0,20261029,20261030
4662,1,1,1,1,1,0,0,20261029,20261030
6360,1,1,1,1,1,0,0,20261029,20261030
3972,1,1,1,1,1,0,0,20261029,20261030
4349,1,1,1,1,1,0,0,20261029,20261030
3437,1,1,1,1,1,0,0,20261029,20261030
5332,1,1,1,1,1,0,0,20261029,20261030
1713,1,1,1,1,1,0,0,20261029,20261030
6366,1,1,1,1,1,0,0,20261029,20261030
4889,1,1,1,1,1,0,0,20261029,20261030
4890,1,1,1,1,1,0,0,20261029,20261030
5335,1,1,1,1,1,0,0,20261029,20261030
6370,1,1,1,1,1,0,0,20261029,20261030
4403,1,1,1,1,1,0,0,20261029,20261030
3432,1,1,1,1,1,0,0,20261029,20261030
3968,1,1,1,1,1,0,0,20261029,20261030
1708,1,1,1,1,1,0,0,20261029,20261030
6375,1,1,1,1,1,0,0,20261029,20261030
1707,1,1,1,1,1,0,0,20261029,20261030
2073,1,1,1,1,1,0,0,20261029,20261030
1907,1,1,1,1,1,0,0,20261029,20261030
5340,1,1,1,1,1,0,0,20261029,20261030
1700,1,1,1,1,1,0,0,20261029,20261030
1699,1,1,1,1,1,0,0,20261029,20261030
4226,1,1,1,1,1,0,0,20261029,20261030
4430,1,1,1,1,1,0,0,20261029,20261030
1694,1,1,1,1,1,0,0,20261029,20261030
3962,1,1,1,1,1,0,0,20261029,20261030
2072,1,1,1,1,1,0,0,20261029,20261030
1689,1,1,1,1,1,0,0,20261029,20261030
11027,1,1,1,1,1,0,0,20261029,20261030
11028,1,1,1,1,1,0,0,20261029,20261030
11029,1,1,1,1,1,0,0,20261029,20261030
11030,1,1,1,1,1,0,0,20261029,20261030
11031,1,1,1,1,1,0,0,20261029,20261030
5345,1,1,1,1,1,0,0,20261029,20261030
3426,1,1,1,1,1,0,0,20261029,20261030
3425,1,1,1,1,1,0,0,20261029,20261030
4896,1,1,1,1,1,0,0,20261029,20261030
3420,1,1,1,1,1,0,0,20261029,20261030
4459,1,1,1,1,1,0,0,20261029,20261030
4667,1,1,1,1,1,0,0,20261029,20261030
3413,1,1,1,1,1,0,0,20261029,20261030
4668,1,1,1,1,1,0,0,20261029,20261030
3408,1,1,1,1,1,0,0,20261029,20261030
3407,1,1,1,1,1,0,0,20261029,20261030
5350,1,1,1,1,1,0,0,20261029,20261030
3404,1,1,1,1,1,0,0,20261029,20261030
4460,1,1,1,1,1,0,0,20261029,20261030
5352,1,1,1,1,1,0,0,20261029,20261030
3397,1,1,1,1,1,0,0,20261029,20261030
3396,1,1,1,1,1,0,0,20261029,20261030
4346,1,1,1,1,1,0,0,20261029,20261030
3393,1,1,1,1,1,0,0,20261029,20261030
4549,1,1,1,1,1,0,0,20261029,20261030
3388,1,1,1,1,1,0,0,20261029,20261030
1902,1,1,1,1,1,0,0,20261029,20261030
3955,1,1,1,1,1,0,0,20261029,20261030
3383,1,1,1,1,1,0,0,20261029,20261030
4903,1,1,1,1,1,0,0,20261029,20261030
3378,1,1,1,1,1,0,0,20261029,20261030
3376,1,1,1,1,1,0,0,20261029,20261030
4904,1,1,1,1,1,0,0,20261029,20261030
6463,1,1,1,1,1,0,0,20261029,20261030
6464,1,1,1,1,1,0,0,20261029,20261030
2125,1,1,1,1,1,0,0,20261029,20261030
2126,1,1,1,1,1,0,0,20261029,20261030
2135,1,1,1,1,1,0,0,20261029,20261030
2140,1,1,1,1,1,0,0,20261029,20261030
1414,1,1,1,1,1,0,0,20261029,20261030
1422,1,1,1,1,1,0,0,20261029,20261030
2144,1,1,1,1,1,0,0,20261029,20261030
2151,1,1,1,1,1,0,0,20261029,20261030
2154,1,1,1,1,1,0,0,20261029,20261030
2160,1,1,1,1,1,0,0,20261029,20261030
2166,1,1,1,1,1,0,0,20261029,20261030
2177,1,1,1,1,1,0,0,20261029,20261030
2178,1,1,1,1,1,0,0,20261029,20261030
2181,1,1,1,1,1,0,0,20261029,20261030
2188,1,1,1,1,1,0,0,20261029,20261030
2189,1,1,1,1,1,0,0,20261029,20261030
2194,1,1,1,1,1,0,0,20261029,20261030
2197,1,1,1,1,1,0,0,20261029,20261030
2205,1,1,1,1,1,0,0,20261029,20261030
2207,1,1,1,1,1,0,0,20261029,20261030
2208,1,1,1,1,1,0,0,20261029,20261030
2213,1,1,1,1,1,0,0,20261029,20261030
2220,1,1,1,1,1,0,0,20261029,20261030
2223,1,1,1,1,1,0,0,20261029,20261030
2226,1,1,1,1,1,0,0,20261029,20261030
2231,1,1,1,1,1,0,0,20261029,20261030
2234,1,1,1,1,1,0,0,20261029,20261030
2235,1,1,1,1,1,0,0,20261029,20261030
2236,1,1,1,1,1,0,0,20261029,20261030
2239,1,1,1,1,1,0,0,20261029,20261030
2246,1,1,1,1,1,0,0,20261029,20261030
2248,1,1,1,1,1,0,0,20261029,20261030
2251,1,1,1,1,1,0,0,20261029,20261030
2256,1,1,1,1,1,0,0,20261029,20261030
2257,1,1,1,1,1,0,0,20261029,20261030
2262,1,1,1,1,1,0,0,20261029,20261030
2263,1,1,1,1,1,0,0,20261029,20261030
2272,1,1,1,1,1,0,0,20261029,20261030
2273,1,1,1,1,1,0,0,20261029,20261030
2276,1,1,1,1,1,0,0,20261029,20261030
2279,1,1,1,1,1,0,0,20261029,20261030
2284,1,1,1,1,1,0,0,20261029,20261030
2067,1,1,1,1,1,0,0,20261029,20261030
1685,1,1,1,1,1,0,0,20261029,20261030
5360,1,1,1,1,1,0,0,20261029,20261030
1681,1,1,1,1,1,0,0,20261029,20261030
1680,1,1,1,1,1,0,0,20261029,20261030
2066,1,1,1,1,1,0,0,20261029,20261030
4220,1,1,1,1,1,0,0,20261029,20261030
1674,1,1,1,1,1,0,0,20261029,20261030
1673,1,1,1,1,1,0,0,20261029,20261030
2289,1,1,1,1,1,0,0,20261029,20261030
2294,1,1,1,1,1,0,0,20261029,20261030
2298,1,1,1,1,1,0,0,20261029,20261030
2306,1,1,1,1,1,0,0,20261029,20261030
2311,1,1,1,1,1,0,0,20261029,20261030
2314,1,1,1,1,1,0,0,20261029,20261030
9835,1,1,1,1,1,0,0,20261029,20261030
9834,1,1,1,1,1,0,0,20261029,20261030
6539,1,1,1,1,1,0,0,20261029,20261030
103,1,1,1,1,1,0,0,20261029,20261030
9811,1,1,1,1,1,0,0,20261029,20261030
9810,1,1,1,1,1,0,0,20261029,20261030
9809,1,1,1,1,1,0,0,20261029,20261030
9808,1,1,1,1,1,0,0,20261029,20261030
104,1,1,1,1,1,0,0,20261029,20261030
112,1,1,1,1,1,0,0,20261029,20261030
115,1,1,1,1,1,0,0,20261029,20261030
1323,1,1,1,1,1,0,0,20261029,20261030
5363,1,1,1,1,1,0,0,20261029,20261030
17124,1,1,1,1,1,0,0,20261029,20261030
1901,1,1,1,1,1,0,0,20261029,20261030
3949,1,1,1,1,1,0,0,20261029,20261030
1316,1,1,1,1,1,0,0,20261029,20261030
1315,1,1,1,1,1,0,0,20261029,20261030
1396,1,1,1,1,1,0,0,20261029,20261030
6576,1,1,1,1,1,0,0,20261029,20261030
6577,1,1,1,1,1,0,0,20261029,20261030
6578,1,1,1,1,1,0,0,20261029,20261030
11090,1,1,1,1,1,0,0,20261029,20261030
1084,1,1,1,1,1,0,0,20261029,20261030
1085,1,1,1,1,1,0,0,20261029,20261030
47,1,1,1,1,1,0,0,20261029,20261030
1088,1,1,1,1,1,0,0,20261029,20261030
48,1,1,1,1,1,0,0,20261029,20261030
4219,1,1,1,1,1,0,0,20261029,20261030
16610,1,1,1,1,1,0,0,20261029,20261030
4673,1,1,1,1,1,0,0,20261029,20261030
16614,1,1,1,1,1,0,0,20261029,20261030
5369,1,1,1,1,1,0,0,20261029,20261030
16617,1,1,1,1,1,0,0,20261029,20261030
1091,1,1,1,1,1,0,0,20261029,20261030
13434,1,1,1,1,1,0,0,20261029,20261030
4911,1,1,1,1,1,0,0,20261029,20261030
16620,1,1,1,1,1,0,0,20261029,20261030
4912,1,1,1,1,1,0,0,20261029,20261030
4550,1,1,1,1,1,0,0,20261029,20261030
16624,1,1,1,1,1,0,0,20261029,20261030
11,1,1,1,1,1,0,0,20261029,20261030
16626,1,1,1,1,1,0,0,20261029,20261030
11120,1,1,1,1,1,0,0,20261029,20261030
11121,1,1,1,1,1,0,0,20261029,20261030
11122,1,1,1,1,1,0,0,20261029,20261030
11123,1,1,1,1,1,0,0,20261029,20261030
11124,1,1,1,1,1,0,0,20261029,20261030
11125,1,1,1,1,1,0,0,20261029,20261030
11126,1,1,1,1,1,0,0,20261029,20261030
3943,1,1,1,1,1,0,0,20261029,20261030
16629,1,1,1,1,1,0,0,20261029,20261030
4400,1,1,1,1,1,0,0,20261029,20261030
10,1,1,1,1,1,0,0,20261029,20261030
5375,1,1,1,1,1,0,0,20261029,20261030
16635,1,1,1,1,1,0,0,20261029,20261030
17131,1,1,1,1,1,0,0,20261029,20261030
16637,1,1,1,1,1,0,0,20261029,20261030
16638,1,1,1,1,1,0,0,20261029,20261030
5376,1,1,1,1,1,0,0,20261029,20261030
1096,1,1,1,1,1,0,0,20261029,20261030
4218,1,1,1,1,1,0,0,20261029,20261030
17132,1,1,1,1,1,0,0,20261029,20261030
277,1,1,1,1,1,0,0,20261029,20261030
1896,1,1,1,1,1,0,0,20261029,20261030
4676,1,1,1,1,1,0,0,20261029,20261030
4461,1,1,1,1,1,0,0,20261029,20261030
13466,1,1,1,1,1,0,0,20261029,20261030
5381,1,1,1,1,1,0,0,20261029,20261030
5382,1,1,1,1,1,0,0,20261029,20261030
3370,1,1,1,1,1,0,0,20261029,20261030
4399,1,1,1,1,1,0,0,20261029,20261030
3363,1,1,1,1,1,0,0,20261029,20261030
4919,1,1,1,1,1,0,0,20261029,20261030
3359,1,1,1,1,1,0,0,20261029,20261030
4920,1,1,1,1,1,0,0,20261029,20261030
3355,1,1,1,1,1,0,0,20261029,20261030
3354,1,1,1,1,1,0,0,20261029,20261030
2057,1,1,1,1,1,0,0,20261029,20261030
4341,1,1,1,1,1,0,0,20261029,20261030
3349,1,1,1,1,1,0,0,20261029,20261030
3346,1,1,1,1,1,0,0,20261029,20261030
4214,1,1,1,1,1,0,0,20261029,20261030
3935,1,1,1,1,1,0,0,20261029,20261030
3341,1,1,1,1,1,0,0,20261029,20261030
4491,1,1,1,1,1,0,0,20261029,20261030
3336,1,1,1,1,1,0,0,20261029,20261030
3335,1,1,1,1,1,0,0,20261029,20261030
5391,1,1,1,1,1,0,0,20261029,20261030
4681,1,1,1,1,1,0,0,20261029,20261030
4682,1,1,1,1,1,0,0,20261029,20261030
3326,1,1,1,1,1,0,0,20261029,20261030
3325,1,1,1,1,1,0,0,20261029,20261030
5394,1,1,1,1,1,0,0,20261029,20261030
1890,1,1,1,1,1,0,0,20261029,20261030
3320,1,1,1,1,1,0,0,20261029,20261030
3319,1,1,1,1,1,0,0,20261029,20261030
1888,1,1,1,1,1,0,0,20261029,20261030
3931,1,1,1,1,1,0,0,20261029,20261030
3312,1,1,1,1,1,0,0,20261029,20261030
3311,1,1,1,1,1,0,0,20261029,20261030
4927,1,1,1,1,1,0,0,20261029,20261030
5399,1,1,1,1,1,0,0,20261029,20261030
4928,1,1,1,1,1,0,0,20261029,20261030
3302,1,1,1,1,1,0,0,20261029,20261030
4340,1,1,1,1,1,0,0,20261029,20261030
3298,1,1,1,1,1,0,0,20261029,20261030
1887,1,1,1,1,1,0,0,20261029,20261030
5403,1,1,1,1,1,0,0,20261029,20261030
4210,1,1,1,1,1,0,0,20261029,20261030
3290,1,1,1,1,1,0,0,20261029,20261030
3289,1,1,1,1,1,0,0,20261029,20261030
4492,1,1,1,1,1,0,0,20261029,20261030
1389,1,1,1,1,1,0,0,20261029,20261030
5407,1,1,1,1,1,0,0,20261029,20261030
3281,1,1,1,1,1,0,0,20261029,20261030
6748,1,1,1,1,1,0,0,20261029,20261030
6749,1,1,1,1,1,0,0,20261029,20261030
2315,1,1,1,1,1,0,0,20261029,20261030
2321,1,1,1,1,1,0,0,20261029,20261030
2322,1,1,1,1,1,0,0,20261029,20261030
2325,1,1,1,1,1,0,0,20261029,20261030
2326,1,1,1,1,1,0,0,20261029,20261030
2331,1,1,1,1,1,0,0,20261029,20261030
2338,1,1,1,1,1,0,0,20261029,20261030
2341,1,1,1,1,1,0,0,20261029,20261030
2342,1,1,1,1,1,0,0,20261029,20261030
2347,1,1,1,1,1,0,0,20261029,20261030
2352,1,1,1,1,1,0,0,20261029,20261030
2353,1,1,1,1,1,0,0,20261029,20261030
9690,1,1,1,1,1,0,0,20261029,20261030
9689,1,1,1,1,1,0,0,20261029,20261030
2358,1,1,1,1,1,0,0,20261029,20261030
2359,1,1,1,1,1,0,0,20261029,20261030
2366,1,1,1,1,1,0,0,20261029,20261030
2369,1,1,1,1,1,0,0,20261029,20261030
2372,1,1,1,1,1,0,0,20261029,20261030
2373,1,1,1,1,1,0,0,20261029,20261030
2380,1,1,1,1,1,0,0,20261029,20261030
2381,1,1,1,1,1,0,0,20261029,20261030
2385,1,1,1,1,1,0,0,20261029,20261030
2390,1,1,1,1,1,0,0,20261029,20261030
2393,1,1,1,1,1,0,0,20261029,20261030
2398,1,1,1,1,1,0,0,20261029,20261030
2405,1,1,1,1,1,0,0,20261029,20261030
2408,1,1,1,1,1,0,0,20261029,20261030
2409,1,1,1,1,1,0,0,20261029,20261030
1099,1,1,1,1,1,0,0,20261029,20261030
1100,1,1,1,1,1,0,0,20261029,20261030
1103,1,1,1,1,1,0,0,20261029,20261030
719,1,1,1,1,1,0,0,20261029,20261030
2414,1,1,1,1,1,0,0,20261029,20261030
16661,1,1,1,1,1,0,0,20261029,20261030
2417,1,1,1,1,1,0,0,20261029,20261030
5465,1,1,1,1,1,0,0,20261029,20261030
3232,1,1,1,1,1,0,0,20261029,20261030
3895,1,1,1,1,1,0,0,20261029,20261030
4564,1,1,1,1,1,0,0,20261029,20261030
3226,1,1,1,1,1,0,0,20261029,20261030
4701,1,1,1,1,1,0,0,20261029,20261030
3222,1,1,1,1,1,0,0,20261029,20261030
4328,1,1,1,1,1,0,0,20261029,20261030
13147,1,1,1,1,1,0,0,20261029,20261030
3217,1,1,1,1,1,0,0,20261029,20261030
5471,1,1,1,1,1,0,0,20261029,20261030
3213,1,1,1,1,1,0,0,20261029,20261030
3891,1,1,1,1,1,0,0,20261029,20261030
3209,1,1,1,1,1,0,0,20261029,20261030
4425,1,1,1,1,1,0,0,20261029,20261030
3204,1,1,1,1,1,0,0,20261029,20261030
4967,1,1,1,1,1,0,0,20261029,20261030
3201,1,1,1,1,1,0,0,20261029,20261030
4968,1,1,1,1,1,0,0,20261029,20261030
5476,1,1,1,1,1,0,0,20261029,20261030
3194,1,1,1,1,1,0,0,20261029,20261030
3193,1,1,1,1,1,0,0,20261029,20261030
5477,1,1,1,1,1,0,0,20261029,20261030
3888,1,1,1,1,1,0,0,20261029,20261030
3187,1,1,1,1,1,0,0,20261029,20261030
3186,1,1,1,1,1,0,0,20261029,20261030
2418,1,1,1,1,1,0,0,20261029,20261030
2425,1,1,1,1,1,0,0,20261029,20261030
2429,1,1,1,1,1,0,0,20261029,20261030
2432,1,1,1,1,1,0,0,20261029,20261030
2437,1,1,1,1,1,0,0,20261029,20261030
2438,1,1,1,1,1,0,0,20261029,20261030
2445,1,1,1,1,1,0,0,20261029,20261030
9285,1,1,1,1,1,0,0,20261029,20261030
9284,1,1,1,1,1,0,0,20261029,20261030
9283,1,1,1,1,1,0,0,20261029,20261030
9282,1,1,1,1,1,0,0,20261029,20261030
9281,1,1,1,1,1,0,0,20261029,20261030
9280,1,1,1,1,1,0,0,20261029,20261030
9279,1,1,1,1,1,0,0,20261029,20261030
9278,1,1,1,1,1,0,0,20261029,20261030
2446,1,1,1,1,1,0,0,20261029,20261030
2453,1,1,1,1,1,0,0,20261029,20261030
2454,1,1,1,1,1,0,0,20261029,20261030
2460,1,1,1,1,1,0,0,20261029,20261030
2463,1,1,1,1,1,0,0,20261029,20261030
2468,1,1,1,1,1,0,0,20261029,20261030
2473,1,1,1,1,1,0,0,20261029,20261030
2474,1,1,1,1,1,0,0,20261029,20261030
2481,1,1,1,1,1,0,0,20261029,20261030
2482,1,1,1,1,1,0,0,20261029,20261030
2489,1,1,1,1,1,0,0,20261029,20261030
15100,1,1,1,1,1,0,0,20261029,20261030
3178,1,1,1,1,1,0,0,20261029,20261030
3175,1,1,1,1,1,0,0,20261029,20261030
4971,1,1,1,1,1,0,0,20261029,20261030
3171,1,1,1,1,1,0,0,20261029,20261030
4189,1,1,1,1,1,0,0,20261029,20261030
3167,1,1,1,1,1,0,0,20261029,20261030
13188,1,1,1,1,1,0,0,20261029,20261030
3882,1,1,1,1,1,0,0,20261029,20261030
3160,1,1,1,1,1,0,0,20261029,20261030
3159,1,1,1,1,1,0,0,20261029,20261030
4705,1,1,1,1,1,0,0,20261029,20261030
3156,1,1,1,1,1,0,0,20261029,20261030
5487,1,1,1,1,1,0,0,20261029,20261030
3152,1,1,1,1,1,0,0,20261029,20261030
3151,1,1,1,1,1,0,0,20261029,20261030
5488,1,1,1,1,1,0,0,20261029,20261030
3145,1,1,1,1,1,0,0,20261029,20261030
4464,1,1,1,1,1,0,0,20261029,20261030
3142,1,1,1,1,1,0,0,20261029,20261030
4976,1,1,1,1,1,0,0,20261029,20261030
1405,1,1,1,1,1,0,0,20261029,20261030
3135,1,1,1,1,1,0,0,20261029,20261030
3134,1,1,1,1,1,0,0,20261029,20261030
5492,1,1,1,1,1,0,0,20261029,20261030
13143,1,1,1,1,1,0,0,20261029,20261030
3126,1,1,1,1,1,0,0,20261029,20261030
5494,1,1,1,1,1,0,0,20261029,20261030
3123,1,1,1,1,1,0,0,20261029,20261030
3878,1,1,1,1,1,0,0,20261029,20261030
3118,1,1,1,1,1,0,0,20261029,20261030
3116,1,1,1,1,1,0,0,20261029,20261030
4977,1,1,1,1,1,0,0,20261029,20261030
3111,1,1,1,1,1,0,0,20261029,20261030
3106,1,1,1,1,1,0,0,20261029,20261030
5499,1,1,1,1,1,0,0,20261029,20261030
3103,1,1,1,1,1,0,0,20261029,20261030
7287,1,1,1,1,1,0,0,20261029,20261030
7288,1,1,1,1,1,0,0,20261029,20261030
2490,1,1,1,1,1,0,0,20261029,20261030
2496,1,1,1,1,1,0,0,20261029,20261030
2499,1,1,1,1,1,0,0,20261029,20261030
2504,1,1,1,1,1,0,0,20261029,20261030
2509,1,1,1,1,1,0,0,20261029,20261030
2510,1,1,1,1,1,0,0,20261029,20261030
2517,1,1,1,1,1,0,0,20261029,20261030
2518,1,1,1,1,1,0,0,20261029,20261030
12423,1,1,1,1,1,0,0,20261029,20261030
14399,1,1,1,1,1,0,0,20261029,20261030
15880,1,1,1,1,1,0,0,20261029,20261030
722,1,1,1,1,1,0,0,20261029,20261030
725,1,1,1,1,1,0,0,20261029,20261030
729,1,1,1,1,1,0,0,20261029,20261030
732,1,1,1,1,1,0,0,20261029,20261030
735,1,1,1,1,1,0,0,20261029,20261030
739,1,1,1,1,1,0,0,20261029,20261030
742,1,1,1,1,1,0,0,20261029,20261030
745,1,1,1,1,1,0,0,20261029,20261030
749,1,1,1,1,1,0,0,20261029,20261030
752,1,1,1,1,1,0,0,20261029,20261030
755,1,1,1,1,1,0,0,20261029,20261030
759,1,1,1,1,1,0,0,20261029,20261030
762,1,1,1,1,1,0,0,20261029,20261030
14351,1,1,1,1,1,0,0,20261029,20261030
14350,1,1,1,1,1,0,0,20261029,20261030
765,1,1,1,1,1,0,0,20261029,20261030
769,1,1,1,1,1,0,0,20261029,20261030
772,1,1,1,1,1,0,0,20261029,20261030
775,1,1,1,1,1,0,0,20261029,20261030
779,1,1,1,1,1,0,0,20261029,20261030
782,1,1,1,1,1,0,0,20261029,20261030
785,1,1,1,1,1,0,0,20261029,20261030
788,1,1,1,1,1,0,0,20261029,20261030
792,1,1,1,1,1,0,0,20261029,20261030
795,1,1,1,1,1,0,0,20261029,20261030
798,1,1,1,1,1,0,0,20261029,20261030
800,1,1,1,1,1,0,0,20261029,20261030
806,1,1,1,1,1,0,0,20261029,20261030
12326,1,1,1,1,1,0,0,20261029,20261030
810,1,1,1,1,1,0,0,20261029,20261030
813,1,1,1,1,1,0,0,20261029,20261030
14319,1,1,1,1,1,0,0,20261029,20261030
14318,1,1,1,1,1,0,0,20261029,20261030
9120,1,1,1,1,1,0,0,20261029,20261030
9119,1,1,1,1,1,0,0,20261029,20261030
9118,1,1,1,1,1,0,0,20261029,20261030
9117,1,1,1,1,1,0,0,20261029,20261030
817,1,1,1,1,1,0,0,20261029,20261030
822,1,1,1,1,1,0,0,20261029,20261030
823,1,1,1,1,1,0,0,20261029,20261030
828,1,1,1,1,1,0,0,20261029,20261030
829,1,1,1,1,1,0,0,20261029,20261030
17140,1,1,1,1,1,0,0,20261029,20261030
5500,1,1,1,1,1,0,0,20261029,20261030
11361,1,1,1,1,1,0,0,20261029,20261030
11362,1,1,1,1,1,0,0,20261029,20261030
11363,1,1,1,1,1,0,0,20261029,20261030
3875,1,1,1,1,1,0,0,20261029,20261030
17145,1,1,1,1,1,0,0,20261029,20261030
17146,1,1,1,1,1,0,0,20261029,20261030
4184,1,1,1,1,1,0,0,20261029,20261030
268,1,1,1,1,1,0,0,20261029,20261030
16532,1,1,1,1,1,0,0,20261029,20261030
17153,1,1,1,1,1,0,0,20261029,20261030
267,1,1,1,1,1,0,0,20261029,20261030
4568,1,1,1,1,1,0,0,20261029,20261030
5505,1,1,1,1,1,0,0,20261029,20261030
17158,1,1,1,1,1,0,0,20261029,20261030
17161,1,1,1,1,1,0,0,20261029,20261030
3870,1,1,1,1,1,0,0,20261029,20261030
262,1,1,1,1,1,0,0,20261029,20261030
4709,1,1,1,1,1,0,0,20261029,20261030
17166,1,1,1,1,1,0,0,20261029,20261030
17167,1,1,1,1,1,0,0,20261029,20261030
261,1,1,1,1,1,0,0,20261029,20261030
5508,1,1,1,1,1,0,0,20261029,20261030
5,1,1,1,1,1,0,0,20261029,20261030
7395,1,1,1,1,1,0,0,20261029,20261030
3868,1,1,1,1,1,0,0,20261029,20261030
17174,1,1,1,1,1,0,0,20261029,20261030
17175,1,1,1,1,1,0,0,20261029,20261030
17179,1,1,1,1,1,0,0,20261029,20261030
256,1,1,1,1,1,0,0,20261029,20261030
17183,1,1,1,1,1,0,0,20261029,20261030
16712,1,1,1,1,1,0,0,20261029,20261030
1406,1,1,1,1,1,0,0,20261029,20261030
4985,1,1,1,1,1,0,0,20261029,20261030
17188,1,1,1,1,1,0,0,20261029,20261030
17191,1,1,1,1,1,0,0,20261029,20261030
250,1,1,1,1,1,0,0,20261029,20261030
4181,1,1,1,1,1,0,0,20261029,20261030
3864,1,1,1,1,1,0,0,20261029,20261030
17196,1,1,1,1,1,0,0,20261029,20261030
17197,1,1,1,1,1,0,0,20261029,20261030
4324,1,1,1,1,1,0,0,20261029,20261030
62,1,1,1,1,1,0,0,20261029,20261030
245,1,1,1,1,1,0,0,20261029,20261030
5517,1,1,1,1,1,0,0,20261029,20261030
17204,1,1,1,1,1,0,0,20261029,20261030
17205,1,1,1,1,1,0,0,20261029,20261030
243,1,1,1,1,1,0,0,20261029,20261030
5518,1,1,1,1,1,0,0,20261029,20261030
17209,1,1,1,1,1,0,0,20261029,20261030
7434,1,1,1,1,1,0,0,20261029,20261030
17213,1,1,1,1,1,0,0,20261029,20261030
4989,1,1,1,1,1,0,0,20261029,20261030
61,1,1,1,1,1,0,0,20261029,20261030
17217,1,1,1,1,1,0,0,20261029,20261030
238,1,1,1,1,1,0,0,20261029,20261030
3861,1,1,1,1,1,0,0,20261029,20261030
60,1,1,1,1,1,0,0,20261029,20261030
4180,1,1,1,1,1,0,0,20261029,20261030
17221,1,1,1,1,1,0,0,20261029,20261030
1256,1,1,1,1,1,0,0,20261029,20261030
1255,1,1,1,1,1,0,0,20261029,20261030
5523,1,1,1,1,1,0,0,20261029,20261030
5524,1,1,1,1,1,0,0,20261029,20261030
17226,1,1,1,1,1,0,0,20261029,20261030
11453,1,1,1,1,1,0,0,20261029,20261030
11454,1,1,1,1,1,0,0,20261029,20261030
11455,1,1,1,1,1,0,0,20261029,20261030
4498,1,1,1,1,1,0,0,20261029,20261030
4424,1,1,1,1,1,0,0,20261029,20261030
13137,1,1,1,1,1,0,0,20261029,20261030
13660,1,1,1,1,1,0,0,20261029,20261030
3856,1,1,1,1,1,0,0,20261029,20261030
1245,1,1,1,1,1,0,0,20261029,20261030
13665,1,1,1,1,1,0,0,20261029,20261030
13176,1,1,1,1,1,0,0,20261029,20261030
3099,1,1,1,1,1,0,0,20261029,20261030
13136,1,1,1,1,1,0,0,20261029,20261030
4994,1,1,1,1,1,0,0,20261029,20261030
3092,1,1,1,1,1,0,0,20261029,20261030
3091,1,1,1,1,1,0,0,20261029,20261030
4995,1,1,1,1,1,0,0,20261029,20261030
3084,1,1,1,1,1,0,0,20261029,20261030
3083,1,1,1,1,1,0,0,20261029,20261030
3079,1,1,1,1,1,0,0,20261029,20261030
5535,1,1,1,1,1,0,0,20261029,20261030
5536,1,1,1,1,1,0,0,20261029,20261030
3850,1,1,1,1,1,0,0,20261029,20261030
3070,1,1,1,1,1,0,0,20261029,20261030
3069,1,1,1,1,1,0,0,20261029,20261030
4714,1,1,1,1,1,0,0,20261029,20261030
3064,1,1,1,1,1,0,0,20261029,20261030
5539,1,1,1,1,1,0,0,20261029,20261030
3061,1,1,1,1,1,0,0,20261029,20261030
13132,1,1,1,1,1,0,0,20261029,20261030
3849,1,1,1,1,1,0,0,20261029,20261030
3054,1,1,1,1,1,0,0,20261029,20261030
3053,1,1,1,1,1,0,0,20261029,20261030
4715,1,1,1,1,1,0,0,20261029,20261030
3049,1,1,1,1,1,0,0,20261029,20261030
4175,1,1,1,1,1,0,0,20261029,20261030
3042,1,1,1,1,1,0,0,20261029,20261030
3041,1,1,1,1,1,0,0,20261029,20261030
4320,1,1,1,1,1,0,0,20261029,20261030
3038,1,1,1,1,1,0,0,20261029,20261030
5545,1,1,1,1,1,0,0,20261029,20261030
5546,1,1,1,1,1,0,0,20261029,20261030
3031,1,1,1,1,1,0,0,20261029,20261030
3029,1,1,1,1,1,0,0,20261029,20261030
5003,1,1,1,1,1,0,0,20261029,20261030
16517,1,1,1,1,1,0,0,20261029,20261030
5550,1,1,1,1,1,0,0,20261029,20261030
4572,1,1,1,1,1,0,0,20261029,20261030
3019,1,1,1,1,1,0,0,20261029,20261030
4391,1,1,1,1,1,0,0,20261029,20261030
3016,1,1,1,1,1,0,0,20261029,20261030
3842,1,1,1,1,1,0,0,20261029,20261030
7516,1,1,1,1,1,0,0,20261029,20261030
7517,1,1,1,1,1,0,0,20261029,20261030
3012,1,1,1,1,1,0,0,20261029,20261030
3009,1,1,1,1,1,0,0,20261029,20261030
5555,1,1,1,1,1,0,0,20261029,20261030
16516,1,1,1,1,1,0,0,20261029,20261030
3004,1,1,1,1,1,0,0,20261029,20261030
3003,1,1,1,1,1,0,0,20261029,20261030
3841,1,1,1,1,1,0,0,20261029,20261030
5007,1,1,1,1,1,0,0,20261029,20261030
4171,1,1,1,1,1,0,0,20261029,20261030
2994,1,1,1,1,1,0,0,20261029,20261030
4465,1,1,1,1,1,0,0,20261029,20261030
2991,1,1,1,1,1,0,0,20261029,20261030
5561,1,1,1,1,1,0,0,20261029,20261030
5562,1,1,1,1,1,0,0,20261029,20261030
13126,1,1,1,1,1,0,0,20261029,20261030
4720,1,1,1,1,1,0,0,20261029,20261030
2982,1,1,1,1,1,0,0,20261029,20261030
834,1,1,1,1,1,0,0,20261029,20261030
835,1,1,1,1,1,0,0,20261029,20261030
841,1,1,1,1,1,0,0,20261029,20261030
845,1,1,1,1,1,0,0,20261029,20261030
849,1,1,1,1,1,0,0,20261029,20261030
129,1,1,1,1,1,0,0,20261029,20261030
133,1,1,1,1,1,0,0,20261029,20261030
1136,1,1,1,1,1,0,0,20261029,20261030
1142,1,1,1,1,1,0,0,20261029,20261030
1143,1,1,1,1,1,0,0,20261029,20261030
1146,1,1,1,1,1,0,0,20261029,20261030
1147,1,1,1,1,1,0,0,20261029,20261030
1152,1,1,1,1,1,0,0,20261029,20261030
9043,1,1,1,1,1,0,0,20261029,20261030
1155,1,1,1,1,1,0,0,20261029,20261030
141,1,1,1,1,1,0,0,20261029,20261030
142,1,1,1,1,1,0,0,20261029,20261030
853,1,1,1,1,1,0,0,20261029,20261030
14230,1,1,1,1,1,0,0,20261029,20261030
14229,1,1,1,1,1,0,0,20261029,20261030
9008,1,1,1,1,1,0,0,20261029,20261030
9007,1,1,1,1,1,0,0,20261029,20261030
9006,1,1,1,1,1,0,0,20261029,20261030
9005,1,1,1,1,1,0,0,20261029,20261030
4721,1,1,1,1,1,0,0,20261029,20261030
5566,1,1,1,1,1,0,0,20261029,20261030
2975,1,1,1,1,1,0,0,20261029,20261030
2974,1,1,1,1,1,0,0,20261029,20261030
3834,1,1,1,1,1,0,0,20261029,20261030
2969,1,1,1,1,1,0,0,20261029,20261030
5012,1,1,1,1,1,0,0,20261029,20261030
2965,1,1,1,1,1,0,0,20261029,20261030
3833,1,1,1,1,1,0,0,20261029,20261030
5013,1,1,1,1,1,0,0,20261029,20261030
2959,1,1,1,1,1,0,0,20261029,20261030
2958,1,1,1,1,1,0,0,20261029,20261030
1413,1,1,1,1,1,0,0,20261029,20261030
5572,1,1,1,1,1,0,0,20261029,20261030
2951,1,1,1,1,1,0,0,20261029,20261030
2947,1,1,1,1,1,0,0,20261029,20261030
2943,1,1,1,1,1,0,0,20261029,20261030
5575,1,1,1,1,1,0,0,20261029,20261030
2939,1,1,1,1,1,0,0,20261029,20261030
2934,1,1,1,1,1,0,0,20261029,20261030
1423,1,1,1,1,1,0,0,20261029,20261030
1424,1,1,1,1,1,0,0,20261029,20261030
8974,1,1,1,1,1,0,0,20261029,20261030
8973,1,1,1,1,1,0,0,20261029,20261030
1432,1,1,1,1,1,0,0,20261029,20261030
1434,1,1,1,1,1,0,0,20261029,20261030
1440,1,1,1,1,1,0,0,20261029,20261030
4390,1,1,1,1,1,0,0,20261029,20261030
2929,1,1,1,1,1,0,0,20261029,20261030
4501,1,1,1,1,1,0,0,20261029,20261030
4577,1,1,1,1,1,0,0,20261029,20261030
4725,1,1,1,1,1,0,0,20261029,20261030
5581,1,1,1,1,1,0,0,20261029,20261030
5582,1,1,1,1,1,0,0,20261029,20261030
17100,1,1,1,1,1,0,0,20261029,20261030
2912,1,1,1,1,1,0,0,20261029,20261030
16506,1,1,1,1,1,0,0,20261029,20261030
2909,1,1,1,1,1,0,0,20261029,20261030
5585,1,1,1,1,1,0,0,20261029,20261030
7657,1,1,1,1,1,0,0,20261029,20261030
1442,1,1,1,1,1,0,0,20261029,20261030
1448,1,1,1,1,1,0,0,20261029,20261030
1450,1,1,1,1,1,0,0,20261029,20261030
1452,1,1,1,1,1,0,0,20261029,20261030
1458,1,1,1,1,1,0,0,20261029,20261030
1244,1,1,1,1,1,0,0,20261029,20261030
3826,1,1,1,1,1,0,0,20261029,20261030
13669,1,1,1,1,1,0,0,20261029,20261030
5020,1,1,1,1,1,0,0,20261029,20261030
1238,1,1,1,1,1,0,0,20261029,20261030
13673,1,1,1,1,1,0,0,20261029,20261030
3825,1,1,1,1,1,0,0,20261029,20261030
1235,1,1,1,1,1,0,0,20261029,20261030
5021,1,1,1,1,1,0,0,20261029,20261030
13678,1,1,1,1,1,0,0,20261029,20261030
13679,1,1,1,1,1,0,0,20261029,20261030
5590,1,1,1,1,1,0,0,20261029,20261030
1230,1,1,1,1,1,0,0,20261029,20261030
13682,1,1,1,1,1,0,0,20261029,20261030
11485,1,1,1,1,1,0,0,20261029,20261030
11486,1,1,1,1,1,0,0,20261029,20261030
1227,1,1,1,1,1,0,0,20261029,20261030
1226,1,1,1,1,1,0,0,20261029,20261030
16505,1,1,1,1,1,0,0,20261029,20261030
13688,1,1,1,1,1,0,0,20261029,20261030
5592,1,1,1,1,1,0,0,20261029,20261030
13691,1,1,1,1,1,0,0,20261029,20261030
12158,1,1,1,1,1,0,0,20261029,20261030
2906,1,1,1,1,1,0,0,20261029,20261030
17099,1,1,1,1,1,0,0,20261029,20261030
2899,1,1,1,1,1,0,0,20261029,20261030
5596,1,1,1,1,1,0,0,20261029,20261030
4163,1,1,1,1,1,0,0,20261029,20261030
4313,1,1,1,1,1,0,0,20261029,20261030
3818,1,1,1,1,1,0,0,20261029,20261030
2890,1,1,1,1,1,0,0,20261029,20261030
4162,1,1,1,1,1,0,0,20261029,20261030
5601,1,1,1,1,1,0,0,20261029,20261030
2883,1,1,1,1,1,0,0,20261029,20261030
2882,1,1,1,1,1,0,0,20261029,20261030
3817,1,1,1,1,1,0,0,20261029,20261030
4502,1,1,1,1,1,0,0,20261029,20261030
2877,1,1,1,1,1,0,0,20261029,20261030
2876,1,1,1,1,1,0,0,20261029,20261030
5605,1,1,1,1,1,0,0,20261029,20261030
5606,1,1,1,1,1,0,0,20261029,20261030
2869,1,1,1,1,1,0,0,20261029,20261030
2868,1,1,1,1,1,0,0,20261029,20261030
5028,1,1,1,1,1,0,0,20261029,20261030
1462,1,1,1,1,1,0,0,20261029,20261030
1465,1,1,1,1,1,0,0,20261029,20261030
1470,1,1,1,1,1,0,0,20261029,20261030
2525,1,1,1,1,1,0,0,20261029,20261030
2526,1,1,1,1,1,0,0,20261029,20261030
17229,1,1,1,1,1,0,0,20261029,20261030
7814,1,1,1,1,1,0,0,20261029,20261030
233,1,1,1,1,1,0,0,20261029,20261030
5029,1,1,1,1,1,0,0,20261029,20261030
3814,1,1,1,1,1,0,0,20261029,20261030
13724,1,1,1,1,1,0,0,20261029,20261030
1219,1,1,1,1,1,0,0,20261029,20261030
13727,1,1,1,1,1,0,0,20261029,20261030
1218,1,1,1,1,1,0,0,20261029,20261030
293,1,1,1,1,1,0,0,20261029,20261030
5613,1,1,1,1,1,0,0,20261029,20261030
1214,1,1,1,1,1,0,0,20261029,20261030
4161,1,1,1,1,1,0,0,20261029,20261030
7829,1,1,1,1,1,0,0,20261029,20261030
5617,1,1,1,1,1,0,0,20261029,20261030
1210,1,1,1,1,1,0,0,20261029,20261030
4438,1,1,1,1,1,0,0,20261029,20261030
4729,1,1,1,1,1,0,0,20261029,20261030
17092,1,1,1,1,1,0,0,20261029,20261030
5621,1,1,1,1,1,0,0,20261029,20261030
16533,1,1,1,1,1,0,0,20261029,20261030
17234,1,1,1,1,1,0,0,20261029,20261030
5036,1,1,1,1,1,0,0,20261029,20261030
17238,1,1,1,1,1,0,0,20261029,20261030
59,1,1,1,1,1,0,0,20261029,20261030
17091,1,1,1,1,1,0,0,20261029,20261030
17242,1,1,1,1,1,0,0,20261029,20261030
225,1,1,1,1,1,0,0,20261029,20261030
3806,1,1,1,1,1,0,0,20261029,20261030
17246,1,1,1,1,1,0,0,20261029,20261030
16775,1,1,1,1,1,0,0,20261029,20261030
16776,1,1,1,1,1,0,0,20261029,20261030
16777,1,1,1,1,1,0,0,20261029,20261030
16778,1,1,1,1,1,0,0,20261029,20261030
16779,1,1,1,1,1,0,0,20261029,20261030
5037,1,1,1,1,1,0,0,20261029,20261030
17250,1,1,1,1,1,0,0,20261029,20261030
5627,1,1,1,1,1,0,0,20261029,20261030
17254,1,1,1,1,1,0,0,20261029,20261030
17256,1,1,1,1,1,0,0,20261029,20261030
220,1,1,1,1,1,0,0,20261029,20261030
17260,1,1,1,1,1,0,0,20261029,20261030
213,1,1,1,1,1,0,0,20261029,20261030
7874,1,1,1,1,1,0,0,20261029,20261030
7875,1,1,1,1,1,0,0,20261029,20261030
7876,1,1,1,1,1,0,0,20261029,20261030
208,1,1,1,1,1,0,0,20261029,20261030
206,1,1,1,1,1,0,0,20261029,20261030
11587,1,1,1,1,1,0,0,20261029,20261030
11588,1,1,1,1,1,0,0,20261029,20261030
193,1,1,1,1,1,0,0,20261029,20261030
191,1,1,1,1,1,0,0,20261029,20261030
190,1,1,1,1,1,0,0,20261029,20261030
183,1,1,1,1,1,0,0,20261029,20261030
176,1,1,1,1,1,0,0,20261029,20261030
15398,1,1,1,1,1,0,0,20261029,20261030
168,1,1,1,1,1,0,0,20261029,20261030
11613,1,1,1,1,1,0,0,20261029,20261030
11614,1,1,1,1,1,0,0,20261029,20261030
11615,1,1,1,1,1,0,0,20261029,20261030
163,1,1,1,1,1,0,0,20261029,20261030
7913,1,1,1,1,1,0,0,20261029,20261030
7914,1,1,1,1,1,0,0,20261029,20261030
7915,1,1,1,1,1,0,0,20261029,20261030
7916,1,1,1,1,1,0,0,20261029,20261030
7917,1,1,1,1,1,0,0,20261029,20261030
155,1,1,1,1,1,0,0,20261029,20261030
154,1,1,1,1,1,0,0,20261029,20261030
148,1,1,1,1,1,0,0,20261029,20261030
16834,1,1,1,1,1,0,0,20261029,20261030
16835,1,1,1,1,1,0,0,20261029,20261030
16836,1,1,1,1,1,0,0,20261029,20261030
16837,1,1,1,1,1,0,0,20261029,20261030
147,1,1,1,1,1,0,0,20261029,20261030
2865,1,1,1,1,1,0,0,20261029,20261030
2864,1,1,1,1,1,0,0,20261029,20261030
5629,1,1,1,1,1,0,0,20261029,20261030
3805,1,1,1,1,1,0,0,20261029,20261030
16,1,1,1,1,1,0,0,20261029,20261030
2855,1,1,1,1,1,0,0,20261029,20261030
5633,1,1,1,1,1,0,0,20261029,20261030
2850,1,1,1,1,1,0,0,20261029,20261030
2849,1,1,1,1,1,0,0,20261029,20261030
5635,1,1,1,1,1,0,0,20261029,20261030
2846,1,1,1,1,1,0,0,20261029,20261030
2845,1,1,1,1,1,0,0,20261029,20261030
4581,1,1,1,1,1,0,0,20261029,20261030
2840,1,1,1,1,1,0,0,20261029,20261030
2835,1,1,1,1,1,0,0,20261029,20261030
2834,1,1,1,1,1,0,0,20261029,20261030
17083,1,1,1,1,1,0,0,20261029,20261030
17082,1,1,1,1,1,0,0,20261029,20261030
2827,1,1,1,1,1,0,0,20261029,20261030
300,1,1,1,1,1,0,0,20261029,20261030
2824,1,1,1,1,1,0,0,20261029,20261030
7988,1,1,1,1,1,0,0,20261029,20261030
2535,1,1,1,1,1,0,0,20261029,20261030
2537,1,1,1,1,1,0,0,20261029,20261030
2542,1,1,1,1,1,0,0,20261029,20261030
2546,1,1,1,1,1,0,0,20261029,20261030
2550,1,1,1,1,1,0,0,20261029,20261030
2556,1,1,1,1,1,0,0,20261029,20261030
8827,1,1,1,1,1,0,0,20261029,20261030
8826,1,1,1,1,1,0,0,20261029,20261030
8825,1,1,1,1,1,0,0,20261029,20261030
2557,1,1,1,1,1,0,0,20261029,20261030
2566,1,1,1,1,1,0,0,20261029,20261030
2567,1,1,1,1,1,0,0,20261029,20261030
2574,1,1,1,1,1,0,0,20261029,20261030
2579,1,1,1,1,1,0,0,20261029,20261030
2582,1,1,1,1,1,0,0,20261029,20261030
2587,1,1,1,1,1,0,0,20261029,20261030
2588,1,1,1,1,1,0,0,20261029,20261030
2597,1,1,1,1,1,0,0,20261029,20261030
2598,1,1,1,1,1,0,0,20261029,20261030
2602,1,1,1,1,1,0,0,20261029,20261030
2605,1,1,1,1,1,0,0,20261029,20261030
2614,1,1,1,1,1,0,0,20261029,20261030
1474,1,1,1,1,1,0,0,20261029,20261030
1477,1,1,1,1,1,0,0,20261029,20261030
1479,1,1,1,1,1,0,0,20261029,20261030
1486,1,1,1,1,1,0,0,20261029,20261030
1487,1,1,1,1,1,0,0,20261029,20261030
1494,1,1,1,1,1,0,0,20261029,20261030
1498,1,1,1,1,1,0,0,20261029,20261030
1500,1,1,1,1,1,0,0,20261029,20261030
1504,1,1,1,1,1,0,0,20261029,20261030
17076,1,1,1,1,1,0,0,20261029,20261030
2817,1,1,1,1,1,0,0,20261029,20261030
2816,1,1,1,1,1,0,0,20261029,20261030
2813,1,1,1,1,1,0,0,20261029,20261030
17072,1,1,1,1,1,0,0,20261029,20261030
17,1,1,1,1,1,0,0,20261029,20261030
2808,1,1,1,1,1,0,0,20261029,20261030
2807,1,1,1,1,1,0,0,20261029,20261030
306,1,1,1,1,1,0,0,20261029,20261030
10347,1,1,1,1,1,0,0,20261029,20261030
2802,1,1,1,1,1,0,0,20261029,20261030
10346,1,1,1,1,1,0,0,20261029,20261030
2799,1,1,1,1,1,0,0,20261029,20261030
4309,1,1,1,1,1,0,0,20261029,20261030
3800,1,1,1,1,1,0,0,20261029,20261030
2794,1,1,1,1,1,0,0,20261029,20261030
2793,1,1,1,1,1,0,0,20261029,20261030
10345,1,1,1,1,1,0,0,20261029,20261030
2789,1,1,1,1,1,0,0,20261029,20261030
3799,1,1,1,1,1,0,0,20261029,20261030
2786,1,1,1,1,1,0,0,20261029,20261030
3798,1,1,1,1,1,0,0,20261029,20261030
2783,1,1,1,1,1,0,0,20261029,20261030
10344,1,1,1,1,1,0,0,20261029,20261030
2780,1,1,1,1,1,0,0,20261029,20261030
4156,1,1,1,1,1,0,0,20261029,20261030
2777,1,1,1,1,1,0,0,20261029,20261030
4451,1,1,1,1,1,0,0,20261029,20261030
2773,1,1,1,1,1,0,0,20261029,20261030
5044,1,1,1,1,1,0,0,20261029,20261030
2769,1,1,1,1,1,0,0,20261029,20261030
3791,1,1,1,1,1,0,0,20261029,20261030
2764,1,1,1,1,1,0,0,20261029,20261030
8060,1,1,1,1,1,0,0,20261029,20261030
17068,1,1,1,1,1,0,0,20261029,20261030
2761,1,1,1,1,1,0,0,20261029,20261030
17067,1,1,1,1,1,0,0,20261029,20261030
2757,1,1,1,1,1,0,0,20261029,20261030
307,1,1,1,1,1,0,0,20261029,20261030
1509,1,1,1,1,1,0,0,20261029,20261030
1510,1,1,1,1,1,0,0,20261029,20261030
1515,1,1,1,1,1,0,0,20261029,20261030
1516,1,1,1,1,1,0,0,20261029,20261030
1519,1,1,1,1,1,0,0,20261029,20261030
1523,1,1,1,1,1,0,0,20261029,20261030
1528,1,1,1,1,1,0,0,20261029,20261030
1162,1,1,1,1,1,0,0,20261029,20261030
8717,1,1,1,1,1,0,0,20261029,20261030
14160,1,1,1,1,1,0,0,20261029,20261030
1535,1,1,1,1,1,0,0,20261029,20261030
1536,1,1,1,1,1,0,0,20261029,20261030
1543,1,1,1,1,1,0,0,20261029,20261030
1544,1,1,1,1,1,0,0,20261029,20261030
14124,1,1,1,1,1,0,0,20261029,20261030
14123,1,1,1,1,1,0,0,20261029,20261030
8635,1,1,1,1,1,0,0,20261029,20261030
11927,1,1,1,1,1,0,0,20261029,20261030
1165,1,1,1,1,1,0,0,20261029,20261030
1166,1,1,1,1,1,0,0,20261029,20261030
11893,1,1,1,1,1,0,0,20261029,20261030
1171,1,1,1,1,1,0,0,20261029,20261030
8590,1,1,1,1,1,0,0,20261029,20261030
1174,1,1,1,1,1,0,0,20261029,20261030
1179,1,1,1,1,1,0,0,20261029,20261030
1182,1,1,1,1,1,0,0,20261029,20261030
1185,1,1,1,1,1,0,0,20261029,20261030
1190,1,1,1,1,1,0,0,20261029,20261030
1193,1,1,1,1,1,0,0,20261029,20261030
1196,1,1,1,1,1,0,0,20261029,20261030
1200,1,1,1,1,1,0,0,20261029,20261030
1204,1,1,1,1,1,0,0,20261029,20261030
1081,1,1,1,1,1,0,0,20261029,20261030
3788,1,1,1,1,1,1,1,20261029,20261030
1076,1,1,1,1,1,0,0,20261029,20261030
5045,1,1,1,1,1,0,0,20261029,20261030
312,1,1,1,1,1,0,0,20261029,20261030
1069,1,1,1,1,1,0,0,20261029,20261030
17057,1,1,1,1,1,0,0,20261029,20261030
1066,1,1,1,1,1,0,0,20261029,20261030
4734,1,1,1,1,1,0,0,20261029,20261030
1063,1,1,1,1,1,0,0,20261029,20261030
17056,1,1,1,1,1,0,0,20261029,20261030
1058,1,1,1,1,1,0,0,20261029,20261030
1055,1,1,1,1,1,0,0,20261029,20261030
1054,1,1,1,1,1,0,0,20261029,20261030
4735,1,1,1,1,1,0,0,20261029,20261030
13212,1,1,1,1,1,0,0,20261029,20261030
1049,1,1,1,1,1,0,0,20261029,20261030
11863,1,1,1,1,1,0,0,20261029,20261030
11862,1,1,1,1,1,0,0,20261029,20261030
3782,1,1,1,1,1,0,0,20261029,20261030
1037,1,1,1,1,1,0,0,20261029,20261030
13213,1,1,1,1,1,0,0,20261029,20261030
1378,1,1,1,1,1,0,0,20261029,20261030
13216,1,1,1,1,1,0,0,20261029,20261030
5049,1,1,1,1,1,0,0,20261029,20261030
4151,1,1,1,1,1,0,0,20261029,20261030
1024,1,1,1,1,1,0,0,20261029,20261030
1023,1,1,1,1,1,0,0,20261029,20261030
16547,1,1,1,1,1,0,0,20261029,20261030
10667,1,1,1,1,1,0,0,20261029,20261030
3778,1,1,1,1,1,0,0,20261029,20261030
13869,1,1,1,1,1,0,0,20261029,20261030
912,1,1,1,1,1,0,0,20261029,20261030
911,1,1,1,1,1,0,0,20261029,20261030
13219,1,1,1,1,1,0,0,20261029,20261030
4421,1,1,1,1,1,0,0,20261029,20261030
905,1,1,1,1,1,0,0,20261029,20261030
904,1,1,1,1,1,0,0,20261029,20261030
2753,1,1,1,1,1,0,0,20261029,20261030
1376,1,1,1,1,1,0,0,20261029,20261030
2749,1,1,1,1,1,0,0,20261029,20261030
2748,1,1,1,1,1,0,0,20261029,20261030
13224,1,1,1,1,1,0,0,20261029,20261030
2741,1,1,1,1,1,0,0,20261029,20261030
13225,1,1,1,1,1,0,0,20261029,20261030
13226,1,1,1,1,1,0,0,20261029,20261030
2734,1,1,1,1,1,0,0,20261029,20261030
2733,1,1,1,1,1,0,0,20261029,20261030
5053,1,1,1,1,1,0,0,20261029,20261030
2728,1,1,1,1,1,0,0,20261029,20261030
16551,1,1,1,1,1,0,0,20261029,20261030
2724,1,1,1,1,1,0,0,20261029,20261030
4584,1,1,1,1,1,0,0,20261029,20261030
2721,1,1,1,1,1,0,0,20261029,20261030
4385,1,1,1,1,1,0,0,20261029,20261030
2714,1,1,1,1,1,0,0,20261029,20261030
2711,1,1,1,1,1,0,0,20261029,20261030
3774,1,1,1,1,1,0,0,20261029,20261030
10680,1,1,1,1,1,0,0,20261029,20261030
2706,1,1,1,1,1,0,0,20261029,20261030
2702,1,1,1,1,1,0,0,20261029,20261030
2701,1,1,1,1,1,0,0,20261029,20261030
3770,1,1,1,1,1,0,0,20261029,20261030
2694,1,1,1,1,1,0,0,20261029,20261030
2693,1,1,1,1,1,0,0,20261029,20261030
17050,1,1,1,1,1,0,0,20261029,20261030
2688,1,1,1,1,1,0,0,20261029,20261030
13233,1,1,1,1,1,0,0,20261029,20261030
4147,1,1,1,1,1,0,0,20261029,20261030
2683,1,1,1,1,1,0,0,20261029,20261030
2680,1,1,1,1,1,0,0,20261029,20261030
13234,1,1,1,1,1,0,0,20261029,20261030
1373,1,1,1,1,1,0,0,20261029,20261030
2675,1,1,1,1,1,0,0,20261029,20261030
2674,1,1,1,1,1,0,0,20261029,20261030
3766,1,1,1,1,1,0,0,20261029,20261030
2670,1,1,1,1,1,0,0,20261029,20261030
2669,1,1,1,1,1,0,0,20261029,20261030
4468,1,1,1,1,1,0,0,20261029,20261030
2664,1,1,1,1,1,0,0,20261029,20261030
5060,1,1,1,1,1,0,0,20261029,20261030
8271,1,1,1,1,1,0,0,20261029,20261030
8272,1,1,1,1,1,0,0,20261029,20261030
8509,1,1,1,1,1,0,0,20261029,20261030
8508,1,1,1,1,1,0,0,20261029,20261030
13237,1,1,1,1,1,0,0,20261029,20261030
899,1,1,1,1,1,0,0,20261029,20261030
898,1,1,1,1,1,0,0,20261029,20261030
3761,1,1,1,1,1,0,0,20261029,20261030
13238,1,1,1,1,1,0,0,20261029,20261030
891,1,1,1,1,1,0,0,20261029,20261030
890,1,1,1,1,1,0,0,20261029,20261030
5061,1,1,1,1,1,0,0,20261029,20261030
11694,1,1,1,1,1,0,0,20261029,20261030
4740,1,1,1,1,1,0,0,20261029,20261030
885,1,1,1,1,1,0,0,20261029,20261030
884,1,1,1,1,1,0,0,20261029,20261030
4741,1,1,1,1,1,0,0,20261029,20261030
4143,1,1,1,1,1,0,0,20261029,20261030
879,1,1,1,1,1,0,0,20261029,20261030
878,1,1,1,1,1,0,0,20261029,20261030
1207,1,1,1,1,1,0,0,20261029,20261030
16555,1,1,1,1,1,0,0,20261029,20261030
11719,1,1,1,1,1,0,0,20261029,20261030
11720,1,1,1,1,1,0,0,20261029,20261030
11721,1,1,1,1,1,0,0,20261029,20261030
11722,1,1,1,1,1,0,0,20261029,20261030
17107,1,1,1,1,1,0,0,20261029,20261030
16557,1,1,1,1,1,0,0,20261029,20261030
871,1,1,1,1,1,0,0,20261029,20261030
13245,1,1,1,1,1,0,0,20261029,20261030
868,1,1,1,1,1,0,0,20261029,20261030
867,1,1,1,1,1,0,0,20261029,20261030
13246,1,1,1,1,1,0,0,20261029,20261030
862,1,1,1,1,1,0,0,20261029,20261030
861,1,1,1,1,1,0,0,20261029,20261030
5067,1,1,1,1,1,0,0,20261029,20261030
3757,1,1,1,1,1,0,0,20261029,20261030
857,1,1,1,1,1,0,0,20261029,20261030
13249,1,1,1,1,1,0,0,20261029,20261030
2659,1,1,1,1,1,0,0,20261029,20261030
13250,1,1,1,1,1,0,0,20261029,20261030
2654,1,1,1,1,1,0,0,20261029,20261030
318,1,1,1,1,1,0,0,20261029,20261030
1367,1,1,1,1,1,0,0,20261029,20261030
2649,1,1,1,1,1,0,0,20261029,20261030
2648,1,1,1,1,1,0,0,20261029,20261030
5068,1,1,1,1,1,0,0,20261029,20261030
13254,1,1,1,1,1,0,0,20261029,20261030
2641,1,1,1,1,1,0,0,20261029,20261030
2640,1,1,1,1,1,0,0,20261029,20261030
13193,1,1,1,1,1,0,0,20261029,20261030
2634,1,1,1,1,1,0,0,20261029,20261030
2633,1,1,1,1,1,0,0,20261029,20261030
1574,1,1,1,1,1,0,0,20261029,20261030
1573,1,1,1,1,1,0,0,20261029,20261030
4587,1,1,1,1,1,0,0,20261029,20261030
3753,1,1,1,1,1,0,0,20261029,20261030
3750,1,1,1,1,1,0,0,20261029,20261030
4139,1,1,1,1,1,0,0,20261029,20261030
1568,1,1,1,1,1,0,0,20261029,20261030
13258,1,1,1,1,1,0,0,20261029,20261030
2626,1,1,1,1,1,0,0,20261029,20261030
1563,1,1,1,1,1,0,0,20261029,20261030
1562,1,1,1,1,1,0,0,20261029,20261030
1558,1,1,1,1,1,0,0,20261029,20261030
16561,1,1,1,1,1,0,0,20261029,20261030
13261,1,1,1,1,1,0,0,20261029,20261030
2625,1,1,1,1,1,0,0,20261029,20261030
4384,1,1,1,1,1,0,0,20261029,20261030
13262,1,1,1,1,1,0,0,20261029,20261030
13263,1,1,1,1,1,0,0,20261029,20261030
1364,1,1,1,1,1,0,0,20261029,20261030
2618,1,1,1,1,1,0,0,20261029,20261030
3743,1,1,1,1,1,0,0,20261029,20261030
5076,1,1,1,1,1,0,0,20261029,20261030
2615,1,1,1,1,1,0,0,20261029,20261030
1552,1,1,1,1,1,0,0,20261029,20261030
1551,1,1,1,1,1,0,0,20261029,20261030
3739,1,1,1,1,1,0,0,20261029,20261030
5077,1,1,1,1,1,0,0,20261029,20261030
3737,1,1,1,1,1,0,0,20261029,20261030
4136,1,1,1,1,1,0,0,20261029,20261030
4302,1,1,1,1,1,0,0,20261029,20261030
3734,1,1,1,1,1,0,0,20261029,20261030
5429,1,1,1,1,1,0,0,20261029,20261030
3914,1,1,1,1,1,0,0,20261029,20261030
1652,1,1,1,1,1,0,0,20261029,20261030
1651,1,1,1,1,1,0,0,20261029,20261030
4336,1,1,1,1,1,0,0,20261029,20261030
5432,1,1,1,1,1,0,0,20261029,20261030
1646,1,1,1,1,1,0,0,20261029,20261030
1645,1,1,1,1,1,0,0,20261029,20261030
11188,1,1,1,1,1,0,0,20261029,20261030
11189,1,1,1,1,1,0,0,20261029,20261030
4443,1,1,1,1,1,0,0,20261029,20261030
16525,1,1,1,1,1,0,0,20261029,20261030
9553,1,1,1,1,1,0,0,20261029,20261030
9552,1,1,1,1,1,0,0,20261029,20261030
6978,1,1,1,1,1,0,0,20261029,20261030
6979,1,1,1,1,1,0,0,20261029,20261030
6980,1,1,1,1,1,0,0,20261029,20261030
6981,1,1,1,1,1,0,0,20261029,20261030
6982,1,1,1,1,1,0,0,20261029,20261030
6983,1,1,1,1,1,0,0,20261029,20261030
9538,1,1,1,1,1,0,0,20261029,20261030
9537,1,1,1,1,1,0,0,20261029,20261030
9536,1,1,1,1,1,0,0,20261029,20261030
9535,1,1,1,1,1,0,0,20261029,20261030
275,1,1,1,1,1,0,0,20261029,20261030
16651,1,1,1,1,1,0,0,20261029,20261030
16652,1,1,1,1,1,0,0,20261029,20261030
5435,1,1,1,1,1,0,0,20261029,20261030
16654,1,1,1,1,1,0,0,20261029,20261030
4199,1,1,1,1,1,0,0,20261029,20261030
17137,1,1,1,1,1,0,0,20261029,20261030
16658,1,1,1,1,1,0,0,20261029,20261030
12596,1,1,1,1,1,0,0,20261029,20261030
4446,1,1,1,1,1,0,0,20261029,20261030
3911,1,1,1,1,1,0,0,20261029,20261030
4949,1,1,1,1,1,0,0,20261029,20261030
1284,1,1,1,1,1,0,0,20261029,20261030
5440,1,1,1,1,1,0,0,20261029,20261030
3909,1,1,1,1,1,0,0,20261029,20261030
1277,1,1,1,1,1,0,0,20261029,20261030
4561,1,1,1,1,1,0,0,20261029,20261030
1272,1,1,1,1,1,0,0,20261029,20261030
1270,1,1,1,1,1,0,0,20261029,20261030
1638,1,1,1,1,1,0,0,20261029,20261030
1637,1,1,1,1,1,0,0,20261029,20261030
4695,1,1,1,1,1,0,0,20261029,20261030
5445,1,1,1,1,1,0,0,20261029,20261030
1630,1,1,1,1,1,0,0,20261029,20261030
1629,1,1,1,1,1,0,0,20261029,20261030
5446,1,1,1,1,1,0,0,20261029,20261030
4696,1,1,1,1,1,0,0,20261029,20261030
1624,1,1,1,1,1,0,0,20261029,20261030
4954,1,1,1,1,1,0,0,20261029,20261030
1619,1,1,1,1,1,0,0,20261029,20261030
1618,1,1,1,1,1,0,0,20261029,20261030
16524,1,1,1,1,1,0,0,20261029,20261030
1614,1,1,1,1,1,0,0,20261029,20261030
13153,1,1,1,1,1,0,0,20261029,20261030
4955,1,1,1,1,1,0,0,20261029,20261030
1609,1,1,1,1,1,0,0,20261029,20261030
1608,1,1,1,1,1,0,0,20261029,20261030
4332,1,1,1,1,1,0,0,20261029,20261030
5453,1,1,1,1,1,0,0,20261029,20261030
1601,1,1,1,1,1,0,0,20261029,20261030
3902,1,1,1,1,1,0,0,20261029,20261030
1596,1,1,1,1,1,0,0,20261029,20261030
1595,1,1,1,1,1,0,0,20261029,20261030
4396,1,1,1,1,1,0,0,20261029,20261030
3900,1,1,1,1,1,0,0,20261029,20261030
11276,1,1,1,1,1,0,0,20261029,20261030
4958,1,1,1,1,1,0,0,20261029,20261030
7059,1,1,1,1,1,0,0,20261029,20261030
7060,1,1,1,1,1,0,0,20261029,20261030
1588,1,1,1,1,1,0,0,20261029,20261030
1587,1,1,1,1,1,0,0,20261029,20261030
5458,1,1,1,1,1,0,0,20261029,20261030
1583,1,1,1,1,1,0,0,20261029,20261030
5459,1,1,1,1,1,0,0,20261029,20261030
1580,1,1,1,1,1,0,0,20261029,20261030
4959,1,1,1,1,1,0,0,20261029,20261030
12595,1,1,1,1,1,0,0,20261029,20261030
12594,1,1,1,1,1,0,0,20261029,20261030
12576,1,1,1,1,1,0,0,20261029,20261030
12575,1,1,1,1,1,0,0,20261029,20261030
14542,1,1,1,1,1,0,0,20261029,20261030
12533,1,1,1,1,1,0,0,20261029,20261030
12532,1,1,1,1,1,0,0,20261029,20261030
12531,1,1,1,1,1,0,0,20261029,20261030
611,1,1,1,1,1,0,0,20261029,20261030
614,1,1,1,1,1,0,0,20261029,20261030
617,1,1,1,1,1,0,0,20261029,20261030
620,1,1,1,1,1,0,0,20261029,20261030
623,1,1,1,1,1,0,0,20261029,20261030
626,1,1,1,1,1,0,0,20261029,20261030
627,1,1,1,1,1,0,0,20261029,20261030
632,1,1,1,1,1,0,0,20261029,20261030
635,1,1,1,1,1,0,0,20261029,20261030
640,1,1,1,1,1,0,0,20261029,20261030
7086,1,1,1,1,1,0,0,20261029,20261030
646,1,1,1,1,1,0,0,20261029,20261030
649,1,1,1,1,1,0,0,20261029,20261030
654,1,1,1,1,1,0,0,20261029,20261030
658,1,1,1,1,1,0,0,20261029,20261030
12491,1,1,1,1,1,0,0,20261029,20261030
659,1,1,1,1,1,0,0,20261029,20261030
662,1,1,1,1,1,0,0,20261029,20261030
667,1,1,1,1,1,0,0,20261029,20261030
671,1,1,1,1,1,0,0,20261029,20261030
673,1,1,1,1,1,0,0,20261029,20261030
676,1,1,1,1,1,0,0,20261029,20261030
681,1,1,1,1,1,0,0,20261029,20261030
685,1,1,1,1,1,0,0,20261029,20261030
15967,1,1,1,1,1,0,0,20261029,20261030
687,1,1,1,1,1,0,0,20261029,20261030
690,1,1,1,1,1,0,0,20261029,20261030
695,1,1,1,1,1,0,0,20261029,20261030
699,1,1,1,1,1,0,0,20261029,20261030
702,1,1,1,1,1,0,0,20261029,20261030
9388,1,1,1,1,1,0,0,20261029,20261030
705,1,1,1,1,1,0,0,20261029,20261030
12460,1,1,1,1,1,0,0,20261029,20261030
12459,1,1,1,1,1,0,0,20261029,20261030
12458,1,1,1,1,1,0,0,20261029,20261030
12457,1,1,1,1,1,0,0,20261029,20261030
709,1,1,1,1,1,0,0,20261029,20261030
4194,1,1,1,1,1,0,0,20261029,20261030
1266,1,1,1,1,1,0,0,20261029,20261030
4495,1,1,1,1,1,0,0,20261029,20261030
7124,1,1,1,1,1,0,0,20261029,20261030
1402,1,1,1,1,1,0,0,20261029,20261030
712,1,1,1,1,1,0,0,20261029,20261030
715,1,1,1,1,1,0,0,20261029,20261030
9365,1,1,1,1,1,0,0,20261029,20261030
3280,1,1,1,1,1,0,0,20261029,20261030
3277,1,1,1,1,1,0,0,20261029,20261030
3276,1,1,1,1,1,0,0,20261029,20261030
3925,1,1,1,1,1,0,0,20261029,20261030
4686,1,1,1,1,1,0,0,20261029,20261030
3271,1,1,1,1,1,0,0,20261029,20261030
2052,1,1,1,1,1,0,0,20261029,20261030
3267,1,1,1,1,1,0,0,20261029,20261030
5411,1,1,1,1,1,0,0,20261029,20261030
4935,1,1,1,1,1,0,0,20261029,20261030
3262,1,1,1,1,1,0,0,20261029,20261030
3261,1,1,1,1,1,0,0,20261029,20261030
4936,1,1,1,1,1,0,0,20261029,20261030
5414,1,1,1,1,1,0,0,20261029,20261030
3254,1,1,1,1,1,0,0,20261029,20261030
2050,1,1,1,1,1,0,0,20261029,20261030
4556,1,1,1,1,1,0,0,20261029,20261030
3248,1,1,1,1,1,0,0,20261029,20261030
3247,1,1,1,1,1,0,0,20261029,20261030
13174,1,1,1,1,1,0,0,20261029,20261030
5418,1,1,1,1,1,0,0,20261029,20261030
3240,1,1,1,1,1,0,0,20261029,20261030
4205,1,1,1,1,1,0,0,20261029,20261030
3236,1,1,1,1,1,0,0,20261029,20261030
4689,1,1,1,1,1,0,0,20261029,20261030
3233,1,1,1,1,1,0,0,20261029,20261030
6879,1,1,1,1,1,0,0,20261029,20261030
12670,1,1,1,1,1,0,0,20261029,20261030
12669,1,1,1,1,1,0,0,20261029,20261030
12668,1,1,1,1,1,0,0,20261029,20261030
12667,1,1,1,1,1,0,0,20261029,20261030
1106,1,1,1,1,1,0,0,20261029,20261030
1113,1,1,1,1,1,0,0,20261029,20261030
1122,1,1,1,1,1,0,0,20261029,20261030
1125,1,1,1,1,1,0,0,20261029,20261030
1128,1,1,1,1,1,0,0,20261029,20261030
1129,1,1,1,1,1,0,0,20261029,20261030
1308,1,1,1,1,1,0,0,20261029,20261030
1307,1,1,1,1,1,0,0,20261029,20261030
5421,1,1,1,1,1,0,0,20261029,20261030
1879,1,1,1,1,1,0,0,20261029,20261030
1300,1,1,1,1,1,0,0,20261029,20261030
1299,1,1,1,1,1,0,0,20261029,20261030
1878,1,1,1,1,1,0,0,20261029,20261030
3918,1,1,1,1,1,0,0,20261029,20261030
1292,1,1,1,1,1,0,0,20261029,20261030
1291,1,1,1,1,1,0,0,20261029,20261030
11167,1,1,1,1,1,0,0,20261029,20261030
11168,1,1,1,1,1,0,0,20261029,20261030
11169,1,1,1,1,1,0,0,20261029,20261030
4204,1,1,1,1,1,0,0,20261029,20261030
5426,1,1,1,1,1,0,0,20261029,20261030
1668,1,1,1,1,1,0,0,20261029,20261030
1667,1,1,1,1,1,0,0,20261029,20261030
4558,1,1,1,1,1,0,0,20261029,20261030
4944,1,1,1,1,1,0,0,20261029,20261030
1660,1,1,1,1,1,0,0,20261029,20261030
1659,1,1,1,1,1,0,0,20261029,20261030
56,1,1,1,1,1,0,0,20261031,20261130
54,1,1,1,1,1,0,0,20261031,20261130
52,1,1,1,1,1,0,0,20261031,20261130
50,1,1,1,1,1,0,0,20261031,20261130
279,1,1,1,1,1,0,0,20261031,20261130
281,1,1,1,1,1,0,0,20261031,20261130
120,1,1,1,1,1,0,0,20261031,20261130
46,1,1,1,1,1,0,0,20261031,20261130
117,1,1,1,1,1,0,0,20261031,20261130
114,1,1,1,1,1,0,0,20261031,20261130
110,1,1,1,1,1,0,0,20261031,20261130
108,1,1,1,1,1,0,0,20261031,20261130
106,1,1,1,1,1,0,0,20261031,20261130
44,1,1,1,1,1,0,0,20261031,20261130
42,1,1,1,1,1,0,0,20261031,20261130
15,1,1,1,1,1,0,0,20261031,20261130
128,1,1,1,1,1,0,0,20261031,20261130
222,1,1,1,1,1,0,0,20261031,20261130
58,1,1,1,1,1,0,0,20261031,20261130
126,1,1,1,1,1,0,0,20261031,20261130
124,1,1,1,1,1,0,0,20261031,20261130
122,1,1,1,1,1,0,0,20261031,20261130
13664,1,1,1,1,1,0,0,20261031,20261130
13662,1,1,1,1,1,0,0,20261031,20261130
7,1,1,1,1,1,0,0,20261031,20261130
266,1,1,1,1,1,0,0,20261031,20261130
274,1,1,1,1,1,0,0,20261031,20261130
4,1,1,1,1,1,0,0,20261031,20261130
13659,1,1,1,1,1,0,0,20261031,20261130
235,1,1,1,1,1,0,0,20261031,20261130
237,1,1,1,1,1,0,0,20261031,20261130
240,1,1,1,1,1,0,0,20261031,20261130
242,1,1,1,1,1,0,0,20261031,20261130
249,1,1,1,1,1,0,0,20261031,20261130
270,1,1,1,1,1,0,0,20261031,20261130
68,1,1,1,1,1,0,0,20261031,20261130
64,1,1,1,1,1,0,0,20261031,20261130
253,1,1,1,1,1,0,0,20261031,20261130
247,1,1,1,1,1,0,0,20261031,20261130
224,1,1,1,1,1,0,0,20261031,20261130
227,1,1,1,1,1,0,0,20261031,20261130
230,1,1,1,1,1,0,0,20261031,20261130
102,1,1,1,1,1,0,0,20261031,20261130
100,1,1,1,1,1,0,0,20261031,20261130
97,1,1,1,1,1,0,0,20261031,20261130
38,1,1,1,1,1,0,0,20261031,20261130
36,1,1,1,1,1,0,0,20261031,20261130
33,1,1,1,1,1,0,0,20261031,20261130
95,1,1,1,1,1,0,0,20261031,20261130
31,1,1,1,1,1,0,0,20261031,20261130
91,1,1,1,1,1,0,0,20261031,20261130
89,1,1,1,1,1,0,0,20261031,20261130
87,1,1,1,1,1,0,0,20261031,20261130
27,1,1,1,1,1,0,0,20261031,20261130
85,1,1,1,1,1,0,0,20261031,20261130
25,1,1,1,1,1,0,0,20261031,20261130
81,1,1,1,1,1,0,0,20261031,20261130
78,1,1,1,1,1,0,0,20261031,20261130
283,1,1,1,1,1,0,0,20261031,20261130
76,1,1,1,1,1,0,0,20261031,20261130
341,1,1,1,1,1,0,0,20261031,20261130
21,1,1,1,1,1,0,0,20261031,20261130
338,1,1,1,1,1,0,0,20261031,20261130
335,1,1,1,1,1,0,0,20261031,20261130
19,1,1,1,1,1,0,0,20261031,20261130
331,1,1,1,1,1,0,0,20261031,20261130
328,1,1,1,1,1,0,0,20261031,20261130
326,1,1,1,1,1,0,0,20261031,20261130
232,1,1,1,1,1,0,0,20261031,20261130
323,1,1,1,1,1,0,0,20261031,20261130
320,1,1,1,1,1,0,0,20261031,20261130
13,1,1,1,1,1,0,0,20261031,20261130
72,1,1,1,1,1,0,0,20261031,20261130
286,1,1,1,1,1,0,0,20261031,20261130
317,1,1,1,1,1,0,0,20261031,20261130
314,1,1,1,1,1,0,0,20261031,20261130
311,1,1,1,1,1,0,0,20261031,20261130
309,1,1,1,1,1,0,0,20261031,20261130
305,1,1,1,1,1,0,0,20261031,20261130
302,1,1,1,1,1,0,0,20261031,20261130
70,1,1,1,1,1,0,0,20261031,20261130
299,1,1,1,1,1,0,0,20261031,20261130
297,1,1,1,1,1,0,0,20261031,20261130
146,1,1,1,1,1,0,0,20261031,20261130
151,1,1,1,1,1,0,0,20261031,20261130
153,1,1,1,1,1,0,0,20261031,20261130
157,1,1,1,1,1,0,0,20261031,20261130
159,1,1,1,1,1,0,0,20261031,20261130
295,1,1,1,1,1,0,0,20261031,20261130
2,1,1,1,1,1,0,0,20261031,20261130
13690,1,1,1,1,1,0,0,20261031,20261130
13687,1,1,1,1,1,0,0,20261031,20261130
161,1,1,1,1,1,0,0,20261031,20261130
165,1,1,1,1,1,0,0,20261031,20261130
167,1,1,1,1,1,0,0,20261031,20261130
170,1,1,1,1,1,0,0,20261031,20261130
172,1,1,1,1,1,0,0,20261031,20261130
174,1,1,1,1,1,0,0,20261031,20261130
178,1,1,1,1,1,0,0,20261031,20261130
180,1,1,1,1,1,0,0,20261031,20261130
9,1,1,1,1,1,0,0,20261031,20261130
272,1,1,1,1,1,0,0,20261031,20261130
13684,1,1,1,1,1,0,0,20261031,20261130
255,1,1,1,1,1,0,0,20261031,20261130
289,1,1,1,1,1,0,0,20261031,20261130
258,1,1,1,1,1,0,0,20261031,20261130
182,1,1,1,1,1,0,0,20261031,20261130
185,1,1,1,1,1,0,0,20261031,20261130
187,1,1,1,1,1,0,0,20261031,20261130
189,1,1,1,1,1,0,0,20261031,20261130
195,1,1,1,1,1,0,0,20261031,20261130
197,1,1,1,1,1,0,0,20261031,20261130
199,1,1,1,1,1,0,0,20261031,20261130
201,1,1,1,1,1,0,0,20261031,20261130
203,1,1,1,1,1,0,0,20261031,20261130
260,1,1,1,1,1,0,0,20261031,20261130
66,1,1,1,1,1,0,0,20261031,20261130
264,1,1,1,1,1,0,0,20261031,20261130
13676,1,1,1,1,1,0,0,20261031,20261130
13672,1,1,1,1,1,0,0,20261031,20261130
13668,1,1,1,1,1,0,0,20261031,20261130
292,1,1,1,1,1,0,0,20261031,20261130
144,1,1,1,1,1,0,0,20261031,20261130
139,1,1,1,1,1,0,0,20261031,20261130
137,1,1,1,1,1,0,0,20261031,20261130
205,1,1,1,1,1,0,0,20261031,20261130
210,1,1,1,1,1,0,0,20261031,20261130
212,1,1,1,1,1,0,0,20261031,20261130
215,1,1,1,1,1,0,0,20261031,20261130
217,1,1,1,1,1,0,0,20261031,20261130
219,1,1,1,1,1,0,0,20261031,20261130
135,1,1,1,1,1,0,0,20261031,20261130
131,1,1,1,1,1,0,0,20261031,20261130
1395,1,1,1,1,1,0,0,20261031,20261212
4450,1,1,1,1,1,0,0,20261031,20261212
4442,1,1,1,1,1,0,0,20261031,20261212
4454,1,1,1,1,1,0,0,20261031,20261212
4440,1,1,1,1,1,0,0,20261031,20261212
4463,1,1,1,1,1,0,0,20261031,20261212
4467,1,1,1,1,1,0,0,20261031,20261212
4471,1,1,1,1,1,0,0,20261031,20261212
4473,1,1,1,1,1,0,0,20261031,20261212
4435,1,1,1,1,1,0,0,20261031,20261212
4477,1,1,1,1,1,0,0,20261031,20261212
4433,1,1,1,1,1,0,0,20261031,20261212
4482,1,1,1,1,1,0,0,20261031,20261212
4484,1,1,1,1,1,0,0,20261031,20261212
4488,1,1,1,1,1,0,0,20261031,20261212
4429,1,1,1,1,1,0,0,20261031,20261212
4490,1,1,1,1,1,0,0,20261031,20261212
4427,1,1,1,1,1,0,0,20261031,20261212
4494,1,1,1,1,1,0,0,20261031,20261212
4497,1,1,1,1,1,0,0,20261031,20261212
4500,1,1,1,1,1,0,0,20261031,20261212
4423,1,1,1,1,1,0,0,20261031,20261212
4504,1,1,1,1,1,0,0,20261031,20261212
4506,1,1,1,1,1,0,0,20261031,20261212
13170,1,1,1,1,1,0,0,20261031,20261212
4420,1,1,1,1,1,0,0,20261031,20261212
4510,1,1,1,1,1,0,0,20261031,20261212
4418,1,1,1,1,1,0,0,20261031,20261212
4514,1,1,1,1,1,0,0,20261031,20261212
4516,1,1,1,1,1,0,0,20261031,20261212
4519,1,1,1,1,1,0,0,20261031,20261212
4414,1,1,1,1,1,0,0,20261031,20261212
4523,1,1,1,1,1,0,0,20261031,20261212
4412,1,1,1,1,1,0,0,20261031,20261212
4526,1,1,1,1,1,0,0,20261031,20261212
4528,1,1,1,1,1,0,0,20261031,20261212
4531,1,1,1,1,1,0,0,20261031,20261212
4408,1,1,1,1,1,0,0,20261031,20261212
4535,1,1,1,1,1,0,0,20261031,20261212
4406,1,1,1,1,1,0,0,20261031,20261212
4539,1,1,1,1,1,0,0,20261031,20261212
4543,1,1,1,1,1,0,0,20261031,20261212
4546,1,1,1,1,1,0,0,20261031,20261212
4402,1,1,1,1,1,0,0,20261031,20261212
4548,1,1,1,1,1,0,0,20261031,20261212
4552,1,1,1,1,1,0,0,20261031,20261212
4554,1,1,1,1,1,0,0,20261031,20261212
13173,1,1,1,1,1,0,0,20261031,20261212
4398,1,1,1,1,1,0,0,20261031,20261212
4560,1,1,1,1,1,0,0,20261031,20261212
4563,1,1,1,1,1,0,0,20261031,20261212
4395,1,1,1,1,1,0,0,20261031,20261212
4566,1,1,1,1,1,0,0,20261031,20261212
4393,1,1,1,1,1,0,0,20261031,20261212
4570,1,1,1,1,1,0,0,20261031,20261212
4574,1,1,1,1,1,0,0,20261031,20261212
4576,1,1,1,1,1,0,0,20261031,20261212
4389,1,1,1,1,1,0,0,20261031,20261212
4579,1,1,1,1,1,0,0,20261031,20261212
4387,1,1,1,1,1,0,0,20261031,20261212
4583,1,1,1,1,1,0,0,20261031,20261212
4586,1,1,1,1,1,0,0,20261031,20261212
4589,1,1,1,1,1,0,0,20261031,20261212
4383,1,1,1,1,1,0,0,20261031,20261212
4591,1,1,1,1,1,0,0,20261031,20261212
1392,1,1,1,1,1,0,0,20261031,20261212
4596,1,1,1,1,1,0,0,20261031,20261212
4380,1,1,1,1,1,0,0,20261031,20261212
4599,1,1,1,1,1,0,0,20261031,20261212
4378,1,1,1,1,1,0,0,20261031,20261212
4601,1,1,1,1,1,0,0,20261031,20261212
4605,1,1,1,1,1,0,0,20261031,20261212
4607,1,1,1,1,1,0,0,20261031,20261212
4611,1,1,1,1,1,0,0,20261031,20261212
4373,1,1,1,1,1,0,0,20261031,20261212
4613,1,1,1,1,1,0,0,20261031,20261212
13179,1,1,1,1,1,0,0,20261031,20261212
4371,1,1,1,1,1,0,0,20261031,20261212
4618,1,1,1,1,1,0,0,20261031,20261212
4621,1,1,1,1,1,0,0,20261031,20261212
4368,1,1,1,1,1,0,0,20261031,20261212
4624,1,1,1,1,1,0,0,20261031,20261212
4366,1,1,1,1,1,0,0,20261031,20261212
4626,1,1,1,1,1,0,0,20261031,20261212
4630,1,1,1,1,1,0,0,20261031,20261212
4632,1,1,1,1,1,0,0,20261031,20261212
4362,1,1,1,1,1,0,0,20261031,20261212
4638,1,1,1,1,1,0,0,20261031,20261212
4640,1,1,1,1,1,0,0,20261031,20261212
4644,1,1,1,1,1,0,0,20261031,20261212
4358,1,1,1,1,1,0,0,20261031,20261212
4646,1,1,1,1,1,0,0,20261031,20261212
4356,1,1,1,1,1,0,0,20261031,20261212
4650,1,1,1,1,1,0,0,20261031,20261212
4354,1,1,1,1,1,0,0,20261031,20261212
4652,1,1,1,1,1,0,0,20261031,20261212
13182,1,1,1,1,1,0,0,20261031,20261212
4352,1,1,1,1,1,0,0,20261031,20261212
4658,1,1,1,1,1,0,0,20261031,20261212
4660,1,1,1,1,1,0,0,20261031,20261212
4664,1,1,1,1,1,0,0,20261031,20261212
4348,1,1,1,1,1,0,0,20261031,20261212
4666,1,1,1,1,1,0,0,20261031,20261212
16535,1,1,1,1,1,0,0,20261031,20261212
4671,1,1,1,1,1,0,0,20261031,20261212
4345,1,1,1,1,1,0,0,20261031,20261212
4675,1,1,1,1,1,0,0,20261031,20261212
4343,1,1,1,1,1,0,0,20261031,20261212
4678,1,1,1,1,1,0,0,20261031,20261212
4680,1,1,1,1,1,0,0,20261031,20261212
4684,1,1,1,1,1,0,0,20261031,20261212
4338,1,1,1,1,1,0,0,20261031,20261212
4688,1,1,1,1,1,0,0,20261031,20261212
13187,1,1,1,1,1,0,0,20261031,20261212
4692,1,1,1,1,1,0,0,20261031,20261212
4334,1,1,1,1,1,0,0,20261031,20261212
4694,1,1,1,1,1,0,0,20261031,20261212
4698,1,1,1,1,1,0,0,20261031,20261212
4330,1,1,1,1,1,0,0,20261031,20261212
4700,1,1,1,1,1,0,0,20261031,20261212
4703,1,1,1,1,1,0,0,20261031,20261212
4327,1,1,1,1,1,0,0,20261031,20261212
4707,1,1,1,1,1,0,0,20261031,20261212
16537,1,1,1,1,1,0,0,20261031,20261212
4711,1,1,1,1,1,0,0,20261031,20261212
4322,1,1,1,1,1,0,0,20261031,20261212
4713,1,1,1,1,1,0,0,20261031,20261212
4717,1,1,1,1,1,0,0,20261031,20261212
4319,1,1,1,1,1,0,0,20261031,20261212
4719,1,1,1,1,1,0,0,20261031,20261212
4316,1,1,1,1,1,0,0,20261031,20261212
4723,1,1,1,1,1,0,0,20261031,20261212
1387,1,1,1,1,1,0,0,20261031,20261212
4727,1,1,1,1,1,0,0,20261031,20261212
13191,1,1,1,1,1,0,0,20261031,20261212
4312,1,1,1,1,1,0,0,20261031,20261212
4731,1,1,1,1,1,0,0,20261031,20261212
4733,1,1,1,1,1,0,0,20261031,20261212
4308,1,1,1,1,1,0,0,20261031,20261212
4737,1,1,1,1,1,0,0,20261031,20261212
4306,1,1,1,1,1,0,0,20261031,20261212
4739,1,1,1,1,1,0,0,20261031,20261212
4304,1,1,1,1,1,0,0,20261031,20261212
4745,1,1,1,1,1,0,0,20261031,20261212
4747,1,1,1,1,1,0,0,20261031,20261212
4752,1,1,1,1,1,0,0,20261031,20261212
4300,1,1,1,1,1,0,0,20261031,20261212
4754,1,1,1,1,1,0,0,20261031,20261212
4298,1,1,1,1,1,0,0,20261031,20261212
4760,1,1,1,1,1,0,0,20261031,20261212
4762,1,1,1,1,1,0,0,20261031,20261212
4293,1,1,1,1,1,0,0,20261031,20261212
4768,1,1,1,1,1,0,0,20261031,20261212
13199,1,1,1,1,1,0,0,20261031,20261212
4772,1,1,1,1,1,0,0,20261031,20261212
1383,1,1,1,1,1,0,0,20261031,20261212
4290,1,1,1,1,1,0,0,20261031,20261212
4776,1,1,1,1,1,0,0,20261031,20261212
4287,1,1,1,1,1,0,0,20261031,20261212
4778,1,1,1,1,1,0,0,20261031,20261212
4782,1,1,1,1,1,0,0,20261031,20261212
13201,1,1,1,1,1,0,0,20261031,20261212
4786,1,1,1,1,1,0,0,20261031,20261212
16542,1,1,1,1,1,0,0,20261031,20261212
4791,1,1,1,1,1,0,0,20261031,20261212
4281,1,1,1,1,1,0,0,20261031,20261212
4793,1,1,1,1,1,0,0,20261031,20261212
4797,1,1,1,1,1,0,0,20261031,20261212
4799,1,1,1,1,1,0,0,20261031,20261212
4277,1,1,1,1,1,0,0,20261031,20261212
4803,1,1,1,1,1,0,0,20261031,20261212
4275,1,1,1,1,1,0,0,20261031,20261212
4805,1,1,1,1,1,0,0,20261031,20261212
4808,1,1,1,1,1,0,0,20261031,20261212
4270,1,1,1,1,1,0,0,20261031,20261212
4812,1,1,1,1,1,0,0,20261031,20261212
4266,1,1,1,1,1,0,0,20261031,20261212
4814,1,1,1,1,1,0,0,20261031,20261212
4818,1,1,1,1,1,0,0,20261031,20261212
4263,1,1,1,1,1,0,0,20261031,20261212
4822,1,1,1,1,1,0,0,20261031,20261212
4826,1,1,1,1,1,0,0,20261031,20261212
4831,1,1,1,1,1,0,0,20261031,20261212
4259,1,1,1,1,1,0,0,20261031,20261212
4833,1,1,1,1,1,0,0,20261031,20261212
4837,1,1,1,1,1,0,0,20261031,20261212
4839,1,1,1,1,1,0,0,20261031,20261212
13209,1,1,1,1,1,0,0,20261031,20261212
4254,1,1,1,1,1,0,0,20261031,20261212
4844,1,1,1,1,1,0,0,20261031,20261212
4252,1,1,1,1,1,0,0,20261031,20261212
4846,1,1,1,1,1,0,0,20261031,20261212
4850,1,1,1,1,1,0,0,20261031,20261212
1380,1,1,1,1,1,0,0,20261031,20261212
4247,1,1,1,1,1,0,0,20261031,20261212
4854,1,1,1,1,1,0,0,20261031,20261212
4856,1,1,1,1,1,0,0,20261031,20261212
4244,1,1,1,1,1,0,0,20261031,20261212
4858,1,1,1,1,1,0,0,20261031,20261212
4241,1,1,1,1,1,0,0,20261031,20261212
4860,1,1,1,1,1,0,0,20261031,20261212
4862,1,1,1,1,1,0,0,20261031,20261212
2093,1,1,1,1,1,0,0,20261031,20261212
4866,1,1,1,1,1,0,0,20261031,20261212
4237,1,1,1,1,1,0,0,20261031,20261212
4868,1,1,1,1,1,0,0,20261031,20261212
2088,1,1,1,1,1,0,0,20261031,20261212
2086,1,1,1,1,1,0,0,20261031,20261212
4874,1,1,1,1,1,0,0,20261031,20261212
4233,1,1,1,1,1,0,0,20261031,20261212
4876,1,1,1,1,1,0,0,20261031,20261212
2084,1,1,1,1,1,0,0,20261031,20261212
4231,1,1,1,1,1,0,0,20261031,20261212
4880,1,1,1,1,1,0,0,20261031,20261212
2081,1,1,1,1,1,0,0,20261031,20261212
2078,1,1,1,1,1,0,0,20261031,20261212
4886,1,1,1,1,1,0,0,20261031,20261212
4228,1,1,1,1,1,0,0,20261031,20261212
4888,1,1,1,1,1,0,0,20261031,20261212
2075,1,1,1,1,1,0,0,20261031,20261212
4894,1,1,1,1,1,0,0,20261031,20261212
2071,1,1,1,1,1,0,0,20261031,20261212
2069,1,1,1,1,1,0,0,20261031,20261212
4224,1,1,1,1,1,0,0,20261031,20261212
4900,1,1,1,1,1,0,0,20261031,20261212
4222,1,1,1,1,1,0,0,20261031,20261212
4902,1,1,1,1,1,0,0,20261031,20261212
4908,1,1,1,1,1,0,0,20261031,20261212
4910,1,1,1,1,1,0,0,20261031,20261212
2064,1,1,1,1,1,0,0,20261031,20261212
2060,1,1,1,1,1,0,0,20261031,20261212
4916,1,1,1,1,1,0,0,20261031,20261212
4216,1,1,1,1,1,0,0,20261031,20261212
4918,1,1,1,1,1,0,0,20261031,20261212
2056,1,1,1,1,1,0,0,20261031,20261212
4924,1,1,1,1,1,0,0,20261031,20261212
4212,1,1,1,1,1,0,0,20261031,20261212
4926,1,1,1,1,1,0,0,20261031,20261212
2054,1,1,1,1,1,0,0,20261031,20261212
4931,1,1,1,1,1,0,0,20261031,20261212
4209,1,1,1,1,1,0,0,20261031,20261212
4933,1,1,1,1,1,0,0,20261031,20261212
4207,1,1,1,1,1,0,0,20261031,20261212
4939,1,1,1,1,1,0,0,20261031,20261212
4941,1,1,1,1,1,0,0,20261031,20261212
4943,1,1,1,1,1,0,0,20261031,20261212
4203,1,1,1,1,1,0,0,20261031,20261212
4946,1,1,1,1,1,0,0,20261031,20261212
4948,1,1,1,1,1,0,0,20261031,20261212
2049,1,1,1,1,1,0,0,20261031,20261212
4198,1,1,1,1,1,0,0,20261031,20261212
4953,1,1,1,1,1,0,0,20261031,20261212
4196,1,1,1,1,1,0,0,20261031,20261212
4957,1,1,1,1,1,0,0,20261031,20261212
4961,1,1,1,1,1,0,0,20261031,20261212
4193,1,1,1,1,1,0,0,20261031,20261212
4964,1,1,1,1,1,0,0,20261031,20261212
4191,1,1,1,1,1,0,0,20261031,20261212
4966,1,1,1,1,1,0,0,20261031,20261212
4973,1,1,1,1,1,0,0,20261031,20261212
4187,1,1,1,1,1,0,0,20261031,20261212
4975,1,1,1,1,1,0,0,20261031,20261212
4981,1,1,1,1,1,0,0,20261031,20261212
4183,1,1,1,1,1,0,0,20261031,20261212
4983,1,1,1,1,1,0,0,20261031,20261212
4987,1,1,1,1,1,0,0,20261031,20261212
4991,1,1,1,1,1,0,0,20261031,20261212
4179,1,1,1,1,1,0,0,20261031,20261212
4993,1,1,1,1,1,0,0,20261031,20261212
4177,1,1,1,1,1,0,0,20261031,20261212
4999,1,1,1,1,1,0,0,20261031,20261212
5001,1,1,1,1,1,0,0,20261031,20261212
4174,1,1,1,1,1,0,0,20261031,20261212
5005,1,1,1,1,1,0,0,20261031,20261212
5009,1,1,1,1,1,0,0,20261031,20261212
4169,1,1,1,1,1,0,0,20261031,20261212
5011,1,1,1,1,1,0,0,20261031,20261212
4167,1,1,1,1,1,0,0,20261031,20261212
5017,1,1,1,1,1,0,0,20261031,20261212
4165,1,1,1,1,1,0,0,20261031,20261212
5019,1,1,1,1,1,0,0,20261031,20261212
5025,1,1,1,1,1,0,0,20261031,20261212
5027,1,1,1,1,1,0,0,20261031,20261212
5033,1,1,1,1,1,0,0,20261031,20261212
4160,1,1,1,1,1,0,0,20261031,20261212
5035,1,1,1,1,1,0,0,20261031,20261212
4158,1,1,1,1,1,0,0,20261031,20261212
5041,1,1,1,1,1,0,0,20261031,20261212
5043,1,1,1,1,1,0,0,20261031,20261212
4153,1,1,1,1,1,0,0,20261031,20261212
5047,1,1,1,1,1,0,0,20261031,20261212
5051,1,1,1,1,1,0,0,20261031,20261212
4149,1,1,1,1,1,0,0,20261031,20261212
5055,1,1,1,1,1,0,0,20261031,20261212
5059,1,1,1,1,1,0,0,20261031,20261212
4145,1,1,1,1,1,0,0,20261031,20261212
5063,1,1,1,1,1,0,0,20261031,20261212
5065,1,1,1,1,1,0,0,20261031,20261212
4141,1,1,1,1,1,0,0,20261031,20261212
5071,1,1,1,1,1,0,0,20261031,20261212
5073,1,1,1,1,1,0,0,20261031,20261212
5079,1,1,1,1,1,0,0,20261031,20261212
4135,1,1,1,1,1,0,0,20261031,20261212
5083,1,1,1,1,1,0,0,20261031,20261212
4131,1,1,1,1,1,0,0,20261031,20261212
5088,1,1,1,1,1,0,0,20261031,20261212
5092,1,1,1,1,1,0,0,20261031,20261212
4127,1,1,1,1,1,0,0,20261031,20261212
5094,1,1,1,1,1,0,0,20261031,20261212
5097,1,1,1,1,1,0,0,20261031,20261212
5100,1,1,1,1,1,0,0,20261031,20261212
4119,1,1,1,1,1,0,0,20261031,20261212
5103,1,1,1,1,1,0,0,20261031,20261212
5106,1,1,1,1,1,0,0,20261031,20261212
4115,1,1,1,1,1,0,0,20261031,20261212
5108,1,1,1,1,1,0,0,20261031,20261212
5110,1,1,1,1,1,0,0,20261031,20261212
4109,1,1,1,1,1,0,0,20261031,20261212
5113,1,1,1,1,1,0,0,20261031,20261212
5115,1,1,1,1,1,0,0,20261031,20261212
4104,1,1,1,1,1,0,0,20261031,20261212
5117,1,1,1,1,1,0,0,20261031,20261212
5119,1,1,1,1,1,0,0,20261031,20261212
4100,1,1,1,1,1,0,0,20261031,20261212
5121,1,1,1,1,1,0,0,20261031,20261212
5123,1,1,1,1,1,0,0,20261031,20261212
4096,1,1,1,1,1,0,0,20261031,20261212
5126,1,1,1,1,1,0,0,20261031,20261212
5129,1,1,1,1,1,0,0,20261031,20261212
2044,1,1,1,1,1,0,0,20261031,20261212
2041,1,1,1,1,1,0,0,20261031,20261212
1973,1,1,1,1,1,0,0,20261031,20261212
4092,1,1,1,1,1,0,0,20261031,20261212
5137,1,1,1,1,1,0,0,20261031,20261212
1969,1,1,1,1,1,0,0,20261031,20261212
5141,1,1,1,1,1,0,0,20261031,20261212
4088,1,1,1,1,1,0,0,20261031,20261212
5143,1,1,1,1,1,0,0,20261031,20261212
5145,1,1,1,1,1,0,0,20261031,20261212
4085,1,1,1,1,1,0,0,20261031,20261212
5147,1,1,1,1,1,0,0,20261031,20261212
4082,1,1,1,1,1,0,0,20261031,20261212
5150,1,1,1,1,1,0,0,20261031,20261212
5153,1,1,1,1,1,0,0,20261031,20261212
4079,1,1,1,1,1,0,0,20261031,20261212
5155,1,1,1,1,1,0,0,20261031,20261212
5157,1,1,1,1,1,0,0,20261031,20261212
4075,1,1,1,1,1,0,0,20261031,20261212
5159,1,1,1,1,1,0,0,20261031,20261212
5161,1,1,1,1,1,0,0,20261031,20261212
4071,1,1,1,1,1,0,0,20261031,20261212
5163,1,1,1,1,1,0,0,20261031,20261212
1964,1,1,1,1,1,0,0,20261031,20261212
4069,1,1,1,1,1,0,0,20261031,20261212
5167,1,1,1,1,1,0,0,20261031,20261212
5169,1,1,1,1,1,0,0,20261031,20261212
1961,1,1,1,1,1,0,0,20261031,20261212
4065,1,1,1,1,1,0,0,20261031,20261212
5172,1,1,1,1,1,0,0,20261031,20261212
5175,1,1,1,1,1,0,0,20261031,20261212
4061,1,1,1,1,1,0,0,20261031,20261212
5177,1,1,1,1,1,0,0,20261031,20261212
1956,1,1,1,1,1,0,0,20261031,20261212
5182,1,1,1,1,1,0,0,20261031,20261212
1953,1,1,1,1,1,0,0,20261031,20261212
4058,1,1,1,1,1,0,0,20261031,20261212
5186,1,1,1,1,1,0,0,20261031,20261212
5190,1,1,1,1,1,0,0,20261031,20261212
4054,1,1,1,1,1,0,0,20261031,20261212
5192,1,1,1,1,1,0,0,20261031,20261212
4052,1,1,1,1,1,0,0,20261031,20261212
5196,1,1,1,1,1,0,0,20261031,20261212
1948,1,1,1,1,1,0,0,20261031,20261212
5201,1,1,1,1,1,0,0,20261031,20261212
1944,1,1,1,1,1,0,0,20261031,20261212
4048,1,1,1,1,1,0,0,20261031,20261212
5205,1,1,1,1,1,0,0,20261031,20261212
1941,1,1,1,1,1,0,0,20261031,20261212
5211,1,1,1,1,1,0,0,20261031,20261212
1935,1,1,1,1,1,0,0,20261031,20261212
4044,1,1,1,1,1,0,0,20261031,20261212
5214,1,1,1,1,1,0,0,20261031,20261212
5218,1,1,1,1,1,0,0,20261031,20261212
4041,1,1,1,1,1,0,0,20261031,20261212
5223,1,1,1,1,1,0,0,20261031,20261212
5225,1,1,1,1,1,0,0,20261031,20261212
1930,1,1,1,1,1,0,0,20261031,20261212
1928,1,1,1,1,1,0,0,20261031,20261212
4037,1,1,1,1,1,0,0,20261031,20261212
5231,1,1,1,1,1,0,0,20261031,20261212
1925,1,1,1,1,1,0,0,20261031,20261212
4035,1,1,1,1,1,0,0,20261031,20261212
5236,1,1,1,1,1,0,0,20261031,20261212
5238,1,1,1,1,1,0,0,20261031,20261212
4032,1,1,1,1,1,0,0,20261031,20261212
5243,1,1,1,1,1,0,0,20261031,20261212
4029,1,1,1,1,1,0,0,20261031,20261212
5247,1,1,1,1,1,0,0,20261031,20261212
4027,1,1,1,1,1,0,0,20261031,20261212
5249,1,1,1,1,1,0,0,20261031,20261212
5251,1,1,1,1,1,0,0,20261031,20261212
5254,1,1,1,1,1,0,0,20261031,20261212
4022,1,1,1,1,1,0,0,20261031,20261212
5256,1,1,1,1,1,0,0,20261031,20261212
5258,1,1,1,1,1,0,0,20261031,20261212
1920,1,1,1,1,1,0,0,20261031,20261212
4019,1,1,1,1,1,0,0,20261031,20261212
5264,1,1,1,1,1,0,0,20261031,20261212
5266,1,1,1,1,1,0,0,20261031,20261212
4015,1,1,1,1,1,0,0,20261031,20261212
5269,1,1,1,1,1,0,0,20261031,20261212
5271,1,1,1,1,1,0,0,20261031,20261212
4011,1,1,1,1,1,0,0,20261031,20261212
5273,1,1,1,1,1,0,0,20261031,20261212
5276,1,1,1,1,1,0,0,20261031,20261212
4007,1,1,1,1,1,0,0,20261031,20261212
5278,1,1,1,1,1,0,0,20261031,20261212
5281,1,1,1,1,1,0,0,20261031,20261212
4003,1,1,1,1,1,0,0,20261031,20261212
5284,1,1,1,1,1,0,0,20261031,20261212
5289,1,1,1,1,1,0,0,20261031,20261212
3999,1,1,1,1,1,0,0,20261031,20261212
5291,1,1,1,1,1,0,0,20261031,20261212
1917,1,1,1,1,1,0,0,20261031,20261212
5296,1,1,1,1,1,0,0,20261031,20261212
3995,1,1,1,1,1,0,0,20261031,20261212
5298,1,1,1,1,1,0,0,20261031,20261212
5300,1,1,1,1,1,0,0,20261031,20261212
1912,1,1,1,1,1,0,0,20261031,20261212
3991,1,1,1,1,1,0,0,20261031,20261212
5305,1,1,1,1,1,0,0,20261031,20261212
5307,1,1,1,1,1,0,0,20261031,20261212
3987,1,1,1,1,1,0,0,20261031,20261212
5311,1,1,1,1,1,0,0,20261031,20261212
5313,1,1,1,1,1,0,0,20261031,20261212
3983,1,1,1,1,1,0,0,20261031,20261212
5316,1,1,1,1,1,0,0,20261031,20261212
5320,1,1,1,1,1,0,0,20261031,20261212
3979,1,1,1,1,1,0,0,20261031,20261212
5323,1,1,1,1,1,0,0,20261031,20261212
5326,1,1,1,1,1,0,0,20261031,20261212
3975,1,1,1,1,1,0,0,20261031,20261212
5329,1,1,1,1,1,0,0,20261031,20261212
5331,1,1,1,1,1,0,0,20261031,20261212
3971,1,1,1,1,1,0,0,20261031,20261212
5334,1,1,1,1,1,0,0,20261031,20261212
1909,1,1,1,1,1,0,0,20261031,20261212
5338,1,1,1,1,1,0,0,20261031,20261212
3967,1,1,1,1,1,0,0,20261031,20261212
5342,1,1,1,1,1,0,0,20261031,20261212
5344,1,1,1,1,1,0,0,20261031,20261212
3961,1,1,1,1,1,0,0,20261031,20261212
5347,1,1,1,1,1,0,0,20261031,20261212
3959,1,1,1,1,1,0,0,20261031,20261212
5349,1,1,1,1,1,0,0,20261031,20261212
1904,1,1,1,1,1,0,0,20261031,20261212
3957,1,1,1,1,1,0,0,20261031,20261212
5354,1,1,1,1,1,0,0,20261031,20261212
5357,1,1,1,1,1,0,0,20261031,20261212
3954,1,1,1,1,1,0,0,20261031,20261212
5359,1,1,1,1,1,0,0,20261031,20261212
3951,1,1,1,1,1,0,0,20261031,20261212
5362,1,1,1,1,1,0,0,20261031,20261212
5366,1,1,1,1,1,0,0,20261031,20261212
3948,1,1,1,1,1,0,0,20261031,20261212
5368,1,1,1,1,1,0,0,20261031,20261212
1900,1,1,1,1,1,0,0,20261031,20261212
3945,1,1,1,1,1,0,0,20261031,20261212
5372,1,1,1,1,1,0,0,20261031,20261212
5374,1,1,1,1,1,0,0,20261031,20261212
1898,1,1,1,1,1,0,0,20261031,20261212
3941,1,1,1,1,1,0,0,20261031,20261212
5380,1,1,1,1,1,0,0,20261031,20261212
3939,1,1,1,1,1,0,0,20261031,20261212
5384,1,1,1,1,1,0,0,20261031,20261212
1894,1,1,1,1,1,0,0,20261031,20261212
3937,1,1,1,1,1,0,0,20261031,20261212
5387,1,1,1,1,1,0,0,20261031,20261212
1892,1,1,1,1,1,0,0,20261031,20261212
5390,1,1,1,1,1,0,0,20261031,20261212
3933,1,1,1,1,1,0,0,20261031,20261212
5393,1,1,1,1,1,0,0,20261031,20261212
5398,1,1,1,1,1,0,0,20261031,20261212
3930,1,1,1,1,1,0,0,20261031,20261212
5401,1,1,1,1,1,0,0,20261031,20261212
3927,1,1,1,1,1,0,0,20261031,20261212
5405,1,1,1,1,1,0,0,20261031,20261212
1886,1,1,1,1,1,0,0,20261031,20261212
5409,1,1,1,1,1,0,0,20261031,20261212
1884,1,1,1,1,1,0,0,20261031,20261212
3924,1,1,1,1,1,0,0,20261031,20261212
5413,1,1,1,1,1,0,0,20261031,20261212
1882,1,1,1,1,1,0,0,20261031,20261212
3922,1,1,1,1,1,0,0,20261031,20261212
5417,1,1,1,1,1,0,0,20261031,20261212
3920,1,1,1,1,1,0,0,20261031,20261212
5420,1,1,1,1,1,0,0,20261031,20261212
5425,1,1,1,1,1,0,0,20261031,20261212
3916,1,1,1,1,1,0,0,20261031,20261212
5428,1,1,1,1,1,0,0,20261031,20261212
5431,1,1,1,1,1,0,0,20261031,20261212
1877,1,1,1,1,1,0,0,20261031,20261212
3913,1,1,1,1,1,0,0,20261031,20261212
5437,1,1,1,1,1,0,0,20261031,20261212
5439,1,1,1,1,1,0,0,20261031,20261212
5442,1,1,1,1,1,0,0,20261031,20261212
3908,1,1,1,1,1,0,0,20261031,20261212
5444,1,1,1,1,1,0,0,20261031,20261212
3906,1,1,1,1,1,0,0,20261031,20261212
5448,1,1,1,1,1,0,0,20261031,20261212
3904,1,1,1,1,1,0,0,20261031,20261212
5452,1,1,1,1,1,0,0,20261031,20261212
5455,1,1,1,1,1,0,0,20261031,20261212
5457,1,1,1,1,1,0,0,20261031,20261212
3899,1,1,1,1,1,0,0,20261031,20261212
5461,1,1,1,1,1,0,0,20261031,20261212
3897,1,1,1,1,1,0,0,20261031,20261212
5463,1,1,1,1,1,0,0,20261031,20261212
5467,1,1,1,1,1,0,0,20261031,20261212
3893,1,1,1,1,1,0,0,20261031,20261212
5469,1,1,1,1,1,0,0,20261031,20261212
5473,1,1,1,1,1,0,0,20261031,20261212
3890,1,1,1,1,1,0,0,20261031,20261212
5475,1,1,1,1,1,0,0,20261031,20261212
5479,1,1,1,1,1,0,0,20261031,20261212
3887,1,1,1,1,1,0,0,20261031,20261212
5482,1,1,1,1,1,0,0,20261031,20261212
3884,1,1,1,1,1,0,0,20261031,20261212
5484,1,1,1,1,1,0,0,20261031,20261212
5486,1,1,1,1,1,0,0,20261031,20261212
3880,1,1,1,1,1,0,0,20261031,20261212
5490,1,1,1,1,1,0,0,20261031,20261212
5496,1,1,1,1,1,0,0,20261031,20261212
3877,1,1,1,1,1,0,0,20261031,20261212
5498,1,1,1,1,1,0,0,20261031,20261212
5502,1,1,1,1,1,0,0,20261031,20261212
3872,1,1,1,1,1,0,0,20261031,20261212
5504,1,1,1,1,1,0,0,20261031,20261212
5507,1,1,1,1,1,0,0,20261031,20261212
5510,1,1,1,1,1,0,0,20261031,20261212
3867,1,1,1,1,1,0,0,20261031,20261212
5514,1,1,1,1,1,0,0,20261031,20261212
5516,1,1,1,1,1,0,0,20261031,20261212
3863,1,1,1,1,1,0,0,20261031,20261212
5520,1,1,1,1,1,0,0,20261031,20261212
5522,1,1,1,1,1,0,0,20261031,20261212
3859,1,1,1,1,1,0,0,20261031,20261212
5526,1,1,1,1,1,0,0,20261031,20261212
5529,1,1,1,1,1,0,0,20261031,20261212
3855,1,1,1,1,1,0,0,20261031,20261212
5532,1,1,1,1,1,0,0,20261031,20261212
3853,1,1,1,1,1,0,0,20261031,20261212
5534,1,1,1,1,1,0,0,20261031,20261212
5538,1,1,1,1,1,0,0,20261031,20261212
5542,1,1,1,1,1,0,0,20261031,20261212
3848,1,1,1,1,1,0,0,20261031,20261212
5544,1,1,1,1,1,0,0,20261031,20261212
3846,1,1,1,1,1,0,0,20261031,20261212
5548,1,1,1,1,1,0,0,20261031,20261212
3844,1,1,1,1,1,0,0,20261031,20261212
5552,1,1,1,1,1,0,0,20261031,20261212
5554,1,1,1,1,1,0,0,20261031,20261212
5558,1,1,1,1,1,0,0,20261031,20261212
3840,1,1,1,1,1,0,0,20261031,20261212
5560,1,1,1,1,1,0,0,20261031,20261212
3838,1,1,1,1,1,0,0,20261031,20261212
5565,1,1,1,1,1,0,0,20261031,20261212
5568,1,1,1,1,1,0,0,20261031,20261212
5570,1,1,1,1,1,0,0,20261031,20261212
3832,1,1,1,1,1,0,0,20261031,20261212
5574,1,1,1,1,1,0,0,20261031,20261212
3830,1,1,1,1,1,0,0,20261031,20261212
5578,1,1,1,1,1,0,0,20261031,20261212
3828,1,1,1,1,1,0,0,20261031,20261212
5580,1,1,1,1,1,0,0,20261031,20261212
5587,1,1,1,1,1,0,0,20261031,20261212
5589,1,1,1,1,1,0,0,20261031,20261212
3824,1,1,1,1,1,0,0,20261031,20261212
5594,1,1,1,1,1,0,0,20261031,20261212
3822,1,1,1,1,1,0,0,20261031,20261212
5598,1,1,1,1,1,0,0,20261031,20261212
5600,1,1,1,1,1,0,0,20261031,20261212
5604,1,1,1,1,1,0,0,20261031,20261212
3816,1,1,1,1,1,0,0,20261031,20261212
5609,1,1,1,1,1,0,0,20261031,20261212
5611,1,1,1,1,1,0,0,20261031,20261212
3813,1,1,1,1,1,0,0,20261031,20261212
5615,1,1,1,1,1,0,0,20261031,20261212
3811,1,1,1,1,1,0,0,20261031,20261212
5619,1,1,1,1,1,0,0,20261031,20261212
3809,1,1,1,1,1,0,0,20261031,20261212
5623,1,1,1,1,1,0,0,20261031,20261212
5626,1,1,1,1,1,0,0,20261031,20261212
5631,1,1,1,1,1,0,0,20261031,20261212
3804,1,1,1,1,1,0,0,20261031,20261212
5637,1,1,1,1,1,0,0,20261031,20261212
3802,1,1,1,1,1,0,0,20261031,20261212
3797,1,1,1,1,1,0,0,20261031,20261212
3795,1,1,1,1,1,0,0,20261031,20261212
3793,1,1,1,1,1,0,0,20261031,20261212
3787,1,1,1,1,1,0,0,20261031,20261212
3784,1,1,1,1,1,0,0,20261031,20261212
13211,1,1,1,1,1,0,0,20261031,20261212
13215,1,1,1,1,1,0,0,20261031,20261212
3780,1,1,1,1,1,0,0,20261031,20261212
16546,1,1,1,1,1,0,0,20261031,20261212
17110,1,1,1,1,1,0,0,20261031,20261212
13223,1,1,1,1,1,0,0,20261031,20261212
16550,1,1,1,1,1,0,0,20261031,20261212
3776,1,1,1,1,1,0,0,20261031,20261212
1375,1,1,1,1,1,0,0,20261031,20261212
13230,1,1,1,1,1,0,0,20261031,20261212
3772,1,1,1,1,1,0,0,20261031,20261212
3768,1,1,1,1,1,0,0,20261031,20261212
3763,1,1,1,1,1,0,0,20261031,20261212
13236,1,1,1,1,1,0,0,20261031,20261212
16554,1,1,1,1,1,0,0,20261031,20261212
3759,1,1,1,1,1,0,0,20261031,20261212
1372,1,1,1,1,1,0,0,20261031,20261212
13241,1,1,1,1,1,0,0,20261031,20261212
17112,1,1,1,1,1,0,0,20261031,20261212
1369,1,1,1,1,1,0,0,20261031,20261212
13248,1,1,1,1,1,0,0,20261031,20261212
13253,1,1,1,1,1,0,0,20261031,20261212
3755,1,1,1,1,1,0,0,20261031,20261212
16559,1,1,1,1,1,0,0,20261031,20261212
1366,1,1,1,1,1,0,0,20261031,20261212
13257,1,1,1,1,1,0,0,20261031,20261212
3749,1,1,1,1,1,0,0,20261031,20261212
3745,1,1,1,1,1,0,0,20261031,20261212
3741,1,1,1,1,1,0,0,20261031,20261212
13265,1,1,1,1,1,0,0,20261031,20261212
1363,1,1,1,1,1,0,0,20261031,20261212
3736,1,1,1,1,1,0,0,20261031,20261212
13268,1,1,1,1,1,0,0,20261031,20261212
3732,1,1,1,1,1,0,0,20261031,20261212
3726,1,1,1,1,1,0,0,20261031,20261212
3722,1,1,1,1,1,0,0,20261031,20261212
16563,1,1,1,1,1,0,0,20261031,20261212
3718,1,1,1,1,1,0,0,20261031,20261212
3715,1,1,1,1,1,0,0,20261031,20261212
3712,1,1,1,1,1,0,0,20261031,20261212
3709,1,1,1,1,1,0,0,20261031,20261212
3707,1,1,1,1,1,0,0,20261031,20261212
3702,1,1,1,1,1,0,0,20261031,20261212
3700,1,1,1,1,1,0,0,20261031,20261212
3698,1,1,1,1,1,0,0,20261031,20261212
1361,1,1,1,1,1,0,0,20261031,20261212
13277,1,1,1,1,1,0,0,20261031,20261212
1359,1,1,1,1,1,0,0,20261031,20261212
13279,1,1,1,1,1,0,0,20261031,20261212
3694,1,1,1,1,1,0,0,20261031,20261212
16567,1,1,1,1,1,0,0,20261031,20261212
3690,1,1,1,1,1,0,0,20261031,20261212
13288,1,1,1,1,1,0,0,20261031,20261212
13291,1,1,1,1,1,0,0,20261031,20261212
1871,1,1,1,1,1,0,0,20261031,20261212
3687,1,1,1,1,1,0,0,20261031,20261212
1869,1,1,1,1,1,0,0,20261031,20261212
1867,1,1,1,1,1,0,0,20261031,20261212
1863,1,1,1,1,1,0,0,20261031,20261212
1860,1,1,1,1,1,0,0,20261031,20261212
1855,1,1,1,1,1,0,0,20261031,20261212
1851,1,1,1,1,1,0,0,20261031,20261212
1849,1,1,1,1,1,0,0,20261031,20261212
1846,1,1,1,1,1,0,0,20261031,20261212
1841,1,1,1,1,1,0,0,20261031,20261212
3683,1,1,1,1,1,0,0,20261031,20261212
1839,1,1,1,1,1,0,0,20261031,20261212
1836,1,1,1,1,1,0,0,20261031,20261212
3679,1,1,1,1,1,0,0,20261031,20261212
3676,1,1,1,1,1,0,0,20261031,20261212
3672,1,1,1,1,1,0,0,20261031,20261212
3670,1,1,1,1,1,0,0,20261031,20261212
3666,1,1,1,1,1,0,0,20261031,20261212
3662,1,1,1,1,1,0,0,20261031,20261212
3659,1,1,1,1,1,0,0,20261031,20261212
3655,1,1,1,1,1,0,0,20261031,20261212
3653,1,1,1,1,1,0,0,20261031,20261212
3649,1,1,1,1,1,0,0,20261031,20261212
16571,1,1,1,1,1,0,0,20261031,20261212
3646,1,1,1,1,1,0,0,20261031,20261212
1354,1,1,1,1,1,0,0,20261031,20261212
13301,1,1,1,1,1,0,0,20261031,20261212
13303,1,1,1,1,1,0,0,20261031,20261212
3642,1,1,1,1,1,0,0,20261031,20261212
3638,1,1,1,1,1,0,0,20261031,20261212
16576,1,1,1,1,1,0,0,20261031,20261212
1350,1,1,1,1,1,0,0,20261031,20261212
13310,1,1,1,1,1,0,0,20261031,20261212
3636,1,1,1,1,1,0,0,20261031,20261212
1348,1,1,1,1,1,0,0,20261031,20261212
3633,1,1,1,1,1,0,0,20261031,20261212
13314,1,1,1,1,1,0,0,20261031,20261212
3629,1,1,1,1,1,0,0,20261031,20261212
3625,1,1,1,1,1,0,0,20261031,20261212
16579,1,1,1,1,1,0,0,20261031,20261212
17118,1,1,1,1,1,0,0,20261031,20261212
13322,1,1,1,1,1,0,0,20261031,20261212
3621,1,1,1,1,1,0,0,20261031,20261212
3617,1,1,1,1,1,0,0,20261031,20261212
16583,1,1,1,1,1,0,0,20261031,20261212
3613,1,1,1,1,1,0,0,20261031,20261212
13330,1,1,1,1,1,0,0,20261031,20261212
1343,1,1,1,1,1,0,0,20261031,20261212
13332,1,1,1,1,1,0,0,20261031,20261212
3609,1,1,1,1,1,0,0,20261031,20261212
1341,1,1,1,1,1,0,0,20261031,20261212
13338,1,1,1,1,1,0,0,20261031,20261212
17120,1,1,1,1,1,0,0,20261031,20261212
3605,1,1,1,1,1,0,0,20261031,20261212
3601,1,1,1,1,1,0,0,20261031,20261212
3597,1,1,1,1,1,0,0,20261031,20261212
13343,1,1,1,1,1,0,0,20261031,20261212
1337,1,1,1,1,1,0,0,20261031,20261212
13347,1,1,1,1,1,0,0,20261031,20261212
3593,1,1,1,1,1,0,0,20261031,20261212
16589,1,1,1,1,1,0,0,20261031,20261212
1831,1,1,1,1,1,0,0,20261031,20261212
1829,1,1,1,1,1,0,0,20261031,20261212
1825,1,1,1,1,1,0,0,20261031,20261212
1822,1,1,1,1,1,0,0,20261031,20261212
1820,1,1,1,1,1,0,0,20261031,20261212
1817,1,1,1,1,1,0,0,20261031,20261212
1811,1,1,1,1,1,0,0,20261031,20261212
1809,1,1,1,1,1,0,0,20261031,20261212
1803,1,1,1,1,1,0,0,20261031,20261212
1801,1,1,1,1,1,0,0,20261031,20261212
1798,1,1,1,1,1,0,0,20261031,20261212
1793,1,1,1,1,1,0,0,20261031,20261212
1790,1,1,1,1,1,0,0,20261031,20261212
1785,1,1,1,1,1,0,0,20261031,20261212
1782,1,1,1,1,1,0,0,20261031,20261212
1779,1,1,1,1,1,0,0,20261031,20261212
1773,1,1,1,1,1,0,0,20261031,20261212
1771,1,1,1,1,1,0,0,20261031,20261212
1765,1,1,1,1,1,0,0,20261031,20261212
1763,1,1,1,1,1,0,0,20261031,20261212
1760,1,1,1,1,1,0,0,20261031,20261212
1756,1,1,1,1,1,0,0,20261031,20261212
1751,1,1,1,1,1,0,0,20261031,20261212
1749,1,1,1,1,1,0,0,20261031,20261212
1747,1,1,1,1,1,0,0,20261031,20261212
1745,1,1,1,1,1,0,0,20261031,20261212
1742,1,1,1,1,1,0,0,20261031,20261212
1739,1,1,1,1,1,0,0,20261031,20261212
1737,1,1,1,1,1,0,0,20261031,20261212
3589,1,1,1,1,1,0,0,20261031,20261212
3585,1,1,1,1,1,0,0,20261031,20261212
3581,1,1,1,1,1,0,0,20261031,20261212
1733,1,1,1,1,1,0,0,20261031,20261212
3578,1,1,1,1,1,0,0,20261031,20261212
1731,1,1,1,1,1,0,0,20261031,20261212
1729,1,1,1,1,1,0,0,20261031,20261212
1725,1,1,1,1,1,0,0,20261031,20261212
1723,1,1,1,1,1,0,0,20261031,20261212
6076,1,1,1,1,1,0,0,20261031,20261212
3574,1,1,1,1,1,0,0,20261031,20261212
6082,1,1,1,1,1,0,0,20261031,20261212
3572,1,1,1,1,1,0,0,20261031,20261212
6085,1,1,1,1,1,0,0,20261031,20261212
6087,1,1,1,1,1,0,0,20261031,20261212
3568,1,1,1,1,1,0,0,20261031,20261212
6090,1,1,1,1,1,0,0,20261031,20261212
3565,1,1,1,1,1,0,0,20261031,20261212
6094,1,1,1,1,1,0,0,20261031,20261212
6096,1,1,1,1,1,0,0,20261031,20261212
3561,1,1,1,1,1,0,0,20261031,20261212
6100,1,1,1,1,1,0,0,20261031,20261212
3559,1,1,1,1,1,0,0,20261031,20261212
6102,1,1,1,1,1,0,0,20261031,20261212
6106,1,1,1,1,1,0,0,20261031,20261212
3556,1,1,1,1,1,0,0,20261031,20261212
6108,1,1,1,1,1,0,0,20261031,20261212
3553,1,1,1,1,1,0,0,20261031,20261212
6114,1,1,1,1,1,0,0,20261031,20261212
6116,1,1,1,1,1,0,0,20261031,20261212
3550,1,1,1,1,1,0,0,20261031,20261212
6122,1,1,1,1,1,0,0,20261031,20261212
6124,1,1,1,1,1,0,0,20261031,20261212
3547,1,1,1,1,1,0,0,20261031,20261212
6130,1,1,1,1,1,0,0,20261031,20261212
3545,1,1,1,1,1,0,0,20261031,20261212
6132,1,1,1,1,1,0,0,20261031,20261212
3542,1,1,1,1,1,0,0,20261031,20261212
6136,1,1,1,1,1,0,0,20261031,20261212
3540,1,1,1,1,1,0,0,20261031,20261212
6138,1,1,1,1,1,0,0,20261031,20261212
6146,1,1,1,1,1,0,0,20261031,20261212
3537,1,1,1,1,1,0,0,20261031,20261212
6148,1,1,1,1,1,0,0,20261031,20261212
6152,1,1,1,1,1,0,0,20261031,20261212
3533,1,1,1,1,1,0,0,20261031,20261212
6156,1,1,1,1,1,0,0,20261031,20261212
6164,1,1,1,1,1,0,0,20261031,20261212
6166,1,1,1,1,1,0,0,20261031,20261212
3529,1,1,1,1,1,0,0,20261031,20261212
6172,1,1,1,1,1,0,0,20261031,20261212
3527,1,1,1,1,1,0,0,20261031,20261212
6174,1,1,1,1,1,0,0,20261031,20261212
3524,1,1,1,1,1,0,0,20261031,20261212
6178,1,1,1,1,1,0,0,20261031,20261212
6180,1,1,1,1,1,0,0,20261031,20261212
3520,1,1,1,1,1,0,0,20261031,20261212
6184,1,1,1,1,1,0,0,20261031,20261212
6186,1,1,1,1,1,0,0,20261031,20261212
16593,1,1,1,1,1,0,0,20261031,20261212
3517,1,1,1,1,1,0,0,20261031,20261212
6194,1,1,1,1,1,0,0,20261031,20261212
6196,1,1,1,1,1,0,0,20261031,20261212
3514,1,1,1,1,1,0,0,20261031,20261212
6200,1,1,1,1,1,0,0,20261031,20261212
6202,1,1,1,1,1,0,0,20261031,20261212
13356,1,1,1,1,1,0,0,20261031,20261212
3510,1,1,1,1,1,0,0,20261031,20261212
6208,1,1,1,1,1,0,0,20261031,20261212
6212,1,1,1,1,1,0,0,20261031,20261212
3507,1,1,1,1,1,0,0,20261031,20261212
6214,1,1,1,1,1,0,0,20261031,20261212
6218,1,1,1,1,1,0,0,20261031,20261212
1334,1,1,1,1,1,0,0,20261031,20261212
3503,1,1,1,1,1,0,0,20261031,20261212
6222,1,1,1,1,1,0,0,20261031,20261212
13360,1,1,1,1,1,0,0,20261031,20261212
6226,1,1,1,1,1,0,0,20261031,20261212
6230,1,1,1,1,1,0,0,20261031,20261212
16595,1,1,1,1,1,0,0,20261031,20261212
3499,1,1,1,1,1,0,0,20261031,20261212
6234,1,1,1,1,1,0,0,20261031,20261212
6238,1,1,1,1,1,0,0,20261031,20261212
6242,1,1,1,1,1,0,0,20261031,20261212
3495,1,1,1,1,1,0,0,20261031,20261212
6246,1,1,1,1,1,0,0,20261031,20261212
1331,1,1,1,1,1,0,0,20261031,20261212
13367,1,1,1,1,1,0,0,20261031,20261212
3492,1,1,1,1,1,0,0,20261031,20261212
6252,1,1,1,1,1,0,0,20261031,20261212
6254,1,1,1,1,1,0,0,20261031,20261212
6258,1,1,1,1,1,0,0,20261031,20261212
3486,1,1,1,1,1,0,0,20261031,20261212
6262,1,1,1,1,1,0,0,20261031,20261212
13371,1,1,1,1,1,0,0,20261031,20261212
6266,1,1,1,1,1,0,0,20261031,20261212
3482,1,1,1,1,1,0,0,20261031,20261212
6270,1,1,1,1,1,0,0,20261031,20261212
6275,1,1,1,1,1,0,0,20261031,20261212
3478,1,1,1,1,1,0,0,20261031,20261212
6280,1,1,1,1,1,0,0,20261031,20261212
13376,1,1,1,1,1,0,0,20261031,20261212
6284,1,1,1,1,1,0,0,20261031,20261212
3474,1,1,1,1,1,0,0,20261031,20261212
6288,1,1,1,1,1,0,0,20261031,20261212
6291,1,1,1,1,1,0,0,20261031,20261212
16601,1,1,1,1,1,0,0,20261031,20261212
3470,1,1,1,1,1,0,0,20261031,20261212
6295,1,1,1,1,1,0,0,20261031,20261212
6298,1,1,1,1,1,0,0,20261031,20261212
3466,1,1,1,1,1,0,0,20261031,20261212
6302,1,1,1,1,1,0,0,20261031,20261212
1326,1,1,1,1,1,0,0,20261031,20261212
3464,1,1,1,1,1,0,0,20261031,20261212
6306,1,1,1,1,1,0,0,20261031,20261212
13381,1,1,1,1,1,0,0,20261031,20261212
6310,1,1,1,1,1,0,0,20261031,20261212
6313,1,1,1,1,1,0,0,20261031,20261212
3457,1,1,1,1,1,0,0,20261031,20261212
6319,1,1,1,1,1,0,0,20261031,20261212
3455,1,1,1,1,1,0,0,20261031,20261212
6321,1,1,1,1,1,0,0,20261031,20261212
13386,1,1,1,1,1,0,0,20261031,20261212
16604,1,1,1,1,1,0,0,20261031,20261212
6329,1,1,1,1,1,0,0,20261031,20261212
3451,1,1,1,1,1,0,0,20261031,20261212
6332,1,1,1,1,1,0,0,20261031,20261212
6336,1,1,1,1,1,0,0,20261031,20261212
3447,1,1,1,1,1,0,0,20261031,20261212
6340,1,1,1,1,1,0,0,20261031,20261212
6344,1,1,1,1,1,0,0,20261031,20261212
1721,1,1,1,1,1,0,0,20261031,20261212
6348,1,1,1,1,1,0,0,20261031,20261212
3442,1,1,1,1,1,1,1,20261031,20261212
6352,1,1,1,1,1,0,0,20261031,20261212
3440,1,1,1,1,1,0,0,20261031,20261212
6356,1,1,1,1,1,0,0,20261031,20261212
6359,1,1,1,1,1,0,0,20261031,20261212
1717,1,1,1,1,1,0,0,20261031,20261212
1715,1,1,1,1,1,0,0,20261031,20261212
6364,1,1,1,1,1,0,0,20261031,20261212
3434,1,1,1,1,1,0,0,20261031,20261212
6368,1,1,1,1,1,0,0,20261031,20261212
1712,1,1,1,1,1,0,0,20261031,20261212
1710,1,1,1,1,1,0,0,20261031,20261212
6373,1,1,1,1,1,0,0,20261031,20261212
3431,1,1,1,1,1,0,0,20261031,20261212
1706,1,1,1,1,1,0,0,20261031,20261212
1704,1,1,1,1,1,0,0,20261031,20261212
1698,1,1,1,1,1,0,0,20261031,20261212
1696,1,1,1,1,1,0,0,20261031,20261212
1693,1,1,1,1,1,0,0,20261031,20261212
1691,1,1,1,1,1,0,0,20261031,20261212
3428,1,1,1,1,1,0,0,20261031,20261212
3424,1,1,1,1,1,0,0,20261031,20261212
3419,1,1,1,1,1,0,0,20261031,20261212
3415,1,1,1,1,1,0,0,20261031,20261212
3411,1,1,1,1,1,0,0,20261031,20261212
3406,1,1,1,1,1,1,1,20261031,20261212
3403,1,1,1,1,1,0,0,20261031,20261212
3399,1,1,1,1,1,0,0,20261031,20261212
3395,1,1,1,1,1,0,0,20261031,20261212
3391,1,1,1,1,1,0,0,20261031,20261212
3387,1,1,1,1,1,0,0,20261031,20261212
3385,1,1,1,1,1,0,0,20261031,20261212
3380,1,1,1,1,1,0,0,20261031,20261212
3375,1,1,1,1,1,0,0,20261031,20261212
1687,1,1,1,1,1,0,0,20261031,20261212
1683,1,1,1,1,1,0,0,20261031,20261212
1679,1,1,1,1,1,0,0,20261031,20261212
1677,1,1,1,1,1,0,0,20261031,20261212
16606,1,1,1,1,1,0,0,20261031,20261212
1320,1,1,1,1,1,0,0,20261031,20261212
1318,1,1,1,1,1,0,0,20261031,20261212
1312,1,1,1,1,1,0,0,20261031,20261212
16609,1,1,1,1,1,0,0,20261031,20261212
16613,1,1,1,1,1,0,0,20261031,20261212
17126,1,1,1,1,1,0,0,20261031,20261212
16619,1,1,1,1,1,0,0,20261031,20261212
16622,1,1,1,1,1,0,0,20261031,20261212
17128,1,1,1,1,1,0,0,20261031,20261212
16628,1,1,1,1,1,0,0,20261031,20261212
16631,1,1,1,1,1,0,0,20261031,20261212
16634,1,1,1,1,1,0,0,20261031,20261212
16640,1,1,1,1,1,0,0,20261031,20261212
16642,1,1,1,1,1,0,0,20261031,20261212
16646,1,1,1,1,1,0,0,20261031,20261212
16648,1,1,1,1,1,0,0,20261031,20261212
17134,1,1,1,1,1,0,0,20261031,20261212
1310,1,1,1,1,1,0,0,20261031,20261212
3373,1,1,1,1,1,0,0,20261031,20261212
3366,1,1,1,1,1,0,0,20261031,20261212
3362,1,1,1,1,1,0,0,20261031,20261212
3358,1,1,1,1,1,0,0,20261031,20261212
3353,1,1,1,1,1,0,0,20261031,20261212
3351,1,1,1,1,1,0,0,20261031,20261212
3345,1,1,1,1,1,0,0,20261031,20261212
3343,1,1,1,1,1,0,0,20261031,20261212
3340,1,1,1,1,1,0,0,20261031,20261212
3334,1,1,1,1,1,0,0,20261031,20261212
3331,1,1,1,1,1,0,0,20261031,20261212
3328,1,1,1,1,1,0,0,20261031,20261212
3324,1,1,1,1,1,0,0,20261031,20261212
3322,1,1,1,1,1,0,0,20261031,20261212
3316,1,1,1,1,1,0,0,20261031,20261212
3314,1,1,1,1,1,0,0,20261031,20261212
3310,1,1,1,1,1,0,0,20261031,20261212
3308,1,1,1,1,1,0,0,20261031,20261212
3306,1,1,1,1,1,0,0,20261031,20261212
3300,1,1,1,1,1,0,0,20261031,20261212
3297,1,1,1,1,1,0,0,20261031,20261212
3294,1,1,1,1,1,0,0,20261031,20261212
3292,1,1,1,1,1,0,0,20261031,20261212
3288,1,1,1,1,1,0,0,20261031,20261212
3285,1,1,1,1,1,0,0,20261031,20261212
3283,1,1,1,1,1,0,0,20261031,20261212
3275,1,1,1,1,1,0,0,20261031,20261212
3273,1,1,1,1,1,0,0,20261031,20261212
3269,1,1,1,1,1,0,0,20261031,20261212
3266,1,1,1,1,1,0,0,20261031,20261212
3264,1,1,1,1,1,0,0,20261031,20261212
3258,1,1,1,1,1,0,0,20261031,20261212
3256,1,1,1,1,1,0,0,20261031,20261212
3253,1,1,1,1,1,0,0,20261031,20261212
3251,1,1,1,1,1,0,0,20261031,20261212
3245,1,1,1,1,1,0,0,20261031,20261212
3243,1,1,1,1,1,0,0,20261031,20261212
3239,1,1,1,1,1,0,0,20261031,20261212
3235,1,1,1,1,1,0,0,20261031,20261212
1304,1,1,1,1,1,0,0,20261031,20261212
1302,1,1,1,1,1,0,0,20261031,20261212
1296,1,1,1,1,1,0,0,20261031,20261212
1294,1,1,1,1,1,0,0,20261031,20261212
1672,1,1,1,1,1,0,0,20261031,20261212
1670,1,1,1,1,1,0,0,20261031,20261212
1666,1,1,1,1,1,0,0,20261031,20261212
1664,1,1,1,1,1,0,0,20261031,20261212
1658,1,1,1,1,1,0,0,20261031,20261212
1656,1,1,1,1,1,0,0,20261031,20261212
1650,1,1,1,1,1,0,0,20261031,20261212
1648,1,1,1,1,1,0,0,20261031,20261212
1644,1,1,1,1,1,0,0,20261031,20261212
1642,1,1,1,1,1,0,0,20261031,20261212
17136,1,1,1,1,1,0,0,20261031,20261212
16656,1,1,1,1,1,0,0,20261031,20261212
16660,1,1,1,1,1,0,0,20261031,20261212
1288,1,1,1,1,1,0,0,20261031,20261212
1286,1,1,1,1,1,0,0,20261031,20261212
1281,1,1,1,1,1,0,0,20261031,20261212
1279,1,1,1,1,1,0,0,20261031,20261212
1276,1,1,1,1,1,0,0,20261031,20261212
1274,1,1,1,1,1,0,0,20261031,20261212
1634,1,1,1,1,1,0,0,20261031,20261212
1632,1,1,1,1,1,0,0,20261031,20261212
1628,1,1,1,1,1,0,0,20261031,20261212
1626,1,1,1,1,1,0,0,20261031,20261212
1622,1,1,1,1,1,0,0,20261031,20261212
1617,1,1,1,1,1,0,0,20261031,20261212
1613,1,1,1,1,1,0,0,20261031,20261212
1611,1,1,1,1,1,0,0,20261031,20261212
1606,1,1,1,1,1,0,0,20261031,20261212
1604,1,1,1,1,1,0,0,20261031,20261212
1600,1,1,1,1,1,0,0,20261031,20261212
1594,1,1,1,1,1,0,0,20261031,20261212
1592,1,1,1,1,1,0,0,20261031,20261212
1590,1,1,1,1,1,0,0,20261031,20261212
1586,1,1,1,1,1,0,0,20261031,20261212
1582,1,1,1,1,1,0,0,20261031,20261212
1578,1,1,1,1,1,0,0,20261031,20261212
1268,1,1,1,1,1,0,0,20261031,20261212
1265,1,1,1,1,1,0,0,20261031,20261212
1263,1,1,1,1,1,0,0,20261031,20261212
1260,1,1,1,1,1,0,0,20261031,20261212
16663,1,1,1,1,1,0,0,20261031,20261212
3231,1,1,1,1,1,0,0,20261031,20261212
3229,1,1,1,1,1,0,0,20261031,20261212
3225,1,1,1,1,1,0,0,20261031,20261212
3221,1,1,1,1,1,0,0,20261031,20261212
3219,1,1,1,1,1,0,0,20261031,20261212
3215,1,1,1,1,1,0,0,20261031,20261212
3212,1,1,1,1,1,0,0,20261031,20261212
3207,1,1,1,1,1,0,0,20261031,20261212
3203,1,1,1,1,1,0,0,20261031,20261212
3200,1,1,1,1,1,0,0,20261031,20261212
3196,1,1,1,1,1,0,0,20261031,20261212
3192,1,1,1,1,1,0,0,20261031,20261212
3190,1,1,1,1,1,0,0,20261031,20261212
3185,1,1,1,1,1,0,0,20261031,20261212
3181,1,1,1,1,1,0,0,20261031,20261212
3177,1,1,1,1,1,0,0,20261031,20261212
3173,1,1,1,1,1,0,0,20261031,20261212
3169,1,1,1,1,1,0,0,20261031,20261212
3165,1,1,1,1,1,0,0,20261031,20261212
3163,1,1,1,1,1,0,0,20261031,20261212
3158,1,1,1,1,1,0,0,20261031,20261212
3155,1,1,1,1,1,0,0,20261031,20261212
3149,1,1,1,1,1,0,0,20261031,20261212
3144,1,1,1,1,1,0,0,20261031,20261212
3140,1,1,1,1,1,0,0,20261031,20261212
3137,1,1,1,1,1,0,0,20261031,20261212
3133,1,1,1,1,1,0,0,20261031,20261212
3128,1,1,1,1,1,0,0,20261031,20261212
3125,1,1,1,1,1,0,0,20261031,20261212
3121,1,1,1,1,1,0,0,20261031,20261212
3115,1,1,1,1,1,0,0,20261031,20261212
3113,1,1,1,1,1,0,0,20261031,20261212
3108,1,1,1,1,1,0,0,20261031,20261212
3105,1,1,1,1,1,0,0,20261031,20261212
17142,1,1,1,1,1,0,0,20261031,20261212
17144,1,1,1,1,1,0,0,20261031,20261212
17149,1,1,1,1,1,0,0,20261031,20261212
17151,1,1,1,1,1,0,0,20261031,20261212
17155,1,1,1,1,1,0,0,20261031,20261212
17157,1,1,1,1,1,0,0,20261031,20261212
17163,1,1,1,1,1,0,0,20261031,20261212
17165,1,1,1,1,1,0,0,20261031,20261212
17169,1,1,1,1,1,0,0,20261031,20261212
17173,1,1,1,1,1,0,0,20261031,20261212
17177,1,1,1,1,1,0,0,20261031,20261212
17181,1,1,1,1,1,0,0,20261031,20261212
17185,1,1,1,1,1,0,0,20261031,20261212
17187,1,1,1,1,1,0,0,20261031,20261212
17193,1,1,1,1,1,0,0,20261031,20261212
17195,1,1,1,1,1,0,0,20261031,20261212
17199,1,1,1,1,1,0,0,20261031,20261212
17203,1,1,1,1,1,0,0,20261031,20261212
17207,1,1,1,1,1,0,0,20261031,20261212
17211,1,1,1,1,1,0,0,20261031,20261212
17215,1,1,1,1,1,0,0,20261031,20261212
17219,1,1,1,1,1,0,0,20261031,20261212
1258,1,1,1,1,1,0,0,20261031,20261212
17223,1,1,1,1,1,0,0,20261031,20261212
17225,1,1,1,1,1,0,0,20261031,20261212
1254,1,1,1,1,1,0,0,20261031,20261212
1252,1,1,1,1,1,0,0,20261031,20261212
1249,1,1,1,1,1,0,0,20261031,20261212
1247,1,1,1,1,1,0,0,20261031,20261212
3101,1,1,1,1,1,0,0,20261031,20261212
3096,1,1,1,1,1,0,0,20261031,20261212
3094,1,1,1,1,1,0,0,20261031,20261212
3089,1,1,1,1,1,0,0,20261031,20261212
3087,1,1,1,1,1,0,0,20261031,20261212
3081,1,1,1,1,1,0,0,20261031,20261212
3078,1,1,1,1,1,0,0,20261031,20261212
3074,1,1,1,1,1,0,0,20261031,20261212
3072,1,1,1,1,1,0,0,20261031,20261212
3066,1,1,1,1,1,0,0,20261031,20261212
3063,1,1,1,1,1,0,0,20261031,20261212
3059,1,1,1,1,1,0,0,20261031,20261212
3057,1,1,1,1,1,0,0,20261031,20261212
3051,1,1,1,1,1,0,0,20261031,20261212
3047,1,1,1,1,1,0,0,20261031,20261212
3040,1,1,1,1,1,0,0,20261031,20261212
3037,1,1,1,1,1,0,0,20261031,20261212
3035,1,1,1,1,1,0,0,20261031,20261212
3033,1,1,1,1,1,0,0,20261031,20261212
3028,1,1,1,1,1,0,0,20261031,20261212
3025,1,1,1,1,1,0,0,20261031,20261212
3023,1,1,1,1,1,0,0,20261031,20261212
3021,1,1,1,1,1,0,0,20261031,20261212
3018,1,1,1,1,1,0,0,20261031,20261212
3015,1,1,1,1,1,0,0,20261031,20261212
3011,1,1,1,1,1,0,0,20261031,20261212
3008,1,1,1,1,1,0,0,20261031,20261212
3006,1,1,1,1,1,0,0,20261031,20261212
3002,1,1,1,1,1,0,0,20261031,20261212
2999,1,1,1,1,1,0,0,20261031,20261212
2997,1,1,1,1,1,0,0,20261031,20261212
2993,1,1,1,1,1,0,0,20261031,20261212
2990,1,1,1,1,1,0,0,20261031,20261212
2988,1,1,1,1,1,0,0,20261031,20261212
2986,1,1,1,1,1,0,0,20261031,20261212
2984,1,1,1,1,1,0,0,20261031,20261212
2980,1,1,1,1,1,0,0,20261031,20261212
2978,1,1,1,1,1,0,0,20261031,20261212
2972,1,1,1,1,1,0,0,20261031,20261212
2968,1,1,1,1,1,0,0,20261031,20261212
2964,1,1,1,1,1,0,0,20261031,20261212
2961,1,1,1,1,1,0,0,20261031,20261212
2957,1,1,1,1,1,0,0,20261031,20261212
2955,1,1,1,1,1,0,0,20261031,20261212
2949,1,1,1,1,1,0,0,20261031,20261212
2946,1,1,1,1,1,0,0,20261031,20261212
2941,1,1,1,1,1,0,0,20261031,20261212
2936,1,1,1,1,1,0,0,20261031,20261212
2931,1,1,1,1,1,0,0,20261031,20261212
2924,1,1,1,1,1,0,0,20261031,20261212
2922,1,1,1,1,1,0,0,20261031,20261212
2920,1,1,1,1,1,0,0,20261031,20261212
2918,1,1,1,1,1,0,0,20261031,20261212
2916,1,1,1,1,1,0,0,20261031,20261212
2914,1,1,1,1,1,0,0,20261031,20261212
2911,1,1,1,1,1,0,0,20261031,20261212
2908,1,1,1,1,1,0,0,20261031,20261212
1242,1,1,1,1,1,0,0,20261031,20261212
1240,1,1,1,1,1,0,0,20261031,20261212
1237,1,1,1,1,1,0,0,20261031,20261212
1234,1,1,1,1,1,0,0,20261031,20261212
1232,1,1,1,1,1,0,0,20261031,20261212
1225,1,1,1,1,1,0,0,20261031,20261212
1223,1,1,1,1,1,0,0,20261031,20261212
2905,1,1,1,1,1,0,0,20261031,20261212
2903,1,1,1,1,1,0,0,20261031,20261212
2901,1,1,1,1,1,0,0,20261031,20261212
2898,1,1,1,1,1,0,0,20261031,20261212
2896,1,1,1,1,1,0,0,20261031,20261212
2894,1,1,1,1,1,0,0,20261031,20261212
2892,1,1,1,1,1,0,0,20261031,20261212
2889,1,1,1,1,1,0,0,20261031,20261212
2887,1,1,1,1,1,0,0,20261031,20261212
2885,1,1,1,1,1,0,0,20261031,20261212
2881,1,1,1,1,1,0,0,20261031,20261212
2879,1,1,1,1,1,0,0,20261031,20261212
2875,1,1,1,1,1,0,0,20261031,20261212
2873,1,1,1,1,1,0,0,20261031,20261212
2871,1,1,1,1,1,0,0,20261031,20261212
2867,1,1,1,1,1,0,0,20261031,20261212
1221,1,1,1,1,1,0,0,20261031,20261212
13723,1,1,1,1,1,0,0,20261031,20261212
13726,1,1,1,1,1,0,0,20261031,20261212
13729,1,1,1,1,1,0,0,20261031,20261212
1216,1,1,1,1,1,0,0,20261031,20261212
13731,1,1,1,1,1,0,0,20261031,20261212
13733,1,1,1,1,1,0,0,20261031,20261212
1212,1,1,1,1,1,0,0,20261031,20261212
13735,1,1,1,1,1,0,0,20261031,20261212
13737,1,1,1,1,1,0,0,20261031,20261212
1209,1,1,1,1,1,0,0,20261031,20261212
13739,1,1,1,1,1,0,0,20261031,20261212
17231,1,1,1,1,1,0,0,20261031,20261212
17233,1,1,1,1,1,0,0,20261031,20261212
17237,1,1,1,1,1,0,0,20261031,20261212
17241,1,1,1,1,1,0,0,20261031,20261212
17245,1,1,1,1,1,0,0,20261031,20261212
17249,1,1,1,1,1,0,0,20261031,20261212
17253,1,1,1,1,1,0,0,20261031,20261212
17258,1,1,1,1,1,0,0,20261031,20261212
2863,1,1,1,1,1,0,0,20261031,20261212
2861,1,1,1,1,1,0,0,20261031,20261212
2859,1,1,1,1,1,0,0,20261031,20261212
2857,1,1,1,1,1,0,0,20261031,20261212
2854,1,1,1,1,1,0,0,20261031,20261212
2852,1,1,1,1,1,0,0,20261031,20261212
2848,1,1,1,1,1,0,0,20261031,20261212
2844,1,1,1,1,1,0,0,20261031,20261212
2842,1,1,1,1,1,0,0,20261031,20261212
2839,1,1,1,1,1,0,0,20261031,20261212
2837,1,1,1,1,1,0,0,20261031,20261212
2833,1,1,1,1,1,0,0,20261031,20261212
2831,1,1,1,1,1,0,0,20261031,20261212
2829,1,1,1,1,1,0,0,20261031,20261212
2826,1,1,1,1,1,0,0,20261031,20261212
2823,1,1,1,1,1,0,0,20261031,20261212
2821,1,1,1,1,1,0,0,20261031,20261212
2819,1,1,1,1,1,0,0,20261031,20261212
2815,1,1,1,1,1,0,0,20261031,20261212
2812,1,1,1,1,1,0,0,20261031,20261212
2810,1,1,1,1,1,0,0,20261031,20261212
2806,1,1,1,1,1,0,0,20261031,20261212
2804,1,1,1,1,1,0,0,20261031,20261212
2801,1,1,1,1,1,0,0,20261031,20261212
2798,1,1,1,1,1,0,0,20261031,20261212
2796,1,1,1,1,1,0,0,20261031,20261212
2792,1,1,1,1,1,0,0,20261031,20261212
2788,1,1,1,1,1,0,0,20261031,20261212
2785,1,1,1,1,1,0,0,20261031,20261212
2782,1,1,1,1,1,0,0,20261031,20261212
2779,1,1,1,1,1,0,0,20261031,20261212
2775,1,1,1,1,1,0,0,20261031,20261212
2771,1,1,1,1,1,0,0,20261031,20261212
2767,1,1,1,1,1,0,0,20261031,20261212
2763,1,1,1,1,1,0,0,20261031,20261212
2760,1,1,1,1,1,0,0,20261031,20261212
2756,1,1,1,1,1,0,0,20261031,20261212
1083,1,1,1,1,1,0,0,20261031,20261212
1080,1,1,1,1,1,0,0,20261031,20261212
1078,1,1,1,1,1,0,0,20261031,20261212
1075,1,1,1,1,1,0,0,20261031,20261212
1073,1,1,1,1,1,0,0,20261031,20261212
1071,1,1,1,1,1,0,0,20261031,20261212
1068,1,1,1,1,1,0,0,20261031,20261212
1065,1,1,1,1,1,0,0,20261031,20261212
1062,1,1,1,1,1,0,0,20261031,20261212
1060,1,1,1,1,1,0,0,20261031,20261212
1057,1,1,1,1,1,0,0,20261031,20261212
1053,1,1,1,1,1,0,0,20261031,20261212
1051,1,1,1,1,1,0,0,20261031,20261212
1039,1,1,1,1,1,0,0,20261031,20261212
1036,1,1,1,1,1,0,0,20261031,20261212
1034,1,1,1,1,1,0,0,20261031,20261212
1032,1,1,1,1,1,0,0,20261031,20261212
1030,1,1,1,1,1,0,0,20261031,20261212
1028,1,1,1,1,1,0,0,20261031,20261212
1026,1,1,1,1,1,0,0,20261031,20261212
1022,1,1,1,1,1,0,0,20261031,20261212
1020,1,1,1,1,1,0,0,20261031,20261212
915,1,1,1,1,1,0,0,20261031,20261212
909,1,1,1,1,1,0,0,20261031,20261212
907,1,1,1,1,1,0,0,20261031,20261212
903,1,1,1,1,1,0,0,20261031,20261212
2752,1,1,1,1,1,0,0,20261031,20261212
2746,1,1,1,1,1,0,0,20261031,20261212
2744,1,1,1,1,1,0,0,20261031,20261212
2738,1,1,1,1,1,0,0,20261031,20261212
2736,1,1,1,1,1,0,0,20261031,20261212
2731,1,1,1,1,1,0,0,20261031,20261212
2727,1,1,1,1,1,0,0,20261031,20261212
2723,1,1,1,1,1,0,0,20261031,20261212
2719,1,1,1,1,1,0,0,20261031,20261212
2716,1,1,1,1,1,0,0,20261031,20261212
2710,1,1,1,1,1,0,0,20261031,20261212
2708,1,1,1,1,1,0,0,20261031,20261212
2704,1,1,1,1,1,0,0,20261031,20261212
2700,1,1,1,1,1,0,0,20261031,20261212
2696,1,1,1,1,1,0,0,20261031,20261212
2692,1,1,1,1,1,0,0,20261031,20261212
2687,1,1,1,1,1,0,0,20261031,20261212
2685,1,1,1,1,1,0,0,20261031,20261212
2679,1,1,1,1,1,0,0,20261031,20261212
2677,1,1,1,1,1,0,0,20261031,20261212
2672,1,1,1,1,1,0,0,20261031,20261212
2668,1,1,1,1,1,0,0,20261031,20261212
2663,1,1,1,1,1,0,0,20261031,20261212
901,1,1,1,1,1,0,0,20261031,20261212
897,1,1,1,1,1,0,0,20261031,20261212
895,1,1,1,1,1,0,0,20261031,20261212
889,1,1,1,1,1,0,0,20261031,20261212
887,1,1,1,1,1,0,0,20261031,20261212
883,1,1,1,1,1,0,0,20261031,20261212
881,1,1,1,1,1,0,0,20261031,20261212
1206,1,1,1,1,1,0,0,20261031,20261212
876,1,1,1,1,1,0,0,20261031,20261212
874,1,1,1,1,1,0,0,20261031,20261212
870,1,1,1,1,1,0,0,20261031,20261212
866,1,1,1,1,1,0,0,20261031,20261212
864,1,1,1,1,1,0,0,20261031,20261212
860,1,1,1,1,1,0,0,20261031,20261212
2661,1,1,1,1,1,0,0,20261031,20261212
856,1,1,1,1,1,0,0,20261031,20261212
2658,1,1,1,1,1,0,0,20261031,20261212
2653,1,1,1,1,1,0,0,20261031,20261212
2651,1,1,1,1,1,0,0,20261031,20261212
2647,1,1,1,1,1,0,0,20261031,20261212
2643,1,1,1,1,1,0,0,20261031,20261212
2639,1,1,1,1,1,0,0,20261031,20261212
2637,1,1,1,1,1,0,0,20261031,20261212
1572,1,1,1,1,1,0,0,20261031,20261212
2632,1,1,1,1,1,0,0,20261031,20261212
1570,1,1,1,1,1,0,0,20261031,20261212
2628,1,1,1,1,1,0,0,20261031,20261212
1565,1,1,1,1,1,0,0,20261031,20261212
1561,1,1,1,1,1,0,0,20261031,20261212
1556,1,1,1,1,1,0,0,20261031,20261212
1554,1,1,1,1,1,0,0,20261031,20261212
8452,1,1,1,1,1,0,0,20261031,20261212
2624,1,1,1,1,1,0,0,20261031,20261212
8454,1,1,1,1,1,0,0,20261031,20261212
2622,1,1,1,1,1,0,0,20261031,20261212
8456,1,1,1,1,1,0,0,20261031,20261212
8458,1,1,1,1,1,0,0,20261031,20261212
2617,1,1,1,1,1,0,0,20261031,20261212
8460,1,1,1,1,1,0,0,20261031,20261212
8462,1,1,1,1,1,0,0,20261031,20261212
1548,1,1,1,1,1,0,0,20261031,20261212
1546,1,1,1,1,1,0,0,20261031,20261212
1202,1,1,1,1,1,0,0,20261031,20261212
1198,1,1,1,1,1,0,0,20261031,20261212
1195,1,1,1,1,1,0,0,20261031,20261212
1192,1,1,1,1,1,0,0,20261031,20261212
1189,1,1,1,1,1,0,0,20261031,20261212
1187,1,1,1,1,1,0,0,20261031,20261212
1184,1,1,1,1,1,0,0,20261031,20261212
1181,1,1,1,1,1,0,0,20261031,20261212
1178,1,1,1,1,1,0,0,20261031,20261212
1176,1,1,1,1,1,0,0,20261031,20261212
1173,1,1,1,1,1,0,0,20261031,20261212
1170,1,1,1,1,1,0,0,20261031,20261212
1168,1,1,1,1,1,0,0,20261031,20261212
1540,1,1,1,1,1,0,0,20261031,20261212
1538,1,1,1,1,1,0,0,20261031,20261212
1164,1,1,1,1,1,0,0,20261031,20261212
1532,1,1,1,1,1,0,0,20261031,20261212
1530,1,1,1,1,1,0,0,20261031,20261212
1525,1,1,1,1,1,0,0,20261031,20261212
1521,1,1,1,1,1,0,0,20261031,20261212
1518,1,1,1,1,1,0,0,20261031,20261212
1514,1,1,1,1,1,0,0,20261031,20261212
1512,1,1,1,1,1,0,0,20261031,20261212
1508,1,1,1,1,1,0,0,20261031,20261212
1506,1,1,1,1,1,0,0,20261031,20261212
1502,1,1,1,1,1,0,0,20261031,20261212
1497,1,1,1,1,1,0,0,20261031,20261212
1493,1,1,1,1,1,0,0,20261031,20261212
1490,1,1,1,1,1,0,0,20261031,20261212
1485,1,1,1,1,1,0,0,20261031,20261212
1483,1,1,1,1,1,0,0,20261031,20261212
1481,1,1,1,1,1,0,0,20261031,20261212
1476,1,1,1,1,1,0,0,20261031,20261212
1472,1,1,1,1,1,0,0,20261031,20261212
2613,1,1,1,1,1,0,0,20261031,20261212
2611,1,1,1,1,1,0,0,20261031,20261212
2607,1,1,1,1,1,0,0,20261031,20261212
2604,1,1,1,1,1,0,0,20261031,20261212
2600,1,1,1,1,1,0,0,20261031,20261212
2596,1,1,1,1,1,0,0,20261031,20261212
2594,1,1,1,1,1,0,0,20261031,20261212
2590,1,1,1,1,1,0,0,20261031,20261212
2586,1,1,1,1,1,0,0,20261031,20261212
2584,1,1,1,1,1,0,0,20261031,20261212
2578,1,1,1,1,1,0,0,20261031,20261212
2576,1,1,1,1,1,0,0,20261031,20261212
2572,1,1,1,1,1,0,0,20261031,20261212
2570,1,1,1,1,1,0,0,20261031,20261212
2565,1,1,1,1,1,0,0,20261031,20261212
2563,1,1,1,1,1,0,0,20261031,20261212
2561,1,1,1,1,1,0,0,20261031,20261212
2555,1,1,1,1,1,0,0,20261031,20261212
2553,1,1,1,1,1,0,0,20261031,20261212
2549,1,1,1,1,1,0,0,20261031,20261212
2545,1,1,1,1,1,0,0,20261031,20261212
2541,1,1,1,1,1,0,0,20261031,20261212
2539,1,1,1,1,1,0,0,20261031,20261212
2533,1,1,1,1,1,0,0,20261031,20261212
2531,1,1,1,1,1,0,0,20261031,20261212
2528,1,1,1,1,1,0,0,20261031,20261212
2523,1,1,1,1,1,0,0,20261031,20261212
1469,1,1,1,1,1,0,0,20261031,20261212
1467,1,1,1,1,1,0,0,20261031,20261212
1461,1,1,1,1,1,0,0,20261031,20261212
1456,1,1,1,1,1,0,0,20261031,20261212
1454,1,1,1,1,1,0,0,20261031,20261212
1447,1,1,1,1,1,0,0,20261031,20261212
1444,1,1,1,1,1,0,0,20261031,20261212
1439,1,1,1,1,1,0,0,20261031,20261212
1436,1,1,1,1,1,0,0,20261031,20261212
1431,1,1,1,1,1,0,0,20261031,20261212
1428,1,1,1,1,1,0,0,20261031,20261212
1426,1,1,1,1,1,0,0,20261031,20261212
1161,1,1,1,1,1,0,0,20261031,20261212
1159,1,1,1,1,1,0,0,20261031,20261212
1157,1,1,1,1,1,0,0,20261031,20261212
1154,1,1,1,1,1,0,0,20261031,20261212
1151,1,1,1,1,1,0,0,20261031,20261212
1149,1,1,1,1,1,0,0,20261031,20261212
1145,1,1,1,1,1,0,0,20261031,20261212
1141,1,1,1,1,1,0,0,20261031,20261212
1139,1,1,1,1,1,0,0,20261031,20261212
852,1,1,1,1,1,0,0,20261031,20261212
848,1,1,1,1,1,0,0,20261031,20261212
844,1,1,1,1,1,0,0,20261031,20261212
840,1,1,1,1,1,0,0,20261031,20261212
837,1,1,1,1,1,0,0,20261031,20261212
833,1,1,1,1,1,0,0,20261031,20261212
831,1,1,1,1,1,0,0,20261031,20261212
827,1,1,1,1,1,0,0,20261031,20261212
825,1,1,1,1,1,0,0,20261031,20261212
821,1,1,1,1,1,0,0,20261031,20261212
819,1,1,1,1,1,0,0,20261031,20261212
815,1,1,1,1,1,0,0,20261031,20261212
812,1,1,1,1,1,0,0,20261031,20261212
809,1,1,1,1,1,0,0,20261031,20261212
805,1,1,1,1,1,0,0,20261031,20261212
802,1,1,1,1,1,0,0,20261031,20261212
797,1,1,1,1,1,0,0,20261031,20261212
794,1,1,1,1,1,0,0,20261031,20261212
791,1,1,1,1,1,0,0,20261031,20261212
787,1,1,1,1,1,0,0,20261031,20261212
784,1,1,1,1,1,0,0,20261031,20261212
781,1,1,1,1,1,0,0,20261031,20261212
778,1,1,1,1,1,0,0,20261031,20261212
774,1,1,1,1,1,0,0,20261031,20261212
771,1,1,1,1,1,0,0,20261031,20261212
768,1,1,1,1,1,0,0,20261031,20261212
764,1,1,1,1,1,0,0,20261031,20261212
761,1,1,1,1,1,0,0,20261031,20261212
758,1,1,1,1,1,0,0,20261031,20261212
754,1,1,1,1,1,0,0,20261031,20261212
751,1,1,1,1,1,0,0,20261031,20261212
748,1,1,1,1,1,0,0,20261031,20261212
744,1,1,1,1,1,0,0,20261031,20261212
741,1,1,1,1,1,0,0,20261031,20261212
738,1,1,1,1,1,0,0,20261031,20261212
734,1,1,1,1,1,0,0,20261031,20261212
731,1,1,1,1,1,0,0,20261031,20261212
728,1,1,1,1,1,0,0,20261031,20261212
724,1,1,1,1,1,0,0,20261031,20261212
2520,1,1,1,1,1,0,0,20261031,20261212
2516,1,1,1,1,1,0,0,20261031,20261212
2512,1,1,1,1,1,0,0,20261031,20261212
2508,1,1,1,1,1,0,0,20261031,20261212
2503,1,1,1,1,1,0,0,20261031,20261212
2501,1,1,1,1,1,0,0,20261031,20261212
2495,1,1,1,1,1,0,0,20261031,20261212
2493,1,1,1,1,1,0,0,20261031,20261212
2487,1,1,1,1,1,0,0,20261031,20261212
2484,1,1,1,1,1,0,0,20261031,20261212
2480,1,1,1,1,1,0,0,20261031,20261212
2476,1,1,1,1,1,0,0,20261031,20261212
2472,1,1,1,1,1,0,0,20261031,20261212
2467,1,1,1,1,1,0,0,20261031,20261212
2465,1,1,1,1,1,0,0,20261031,20261212
2459,1,1,1,1,1,0,0,20261031,20261212
2457,1,1,1,1,1,0,0,20261031,20261212
2451,1,1,1,1,1,0,0,20261031,20261212
2448,1,1,1,1,1,0,0,20261031,20261212
2444,1,1,1,1,1,0,0,20261031,20261212
2440,1,1,1,1,1,0,0,20261031,20261212
2436,1,1,1,1,1,0,0,20261031,20261212
2431,1,1,1,1,1,0,0,20261031,20261212
2427,1,1,1,1,1,0,0,20261031,20261212
2424,1,1,1,1,1,0,0,20261031,20261212
2420,1,1,1,1,1,0,0,20261031,20261212
2416,1,1,1,1,1,0,0,20261031,20261212
721,1,1,1,1,1,0,0,20261031,20261212
718,1,1,1,1,1,0,0,20261031,20261212
714,1,1,1,1,1,0,0,20261031,20261212
711,1,1,1,1,1,0,0,20261031,20261212
708,1,1,1,1,1,0,0,20261031,20261212
704,1,1,1,1,1,0,0,20261031,20261212
701,1,1,1,1,1,0,0,20261031,20261212
698,1,1,1,1,1,0,0,20261031,20261212
694,1,1,1,1,1,0,0,20261031,20261212
692,1,1,1,1,1,0,0,20261031,20261212
689,1,1,1,1,1,0,0,20261031,20261212
684,1,1,1,1,1,0,0,20261031,20261212
680,1,1,1,1,1,0,0,20261031,20261212
678,1,1,1,1,1,0,0,20261031,20261212
675,1,1,1,1,1,0,0,20261031,20261212
670,1,1,1,1,1,0,0,20261031,20261212
666,1,1,1,1,1,0,0,20261031,20261212
664,1,1,1,1,1,0,0,20261031,20261212
661,1,1,1,1,1,0,0,20261031,20261212
657,1,1,1,1,1,0,0,20261031,20261212
653,1,1,1,1,1,0,0,20261031,20261212
651,1,1,1,1,1,0,0,20261031,20261212
648,1,1,1,1,1,0,0,20261031,20261212
645,1,1,1,1,1,0,0,20261031,20261212
643,1,1,1,1,1,0,0,20261031,20261212
639,1,1,1,1,1,0,0,20261031,20261212
637,1,1,1,1,1,0,0,20261031,20261212
634,1,1,1,1,1,0,0,20261031,20261212
631,1,1,1,1,1,0,0,20261031,20261212
629,1,1,1,1,1,0,0,20261031,20261212
625,1,1,1,1,1,0,0,20261031,20261212
622,1,1,1,1,1,0,0,20261031,20261212
619,1,1,1,1,1,0,0,20261031,20261212
616,1,1,1,1,1,0,0,20261031,20261212
613,1,1,1,1,1,0,0,20261031,20261212
610,1,1,1,1,1,0,0,20261031,20261212
1135,1,1,1,1,1,0,0,20261031,20261212
1133,1,1,1,1,1,0,0,20261031,20261212
1131,1,1,1,1,1,0,0,20261031,20261212
1127,1,1,1,1,1,0,0,20261031,20261212
1124,1,1,1,1,1,0,0,20261031,20261212
1121,1,1,1,1,1,0,0,20261031,20261212
1119,1,1,1,1,1,0,0,20261031,20261212
1117,1,1,1,1,1,0,0,20261031,20261212
1115,1,1,1,1,1,0,0,20261031,20261212
1112,1,1,1,1,1,0,0,20261031,20261212
1110,1,1,1,1,1,0,0,20261031,20261212
1108,1,1,1,1,1,0,0,20261031,20261212
1105,1,1,1,1,1,0,0,20261031,20261212
1102,1,1,1,1,1,0,0,20261031,20261212
1098,1,1,1,1,1,0,0,20261031,20261212
2411,1,1,1,1,1,0,0,20261031,20261212
2407,1,1,1,1,1,0,0,20261031,20261212
2402,1,1,1,1,1,0,0,20261031,20261212
2400,1,1,1,1,1,0,0,20261031,20261212
2397,1,1,1,1,1,0,0,20261031,20261212
2395,1,1,1,1,1,0,0,20261031,20261212
2389,1,1,1,1,1,0,0,20261031,20261212
2387,1,1,1,1,1,0,0,20261031,20261212
2383,1,1,1,1,1,0,0,20261031,20261212
2377,1,1,1,1,1,0,0,20261031,20261212
2375,1,1,1,1,1,0,0,20261031,20261212
2371,1,1,1,1,1,0,0,20261031,20261212
2368,1,1,1,1,1,0,0,20261031,20261212
2365,1,1,1,1,1,0,0,20261031,20261212
2361,1,1,1,1,1,0,0,20261031,20261212
2357,1,1,1,1,1,0,0,20261031,20261212
2355,1,1,1,1,1,0,0,20261031,20261212
2351,1,1,1,1,1,0,0,20261031,20261212
2346,1,1,1,1,1,0,0,20261031,20261212
2344,1,1,1,1,1,0,0,20261031,20261212
2340,1,1,1,1,1,0,0,20261031,20261212
2336,1,1,1,1,1,0,0,20261031,20261212
2334,1,1,1,1,1,0,0,20261031,20261212
2330,1,1,1,1,1,0,0,20261031,20261212
2328,1,1,1,1,1,0,0,20261031,20261212
2324,1,1,1,1,1,0,0,20261031,20261212
2320,1,1,1,1,1,0,0,20261031,20261212
2317,1,1,1,1,1,0,0,20261031,20261212
1095,1,1,1,1,1,0,0,20261031,20261212
1093,1,1,1,1,1,0,0,20261031,20261212
1090,1,1,1,1,1,0,0,20261031,20261212
1087,1,1,1,1,1,0,0,20261031,20261212
2313,1,1,1,1,1,0,0,20261031,20261212
2310,1,1,1,1,1,0,0,20261031,20261212
2308,1,1,1,1,1,0,0,20261031,20261212
2301,1,1,1,1,1,0,0,20261031,20261212
2296,1,1,1,1,1,0,0,20261031,20261212
2291,1,1,1,1,1,0,0,20261031,20261212
2286,1,1,1,1,1,0,0,20261031,20261212
2281,1,1,1,1,1,0,0,20261031,20261212
2278,1,1,1,1,1,0,0,20261031,20261212
2275,1,1,1,1,1,0,0,20261031,20261212
2270,1,1,1,1,1,0,0,20261031,20261212
2267,1,1,1,1,1,0,0,20261031,20261212
2265,1,1,1,1,1,0,0,20261031,20261212
2260,1,1,1,1,1,0,0,20261031,20261212
2254,1,1,1,1,1,0,0,20261031,20261212
2250,1,1,1,1,1,0,0,20261031,20261212
2243,1,1,1,1,1,0,0,20261031,20261212
2241,1,1,1,1,1,0,0,20261031,20261212
2238,1,1,1,1,1,0,0,20261031,20261212
2233,1,1,1,1,1,0,0,20261031,20261212
2230,1,1,1,1,1,0,0,20261031,20261212
2225,1,1,1,1,1,0,0,20261031,20261212
2222,1,1,1,1,1,0,0,20261031,20261212
2218,1,1,1,1,1,0,0,20261031,20261212
2212,1,1,1,1,1,0,0,20261031,20261212
2210,1,1,1,1,1,0,0,20261031,20261212
2203,1,1,1,1,1,0,0,20261031,20261212
2201,1,1,1,1,1,0,0,20261031,20261212
2199,1,1,1,1,1,0,0,20261031,20261212
2193,1,1,1,1,1,0,0,20261031,20261212
2187,1,1,1,1,1,0,0,20261031,20261212
2185,1,1,1,1,1,0,0,20261031,20261212
2176,1,1,1,1,1,0,0,20261031,20261212
2174,1,1,1,1,1,0,0,20261031,20261212
2170,1,1,1,1,1,0,0,20261031,20261212
2168,1,1,1,1,1,0,0,20261031,20261212
2164,1,1,1,1,1,0,0,20261031,20261212
2162,1,1,1,1,1,0,0,20261031,20261212
2157,1,1,1,1,1,0,0,20261031,20261212
2153,1,1,1,1,1,0,0,20261031,20261212
2147,1,1,1,1,1,0,0,20261031,20261212
2142,1,1,1,1,1,0,0,20261031,20261212
9945,1,1,1,1,1,0,0,20261031,20261212
9946,1,1,1,1,1,0,0,20261031,20261212
9947,1,1,1,1,1,0,0,20261031,20261212
9948,1,1,1,1,1,0,0,20261031,20261212
9949,1,1,1,1,1,0,0,20261031,20261212
9950,1,1,1,1,1,0,0,20261031,20261212
9951,1,1,1,1,1,0,0,20261031,20261212
9952,1,1,1,1,1,0,0,20261031,20261212
9953,1,1,1,1,1,0,0,20261031,20261212
9954,1,1,1,1,1,0,0,20261031,20261212
9955,1,1,1,1,1,0,0,20261031,20261212
9956,1,1,1,1,1,0,0,20261031,20261212
9957,1,1,1,1,1,0,0,20261031,20261212
9958,1,1,1,1,1,0,0,20261031,20261212
9959,1,1,1,1,1,0,0,20261031,20261212
9960,1,1,1,1,1,0,0,20261031,20261212
9961,1,1,1,1,1,0,0,20261031,20261212
9962,1,1,1,1,1,0,0,20261031,20261212
9963,1,1,1,1,1,0,0,20261031,20261212
9964,1,1,1,1,1,0,0,20261031,20261212
9965,1,1,1,1,1,0,0,20261031,20261212
9966,1,1,1,1,1,0,0,20261031,20261212
9967,1,1,1,1,1,0,0,20261031,20261212
9968,1,1,1,1,1,0,0,20261031,20261212
9969,1,1,1,1,1,0,0,20261031,20261212
9970,1,1,1,1,1,0,0,20261031,20261212
9971,1,1,1,1,1,0,0,20261031,20261212
9972,1,1,1,1,1,0,0,20261031,20261212
9973,1,1,1,1,1,0,0,20261031,20261212
9974,1,1,1,1,1,0,0,20261031,20261212
9975,1,1,1,1,1,0,0,20261031,20261212
9976,1,1,1,1,1,0,0,20261031,20261212
9977,1,1,1,1,1,0,0,20261031,20261212
9978,1,1,1,1,1,0,0,20261031,20261212
9979,1,1,1,1,1,0,0,20261031,20261212
9980,1,1,1,1,1,0,0,20261031,20261212
9981,1,1,1,1,1,0,0,20261031,20261212
9982,1,1,1,1,1,0,0,20261031,20261212
9983,1,1,1,1,1,0,0,20261031,20261212
9984,1,1,1,1,1,0,0,20261031,20261212
9985,1,1,1,1,1,0,0,20261031,20261212
9986,1,1,1,1,1,0,0,20261031,20261212
9987,1,1,1,1,1,0,0,20261031,20261212
9988,1,1,1,1,1,0,0,20261031,20261212
9989,1,1,1,1,1,0,0,20261031,20261212
9990,1,1,1,1,1,0,0,20261031,20261212
9991,1,1,1,1,1,0,0,20261031,20261212
9992,1,1,1,1,1,0,0,20261031,20261212
9993,0,0,0,0,0,1,1,20261031,20261212
9994,0,0,0,0,0,1,1,20261031,20261212
9995,0,0,0,0,0,1,1,20261031,20261212
9996,0,0,0,0,0,1,1,20261031,20261212
9997,0,0,0,0,0,1,1,20261031,20261212
9998,0,0,0,0,0,1,1,20261031,20261212
9999,0,0,0,0,0,1,1,20261031,20261212
10000,0,0,0,0,0,1,1,20261031,20261212
10001,0,0,0,0,0,1,1,20261031,20261212
10002,0,0,0,0,0,1,1,20261031,20261212
10003,0,0,0,0,0,1,1,20261031,20261212
10004,0,0,0,0,0,1,1,20261031,20261212
10005,0,0,0,0,0,1,1,20261031,20261212
10006,0,0,0,0,0,1,1,20261031,20261212
10007,0,0,0,0,0,1,1,20261031,20261212
10008,0,0,0,0,0,1,1,20261031,20261212
10009,0,0,0,0,0,1,1,20261031,20261212
10010,0,0,0,0,0,1,1,20261031,20261212
10011,0,0,0,0,0,1,1,20261031,20261212
10012,0,0,0,0,0,1,1,20261031,20261212
10013,0,0,0,0,0,1,1,20261031,20261212
10014,0,0,0,0,0,1,1,20261031,20261212
10015,0,0,0,0,0,1,1,20261031,20261212
10016,0,0,0,0,0,1,1,20261031,20261212
10017,0,0,0,0,0,1,1,20261031,20261212
10018,0,0,0,0,0,1,1,20261031,20261212
10019,0,0,0,0,0,1,1,20261031,20261212
10020,0,0,0,0,0,1,1,20261031,20261212
10021,0,0,0,0,0,1,1,20261031,20261212
10022,0,0,0,0,0,1,1,20261031,20261212
10023,0,0,0,0,0,1,1,20261031,20261212
10024,0,0,0,0,0,1,1,20261031,20261212
10025,0,0,0,0,0,1,1,20261031,20261212
10026,0,0,0,0,0,1,1,20261031,20261212
10027,0,0,0,0,0,1,1,20261031,20261212
10028,0,0,0,0,0,1,1,20261031,20261212
1421,1,1,1,1,1,0,0,20261031,20261212
1418,1,1,1,1,1,0,0,20261031,20261212
1416,1,1,1,1,1,0,0,20261031,20261212
2138,1,1,1,1,1,0,0,20261031,20261212
2130,1,1,1,1,1,0,0,20261031,20261212
2128,1,1,1,1,1,0,0,20261031,20261212
2124,1,1,1,1,1,0,0,20261031,20261212
2120,1,1,1,1,1,0,0,20261031,20261212
2116,1,1,1,1,1,0,0,20261031,20261212
2113,1,1,1,1,1,0,0,20261031,20261212
2108,1,1,1,1,1,0,0,20261031,20261212
2103,1,1,1,1,1,0,0,20261031,20261212
2099,1,1,1,1,1,0,0,20261031,20261212
2095,1,1,1,1,1,0,0,20261031,20261212
17004,1,1,1,1,1,0,0,20261031,20261212
17006,1,1,1,1,1,0,0,20261031,20261212
17012,1,1,1,1,1,0,0,20261031,20261212
17014,1,1,1,1,1,0,0,20261031,20261212
17018,1,1,1,1,1,0,0,20261031,20261212
17020,1,1,1,1,1,0,0,20261031,20261212
17026,1,1,1,1,1,0,0,20261031,20261212
17028,1,1,1,1,1,0,0,20261031,20261212
17032,1,1,1,1,1,0,0,20261031,20261212
17034,1,1,1,1,1,0,0,20261031,20261212
17040,1,1,1,1,1,0,0,20261031,20261212
17044,1,1,1,1,1,0,0,20261031,20261212
17046,1,1,1,1,1,0,0,20261031,20261212
17049,1,1,1,1,1,0,0,20261031,20261212
17052,1,1,1,1,1,0,0,20261031,20261212
17055,1,1,1,1,1,0,0,20261031,20261212
17059,1,1,1,1,1,0,0,20261031,20261212
17062,1,1,1,1,1,0,0,20261031,20261212
17064,1,1,1,1,1,0,0,20261031,20261212
17066,1,1,1,1,1,0,0,20261031,20261212
17070,1,1,1,1,1,0,0,20261031,20261212
17074,1,1,1,1,1,0,0,20261031,20261212
17078,1,1,1,1,1,0,0,20261031,20261212
17080,1,1,1,1,1,0,0,20261031,20261212
17086,1,1,1,1,1,0,0,20261031,20261212
17088,1,1,1,1,1,0,0,20261031,20261212
17094,1,1,1,1,1,0,0,20261031,20261212
17096,1,1,1,1,1,0,0,20261031,20261212
16503,1,1,1,1,1,0,0,20261031,20261212
16508,1,1,1,1,1,0,0,20261031,20261212
16511,1,1,1,1,1,0,0,20261031,20261212
16513,1,1,1,1,1,0,0,20261031,20261212
17102,1,1,1,1,1,0,0,20261031,20261212
13125,1,1,1,1,1,0,0,20261031,20261212
1412,1,1,1,1,1,0,0,20261031,20261212
13130,1,1,1,1,1,0,0,20261031,20261212
1408,1,1,1,1,1,0,0,20261031,20261212
13134,1,1,1,1,1,0,0,20261031,20261212
16519,1,1,1,1,1,0,0,20261031,20261212
16521,1,1,1,1,1,0,0,20261031,20261212
13141,1,1,1,1,1,0,0,20261031,20261212
13145,1,1,1,1,1,0,0,20261031,20261212
1404,1,1,1,1,1,0,0,20261031,20261212
13149,1,1,1,1,1,0,0,20261031,20261212
17104,1,1,1,1,1,0,0,20261031,20261212
13152,1,1,1,1,1,0,0,20261031,20261212
1401,1,1,1,1,1,0,0,20261031,20261212
13157,1,1,1,1,1,0,0,20261031,20261212
1399,1,1,1,1,1,0,0,20261031,20261212
13160,1,1,1,1,1,0,0,20261031,20261212
16527,1,1,1,1,1,0,0,20261031,20261212
13166,1,1,1,1,1,0,0,20261031,20261212
16529,1,1,1,1,1,0,0,20261031,20261212
4445,1,1,1,1,1,0,0,20261031,20261212
8318,1,1,1,1,1,0,0,20261101,20261212
13417,1,1,1,1,1,0,0,20261101,20261212
13416,1,1,1,1,1,0,0,20261101,20261212
13415,1,1,1,1,1,0,0,20261101,20261212
11069,0,0,0,0,0,1,1,20261101,20261212
11068,0,0,0,0,0,1,1,20261101,20261212
11067,0,0,0,0,0,1,1,20261101,20261212
11066,0,0,0,0,0,1,1,20261101,20261212
11065,0,0,0,0,0,1,1,20261101,20261212
11064,0,0,0,0,0,1,1,20261101,20261212
11063,0,0,0,0,0,1,1,20261101,20261212
11062,0,0,0,0,0,1,1,20261101,20261212
11061,0,0,0,0,0,1,1,20261101,20261212
11060,1,1,1,1,1,0,0,20261101,20261212
11059,1,1,1,1,1,0,0,20261101,20261212
11058,1,1,1,1,1,0,0,20261101,20261212
11057,1,1,1,1,1,0,0,20261101,20261212
11056,1,1,1,1,1,0,0,20261101,20261212
11055,1,1,1,1,1,0,0,20261101,20261212
11054,1,1,1,1,1,0,0,20261101,20261212
11053,1,1,1,1,1,0,0,20261101,20261212
11052,1,1,1,1,1,0,0,20261101,20261212
11051,1,1,1,1,1,0,0,20261101,20261212
11050,1,1,1,1,1,0,0,20261101,20261212
11049,1,1,1,1,1,0,0,20261101,20261212
11048,1,1,1,1,1,0,0,20261101,20261212
11047,1,1,1,1,1,0,0,20261101,20261212
11046,1,1,1,1,1,0,0,20261101,20261212
10248,0,0,0,0,0,0,1,20261101,20261212
11045,1,1,1,1,1,0,0,20261101,20261212
10249,0,0,0,0,0,1,1,20261101,20261212
10250,0,0,0,0,0,0,1,20261101,20261212
11044,1,1,1,1,1,0,0,20261101,20261212
11043,1,1,1,1,1,0,0,20261101,20261212
11042,1,1,1,1,1,0,0,20261101,20261212
11041,1,1,1,1,1,0,0,20261101,20261212
6520,0,0,0,0,0,1,1,20261101,20261212
6519,0,0,0,0,0,1,1,20261101,20261212
6518,0,0,0,0,0,1,1,20261101,20261212
6517,0,0,0,0,0,1,1,20261101,20261212
6516,0,0,0,0,0,1,1,20261101,20261212
6515,0,0,0,0,0,1,1,20261101,20261212
6514,0,0,0,0,0,1,1,20261101,20261212
6513,0,0,0,0,0,1,1,20261101,20261212
6512,0,0,0,0,0,1,1,20261101,20261212
6511,0,0,0,0,0,1,1,20261101,20261212
6510,0,0,0,0,0,1,1,20261101,20261212
6509,0,0,0,0,0,1,1,20261101,20261212
6508,0,0,0,0,0,1,1,20261101,20261212
6507,0,0,0,0,0,1,1,20261101,20261212
6506,1,1,1,1,1,0,0,20261101,20261212
6505,1,1,1,1,1,0,0,20261101,20261212
6504,1,1,1,1,1,0,0,20261101,20261212
6503,1,1,1,1,1,0,0,20261101,20261212
6502,1,1,1,1,1,0,0,20261101,20261212
6501,1,1,1,1,1,0,0,20261101,20261212
6500,1,1,1,1,1,0,0,20261101,20261212
6499,1,1,1,1,1,0,0,20261101,20261212
6498,1,1,1,1,1,0,0,20261101,20261212
6497,1,1,1,1,1,0,0,20261101,20261212
6496,1,1,1,1,1,0,0,20261101,20261212
6495,1,1,1,1,1,0,0,20261101,20261212
6494,1,1,1,1,1,0,0,20261101,20261212
6493,1,1,1,1,1,0,0,20261101,20261212
6492,1,1,1,1,1,0,0,20261101,20261212
6491,1,1,1,1,1,0,0,20261101,20261212
6490,1,1,1,1,1,0,0,20261101,20261212
10618,1,1,1,1,1,0,0,20261101,20261212
10788,0,0,0,0,0,0,1,20261101,20261212
10787,0,0,0,0,0,1,0,20261101,20261212
6489,1,1,1,1,1,0,0,20261101,20261212
10786,0,0,0,0,0,0,1,20261101,20261212
10785,0,0,0,0,0,1,0,20261101,20261212
6488,1,1,1,1,1,0,0,20261101,20261212
10784,0,0,0,0,0,1,1,20261101,20261212
6487,1,1,1,1,1,0,0,20261101,20261212
6486,1,1,1,1,1,0,0,20261101,20261212
10783,0,0,0,0,0,1,1,20261101,20261212
6485,1,1,1,1,1,0,0,20261101,20261212
10605,1,1,1,1,1,0,0,20261101,20261212
10782,0,0,0,0,0,1,1,20261101,20261212
10781,0,0,0,0,0,1,1,20261101,20261212
10780,0,0,0,0,0,0,1,20261101,20261212
10779,0,0,0,0,0,1,1,20261101,20261212
10604,1,1,1,1,1,0,0,20261101,20261212
10778,0,0,0,0,0,1,0,20261101,20261212
10777,0,0,0,0,0,1,0,20261101,20261212
10776,1,1,1,1,1,0,0,20261101,20261212
10775,1,1,1,1,1,0,0,20261101,20261212
10774,1,1,1,1,1,0,0,20261101,20261212
10617,1,1,1,1,1,0,0,20261101,20261212
10773,1,1,1,1,1,0,0,20261101,20261212
10772,1,1,1,1,1,0,0,20261101,20261212
10771,1,1,1,1,1,0,0,20261101,20261212
10770,1,1,1,1,1,0,0,20261101,20261212
10616,1,1,1,1,1,0,0,20261101,20261212
10769,1,1,1,1,1,0,0,20261101,20261212
10768,1,1,1,1,1,0,0,20261101,20261212
10767,1,1,1,1,1,0,0,20261101,20261212
10766,1,1,1,1,1,0,0,20261101,20261212
10615,1,1,1,1,1,0,0,20261101,20261212
10614,1,1,1,1,1,0,0,20261101,20261212
10613,1,1,1,1,1,0,0,20261101,20261212
10603,1,1,1,1,1,0,0,20261101,20261212
10658,0,0,0,0,0,0,0,20261101,20261212
10657,0,0,0,0,0,0,0,20261101,20261212
10656,0,0,0,0,0,0,1,20261101,20261212
10655,0,0,0,0,0,0,1,20261101,20261212
10654,0,0,0,0,0,0,1,20261101,20261212
10612,1,1,1,1,1,0,0,20261101,20261212
10653,0,0,0,0,0,0,1,20261101,20261212
10652,0,0,0,0,0,1,0,20261101,20261212
10651,0,0,0,0,0,0,1,20261101,20261212
10602,1,1,1,1,1,0,0,20261101,20261212
10650,0,0,0,0,0,0,1,20261101,20261212
10601,1,1,1,1,1,0,0,20261101,20261212
10649,0,0,0,0,0,0,1,20261101,20261212
10648,0,0,0,0,0,1,1,20261101,20261212
10647,0,0,0,0,0,1,1,20261101,20261212
10646,0,0,0,0,0,1,1,20261101,20261212
10645,0,0,0,0,0,1,1,20261101,20261212
10644,0,0,0,0,0,0,1,20261101,20261212
10643,0,0,0,0,0,1,0,20261101,20261212
10611,1,1,1,1,1,0,0,20261101,20261212
10642,0,0,0,0,0,1,1,20261101,20261212
10641,0,0,0,0,0,1,0,20261101,20261212
10640,0,0,0,0,0,1,0,20261101,20261212
10610,1,1,1,1,1,0,0,20261101,20261212
10639,0,0,0,0,0,1,0,20261101,20261212
10638,0,0,0,0,0,1,0,20261101,20261212
10637,0,0,0,0,0,1,0,20261101,20261212
10636,1,1,1,1,1,0,0,20261101,20261212
10600,1,1,1,1,1,0,0,20261101,20261212
10635,1,1,1,1,1,0,0,20261101,20261212
10634,1,1,1,1,1,0,0,20261101,20261212
13921,0,0,0,0,0,1,1,20261101,20261212
13920,0,0,0,0,0,1,1,20261101,20261212
13919,0,0,0,0,0,1,1,20261101,20261212
13918,0,0,0,0,0,1,1,20261101,20261212
13917,0,0,0,0,0,0,1,20261101,20261212
13916,0,0,0,0,0,0,1,20261101,20261212
13915,0,0,0,0,0,1,1,20261101,20261212
13914,0,0,0,0,0,1,1,20261101,20261212
13913,1,1,1,1,1,0,0,20261101,20261212
13912,1,1,1,1,1,0,0,20261101,20261212
8349,0,0,0,0,0,1,1,20261101,20261212
8348,0,0,0,0,0,1,1,20261101,20261212
8347,0,0,0,0,0,1,1,20261101,20261212
8346,0,0,0,0,0,1,1,20261101,20261212
8345,0,0,0,0,0,1,1,20261101,20261212
8344,0,0,0,0,0,1,1,20261101,20261212
8343,0,0,0,0,0,1,1,20261101,20261212
8342,0,0,0,0,0,1,1,20261101,20261212
8341,0,0,0,0,0,1,1,20261101,20261212
8340,0,0,0,0,0,1,1,20261101,20261212
8339,0,0,0,0,0,1,1,20261101,20261212
8338,0,0,0,0,0,1,1,20261101,20261212
8337,0,0,0,0,0,1,1,20261101,20261212
8336,0,0,0,0,0,1,1,20261101,20261212
8335,0,0,0,0,0,1,1,20261101,20261212
8334,1,1,1,1,1,0,0,20261101,20261212
8333,1,1,1,1,1,0,0,20261101,20261212
8332,1,1,1,1,1,0,0,20261101,20261212
8331,1,1,1,1,1,0,0,20261101,20261212
8330,1,1,1,1,1,0,0,20261101,20261212
8329,1,1,1,1,1,0,0,20261101,20261212
8328,1,1,1,1,1,0,0,20261101,20261212
8327,1,1,1,1,1,0,0,20261101,20261212
8326,1,1,1,1,1,0,0,20261101,20261212
8325,1,1,1,1,1,0,0,20261101,20261212
8324,1,1,1,1,1,0,0,20261101,20261212
8323,1,1,1,1,1,0,0,20261101,20261212
8322,1,1,1,1,1,0,0,20261101,20261212
8321,1,1,1,1,1,0,0,20261101,20261212
8320,1,1,1,1,1,0,0,20261101,20261212
8319,1,1,1,1,1,0,0,20261101,20261212
8317,1,1,1,1,1,0,0,20261101,20261212
8316,1,1,1,1,1,0,0,20261101,20261212
8315,1,1,1,1,1,0,0,20261101,20261212
8314,1,1,1,1,1,0,0,20261101,20261212
8313,1,1,1,1,1,0,0,20261101,20261212
8312,1,1,1,1,1,0,0,20261101,20261212
8311,1,1,1,1,1,0,0,20261101,20261212
8310,1,1,1,1,1,0,0,20261101,20261212
8309,1,1,1,1,1,0,0,20261101,20261212
8308,1,1,1,1,1,0,0,20261101,20261212
8307,1,1,1,1,1,0,0,20261101,20261212
8306,1,1,1,1,1,0,0,20261101,20261212
8305,1,1,1,1,1,0,0,20261101,20261212
8304,1,1,1,1,1,0,0,20261101,20261212
8303,1,1,1,1,1,0,0,20261101,20261212
8302,1,1,1,1,1,0,0,20261101,20261212
8301,1,1,1,1,1,0,0,20261101,20261212
8300,1,1,1,1,1,0,0,20261101,20261212
8299,1,1,1,1,1,0,0,20261101,20261212
8298,1,1,1,1,1,0,0,20261101,20261212
8297,1,1,1,1,1,0,0,20261101,20261212
8296,1,1,1,1,1,0,0,20261101,20261212
8295,1,1,1,1,1,0,0,20261101,20261212
8294,1,1,1,1,1,0,0,20261101,20261212
8293,1,1,1,1,1,0,0,20261101,20261212
8292,1,1,1,1,1,0,0,20261101,20261212
8291,1,1,1,1,1,0,0,20261101,20261212
8290,1,1,1,1,1,0,0,20261101,20261212
8289,1,1,1,1,1,0,0,20261101,20261212
8288,1,1,1,1,1,0,0,20261101,20261212
8106,0,0,0,0,0,1,1,20261101,20261212
8105,0,0,0,0,0,1,0,20261101,20261212
10633,1,1,1,1,1,0,0,20261101,20261212
8104,0,0,0,0,0,1,1,20261101,20261212
10632,1,1,1,1,1,0,0,20261101,20261212
8103,0,0,0,0,0,1,1,20261101,20261212
10631,1,1,1,1,1,0,0,20261101,20261212
8102,0,0,0,0,0,1,1,20261101,20261212
10609,1,1,1,1,1,0,0,20261101,20261212
8101,1,1,1,1,1,0,0,20261101,20261212
10630,1,1,1,1,1,0,0,20261101,20261212
8100,1,1,1,1,1,0,0,20261101,20261212
10629,1,1,1,1,1,0,0,20261101,20261212
8099,1,1,1,1,1,0,0,20261101,20261212
10628,1,1,1,1,1,0,0,20261101,20261212
8098,1,1,1,1,1,0,0,20261101,20261212
10627,1,1,1,1,1,0,0,20261101,20261212
10626,1,1,1,1,1,0,0,20261101,20261212
8097,1,1,1,1,1,0,0,20261101,20261212
10625,1,1,1,1,1,0,0,20261101,20261212
8096,1,1,1,1,1,0,0,20261101,20261212
8095,1,1,1,1,1,0,0,20261101,20261212
8094,1,1,1,1,1,0,0,20261101,20261212
10608,1,1,1,1,1,0,0,20261101,20261212
8093,1,1,1,1,1,0,0,20261101,20261212
8092,1,1,1,1,1,0,0,20261101,20261212
14073,1,1,1,1,1,0,0,20261101,20261212
14074,1,1,1,1,1,0,0,20261101,20261212
14075,1,1,1,1,1,0,0,20261101,20261212
14076,1,1,1,1,1,0,0,20261101,20261212
14077,1,1,1,1,1,0,0,20261101,20261212
14078,1,1,1,1,1,0,0,20261101,20261212
14079,1,1,1,1,1,0,0,20261101,20261212
14080,1,1,1,1,1,0,0,20261101,20261212
14081,1,1,1,1,1,0,0,20261101,20261212
14082,1,1,1,1,1,0,0,20261101,20261212
14083,1,1,1,1,1,0,0,20261101,20261212
14084,1,1,1,1,1,0,0,20261101,20261212
14085,1,1,1,1,1,0,0,20261101,20261212
14086,1,1,1,1,1,0,0,20261101,20261212
14087,1,1,1,1,1,0,0,20261101,20261212
14088,1,1,1,1,1,0,0,20261101,20261212
14089,1,1,1,1,1,0,0,20261101,20261212
14090,1,1,1,1,1,0,0,20261101,20261212
14091,1,1,1,1,1,0,0,20261101,20261212
14092,1,1,1,1,1,0,0,20261101,20261212
14093,1,1,1,1,1,0,0,20261101,20261212
14094,1,1,1,1,1,0,0,20261101,20261212
14095,0,0,0,0,0,1,1,20261101,20261212
14096,0,0,0,0,0,1,0,20261101,20261212
14097,0,0,0,0,0,1,0,20261101,20261212
8091,1,1,1,1,1,0,0,20261101,20261212
8090,1,1,1,1,1,0,0,20261101,20261212
8089,1,1,1,1,1,0,0,20261101,20261212
8088,1,1,1,1,1,0,0,20261101,20261212
8087,1,1,1,1,1,0,0,20261101,20261212
8086,1,1,1,1,1,0,0,20261101,20261212
8085,1,1,1,1,1,0,0,20261101,20261212
8084,1,1,1,1,1,0,0,20261101,20261212
15659,1,1,1,1,1,0,0,20261101,20261212
15660,1,1,1,1,1,0,0,20261101,20261212
15661,1,1,1,1,1,0,0,20261101,20261212
15662,1,1,1,1,1,0,0,20261101,20261212
15663,1,1,1,1,1,0,0,20261101,20261212
8083,1,1,1,1,1,0,0,20261101,20261212
15664,1,1,1,1,1,0,0,20261101,20261212
15665,1,1,1,1,1,0,0,20261101,20261212
15666,1,1,1,1,1,0,0,20261101,20261212
15667,1,1,1,1,1,0,0,20261101,20261212
15668,1,1,1,1,1,0,0,20261101,20261212
15669,1,1,1,1,1,0,0,20261101,20261212
15670,1,1,1,1,1,0,0,20261101,20261212
15671,1,1,1,1,1,0,0,20261101,20261212
15672,1,1,1,1,1,0,0,20261101,20261212
15673,1,1,1,1,1,0,0,20261101,20261212
15674,1,1,1,1,1,0,0,20261101,20261212
15675,1,1,1,1,1,0,0,20261101,20261212
15676,1,1,1,1,1,0,0,20261101,20261212
8082,1,1,1,1,1,0,0,20261101,20261212
8081,1,1,1,1,1,0,0,20261101,20261212
15677,1,1,1,1,1,0,0,20261101,20261212
15678,1,1,1,1,1,0,0,20261101,20261212
15679,1,1,1,1,1,0,0,20261101,20261212
15680,1,1,1,1,1,0,0,20261101,20261212
15681,1,1,1,1,1,0,0,20261101,20261212
15682,1,1,1,1,1,0,0,20261101,20261212
15683,1,1,1,1,1,0,0,20261101,20261212
15684,1,1,1,1,1,0,0,20261101,20261212
15685,1,1,1,1,1,0,0,20261101,20261212
15686,1,1,1,1,1,0,0,20261101,20261212
15687,1,1,1,1,1,0,0,20261101,20261212
15688,1,1,1,1,1,0,0,20261101,20261212
15689,1,1,1,1,1,0,0,20261101,20261212
15690,1,1,1,1,1,0,0,20261101,20261212
8080,1,1,1,1,1,0,0,20261101,20261212
15691,1,1,1,1,1,0,0,20261101,20261212
8079,1,1,1,1,1,0,0,20261101,20261212
15692,1,1,1,1,1,0,0,20261101,20261212
15693,1,1,1,1,1,0,0,20261101,20261212
15694,1,1,1,1,1,0,0,20261101,20261212
15695,1,1,1,1,1,0,0,20261101,20261212
8078,1,1,1,1,1,0,0,20261101,20261212
8077,1,1,1,1,1,0,0,20261101,20261212
15696,1,1,1,1,1,0,0,20261101,20261212
15697,1,1,1,1,1,0,0,20261101,20261212
8076,1,1,1,1,1,0,0,20261101,20261212
15698,1,1,1,1,1,0,0,20261101,20261212
15699,1,1,1,1,1,0,0,20261101,20261212
15700,1,1,1,1,1,0,0,20261101,20261212
15701,1,1,1,1,1,0,0,20261101,20261212
15702,1,1,1,1,1,0,0,20261101,20261212
15703,1,1,1,1,1,0,0,20261101,20261212
15704,1,1,1,1,1,0,0,20261101,20261212
15705,1,1,1,1,1,0,0,20261101,20261212
15706,1,1,1,1,1,0,0,20261101,20261212
15707,1,1,1,1,1,0,0,20261101,20261212
15708,1,1,1,1,1,0,0,20261101,20261212
15709,1,1,1,1,1,0,0,20261101,20261212
15710,1,1,1,1,1,0,0,20261101,20261212
15711,1,1,1,1,1,0,0,20261101,20261212
8075,1,1,1,1,1,0,0,20261101,20261212
15712,1,1,1,1,1,0,0,20261101,20261212
15713,1,1,1,1,1,0,0,20261101,20261212
15714,1,1,1,1,1,0,0,20261101,20261212
15715,1,1,1,1,1,0,0,20261101,20261212
15716,1,1,1,1,1,0,0,20261101,20261212
15717,1,1,1,1,1,0,0,20261101,20261212
15718,1,1,1,1,1,0,0,20261101,20261212
15719,1,1,1,1,1,0,0,20261101,20261212
15720,1,1,1,1,1,0,0,20261101,20261212
15721,1,1,1,1,1,0,0,20261101,20261212
15722,1,1,1,1,1,0,0,20261101,20261212
15723,1,1,1,1,1,0,0,20261101,20261212
15724,1,1,1,1,1,0,0,20261101,20261212
15725,1,1,1,1,1,0,0,20261101,20261212
15726,1,1,1,1,1,0,0,20261101,20261212
15727,1,1,1,1,1,0,0,20261101,20261212
15728,1,1,1,1,1,0,0,20261101,20261212
15729,0,0,0,0,0,1,0,20261101,20261212
15730,0,0,0,0,0,1,0,20261101,20261212
15731,0,0,0,0,0,1,1,20261101,20261212
15732,0,0,0,0,0,1,1,20261101,20261212
15733,0,0,0,0,0,1,1,20261101,20261212
15734,0,0,0,0,0,1,1,20261101,20261212
8074,1,1,1,1,1,0,0,20261101,20261212
15735,0,0,0,0,0,1,1,20261101,20261212
15736,0,0,0,0,0,1,1,20261101,20261212
6484,1,1,1,1,1,0,0,20261101,20261212
8073,1,1,1,1,1,0,0,20261101,20261212
15737,0,0,0,0,0,1,1,20261101,20261212
15738,0,0,0,0,0,1,1,20261101,20261212
15739,0,0,0,0,0,1,1,20261101,20261212
15740,0,0,0,0,0,1,1,20261101,20261212
15741,0,0,0,0,0,1,1,20261101,20261212
15742,0,0,0,0,0,1,1,20261101,20261212
15743,0,0,0,0,0,1,1,20261101,20261212
15744,0,0,0,0,0,1,1,20261101,20261212
15745,0,0,0,0,0,1,1,20261101,20261212
15746,0,0,0,0,0,1,1,20261101,20261212
15747,0,0,0,0,0,1,1,20261101,20261212
15748,0,0,0,0,0,1,1,20261101,20261212
10624,1,1,1,1,1,0,0,20261101,20261212
10607,1,1,1,1,1,0,0,20261101,20261212
8072,1,1,1,1,1,0,0,20261101,20261212
10623,1,1,1,1,1,0,0,20261101,20261212
8071,1,1,1,1,1,0,0,20261101,20261212
6483,1,1,1,1,1,0,0,20261101,20261212
8070,1,1,1,1,1,0,0,20261101,20261212
15749,0,0,0,0,0,1,1,20261101,20261212
15750,0,0,0,0,0,1,1,20261101,20261212
15751,0,0,0,0,0,1,1,20261101,20261212
15752,0,0,0,0,0,1,1,20261101,20261212
15753,0,0,0,0,0,1,1,20261101,20261212
15754,0,0,0,0,0,1,1,20261101,20261212
15755,0,0,0,0,0,1,1,20261101,20261212
15756,0,0,0,0,0,1,1,20261101,20261212
15757,0,0,0,0,0,1,1,20261101,20261212
15758,0,0,0,0,0,1,1,20261101,20261212
15759,0,0,0,0,0,1,1,20261101,20261212
15760,0,0,0,0,0,1,1,20261101,20261212
15761,0,0,0,0,0,1,1,20261101,20261212
15762,0,0,0,0,0,1,1,20261101,20261212
15763,0,0,0,0,0,1,1,20261101,20261212
15764,0,0,0,0,0,1,1,20261101,20261212
15765,0,0,0,0,0,1,1,20261101,20261212
15766,0,0,0,0,0,1,1,20261101,20261212
15767,0,0,0,0,0,1,1,20261101,20261212
15768,0,0,0,0,0,1,1,20261101,20261212
12820,1,1,1,1,1,0,0,20261101,20261212
8069,1,1,1,1,1,0,0,20261101,20261212
8068,1,1,1,1,1,0,0,20261101,20261212
12821,0,0,0,0,0,1,1,20261101,20261212
12822,0,0,0,0,0,1,1,20261101,20261212
8067,1,1,1,1,1,0,0,20261101,20261212
8066,1,1,1,1,1,0,0,20261101,20261212
12823,0,0,0,0,0,1,0,20261101,20261212
12824,0,0,0,0,0,1,1,20261101,20261212
8023,0,0,0,0,0,1,1,20261101,20261212
8022,0,0,0,0,0,1,1,20261101,20261212
8021,0,0,0,0,0,0,1,20261101,20261212
8020,0,0,0,0,0,1,0,20261101,20261212
6482,1,1,1,1,1,0,0,20261101,20261212
10622,1,1,1,1,1,0,0,20261101,20261212
8019,1,1,1,1,1,0,0,20261101,20261212
8018,1,1,1,1,1,0,0,20261101,20261212
6481,1,1,1,1,1,0,0,20261101,20261212
10047,1,1,1,1,1,0,0,20261101,20261212
10048,1,1,1,1,1,0,0,20261101,20261212
8017,1,1,1,1,1,0,0,20261101,20261212
8016,1,1,1,1,1,0,0,20261101,20261212
10049,0,0,0,0,0,1,0,20261101,20261212
8015,1,1,1,1,1,0,0,20261101,20261212
8014,1,1,1,1,1,0,0,20261101,20261212
6480,1,1,1,1,1,0,0,20261101,20261212
10053,0,0,0,0,0,0,1,20261101,20261212
8013,1,1,1,1,1,0,0,20261101,20261212
10054,0,0,0,0,0,0,1,20261101,20261212
8012,1,1,1,1,1,0,0,20261101,20261212
10055,0,0,0,0,0,0,1,20261101,20261212
8011,1,1,1,1,1,0,0,20261101,20261212
8010,1,1,1,1,1,0,0,20261101,20261212
8009,1,1,1,1,1,0,0,20261101,20261212
8008,1,1,1,1,1,0,0,20261101,20261212
6479,1,1,1,1,1,0,0,20261101,20261212
8007,1,1,1,1,1,0,0,20261101,20261212
8006,1,1,1,1,1,0,0,20261101,20261212
8005,1,1,1,1,1,0,0,20261101,20261212
10064,0,0,0,0,0,1,0,20261101,20261212
8004,1,1,1,1,1,0,0,20261101,20261212
8003,1,1,1,1,1,0,0,20261101,20261212
10065,0,0,0,0,0,1,0,20261101,20261212
10066,0,0,0,0,0,0,1,20261101,20261212
10067,0,0,0,0,0,0,1,20261101,20261212
8002,1,1,1,1,1,0,0,20261101,20261212
8001,1,1,1,1,1,0,0,20261101,20261212
8000,1,1,1,1,1,0,0,20261101,20261212
7999,1,1,1,1,1,0,0,20261101,20261212
7998,1,1,1,1,1,0,0,20261101,20261212
7997,1,1,1,1,1,0,0,20261101,20261212
7996,1,1,1,1,1,0,0,20261101,20261212
7995,1,1,1,1,1,0,0,20261101,20261212
7994,1,1,1,1,1,0,0,20261101,20261212
7993,1,1,1,1,1,0,0,20261101,20261212
8846,1,1,1,1,1,0,0,20261101,20261212
8847,1,1,1,1,1,0,0,20261101,20261212
8848,1,1,1,1,1,0,0,20261101,20261212
8849,1,1,1,1,1,0,0,20261101,20261212
8850,1,1,1,1,1,0,0,20261101,20261212
8851,1,1,1,1,1,0,0,20261101,20261212
8852,1,1,1,1,1,0,0,20261101,20261212
8853,1,1,1,1,1,0,0,20261101,20261212
8854,1,1,1,1,1,0,0,20261101,20261212
8855,1,1,1,1,1,0,0,20261101,20261212
8856,1,1,1,1,1,0,0,20261101,20261212
8857,1,1,1,1,1,0,0,20261101,20261212
8858,1,1,1,1,1,0,0,20261101,20261212
8859,1,1,1,1,1,0,0,20261101,20261212
8860,1,1,1,1,1,0,0,20261101,20261212
8861,1,1,1,1,1,0,0,20261101,20261212
8862,1,1,1,1,1,0,0,20261101,20261212
8863,1,1,1,1,1,0,0,20261101,20261212
8864,1,1,1,1,1,0,0,20261101,20261212
8865,1,1,1,1,1,0,0,20261101,20261212
8866,1,1,1,1,1,0,0,20261101,20261212
8867,1,1,1,1,1,0,0,20261101,20261212
8868,1,1,1,1,1,0,0,20261101,20261212
8869,1,1,1,1,1,0,0,20261101,20261212
8870,1,1,1,1,1,0,0,20261101,20261212
8871,1,1,1,1,1,0,0,20261101,20261212
8872,1,1,1,1,1,0,0,20261101,20261212
8873,1,1,1,1,1,0,0,20261101,20261212
8874,1,1,1,1,1,0,0,20261101,20261212
8875,1,1,1,1,1,0,0,20261101,20261212
8876,0,0,0,0,0,1,0,20261101,20261212
8877,0,0,0,0,0,1,1,20261101,20261212
8878,0,0,0,0,0,1,0,20261101,20261212
8879,0,0,0,0,0,1,0,20261101,20261212
8880,0,0,0,0,0,1,1,20261101,20261212
8881,0,0,0,0,0,1,1,20261101,20261212
8882,0,0,0,0,0,1,0,20261101,20261212
8883,0,0,0,0,0,1,1,20261101,20261212
8884,0,0,0,0,0,1,1,20261101,20261212
8885,0,0,0,0,0,1,1,20261101,20261212
8886,0,0,0,0,0,0,1,20261101,20261212
8887,0,0,0,0,0,0,1,20261101,20261212
8888,0,0,0,0,0,1,1,20261101,20261212
8889,0,0,0,0,0,1,1,20261101,20261212
8890,0,0,0,0,0,0,1,20261101,20261212
8891,0,0,0,0,0,1,0,20261101,20261212
8892,0,0,0,0,0,0,1,20261101,20261212
8893,0,0,0,0,0,0,1,20261101,20261212
7794,0,0,0,0,0,0,1,20261101,20261212
7793,0,0,0,0,0,0,1,20261101,20261212
7792,0,0,0,0,0,0,1,20261101,20261212
7791,0,0,0,0,0,0,1,20261101,20261212
7790,1,1,1,1,1,0,0,20261101,20261212
7789,1,1,1,1,1,0,0,20261101,20261212
7788,1,1,1,1,1,0,0,20261101,20261212
7787,1,1,1,1,1,0,0,20261101,20261212
7786,1,1,1,1,1,0,0,20261101,20261212
7785,1,1,1,1,1,0,0,20261101,20261212
7784,1,1,1,1,1,0,0,20261101,20261212
7783,1,1,1,1,1,0,0,20261101,20261212
7782,1,1,1,1,1,0,0,20261101,20261212
7781,1,1,1,1,1,0,0,20261101,20261212
7780,1,1,1,1,1,0,0,20261101,20261212
7779,1,1,1,1,1,0,0,20261101,20261212
7778,1,1,1,1,1,0,0,20261101,20261212
7777,1,1,1,1,1,0,0,20261101,20261212
7776,1,1,1,1,1,0,0,20261101,20261212
7775,1,1,1,1,1,0,0,20261101,20261212
7774,1,1,1,1,1,0,0,20261101,20261212
7773,1,1,1,1,1,0,0,20261101,20261212
7772,1,1,1,1,1,0,0,20261101,20261212
7771,1,1,1,1,1,0,0,20261101,20261212
7770,1,1,1,1,1,0,0,20261101,20261212
7769,1,1,1,1,1,0,0,20261101,20261212
7768,1,1,1,1,1,0,0,20261101,20261212
7767,1,1,1,1,1,0,0,20261101,20261212
7766,1,1,1,1,1,0,0,20261101,20261212
7669,1,1,1,1,1,0,0,20261101,20261212
7668,1,1,1,1,1,0,0,20261101,20261212
7667,1,1,1,1,1,0,0,20261101,20261212
7666,1,1,1,1,1,0,0,20261101,20261212
7665,1,1,1,1,1,0,0,20261101,20261212
7664,1,1,1,1,1,0,0,20261101,20261212
7663,1,1,1,1,1,0,0,20261101,20261212
7662,1,1,1,1,1,0,0,20261101,20261212
7661,1,1,1,1,1,0,0,20261101,20261212
7660,1,1,1,1,1,0,0,20261101,20261212
7659,1,1,1,1,1,0,0,20261101,20261212
7658,1,1,1,1,1,0,0,20261101,20261212
7644,0,0,0,0,0,1,1,20261101,20261212
7643,0,0,0,0,0,1,1,20261101,20261212
7642,0,0,0,0,0,1,1,20261101,20261212
7641,0,0,0,0,0,1,1,20261101,20261212
7640,0,0,0,0,0,1,1,20261101,20261212
7639,0,0,0,0,0,1,1,20261101,20261212
7638,0,0,0,0,0,1,1,20261101,20261212
7637,0,0,0,0,0,1,1,20261101,20261212
7636,0,0,0,0,0,1,1,20261101,20261212
7635,1,1,1,1,1,0,0,20261101,20261212
7634,1,1,1,1,1,0,0,20261101,20261212
7633,1,1,1,1,1,0,0,20261101,20261212
7632,1,1,1,1,1,0,0,20261101,20261212
7631,1,1,1,1,1,0,0,20261101,20261212
7630,1,1,1,1,1,0,0,20261101,20261212
7629,1,1,1,1,1,0,0,20261101,20261212
7628,1,1,1,1,1,0,0,20261101,20261212
7627,1,1,1,1,1,0,0,20261101,20261212
7626,1,1,1,1,1,0,0,20261101,20261212
7625,1,1,1,1,1,0,0,20261101,20261212
7624,1,1,1,1,1,0,0,20261101,20261212
7623,1,1,1,1,1,0,0,20261101,20261212
7622,1,1,1,1,1,0,0,20261101,20261212
7598,0,0,0,0,0,1,1,20261101,20261212
7597,0,0,0,0,0,1,1,20261101,20261212
7596,0,0,0,0,0,1,1,20261101,20261212
7595,0,0,0,0,0,0,1,20261101,20261212
7594,0,0,0,0,0,1,1,20261101,20261212
7593,0,0,0,0,0,1,0,20261101,20261212
7592,0,0,0,0,0,1,1,20261101,20261212
7591,0,0,0,0,0,1,1,20261101,20261212
7590,0,0,0,0,0,1,1,20261101,20261212
7589,0,0,0,0,0,1,1,20261101,20261212
7588,0,0,0,0,0,1,1,20261101,20261212
7587,0,0,0,0,0,1,1,20261101,20261212
7586,0,0,0,0,0,0,1,20261101,20261212
7585,0,0,0,0,0,1,1,20261101,20261212
7584,0,0,0,0,0,1,1,20261101,20261212
7583,0,0,0,0,0,1,1,20261101,20261212
7582,0,0,0,0,0,1,1,20261101,20261212
7581,0,0,0,0,0,1,1,20261101,20261212
7580,1,1,1,1,1,0,0,20261101,20261212
7579,1,1,1,1,1,0,0,20261101,20261212
7578,1,1,1,1,1,0,0,20261101,20261212
7577,1,1,1,1,1,0,0,20261101,20261212
7576,1,1,1,1,1,0,0,20261101,20261212
7575,1,1,1,1,1,0,0,20261101,20261212
7574,1,1,1,1,1,0,0,20261101,20261212
15769,0,0,0,0,0,1,1,20261101,20261212
15770,0,0,0,0,0,1,1,20261101,20261212
15771,0,0,0,0,0,1,1,20261101,20261212
15772,0,0,0,0,0,1,1,20261101,20261212
15773,0,0,0,0,0,1,1,20261101,20261212
15774,0,0,0,0,0,1,1,20261101,20261212
15775,0,0,0,0,0,1,1,20261101,20261212
15776,0,0,0,0,0,1,1,20261101,20261212
15777,0,0,0,0,0,1,1,20261101,20261212
7573,1,1,1,1,1,0,0,20261101,20261212
7572,1,1,1,1,1,0,0,20261101,20261212
15778,0,0,0,0,0,1,1,20261101,20261212
7571,1,1,1,1,1,0,0,20261101,20261212
7570,1,1,1,1,1,0,0,20261101,20261212
7569,1,1,1,1,1,0,0,20261101,20261212
7568,1,1,1,1,1,0,0,20261101,20261212
7567,1,1,1,1,1,0,0,20261101,20261212
7566,1,1,1,1,1,0,0,20261101,20261212
7565,1,1,1,1,1,0,0,20261101,20261212
7564,1,1,1,1,1,0,0,20261101,20261212
7563,1,1,1,1,1,0,0,20261101,20261212
7562,1,1,1,1,1,0,0,20261101,20261212
7561,1,1,1,1,1,0,0,20261101,20261212
7560,1,1,1,1,1,0,0,20261101,20261212
7559,1,1,1,1,1,0,0,20261101,20261212
14253,1,1,1,1,1,0,0,20261101,20261212
14254,1,1,1,1,1,0,0,20261101,20261212
14255,1,1,1,1,1,0,0,20261101,20261212
14256,1,1,1,1,1,0,0,20261101,20261212
14257,1,1,1,1,1,0,0,20261101,20261212
14258,1,1,1,1,1,0,0,20261101,20261212
14259,1,1,1,1,1,0,0,20261101,20261212
14260,1,1,1,1,1,0,0,20261101,20261212
14261,1,1,1,1,1,0,0,20261101,20261212
14262,1,1,1,1,1,0,0,20261101,20261212
14263,1,1,1,1,1,0,0,20261101,20261212
14264,0,0,0,0,0,1,1,20261101,20261212
14265,0,0,0,0,0,1,1,20261101,20261212
14266,0,0,0,0,0,0,1,20261101,20261212
14267,0,0,0,0,0,0,1,20261101,20261212
14268,0,0,0,0,0,0,1,20261101,20261212
7558,1,1,1,1,1,0,0,20261101,20261212
7557,1,1,1,1,1,0,0,20261101,20261212
7556,1,1,1,1,1,0,0,20261101,20261212
7555,1,1,1,1,1,0,0,20261101,20261212
7554,1,1,1,1,1,0,0,20261101,20261212
7553,1,1,1,1,1,0,0,20261101,20261212
7552,1,1,1,1,1,0,0,20261101,20261212
7551,1,1,1,1,1,0,0,20261101,20261212
7550,1,1,1,1,1,0,0,20261101,20261212
7549,1,1,1,1,1,0,0,20261101,20261212
7548,1,1,1,1,1,0,0,20261101,20261212
14287,0,0,0,0,0,1,0,20261101,20261212
14288,0,0,0,0,0,1,0,20261101,20261212
14289,0,0,0,0,0,0,1,20261101,20261212
7547,1,1,1,1,1,0,0,20261101,20261212
7546,1,1,1,1,1,0,0,20261101,20261212
7545,1,1,1,1,1,0,0,20261101,20261212
7544,1,1,1,1,1,0,0,20261101,20261212
7543,1,1,1,1,1,0,0,20261101,20261212
7542,1,1,1,1,1,0,0,20261101,20261212
7541,1,1,1,1,1,0,0,20261101,20261212
7540,1,1,1,1,1,0,0,20261101,20261212
7539,1,1,1,1,1,0,0,20261101,20261212
7538,1,1,1,1,1,0,0,20261101,20261212
7537,1,1,1,1,1,0,0,20261101,20261212
7536,1,1,1,1,1,0,0,20261101,20261212
7356,0,0,0,0,0,1,1,20261101,20261212
7355,0,0,0,0,0,1,1,20261101,20261212
7354,0,0,0,0,0,1,1,20261101,20261212
7353,0,0,0,0,0,1,1,20261101,20261212
7352,0,0,0,0,0,1,1,20261101,20261212
7351,0,0,0,0,0,1,1,20261101,20261212
7350,0,0,0,0,0,1,1,20261101,20261212
7349,0,0,0,0,0,1,1,20261101,20261212
7348,0,0,0,0,0,1,1,20261101,20261212
7347,0,0,0,0,0,1,1,20261101,20261212
7346,0,0,0,0,0,1,1,20261101,20261212
7345,0,0,0,0,0,1,1,20261101,20261212
7344,0,0,0,0,0,1,1,20261101,20261212
7343,0,0,0,0,0,1,1,20261101,20261212
7342,1,1,1,1,1,0,0,20261101,20261212
7341,1,1,1,1,1,0,0,20261101,20261212
7340,1,1,1,1,1,0,0,20261101,20261212
7339,1,1,1,1,1,0,0,20261101,20261212
7338,1,1,1,1,1,0,0,20261101,20261212
7337,1,1,1,1,1,0,0,20261101,20261212
7336,1,1,1,1,1,0,0,20261101,20261212
7335,1,1,1,1,1,0,0,20261101,20261212
7334,1,1,1,1,1,0,0,20261101,20261212
7333,1,1,1,1,1,0,0,20261101,20261212
7332,1,1,1,1,1,0,0,20261101,20261212
7331,1,1,1,1,1,0,0,20261101,20261212
7330,1,1,1,1,1,0,0,20261101,20261212
7329,1,1,1,1,1,0,0,20261101,20261212
7328,1,1,1,1,1,0,0,20261101,20261212
7327,1,1,1,1,1,0,0,20261101,20261212
7326,1,1,1,1,1,0,0,20261101,20261212
7325,1,1,1,1,1,0,0,20261101,20261212
7324,1,1,1,1,1,0,0,20261101,20261212
7323,1,1,1,1,1,0,0,20261101,20261212
7322,1,1,1,1,1,0,0,20261101,20261212
7321,1,1,1,1,1,0,0,20261101,20261212
7320,1,1,1,1,1,0,0,20261101,20261212
7319,1,1,1,1,1,0,0,20261101,20261212
7318,1,1,1,1,1,0,0,20261101,20261212
7317,1,1,1,1,1,0,0,20261101,20261212
7316,1,1,1,1,1,0,0,20261101,20261212
7315,1,1,1,1,1,0,0,20261101,20261212
7314,1,1,1,1,1,0,0,20261101,20261212
7313,1,1,1,1,1,0,0,20261101,20261212
7312,1,1,1,1,1,0,0,20261101,20261212
7311,1,1,1,1,1,0,0,20261101,20261212
7310,1,1,1,1,1,0,0,20261101,20261212
7309,1,1,1,1,1,0,0,20261101,20261212
7308,1,1,1,1,1,0,0,20261101,20261212
7307,1,1,1,1,1,0,0,20261101,20261212
7306,1,1,1,1,1,0,0,20261101,20261212
7305,1,1,1,1,1,0,0,20261101,20261212
7304,1,1,1,1,1,0,0,20261101,20261212
7303,1,1,1,1,1,0,0,20261101,20261212
7192,0,0,0,0,0,0,1,20261101,20261212
7191,0,0,0,0,0,1,1,20261101,20261212
7190,0,0,0,0,0,1,1,20261101,20261212
7189,0,0,0,0,0,1,0,20261101,20261212
7188,0,0,0,0,0,1,0,20261101,20261212
7187,0,0,0,0,0,1,1,20261101,20261212
7186,0,0,0,0,0,0,1,20261101,20261212
7185,0,0,0,0,0,0,1,20261101,20261212
7184,1,1,1,1,1,0,0,20261101,20261212
7183,1,1,1,1,1,0,0,20261101,20261212
7182,1,1,1,1,1,0,0,20261101,20261212
7181,1,1,1,1,1,0,0,20261101,20261212
7180,1,1,1,1,1,0,0,20261101,20261212
7179,1,1,1,1,1,0,0,20261101,20261212
7178,1,1,1,1,1,0,0,20261101,20261212
7177,1,1,1,1,1,0,0,20261101,20261212
7176,1,1,1,1,1,0,0,20261101,20261212
7175,1,1,1,1,1,0,0,20261101,20261212
7174,1,1,1,1,1,0,0,20261101,20261212
7173,1,1,1,1,1,0,0,20261101,20261212
7172,1,1,1,1,1,0,0,20261101,20261212
7171,1,1,1,1,1,0,0,20261101,20261212
7170,1,1,1,1,1,0,0,20261101,20261212
7169,1,1,1,1,1,0,0,20261101,20261212
7168,1,1,1,1,1,0,0,20261101,20261212
7167,1,1,1,1,1,0,0,20261101,20261212
13555,1,1,1,1,1,0,0,20261101,20261212
9303,1,1,1,1,1,0,0,20261101,20261212
9304,1,1,1,1,1,0,0,20261101,20261212
9305,1,1,1,1,1,0,0,20261101,20261212
9306,1,1,1,1,1,0,0,20261101,20261212
9307,1,1,1,1,1,0,0,20261101,20261212
9308,1,1,1,1,1,0,0,20261101,20261212
9309,1,1,1,1,1,0,0,20261101,20261212
9310,1,1,1,1,1,0,0,20261101,20261212
9311,1,1,1,1,1,0,0,20261101,20261212
9312,1,1,1,1,1,0,0,20261101,20261212
9313,1,1,1,1,1,0,0,20261101,20261212
9314,1,1,1,1,1,0,0,20261101,20261212
9315,1,1,1,1,1,0,0,20261101,20261212
9316,1,1,1,1,1,0,0,20261101,20261212
9317,1,1,1,1,1,0,0,20261101,20261212
9318,1,1,1,1,1,0,0,20261101,20261212
9319,1,1,1,1,1,0,0,20261101,20261212
9320,1,1,1,1,1,0,0,20261101,20261212
9321,1,1,1,1,1,0,0,20261101,20261212
9322,1,1,1,1,1,0,0,20261101,20261212
9323,1,1,1,1,1,0,0,20261101,20261212
9324,1,1,1,1,1,0,0,20261101,20261212
9325,1,1,1,1,1,0,0,20261101,20261212
9326,1,1,1,1,1,0,0,20261101,20261212
9327,1,1,1,1,1,0,0,20261101,20261212
9328,1,1,1,1,1,0,0,20261101,20261212
9329,1,1,1,1,1,0,0,20261101,20261212
9330,1,1,1,1,1,0,0,20261101,20261212
9331,1,1,1,1,1,0,0,20261101,20261212
9332,1,1,1,1,1,0,0,20261101,20261212
9333,1,1,1,1,1,0,0,20261101,20261212
9334,1,1,1,1,1,0,0,20261101,20261212
9335,1,1,1,1,1,0,0,20261101,20261212
9336,1,1,1,1,1,0,0,20261101,20261212
9337,1,1,1,1,1,0,0,20261101,20261212
9338,1,1,1,1,1,0,0,20261101,20261212
9339,1,1,1,1,1,0,0,20261101,20261212
9340,1,1,1,1,1,0,0,20261101,20261212
9341,1,1,1,1,1,0,0,20261101,20261212
9342,1,1,1,1,1,0,0,20261101,20261212
9343,0,0,0,0,0,0,1,20261101,20261212
9344,0,0,0,0,0,0,1,20261101,20261212
9345,0,0,0,0,0,1,1,20261101,20261212
9346,0,0,0,0,0,1,1,20261101,20261212
9347,0,0,0,0,0,0,1,20261101,20261212
9348,0,0,0,0,0,0,1,20261101,20261212
9349,0,0,0,0,0,1,1,20261101,20261212
9350,0,0,0,0,0,1,0,20261101,20261212
9351,0,0,0,0,0,1,0,20261101,20261212
9352,0,0,0,0,0,0,1,20261101,20261212
9353,0,0,0,0,0,0,1,20261101,20261212
9354,0,0,0,0,0,0,1,20261101,20261212
9355,0,0,0,0,0,1,1,20261101,20261212
9356,0,0,0,0,0,1,0,20261101,20261212
9357,0,0,0,0,0,1,1,20261101,20261212
9358,0,0,0,0,0,1,0,20261101,20261212
9359,0,0,0,0,0,1,0,20261101,20261212
9360,0,0,0,0,0,0,0,20261101,20261212
9361,0,0,0,0,0,0,0,20261101,20261212
13554,1,1,1,1,1,0,0,20261101,20261212
13553,1,1,1,1,1,0,0,20261101,20261212
13552,1,1,1,1,1,0,0,20261101,20261212
13551,1,1,1,1,1,0,0,20261101,20261212
13540,1,1,1,1,1,0,0,20261101,20261212
13539,1,1,1,1,1,0,0,20261101,20261212
13538,1,1,1,1,1,0,0,20261101,20261212
13537,1,1,1,1,1,0,0,20261101,20261212
13536,1,1,1,1,1,0,0,20261101,20261212
13535,1,1,1,1,1,0,0,20261101,20261212
13534,1,1,1,1,1,0,0,20261101,20261212
13533,1,1,1,1,1,0,0,20261101,20261212
13532,1,1,1,1,1,0,0,20261101,20261212
13531,1,1,1,1,1,0,0,20261101,20261212
11318,0,0,0,0,0,0,1,20261101,20261212
11317,0,0,0,0,0,1,0,20261101,20261212
11316,0,0,0,0,0,1,0,20261101,20261212
11315,0,0,0,0,0,1,0,20261101,20261212
11314,0,0,0,0,0,1,0,20261101,20261212
11313,0,0,0,0,0,1,0,20261101,20261212
11312,0,0,0,0,0,0,1,20261101,20261212
11311,0,0,0,0,0,0,1,20261101,20261212
11310,1,1,1,1,1,0,0,20261101,20261212
11309,1,1,1,1,1,0,0,20261101,20261212
11308,1,1,1,1,1,0,0,20261101,20261212
11307,1,1,1,1,1,0,0,20261101,20261212
11306,1,1,1,1,1,0,0,20261101,20261212
11305,1,1,1,1,1,0,0,20261101,20261212
11304,1,1,1,1,1,0,0,20261101,20261212
11303,1,1,1,1,1,0,0,20261101,20261212
11302,1,1,1,1,1,0,0,20261101,20261212
11301,1,1,1,1,1,0,0,20261101,20261212
11300,1,1,1,1,1,0,0,20261101,20261212
10968,0,0,0,0,0,0,1,20261101,20261212
11299,1,1,1,1,1,0,0,20261101,20261212
11298,1,1,1,1,1,0,0,20261101,20261212
10967,0,0,0,0,0,0,1,20261101,20261212
11297,1,1,1,1,1,0,0,20261101,20261212
10966,0,0,0,0,0,0,1,20261101,20261212
11296,1,1,1,1,1,0,0,20261101,20261212
10965,0,0,0,0,0,0,1,20261101,20261212
11295,1,1,1,1,1,0,0,20261101,20261212
10964,0,0,0,0,0,0,1,20261101,20261212
11294,1,1,1,1,1,0,0,20261101,20261212
10963,0,0,0,0,0,0,1,20261101,20261212
11293,1,1,1,1,1,0,0,20261101,20261212
10962,0,0,0,0,0,0,1,20261101,20261212
11292,1,1,1,1,1,0,0,20261101,20261212
11291,1,1,1,1,1,0,0,20261101,20261212
11290,1,1,1,1,1,0,0,20261101,20261212
11289,1,1,1,1,1,0,0,20261101,20261212
11288,1,1,1,1,1,0,0,20261101,20261212
11287,1,1,1,1,1,0,0,20261101,20261212
11286,1,1,1,1,1,0,0,20261101,20261212
11285,1,1,1,1,1,0,0,20261101,20261212
13499,1,1,1,1,1,0,0,20261101,20261212
13498,1,1,1,1,1,0,0,20261101,20261212
13497,1,1,1,1,1,0,0,20261101,20261212
13496,1,1,1,1,1,0,0,20261101,20261212
13495,1,1,1,1,1,0,0,20261101,20261212
13494,1,1,1,1,1,0,0,20261101,20261212
13493,1,1,1,1,1,0,0,20261101,20261212
13492,1,1,1,1,1,0,0,20261101,20261212
13491,1,1,1,1,1,0,0,20261101,20261212
13490,1,1,1,1,1,0,0,20261101,20261212
13489,1,1,1,1,1,0,0,20261101,20261212
11212,0,0,0,0,0,0,0,20261101,20261212
11211,0,0,0,0,0,0,0,20261101,20261212
11210,0,0,0,0,0,0,0,20261101,20261212
11209,0,0,0,0,0,0,1,20261101,20261212
11208,0,0,0,0,0,1,0,20261101,20261212
11207,1,1,1,1,1,0,0,20261101,20261212
11206,1,1,1,1,1,0,0,20261101,20261212
11205,1,1,1,1,1,0,0,20261101,20261212
11204,1,1,1,1,1,0,0,20261101,20261212
11203,1,1,1,1,1,0,0,20261101,20261212
11202,1,1,1,1,1,0,0,20261101,20261212
11201,1,1,1,1,1,0,0,20261101,20261212
11200,1,1,1,1,1,0,0,20261101,20261212
11199,1,1,1,1,1,0,0,20261101,20261212
11198,1,1,1,1,1,0,0,20261101,20261212
11197,1,1,1,1,1,0,0,20261101,20261212
11196,1,1,1,1,1,0,0,20261101,20261212
11195,1,1,1,1,1,0,0,20261101,20261212
11194,1,1,1,1,1,0,0,20261101,20261212
11193,1,1,1,1,1,0,0,20261101,20261212
11192,1,1,1,1,1,0,0,20261101,20261212
6925,0,0,0,0,0,1,1,20261101,20261212
6924,0,0,0,0,0,1,1,20261101,20261212
6923,0,0,0,0,0,1,1,20261101,20261212
6922,0,0,0,0,0,1,1,20261101,20261212
6921,0,0,0,0,0,1,1,20261101,20261212
6920,0,0,0,0,0,1,1,20261101,20261212
6919,0,0,0,0,0,1,1,20261101,20261212
6918,0,0,0,0,0,1,1,20261101,20261212
6917,0,0,0,0,0,1,1,20261101,20261212
10961,1,1,1,1,1,0,0,20261101,20261212
10960,1,1,1,1,1,0,0,20261101,20261212
10959,1,1,1,1,1,0,0,20261101,20261212
6916,0,0,0,0,0,1,1,20261101,20261212
6915,1,1,1,1,1,0,0,20261101,20261212
10958,1,1,1,1,1,0,0,20261101,20261212
6914,1,1,1,1,1,0,0,20261101,20261212
10957,1,1,1,1,1,0,0,20261101,20261212
6913,1,1,1,1,1,0,0,20261101,20261212
10956,1,1,1,1,1,0,0,20261101,20261212
10955,1,1,1,1,1,0,0,20261101,20261212
10954,1,1,1,1,1,0,0,20261101,20261212
10953,1,1,1,1,1,0,0,20261101,20261212
6912,1,1,1,1,1,0,0,20261101,20261212
10952,1,1,1,1,1,0,0,20261101,20261212
10951,1,1,1,1,1,0,0,20261101,20261212
10950,1,1,1,1,1,0,0,20261101,20261212
6911,1,1,1,1,1,0,0,20261101,20261212
10949,1,1,1,1,1,0,0,20261101,20261212
6910,1,1,1,1,1,0,0,20261101,20261212
6909,1,1,1,1,1,0,0,20261101,20261212
6908,1,1,1,1,1,0,0,20261101,20261212
6907,1,1,1,1,1,0,0,20261101,20261212
6906,1,1,1,1,1,0,0,20261101,20261212
6905,1,1,1,1,1,0,0,20261101,20261212
6904,1,1,1,1,1,0,0,20261101,20261212
6903,1,1,1,1,1,0,0,20261101,20261212
6902,1,1,1,1,1,0,0,20261101,20261212
6901,1,1,1,1,1,0,0,20261101,20261212
6900,1,1,1,1,1,0,0,20261101,20261212
6899,1,1,1,1,1,0,0,20261101,20261212
6898,1,1,1,1,1,0,0,20261101,20261212
6897,1,1,1,1,1,0,0,20261101,20261212
6896,1,1,1,1,1,0,0,20261101,20261212
6895,1,1,1,1,1,0,0,20261101,20261212
6894,1,1,1,1,1,0,0,20261101,20261212
6893,1,1,1,1,1,0,0,20261101,20261212
6892,1,1,1,1,1,0,0,20261101,20261212
6891,1,1,1,1,1,0,0,20261101,20261212
6890,1,1,1,1,1,0,0,20261101,20261212
6816,0,0,0,0,0,1,0,20261101,20261212
6815,0,0,0,0,0,1,0,20261101,20261212
6814,0,0,0,0,0,1,1,20261101,20261212
6813,0,0,0,0,0,1,1,20261101,20261212
14665,1,1,1,1,1,0,0,20261101,20261212
14666,1,1,1,1,1,0,0,20261101,20261212
14667,1,1,1,1,1,0,0,20261101,20261212
14668,1,1,1,1,1,0,0,20261101,20261212
14669,1,1,1,1,1,0,0,20261101,20261212
14670,1,1,1,1,1,0,0,20261101,20261212
14671,1,1,1,1,1,0,0,20261101,20261212
14672,1,1,1,1,1,0,0,20261101,20261212
14673,1,1,1,1,1,0,0,20261101,20261212
14674,1,1,1,1,1,0,0,20261101,20261212
14675,1,1,1,1,1,0,0,20261101,20261212
14676,1,1,1,1,1,0,0,20261101,20261212
14677,1,1,1,1,1,0,0,20261101,20261212
14678,1,1,1,1,1,0,0,20261101,20261212
14679,1,1,1,1,1,0,0,20261101,20261212
14680,1,1,1,1,1,0,0,20261101,20261212
14681,1,1,1,1,1,0,0,20261101,20261212
14682,0,0,0,0,0,1,1,20261101,20261212
14683,0,0,0,0,0,1,1,20261101,20261212
14684,0,0,0,0,1,0,0,20261101,20261212
14685,0,0,0,0,1,0,0,20261101,20261212
6812,0,0,0,0,0,1,1,20261101,20261212
6811,0,0,0,0,0,1,1,20261101,20261212
6810,0,0,0,0,0,1,1,20261101,20261212
6809,0,0,0,0,0,1,1,20261101,20261212
6808,0,0,0,0,0,1,1,20261101,20261212
6807,0,0,0,0,0,1,1,20261101,20261212
6806,1,1,1,1,1,0,0,20261101,20261212
6805,1,1,1,1,1,0,0,20261101,20261212
6804,1,1,1,1,1,0,0,20261101,20261212
6803,1,1,1,1,1,0,0,20261101,20261212
6802,1,1,1,1,1,0,0,20261101,20261212
6801,1,1,1,1,1,0,0,20261101,20261212
6800,1,1,1,1,1,0,0,20261101,20261212
6799,1,1,1,1,1,0,0,20261101,20261212
6798,1,1,1,1,1,0,0,20261101,20261212
10948,1,1,1,1,1,0,0,20261101,20261212
6797,1,1,1,1,1,0,0,20261101,20261212
6796,1,1,1,1,1,0,0,20261101,20261212
6795,1,1,1,1,1,0,0,20261101,20261212
6794,1,1,1,1,1,0,0,20261101,20261212
10947,1,1,1,1,1,0,0,20261101,20261212
6793,1,1,1,1,1,0,0,20261101,20261212
10946,1,1,1,1,1,0,0,20261101,20261212
6792,1,1,1,1,1,0,0,20261101,20261212
6791,1,1,1,1,1,0,0,20261101,20261212
10945,1,1,1,1,1,0,0,20261101,20261212
6790,1,1,1,1,1,0,0,20261101,20261212
10944,1,1,1,1,1,0,0,20261101,20261212
10943,1,1,1,1,1,0,0,20261101,20261212
6789,1,1,1,1,1,0,0,20261101,20261212
10942,1,1,1,1,1,0,0,20261101,20261212
10941,1,1,1,1,1,0,0,20261101,20261212
6788,1,1,1,1,1,0,0,20261101,20261212
6787,1,1,1,1,1,0,0,20261101,20261212
10940,1,1,1,1,1,0,0,20261101,20261212
10939,1,1,1,1,1,0,0,20261101,20261212
6786,1,1,1,1,1,0,0,20261101,20261212
10938,1,1,1,1,1,0,0,20261101,20261212
6785,1,1,1,1,1,0,0,20261101,20261212
6784,1,1,1,1,1,0,0,20261101,20261212
10606,1,1,1,1,1,0,0,20261101,20261212
6783,1,1,1,1,1,0,0,20261101,20261212
6782,1,1,1,1,1,0,0,20261101,20261212
6781,1,1,1,1,1,0,0,20261101,20261212
6780,1,1,1,1,1,0,0,20261101,20261212
10621,1,1,1,1,1,0,0,20261101,20261212
6779,1,1,1,1,1,0,0,20261101,20261212
6778,1,1,1,1,1,0,0,20261101,20261212
10620,1,1,1,1,1,0,0,20261101,20261212
6777,1,1,1,1,1,0,0,20261101,20261212
6776,1,1,1,1,1,0,0,20261101,20261212
6775,1,1,1,1,1,0,0,20261101,20261212
6774,1,1,1,1,1,0,0,20261101,20261212
10619,1,1,1,1,1,0,0,20261101,20261212
6773,1,1,1,1,1,0,0,20261101,20261212
6772,1,1,1,1,1,0,0,20261101,20261212
6771,1,1,1,1,1,0,0,20261101,20261212
6770,1,1,1,1,1,0,0,20261101,20261212
10238,1,1,1,1,1,0,0,20261101,20261212
6769,1,1,1,1,1,0,0,20261101,20261212
10239,1,1,1,1,1,0,0,20261101,20261212
10240,1,1,1,1,1,0,0,20261101,20261212
6768,1,1,1,1,1,0,0,20261101,20261212
6767,1,1,1,1,1,0,0,20261101,20261212
10241,1,1,1,1,1,0,0,20261101,20261212
6766,1,1,1,1,1,0,0,20261101,20261212
6765,1,1,1,1,1,0,0,20261101,20261212
10242,1,1,1,1,1,0,0,20261101,20261212
10243,1,1,1,1,1,0,0,20261101,20261212
6764,1,1,1,1,1,0,0,20261101,20261212
6763,1,1,1,1,1,0,0,20261101,20261212
6762,1,1,1,1,1,0,0,20261101,20261212
6761,1,1,1,1,1,0,0,20261101,20261212
6760,1,1,1,1,1,0,0,20261101,20261212
10244,1,1,1,1,1,0,0,20261101,20261212
10245,1,1,1,1,1,0,0,20261101,20261212
10246,1,1,1,1,1,0,0,20261101,20261212
13422,0,0,0,0,0,0,1,20261101,20261212
13421,0,0,0,0,0,1,0,20261101,20261212
10247,1,1,1,1,1,0,0,20261101,20261212
13420,0,0,0,0,0,1,0,20261101,20261212
13419,1,1,1,1,1,0,0,20261101,20261212
13418,1,1,1,1,1,0,0,20261101,20261212
16319,0,0,0,0,0,1,1,20261123,20261212
16271,1,1,1,1,1,0,0,20261123,20261212
15945,1,1,1,1,1,0,0,20261123,20261212
16272,1,1,1,1,1,0,0,20261123,20261212
16063,0,0,0,0,0,1,1,20261123,20261212
16273,1,1,1,1,1,0,0,20261123,20261212
15944,1,1,1,1,1,0,0,20261123,20261212
15943,1,1,1,1,1,0,0,20261123,20261212
15942,1,1,1,1,1,0,0,20261123,20261212
16064,0,0,0,0,0,1,1,20261123,20261212
15941,1,1,1,1,1,0,0,20261123,20261212
16274,1,1,1,1,1,0,0,20261123,20261212
16065,0,0,0,0,0,1,1,20261123,20261212
16275,1,1,1,1,1,0,0,20261123,20261212
16066,0,0,0,0,0,1,1,20261123,20261212
16276,1,1,1,1,1,0,0,20261123,20261212
16067,0,0,0,0,0,1,1,20261123,20261212
16277,1,1,1,1,1,0,0,20261123,20261212
15940,1,1,1,1,1,0,0,20261123,20261212
16278,1,1,1,1,1,0,0,20261123,20261212
16068,0,0,0,0,0,1,1,20261123,20261212
16069,0,0,0,0,0,1,1,20261123,20261212
16070,0,0,0,0,0,1,1,20261123,20261212
16279,1,1,1,1,1,0,0,20261123,20261212
16071,0,0,0,0,0,1,1,20261123,20261212
16280,1,1,1,1,1,0,0,20261123,20261212
16072,0,0,0,0,0,1,1,20261123,20261212
16281,1,1,1,1,1,0,0,20261123,20261212
16338,0,0,0,0,0,1,1,20261123,20261212
16282,1,1,1,1,1,0,0,20261123,20261212
16342,0,0,0,0,0,1,1,20261123,20261212
16283,1,1,1,1,1,0,0,20261123,20261212
16343,0,0,0,0,0,1,1,20261123,20261212
16284,1,1,1,1,1,0,0,20261123,20261212
16073,0,0,0,0,0,1,1,20261123,20261212
16285,1,1,1,1,1,0,0,20261123,20261212
16017,1,1,1,1,1,0,0,20261123,20261212
16286,1,1,1,1,1,0,0,20261123,20261212
16074,0,0,0,0,0,1,1,20261123,20261212
16287,1,1,1,1,1,0,0,20261123,20261212
16075,0,0,0,0,0,1,1,20261123,20261212
16288,1,1,1,1,1,0,0,20261123,20261212
16018,1,1,1,1,1,0,0,20261123,20261212
16289,1,1,1,1,1,0,0,20261123,20261212
16334,0,0,0,0,0,1,1,20261123,20261212
16290,1,1,1,1,1,0,0,20261123,20261212
16076,0,0,0,0,0,1,1,20261123,20261212
16291,1,1,1,1,1,0,0,20261123,20261212
16077,0,0,0,0,0,0,1,20261123,20261212
16344,0,0,0,0,0,1,1,20261123,20261212
15881,1,1,1,1,1,0,0,20261123,20261212
15882,1,1,1,1,1,0,0,20261123,20261212
15883,1,1,1,1,1,0,0,20261123,20261212
15884,1,1,1,1,1,0,0,20261123,20261212
15885,1,1,1,1,1,0,0,20261123,20261212
15886,1,1,1,1,1,0,0,20261123,20261212
15887,1,1,1,1,1,0,0,20261123,20261212
15888,1,1,1,1,1,0,0,20261123,20261212
15889,1,1,1,1,1,0,0,20261123,20261212
15890,1,1,1,1,1,0,0,20261123,20261212
15891,1,1,1,1,1,0,0,20261123,20261212
15892,1,1,1,1,1,0,0,20261123,20261212
15893,1,1,1,1,1,0,0,20261123,20261212
15894,1,1,1,1,1,0,0,20261123,20261212
15895,1,1,1,1,1,0,0,20261123,20261212
15896,1,1,1,1,1,0,0,20261123,20261212
15897,1,1,1,1,1,0,0,20261123,20261212
15898,1,1,1,1,1,0,0,20261123,20261212
15899,1,1,1,1,1,0,0,20261123,20261212
15900,1,1,1,1,1,0,0,20261123,20261212
16078,0,0,0,0,0,1,1,20261123,20261212
15901,1,1,1,1,1,0,0,20261123,20261212
15902,1,1,1,1,1,0,0,20261123,20261212
15903,1,1,1,1,1,0,0,20261123,20261212
15904,1,1,1,1,1,0,0,20261123,20261212
15905,1,1,1,1,1,0,0,20261123,20261212
15906,1,1,1,1,1,0,0,20261123,20261212
15907,1,1,1,1,1,0,0,20261123,20261212
15908,1,1,1,1,1,0,0,20261123,20261212
15909,1,1,1,1,1,0,0,20261123,20261212
15910,1,1,1,1,1,0,0,20261123,20261212
15911,1,1,1,1,1,0,0,20261123,20261212
15912,1,1,1,1,1,0,0,20261123,20261212
15913,1,1,1,1,1,0,0,20261123,20261212
15914,1,1,1,1,1,0,0,20261123,20261212
15915,1,1,1,1,1,0,0,20261123,20261212
15916,1,1,1,1,1,0,0,20261123,20261212
15917,1,1,1,1,1,0,0,20261123,20261212
15918,1,1,1,1,1,0,0,20261123,20261212
15919,1,1,1,1,1,0,0,20261123,20261212
15920,1,1,1,1,1,0,0,20261123,20261212
16079,0,0,0,0,0,0,1,20261123,20261212
15921,1,1,1,1,1,0,0,20261123,20261212
15922,1,1,1,1,1,0,0,20261123,20261212
15923,1,1,1,1,1,0,0,20261123,20261212
15924,1,1,1,1,1,0,0,20261123,20261212
15925,1,1,1,1,1,0,0,20261123,20261212
15926,1,1,1,1,1,0,0,20261123,20261212
15927,1,1,1,1,1,0,0,20261123,20261212
15928,1,1,1,1,1,0,0,20261123,20261212
15929,1,1,1,1,1,0,0,20261123,20261212
15930,1,1,1,1,1,0,0,20261123,20261212
15931,1,1,1,1,1,0,0,20261123,20261212
15932,1,1,1,1,1,0,0,20261123,20261212
15933,1,1,1,1,1,0,0,20261123,20261212
15934,1,1,1,1,1,0,0,20261123,20261212
15935,1,1,1,1,1,0,0,20261123,20261212
16292,1,1,1,1,1,0,0,20261123,20261212
15939,1,1,1,1,1,0,0,20261123,20261212
16339,0,0,0,0,0,1,1,20261123,20261212
16293,1,1,1,1,1,0,0,20261123,20261212
16294,1,1,1,1,1,0,0,20261123,20261212
16019,1,1,1,1,1,0,0,20261123,20261212
16020,1,1,1,1,1,0,0,20261123,20261212
16295,1,1,1,1,1,0,0,20261123,20261212
16021,1,1,1,1,1,0,0,20261123,20261212
16296,1,1,1,1,1,0,0,20261123,20261212
16297,1,1,1,1,1,0,0,20261123,20261212
16022,1,1,1,1,1,0,0,20261123,20261212
16080,0,0,0,0,0,1,1,20261123,20261212
16298,1,1,1,1,1,0,0,20261123,20261212
16299,1,1,1,1,1,0,0,20261123,20261212
16081,0,0,0,0,0,0,1,20261123,20261212
16082,0,0,0,0,0,0,1,20261123,20261212
16300,1,1,1,1,1,0,0,20261123,20261212
16301,1,1,1,1,1,0,0,20261123,20261212
16083,0,0,0,0,0,0,1,20261123,20261212
16084,0,0,0,0,0,0,1,20261123,20261212
16302,1,1,1,1,1,0,0,20261123,20261212
16303,1,1,1,1,1,0,0,20261123,20261212
16085,0,0,0,0,0,0,1,20261123,20261212
16086,0,0,0,0,0,0,1,20261123,20261212
16304,1,1,1,1,1,0,0,20261123,20261212
16340,0,0,0,0,0,1,1,20261123,20261212
16305,1,1,1,1,1,0,0,20261123,20261212
16306,1,1,1,1,1,0,0,20261123,20261212
16337,0,0,0,0,0,1,1,20261123,20261212
16341,0,0,0,0,0,1,1,20261123,20261212
16307,1,1,1,1,1,0,0,20261123,20261212
16308,1,1,1,1,1,0,0,20261123,20261212
16023,1,1,1,1,1,0,0,20261123,20261212
16024,1,1,1,1,1,0,0,20261123,20261212
16309,1,1,1,1,1,0,0,20261123,20261212
16310,1,1,1,1,1,0,0,20261123,20261212
16025,1,1,1,1,1,0,0,20261123,20261212
16026,1,1,1,1,1,0,0,20261123,20261212
16027,1,1,1,1,1,0,0,20261123,20261212
16028,1,1,1,1,1,0,0,20261123,20261212
16029,1,1,1,1,1,0,0,20261123,20261212
16030,1,1,1,1,1,0,0,20261123,20261212
16031,1,1,1,1,1,0,0,20261123,20261212
16032,1,1,1,1,1,0,0,20261123,20261212
15938,1,1,1,1,1,0,0,20261123,20261212
15937,1,1,1,1,1,0,0,20261123,20261212
16311,1,1,1,1,1,0,0,20261123,20261212
16312,0,0,0,0,0,1,1,20261123,20261212
16033,1,1,1,1,1,0,0,20261123,20261212
15936,1,1,1,1,1,0,0,20261123,20261212
16313,0,0,0,0,0,1,1,20261123,20261212
16034,1,1,1,1,1,0,0,20261123,20261212
16314,0,0,0,0,0,1,1,20261123,20261212
16035,1,1,1,1,1,0,0,20261123,20261212
16315,0,0,0,0,0,1,1,20261123,20261212
16036,1,1,1,1,1,0,0,20261123,20261212
16316,0,0,0,0,0,1,1,20261123,20261212
16317,0,0,0,0,0,1,1,20261123,20261212
16037,1,1,1,1,1,0,0,20261123,20261212
16038,0,0,0,0,0,1,1,20261123,20261212
16318,0,0,0,0,0,1,1,20261123,20261212
16039,0,0,0,0,0,1,1,20261123,20261212
16040,0,0,0,0,0,1,1,20261123,20261212
16332,0,0,0,0,0,1,1,20261123,20261212
16041,0,0,0,0,0,1,1,20261123,20261212
16042,0,0,0,0,0,1,1,20261123,20261212
16333,0,0,0,0,0,1,1,20261123,20261212
16331,0,0,0,0,0,1,1,20261123,20261212
16043,0,0,0,0,0,1,1,20261123,20261212
16044,0,0,0,0,0,1,1,20261123,20261212
16045,0,0,0,0,0,1,1,20261123,20261212
16046,0,0,0,0,0,1,1,20261123,20261212
16047,0,0,0,0,0,1,1,20261123,20261212
16048,0,0,0,0,0,1,1,20261123,20261212
16049,0,0,0,0,0,1,1,20261123,20261212
16050,0,0,0,0,0,1,1,20261123,20261212
16051,0,0,0,0,0,1,1,20261123,20261212
16052,0,0,0,0,0,1,1,20261123,20261212
16053,0,0,0,0,0,1,1,20261123,20261212
16054,0,0,0,0,0,1,1,20261123,20261212
16055,0,0,0,0,0,1,1,20261123,20261212
16056,0,0,0,0,0,1,1,20261123,20261212
16261,1,1,1,1,1,0,0,20261123,20261212
16330,0,0,0,0,0,1,1,20261123,20261212
16057,0,0,0,0,0,1,1,20261123,20261212
16058,0,0,0,0,0,1,1,20261123,20261212
16059,0,0,0,0,0,1,1,20261123,20261212
16060,0,0,0,0,0,1,1,20261123,20261212
16262,1,1,1,1,1,0,0,20261123,20261212
16263,1,1,1,1,1,0,0,20261123,20261212
16061,0,0,0,0,0,1,1,20261123,20261212
16062,0,0,0,0,0,1,1,20261123,20261212
16264,1,1,1,1,1,0,0,20261123,20261212
16265,1,1,1,1,1,0,0,20261123,20261212
16329,0,0,0,0,0,1,1,20261123,20261212
16335,0,0,0,0,0,1,1,20261123,20261212
16336,0,0,0,0,0,1,1,20261123,20261212
16328,0,0,0,0,0,1,1,20261123,20261212
16327,0,0,0,0,0,1,1,20261123,20261212
16326,0,0,0,0,0,1,1,20261123,20261212
16325,0,0,0,0,0,1,1,20261123,20261212
16266,1,1,1,1,1,0,0,20261123,20261212
16500,1,1,1,1,1,0,0,20261123,20261212
16324,0,0,0,0,0,1,1,20261123,20261212
16267,1,1,1,1,1,0,0,20261123,20261212
16501,1,1,1,1,1,0,0,20261123,20261212
16323,0,0,0,0,0,1,1,20261123,20261212
16322,0,0,0,0,0,1,1,20261123,20261212
16268,1,1,1,1,1,0,0,20261123,20261212
16321,0,0,0,0,0,1,1,20261123,20261212
16269,1,1,1,1,1,0,0,20261123,20261212
16270,1,1,1,1,1,0,0,20261123,20261212
16320,0,0,0,0,0,1,1,20261123,20261212
434,1,1,1,1,1,0,0,20261201,20261212
13718,1,1,1,1,1,0,0,20261201,20261212
9721,1,1,1,1,1,0,0,20261201,20261212
13703,0,0,0,0,0,1,1,20261201,20261212
13702,1,1,1,1,1,0,0,20261201,20261212
9722,1,1,1,1,1,0,0,20261201,20261212
9723,1,1,1,1,1,0,0,20261201,20261212
9724,1,1,1,1,1,0,0,20261201,20261212
9725,1,1,1,1,1,0,0,20261201,20261212
9726,1,1,1,1,1,0,0,20261201,20261212
9727,1,1,1,1,1,0,0,20261201,20261212
9728,1,1,1,1,1,0,0,20261201,20261212
9729,1,1,1,1,1,0,0,20261201,20261212
9730,1,1,1,1,1,0,0,20261201,20261212
9731,1,1,1,1,1,0,0,20261201,20261212
362,1,1,1,1,1,0,0,20261201,20261212
363,1,1,1,1,1,0,0,20261201,20261212
9732,1,1,1,1,1,0,0,20261201,20261212
9733,1,1,1,1,1,0,0,20261201,20261212
9734,1,1,1,1,1,0,0,20261201,20261212
364,1,1,1,1,1,0,0,20261201,20261212
9735,1,1,1,1,1,0,0,20261201,20261212
13701,1,1,1,1,1,0,0,20261201,20261212
13700,0,0,0,0,0,1,1,20261201,20261212
13699,0,0,0,0,0,1,1,20261201,20261212
13698,1,1,1,1,1,0,0,20261201,20261212
13697,1,1,1,1,1,0,0,20261201,20261212
13696,0,0,0,0,0,1,1,20261201,20261212
13695,1,1,1,1,1,0,0,20261201,20261212
13694,1,1,1,1,1,0,0,20261201,20261212
13693,1,1,1,1,1,0,0,20261201,20261212
13692,1,1,1,1,1,0,0,20261201,20261212
9736,1,1,1,1,1,0,0,20261201,20261212
9737,1,1,1,1,1,0,0,20261201,20261212
9738,1,1,1,1,1,0,0,20261201,20261212
9739,1,1,1,1,1,0,0,20261201,20261212
9740,1,1,1,1,1,0,0,20261201,20261212
9741,1,1,1,1,1,0,0,20261201,20261212
9742,1,1,1,1,1,0,0,20261201,20261212
9743,1,1,1,1,1,0,0,20261201,20261212
413,1,1,1,1,1,0,0,20261201,20261212
412,1,1,1,1,1,0,0,20261201,20261212
9744,1,1,1,1,1,0,0,20261201,20261212
9745,1,1,1,1,1,0,0,20261201,20261212
9746,0,0,0,0,0,1,1,20261201,20261212
411,1,1,1,1,1,0,0,20261201,20261212
410,1,1,1,1,1,0,0,20261201,20261212
9747,0,0,0,0,0,1,1,20261201,20261212
9748,0,0,0,0,0,1,1,20261201,20261212
409,1,1,1,1,1,0,0,20261201,20261212
408,1,1,1,1,1,0,0,20261201,20261212
475,1,1,1,1,1,0,0,20261201,20261212
474,1,1,1,1,1,0,0,20261201,20261212
407,0,0,0,0,0,1,1,20261201,20261212
406,1,1,1,1,1,0,0,20261201,20261212
405,1,1,1,1,1,0,0,20261201,20261212
9749,0,0,0,0,0,1,1,20261201,20261212
9750,0,0,0,0,0,1,1,20261201,20261212
9751,0,0,0,0,0,1,1,20261201,20261212
9752,0,0,0,0,0,1,1,20261201,20261212
9753,0,0,0,0,0,1,1,20261201,20261212
9754,0,0,0,0,0,1,1,20261201,20261212
404,1,1,1,1,1,0,0,20261201,20261212
403,1,1,1,1,1,0,0,20261201,20261212
402,1,1,1,1,1,0,0,20261201,20261212
401,1,1,1,1,1,0,0,20261201,20261212
400,1,1,1,1,1,0,0,20261201,20261212
399,0,0,0,0,0,1,1,20261201,20261212
398,0,0,0,0,0,1,1,20261201,20261212
397,1,1,1,1,1,0,0,20261201,20261212
396,1,1,1,1,1,0,0,20261201,20261212
9755,0,0,0,0,0,1,1,20261201,20261212
9756,0,0,0,0,0,1,1,20261201,20261212
348,1,1,1,1,1,0,0,20261201,20261212
349,1,1,1,1,1,0,0,20261201,20261212
9757,0,0,0,0,0,1,1,20261201,20261212
9758,0,0,0,0,0,1,1,20261201,20261212
9759,0,0,0,0,0,1,1,20261201,20261212
9760,0,0,0,0,0,0,1,20261201,20261212
9761,0,0,0,0,0,1,1,20261201,20261212
9762,0,0,0,0,0,1,1,20261201,20261212
9763,0,0,0,0,0,1,1,20261201,20261212
9764,0,0,0,0,0,1,0,20261201,20261212
9765,0,0,0,0,0,1,1,20261201,20261212
9766,0,0,0,0,0,1,1,20261201,20261212
9767,0,0,0,0,0,1,1,20261201,20261212
395,1,1,1,1,1,0,0,20261201,20261212
9768,0,0,0,0,0,1,1,20261201,20261212
394,1,1,1,1,1,0,0,20261201,20261212
9769,0,0,0,0,0,1,1,20261201,20261212
393,1,1,1,1,1,0,0,20261201,20261212
12043,0,0,0,0,0,0,1,20261201,20261212
392,1,1,1,1,1,0,0,20261201,20261212
12044,0,0,0,0,0,1,0,20261201,20261212
12045,0,0,0,0,0,1,0,20261201,20261212
350,1,1,1,1,1,0,0,20261201,20261212
351,1,1,1,1,1,0,0,20261201,20261212
352,1,1,1,1,1,0,0,20261201,20261212
12046,0,0,0,0,0,0,1,20261201,20261212
391,1,1,1,1,1,0,0,20261201,20261212
353,1,1,1,1,1,0,0,20261201,20261212
354,1,1,1,1,1,0,0,20261201,20261212
355,1,1,1,1,1,0,0,20261201,20261212
13717,0,0,0,0,0,1,1,20261201,20261212
356,1,1,1,1,1,0,0,20261201,20261212
357,1,1,1,1,1,0,0,20261201,20261212
358,1,1,1,1,1,0,0,20261201,20261212
416,1,1,1,1,1,0,0,20261201,20261212
359,1,1,1,1,1,0,0,20261201,20261212
390,1,1,1,1,1,0,0,20261201,20261212
360,1,1,1,1,1,0,0,20261201,20261212
385,1,1,1,1,1,0,0,20261201,20261212
346,1,1,1,1,1,0,0,20261201,20261212
415,1,1,1,1,1,0,0,20261201,20261212
13716,0,0,0,0,0,1,1,20261201,20261212
13715,1,1,1,1,1,0,0,20261201,20261212
414,1,1,1,1,1,0,0,20261201,20261212
13714,0,0,0,0,0,1,1,20261201,20261212
389,0,0,0,0,0,1,1,20261201,20261212
384,1,1,1,1,1,0,0,20261201,20261212
381,0,0,0,0,0,1,1,20261201,20261212
361,1,1,1,1,1,0,0,20261201,20261212
425,1,1,1,1,1,0,0,20261201,20261212
388,1,1,1,1,1,0,0,20261201,20261212
380,1,1,1,1,1,0,0,20261201,20261212
13713,1,1,1,1,1,0,0,20261201,20261212
424,1,1,1,1,1,0,0,20261201,20261212
433,1,1,1,1,1,0,0,20261201,20261212
371,1,1,1,1,1,0,0,20261201,20261212
473,1,1,1,1,1,0,0,20261201,20261212
472,0,0,0,0,0,1,1,20261201,20261212
471,1,1,1,1,1,0,0,20261201,20261212
470,1,1,1,1,1,0,0,20261201,20261212
469,1,1,1,1,1,0,0,20261201,20261212
468,1,1,1,1,1,0,0,20261201,20261212
467,1,1,1,1,1,0,0,20261201,20261212
466,1,1,1,1,1,0,0,20261201,20261212
465,0,0,0,0,0,1,1,20261201,20261212
464,1,1,1,1,1,0,0,20261201,20261212
463,1,1,1,1,1,0,0,20261201,20261212
462,1,1,1,1,1,0,0,20261201,20261212
461,1,1,1,1,1,0,0,20261201,20261212
460,1,1,1,1,1,0,0,20261201,20261212
13712,0,0,0,0,0,1,1,20261201,20261212
459,1,1,1,1,1,0,0,20261201,20261212
458,1,1,1,1,1,0,0,20261201,20261212
457,1,1,1,1,1,0,0,20261201,20261212
456,1,1,1,1,1,0,0,20261201,20261212
455,1,1,1,1,1,0,0,20261201,20261212
454,1,1,1,1,1,0,0,20261201,20261212
453,1,1,1,1,1,0,0,20261201,20261212
452,1,1,1,1,1,0,0,20261201,20261212
451,1,1,1,1,1,0,0,20261201,20261212
450,1,1,1,1,1,0,0,20261201,20261212
449,1,1,1,1,1,0,0,20261201,20261212
448,1,1,1,1,1,0,0,20261201,20261212
447,1,1,1,1,1,0,0,20261201,20261212
446,0,0,0,0,0,1,1,20261201,20261212
445,0,0,0,0,0,1,1,20261201,20261212
444,1,1,1,1,1,0,0,20261201,20261212
443,1,1,1,1,1,0,0,20261201,20261212
442,1,1,1,1,1,0,0,20261201,20261212
441,1,1,1,1,1,0,0,20261201,20261212
440,1,1,1,1,1,0,0,20261201,20261212
439,1,1,1,1,1,0,0,20261201,20261212
438,1,1,1,1,1,0,0,20261201,20261212
437,0,0,0,0,0,1,1,20261201,20261212
436,1,1,1,1,1,0,0,20261201,20261212
435,1,1,1,1,1,0,0,20261201,20261212
423,1,1,1,1,1,0,0,20261201,20261212
432,1,1,1,1,1,0,0,20261201,20261212
372,0,0,0,0,0,1,1,20261201,20261212
10894,0,0,0,0,0,1,1,20261201,20261212
373,1,1,1,1,1,0,0,20261201,20261212
347,1,1,1,1,1,0,0,20261201,20261212
10893,1,1,1,1,1,0,0,20261201,20261212
378,1,1,1,1,1,0,0,20261201,20261212
10892,1,1,1,1,1,0,0,20261201,20261212
374,1,1,1,1,1,0,0,20261201,20261212
10891,1,1,1,1,1,0,0,20261201,20261212
375,1,1,1,1,1,0,0,20261201,20261212
10890,1,1,1,1,1,0,0,20261201,20261212
13711,0,0,0,0,0,1,1,20261201,20261212
10889,1,1,1,1,1,0,0,20261201,20261212
422,1,1,1,1,1,0,0,20261201,20261212
345,1,1,1,1,1,0,0,20261201,20261212
421,0,0,0,0,0,1,1,20261201,20261212
383,1,1,1,1,1,0,0,20261201,20261212
344,1,1,1,1,1,0,0,20261201,20261212
343,1,1,1,1,1,0,0,20261201,20261212
10888,1,1,1,1,1,0,0,20261201,20261212
377,1,1,1,1,1,0,0,20261201,20261212
13710,1,1,1,1,1,0,0,20261201,20261212
10887,1,1,1,1,1,0,0,20261201,20261212
429,1,1,1,1,1,0,0,20261201,20261212
428,1,1,1,1,1,0,0,20261201,20261212
10886,1,1,1,1,1,0,0,20261201,20261212
427,1,1,1,1,1,0,0,20261201,20261212
10885,1,1,1,1,1,0,0,20261201,20261212
13709,0,0,0,0,0,1,1,20261201,20261212
376,1,1,1,1,1,0,0,20261201,20261212
10884,1,1,1,1,1,0,0,20261201,20261212
10883,1,1,1,1,1,0,0,20261201,20261212
420,0,0,0,0,0,1,1,20261201,20261212
10882,1,1,1,1,1,0,0,20261201,20261212
426,1,1,1,1,1,0,0,20261201,20261212
13705,0,0,0,0,0,1,1,20261201,20261212
419,1,1,1,1,1,0,0,20261201,20261212
10881,1,1,1,1,1,0,0,20261201,20261212
387,1,1,1,1,1,0,0,20261201,20261212
418,1,1,1,1,1,0,0,20261201,20261212
10880,1,1,1,1,1,0,0,20261201,20261212
13719,1,1,1,1,1,0,0,20261201,20261212
365,1,1,1,1,1,0,0,20261201,20261212
10879,1,1,1,1,1,0,0,20261201,20261212
10900,0,0,0,0,0,0,1,20261201,20261212
10878,1,1,1,1,1,0,0,20261201,20261212
10899,0,0,0,0,0,1,1,20261201,20261212
10877,1,1,1,1,1,0,0,20261201,20261212
431,1,1,1,1,1,0,0,20261201,20261212
10876,1,1,1,1,1,0,0,20261201,20261212
10875,1,1,1,1,1,0,0,20261201,20261212
10898,0,0,0,0,0,1,1,20261201,20261212
10896,0,0,0,0,0,1,1,20261201,20261212
366,1,1,1,1,1,0,0,20261201,20261212
367,1,1,1,1,1,0,0,20261201,20261212
10895,0,0,0,0,0,1,0,20261201,20261212
430,1,1,1,1,1,0,0,20261201,20261212
386,0,0,0,0,0,1,1,20261201,20261212
417,1,1,1,1,1,0,0,20261201,20261212
368,1,1,1,1,1,0,0,20261201,20261212
13708,0,0,0,0,0,1,1,20261201,20261212
13707,0,0,0,0,0,1,1,20261201,20261212
369,1,1,1,1,1,0,0,20261201,20261212
379,1,1,1,1,1,0,0,20261201,20261212
13706,1,1,1,1,1,0,0,20261201,20261212
12040,1,1,1,1,1,0,0,20261201,20261212
12041,0,0,0,0,0,1,0,20261201,20261212
370,1,1,1,1,1,0,0,20261201,20261212
382,1,1,1,1,1,0,0,20261201,20261212
12042,0,0,0,0,0,1,0,20261201,20261212
9715,1,1,1,1,1,0,0,20261201,20261212
9716,1,1,1,1,1,0,0,20261201,20261212
9717,1,1,1,1,1,0,0,20261201,20261212
9718,1,1,1,1,1,0,0,20261201,20261212
9719,1,1,1,1,1,0,0,20261201,20261212
9720,1,1,1,1,1,0,0,20261201,20261212
13704,1,1,1,1,1,0,0,20261201,20261212
10874,1,1,1,1,1,0,0,20261201,20261212
10897,0,0,0,0,0,1,1,20261201,20261212
13391,0,0,0,0,0,1,0,20261205,20261205
13392,0,0,0,0,0,1,0,20261205,20261205
13393,0,0,0,0,0,1,0,20261205,20261205
13389,0,0,0,0,0,1,0,20261205,20261205
13390,0,0,0,0,0,1,0,20261205,20261205
13855,0,0,0,0,0,1,1,20261205,20261212
13849,0,0,0,0,0,1,1,20261205,20261212
13852,0,0,0,0,0,1,1,20261205,20261212
13845,0,0,0,0,0,1,1,20261205,20261212
13850,0,0,0,0,0,1,1,20261205,20261212
13846,0,0,0,0,0,1,1,20261205,20261212
13847,0,0,0,0,0,1,1,20261205,20261212
13848,0,0,0,0,0,1,1,20261205,20261212
13853,0,0,0,0,0,1,1,20261205,20261212
13851,0,0,0,0,0,1,1,20261205,20261212
13854,0,0,0,0,0,1,1,20261205,20261212
13844,0,0,0,0,0,1,1,20261205,20261212
5778,0,0,0,0,0,1,0,20261212,20261212
5782,0,0,0,0,0,1,0,20261212,20261212
5784,0,0,0,0,0,1,0,20261212,20261212
15796,0,0,0,0,0,1,0,20261212,20261212
5789,0,0,0,0,0,1,0,20261212,20261212
5844,0,0,0,0,0,1,0,20261212,20261212
8417,0,0,0,0,0,1,0,20261212,20261212
13655,0,0,0,0,0,1,0,20261212,20261212
