service_id,date,exception_type
927,20261002,2
924,20261002,2
994,20261002,2
1001,20261002,2
9219,20261003,2
9223,20261003,2
9223,20261004,2
9219,20261004,2
924,20261005,2
927,20261005,2
994,20261005,2
1001,20261005,2
1001,20261006,2
994,20261006,2
927,20261006,2
924,20261006,2
994,20261007,2
927,20261007,2
924,20261007,2
1001,20261007,2
927,20261008,2
1001,20261008,2
994,20261008,2
924,20261008,2
994,20261009,2
924,20261009,2
1001,20261009,2
927,20261009,2
9219,20261010,2
9223,20261010,2
9219,20261011,2
9223,20261011,2
924,20261012,2
994,20261012,2
927,20261012,2
1001,20261012,2
994,20261013,2
924,20261013,2
927,20261013,2
1001,20261013,2
924,20261014,2
994,20261014,2
927,20261014,2
1001,20261014,2
927,20261015,2
1001,20261015,2
924,20261015,2
994,20261015,2
994,20261016,2
927,20261016,2
1001,20261016,2
924,20261016,2
11776,20261017,1
11774,20261017,1
11771,20261017,1
11777,20261017,1
11780,20261017,1
11779,20261017,1
11772,20261017,1
11775,20261017,1
11773,20261017,1
11778,20261017,1
9223,20261017,2
9219,20261017,2
9219,20261018,2
9223,20261018,2
994,20261019,2
1001,20261019,2
927,20261019,2
924,20261019,2
994,20261020,2
1001,20261020,2
927,20261020,2
924,20261020,2
924,20261021,2
1001,20261021,2
994,20261021,2
927,20261021,2
1001,20261022,2
994,20261022,2
927,20261022,2
924,20261022,2
994,20261023,2
1001,20261023,2
924,20261023,2
927,20261023,2
9219,20261024,2
9223,20261024,2
9219,20261025,2
9223,20261025,2
927,20261026,2
924,20261026,2
994,20261026,2
1001,20261026,2
5936,20261027,1
5746,20261027,1
5748,20261027,1
994,20261027,2
5745,20261027,2
924,20261027,2
5937,20261027,2
927,20261027,2
1001,20261027,2
9159,20261028,1
17363,20261028,1
9158,20261028,1
14758,20261028,1
9157,20261028,1
14734,20261028,1
9156,20261028,1
3270,20261028,1
9155,20261028,1
14733,20261028,1
9089,20261028,1
16596,20261028,1
9088,20261028,1
3278,20261028,1
9087,20261028,1
3279,20261028,1
9086,20261028,1
14730,20261028,1
9052,20261028,1
14725,20261028,1
9051,20261028,1
3286,20261028,1
9050,20261028,1
14724,20261028,1
9048,20261028,1
17105,20261028,1
9047,20261028,1
14721,20261028,1
9046,20261028,1
3295,20261028,1
9045,20261028,1
16590,20261028,1
9024,20261028,1
14720,20261028,1
9023,20261028,1
17399,20261028,1
9022,20261028,1
3303,20261028,1
9021,20261028,1
3304,20261028,1
9020,20261028,1
14712,20261028,1
9019,20261028,1
14699,20261028,1
9018,20261028,1
14698,20261028,1
9017,20261028,1
16586,20261028,1
9016,20261028,1
14662,20261028,1
9015,20261028,1
3317,20261028,1
9013,20261028,1
3318,20261028,1
9012,20261028,1
14661,20261028,1
9011,20261028,1
14619,20261028,1
8978,20261028,1
8977,20261028,1
3329,20261028,1
8964,20261028,1
8961,20261028,1
3332,20261028,1
8960,20261028,1
8959,20261028,1
3337,20261028,1
8958,20261028,1
3338,20261028,1
8957,20261028,1
8956,20261028,1
8955,20261028,1
8954,20261028,1
3347,20261028,1
8953,20261028,1
3348,20261028,1
8952,20261028,1
8951,20261028,1
8950,20261028,1
3356,20261028,1
8949,20261028,1
8948,20261028,1
3360,20261028,1
8947,20261028,1
8946,20261028,1
3364,20261028,1
8945,20261028,1
8944,20261028,1
8943,20261028,1
8942,20261028,1
3369,20261028,1
8941,20261028,1
3371,20261028,1
8940,20261028,1
8845,20261028,1
8844,20261028,1
3377,20261028,1
8842,20261028,1
8841,20261028,1
3381,20261028,1
8840,20261028,1
3382,20261028,1
8839,20261028,1
8838,20261028,1
8837,20261028,1
3389,20261028,1
8836,20261028,1
17098,20261028,1
8835,20261028,1
3392,20261028,1
8833,20261028,1
14618,20261028,1
8832,20261028,1
14617,20261028,1
8829,20261028,1
3400,20261028,1
8794,20261028,1
3401,20261028,1
8793,20261028,1
14616,20261028,1
8792,20261028,1
3409,20261028,1
8791,20261028,1
14615,20261028,1
8790,20261028,1
3412,20261028,1
8789,20261028,1
14614,20261028,1
8788,20261028,1
3417,20261028,1
8787,20261028,1
14613,20261028,1
8786,20261028,1
3421,20261028,1
8785,20261028,1
3422,20261028,1
8784,20261028,1
14612,20261028,1
8783,20261028,1
14611,20261028,1
8782,20261028,1
3429,20261028,1
8781,20261028,1
14610,20261028,1
8780,20261028,1
14609,20261028,1
8779,20261028,1
3435,20261028,1
8778,20261028,1
3436,20261028,1
8777,20261028,1
14608,20261028,1
8752,20261028,1
3443,20261028,1
8751,20261028,1
14607,20261028,1
8750,20261028,1
3448,20261028,1
8749,20261028,1
14605,20261028,1
8748,20261028,1
3452,20261028,1
8747,20261028,1
14604,20261028,1
8746,20261028,1
14551,20261028,1
8745,20261028,1
3458,20261028,1
8731,20261028,1
3461,20261028,1
8729,20261028,1
14550,20261028,1
8728,20261028,1
14549,20261028,1
8727,20261028,1
3467,20261028,1
8726,20261028,1
14548,20261028,1
8725,20261028,1
3471,20261028,1
8724,20261028,1
14547,20261028,1
8723,20261028,1
3475,20261028,1
8722,20261028,1
14546,20261028,1
8720,20261028,1
3479,20261028,1
8612,20261028,1
14545,20261028,1
8611,20261028,1
3483,20261028,1
8610,20261028,1
14544,20261028,1
8609,20261028,1
3487,20261028,1
8608,20261028,1
14543,20261028,1
8607,20261028,1
3493,20261028,1
8606,20261028,1
14504,20261028,1
8605,20261028,1
14503,20261028,1
8604,20261028,1
14502,20261028,1
8603,20261028,1
3504,20261028,1
8602,20261028,1
14501,20261028,1
8601,20261028,1
14500,20261028,1
8600,20261028,1
3511,20261028,1
8599,20261028,1
14499,20261028,1
8598,20261028,1
14482,20261028,1
8597,20261028,1
16584,20261028,1
8596,20261028,1
3521,20261028,1
8595,20261028,1
14481,20261028,1
8538,20261028,1
3525,20261028,1
8537,20261028,1
17362,20261028,1
8536,20261028,1
14480,20261028,1
8535,20261028,1
14479,20261028,1
8524,20261028,1
3534,20261028,1
8523,20261028,1
14477,20261028,1
8521,20261028,1
16580,20261028,1
8520,20261028,1
14476,20261028,1
8518,20261028,1
3543,20261028,1
8517,20261028,1
14474,20261028,1
8516,20261028,1
14473,20261028,1
8515,20261028,1
17097,20261028,1
8514,20261028,1
14470,20261028,1
8484,20261028,1
3554,20261028,1
8483,20261028,1
16577,20261028,1
8482,20261028,1
14469,20261028,1
8481,20261028,1
17507,20261028,1
8443,20261028,1
3562,20261028,1
8442,20261028,1
14468,20261028,1
8440,20261028,1
3566,20261028,1
8430,20261028,1
14467,20261028,1
8427,20261028,1
3569,20261028,1
8424,20261028,1
14466,20261028,1
8414,20261028,1
16572,20261028,1
8406,20261028,1
3576,20261028,1
8405,20261028,1
14465,20261028,1
8404,20261028,1
14411,20261028,1
8401,20261028,1
3582,20261028,1
8400,20261028,1
14410,20261028,1
8399,20261028,1
3586,20261028,1
8398,20261028,1
17090,20261028,1
8397,20261028,1
3590,20261028,1
8396,20261028,1
14409,20261028,1
8395,20261028,1
3594,20261028,1
8394,20261028,1
16568,20261028,1
8393,20261028,1
3598,20261028,1
8392,20261028,1
14408,20261028,1
8391,20261028,1
3602,20261028,1
8390,20261028,1
192,20261028,1
8389,20261028,1
3606,20261028,1
8388,20261028,1
14407,20261028,1
8387,20261028,1
3610,20261028,1
8287,20261028,1
14406,20261028,1
8286,20261028,1
3614,20261028,1
8285,20261028,1
14405,20261028,1
8284,20261028,1
3618,20261028,1
8283,20261028,1
16564,20261028,1
8282,20261028,1
3622,20261028,1
8281,20261028,1
14404,20261028,1
8280,20261028,1
3626,20261028,1
8279,20261028,1
14403,20261028,1
8278,20261028,1
3630,20261028,1
8277,20261028,1
14402,20261028,1
8276,20261028,1
3634,20261028,1
8275,20261028,1
529,20261028,1
8274,20261028,1
14401,20261028,1
8273,20261028,1
3640,20261028,1
8161,20261028,1
16560,20261028,1
8160,20261028,1
3644,20261028,1
8159,20261028,1
14400,20261028,1
8158,20261028,1
530,20261028,1
8157,20261028,1
3651,20261028,1
8156,20261028,1
14361,20261028,1
8155,20261028,1
14360,20261028,1
8154,20261028,1
3657,20261028,1
8153,20261028,1
14359,20261028,1
8152,20261028,1
16556,20261028,1
8151,20261028,1
3663,20261028,1
8150,20261028,1
14358,20261028,1
8149,20261028,1
3668,20261028,1
8148,20261028,1
531,20261028,1
8147,20261028,1
14357,20261028,1
8146,20261028,1
3674,20261028,1
8145,20261028,1
14356,20261028,1
8144,20261028,1
14325,20261028,1
8143,20261028,1
3680,20261028,1
8065,20261028,1
16552,20261028,1
8063,20261028,1
3685,20261028,1
8062,20261028,1
14323,20261028,1
8061,20261028,1
532,20261028,1
7992,20261028,1
3691,20261028,1
7991,20261028,1
14322,20261028,1
7990,20261028,1
3695,20261028,1
7929,20261028,1
16548,20261028,1
7928,20261028,1
14321,20261028,1
7927,20261028,1
533,20261028,1
7926,20261028,1
3704,20261028,1
7925,20261028,1
14286,20261028,1
7924,20261028,1
16544,20261028,1
7923,20261028,1
3710,20261028,1
7922,20261028,1
14252,20261028,1
7921,20261028,1
534,20261028,1
7920,20261028,1
3716,20261028,1
7919,20261028,1
14251,20261028,1
7918,20261028,1
16540,20261028,1
7887,20261028,1
14250,20261028,1
7886,20261028,1
3724,20261028,1
7885,20261028,1
535,20261028,1
7884,20261028,1
14249,20261028,1
7883,20261028,1
3729,20261028,1
7881,20261028,1
16538,20261028,1
7880,20261028,1
3733,20261028,1
7879,20261028,1
14248,20261028,1
7878,20261028,1
3738,20261028,1
7877,20261028,1
536,20261028,1
7831,20261028,1
3742,20261028,1
7830,20261028,1
14236,20261028,1
7815,20261028,1
3746,20261028,1
7621,20261028,1
3747,20261028,1
7620,20261028,1
16531,20261028,1
7619,20261028,1
14235,20261028,1
7618,20261028,1
3752,20261028,1
7617,20261028,1
14234,20261028,1
7616,20261028,1
14233,20261028,1
7615,20261028,1
537,20261028,1
7614,20261028,1
3760,20261028,1
7613,20261028,1
14232,20261028,1
7535,20261028,1
3764,20261028,1
7534,20261028,1
3765,20261028,1
7533,20261028,1
14231,20261028,1
7532,20261028,1
3769,20261028,1
7531,20261028,1
14188,20261028,1
7529,20261028,1
3773,20261028,1
7528,20261028,1
16530,20261028,1
7527,20261028,1
3777,20261028,1
7526,20261028,1
14187,20261028,1
7525,20261028,1
14186,20261028,1
7524,20261028,1
14174,20261028,1
7523,20261028,1
3785,20261028,1
7522,20261028,1
538,20261028,1
7521,20261028,1
3790,20261028,1
7520,20261028,1
14173,20261028,1
7519,20261028,1
14172,20261028,1
7518,20261028,1
14171,20261028,1
7470,20261028,1
16523,20261028,1
7469,20261028,1
14170,20261028,1
7468,20261028,1
3807,20261028,1
7467,20261028,1
14169,20261028,1
7466,20261028,1
14168,20261028,1
7465,20261028,1
539,20261028,1
7464,20261028,1
14167,20261028,1
7463,20261028,1
3819,20261028,1
7462,20261028,1
3820,20261028,1
7442,20261028,1
16522,20261028,1
7441,20261028,1
14166,20261028,1
7440,20261028,1
540,20261028,1
7439,20261028,1
14165,20261028,1
7438,20261028,1
14164,20261028,1
7437,20261028,1
3835,20261028,1
7436,20261028,1
3836,20261028,1
7435,20261028,1
14163,20261028,1
7419,20261028,1
16515,20261028,1
7418,20261028,1
14162,20261028,1
7417,20261028,1
14161,20261028,1
7409,20261028,1
14134,20261028,1
7408,20261028,1
3851,20261028,1
7407,20261028,1
541,20261028,1
7406,20261028,1
14133,20261028,1
7405,20261028,1
3857,20261028,1
7404,20261028,1
16514,20261028,1
7403,20261028,1
3860,20261028,1
7402,20261028,1
14132,20261028,1
7401,20261028,1
3865,20261028,1
7400,20261028,1
542,20261028,1
7399,20261028,1
3869,20261028,1
7398,20261028,1
14131,20261028,1
7397,20261028,1
3873,20261028,1
7396,20261028,1
3874,20261028,1
7302,20261028,1
16509,20261028,1
7301,20261028,1
14130,20261028,1
7300,20261028,1
3881,20261028,1
7299,20261028,1
543,20261028,1
7298,20261028,1
3885,20261028,1
7297,20261028,1
14129,20261028,1
7296,20261028,1
16504,20261028,1
7295,20261028,1
14128,20261028,1
7294,20261028,1
3894,20261028,1
7293,20261028,1
544,20261028,1
7292,20261028,1
14127,20261028,1
7291,20261028,1
3901,20261028,1
7290,20261028,1
16427,20261028,1
7289,20261028,1
14070,20261028,1
7166,20261028,1
545,20261028,1
7165,20261028,1
3910,20261028,1
7164,20261028,1
14039,20261028,1
7161,20261028,1
16426,20261028,1
7160,20261028,1
3917,20261028,1
7159,20261028,1
14037,20261028,1
7140,20261028,1
546,20261028,1
7139,20261028,1
14036,20261028,1
7138,20261028,1
16425,20261028,1
7137,20261028,1
3928,20261028,1
7136,20261028,1
14035,20261028,1
7135,20261028,1
547,20261028,1
7134,20261028,1
3934,20261028,1
7132,20261028,1
14034,20261028,1
7131,20261028,1
16424,20261028,1
7130,20261028,1
14033,20261028,1
7127,20261028,1
3942,20261028,1
7126,20261028,1
17089,20261028,1
7125,20261028,1
3946,20261028,1
7072,20261028,1
14032,20261028,1
7071,20261028,1
16423,20261028,1
7070,20261028,1
3952,20261028,1
7069,20261028,1
14031,20261028,1
7068,20261028,1
17361,20261028,1
7067,20261028,1
14030,20261028,1
7066,20261028,1
16422,20261028,1
7065,20261028,1
3963,20261028,1
7064,20261028,1
14029,20261028,1
7063,20261028,1
3965,20261028,1
7062,20261028,1
17084,20261028,1
7061,20261028,1
3969,20261028,1
6997,20261028,1
14028,20261028,1
6996,20261028,1
3973,20261028,1
6995,20261028,1
16421,20261028,1
6994,20261028,1
3977,20261028,1
6993,20261028,1
14027,20261028,1
6992,20261028,1
3981,20261028,1
6991,20261028,1
17387,20261028,1
6990,20261028,1
3985,20261028,1
6989,20261028,1
14026,20261028,1
6988,20261028,1
3989,20261028,1
6987,20261028,1
16420,20261028,1
6986,20261028,1
3993,20261028,1
6985,20261028,1
14025,20261028,1
6984,20261028,1
3997,20261028,1
6889,20261028,1
17081,20261028,1
6888,20261028,1
4001,20261028,1
6887,20261028,1
14024,20261028,1
6886,20261028,1
4005,20261028,1
6885,20261028,1
16419,20261028,1
6884,20261028,1
4009,20261028,1
6883,20261028,1
14023,20261028,1
6882,20261028,1
4013,20261028,1
6881,20261028,1
17360,20261028,1
6880,20261028,1
4017,20261028,1
6757,20261028,1
14022,20261028,1
6756,20261028,1
16418,20261028,1
6755,20261028,1
4023,20261028,1
6754,20261028,1
14021,20261028,1
6753,20261028,1
17075,20261028,1
6752,20261028,1
4030,20261028,1
6751,20261028,1
13980,20261028,1
6750,20261028,1
16417,20261028,1
6643,20261028,1
13979,20261028,1
6642,20261028,1
4039,20261028,1
6641,20261028,1
17607,20261028,1
6640,20261028,1
13978,20261028,1
6639,20261028,1
4045,20261028,1
6636,20261028,1
16416,20261028,1
6634,20261028,1
4049,20261028,1
6631,20261028,1
13977,20261028,1
6630,20261028,1
17071,20261028,1
6629,20261028,1
4056,20261028,1
6626,20261028,1
13976,20261028,1
6625,20261028,1
16415,20261028,1
6594,20261028,1
4062,20261028,1
6593,20261028,1
13975,20261028,1
6592,20261028,1
4066,20261028,1
6591,20261028,1
1137,20261028,1
6589,20261028,1
13974,20261028,1
6588,20261028,1
4073,20261028,1
6587,20261028,1
17359,20261028,1
6586,20261028,1
4077,20261028,1
6585,20261028,1
13973,20261028,1
6584,20261028,1
16414,20261028,1
6583,20261028,1
4083,20261028,1
6580,20261028,1
13972,20261028,1
6579,20261028,1
17060,20261028,1
6478,20261028,1
4090,20261028,1
6477,20261028,1
13971,20261028,1
6476,20261028,1
4094,20261028,1
6475,20261028,1
16413,20261028,1
6474,20261028,1
4098,20261028,1
6473,20261028,1
13970,20261028,1
6472,20261028,1
4102,20261028,1
6471,20261028,1
98,20261028,1
6470,20261028,1
13969,20261028,1
6469,20261028,1
16412,20261028,1
6468,20261028,1
13968,20261028,1
6467,20261028,1
4111,20261028,1
6466,20261028,1
17053,20261028,1
6465,20261028,1
4113,20261028,1
6392,20261028,1
13967,20261028,1
6374,20261028,1
4117,20261028,1
6369,20261028,1
16260,20261028,1
6365,20261028,1
4121,20261028,1
6361,20261028,1
13966,20261028,1
6354,20261028,1
4123,20261028,1
6350,20261028,1
4124,20261028,1
6346,20261028,1
207,20261028,1
6342,20261028,1
4129,20261028,1
6338,20261028,1
13965,20261028,1
6334,20261028,1
16259,20261028,1
6327,20261028,1
4133,20261028,1
6326,20261028,1
13911,20261028,1
6325,20261028,1
4138,20261028,1
6324,20261028,1
17047,20261028,1
6323,20261028,1
4142,20261028,1
6316,20261028,1
13910,20261028,1
6314,20261028,1
4146,20261028,1
6308,20261028,1
16258,20261028,1
6303,20261028,1
4150,20261028,1
6299,20261028,1
13909,20261028,1
6293,20261028,1
4154,20261028,1
6286,20261028,1
4155,20261028,1
6282,20261028,1
17358,20261028,1
6278,20261028,1
13908,20261028,1
6276,20261028,1
16257,20261028,1
6272,20261028,1
13907,20261028,1
6268,20261028,1
17036,20261028,1
6264,20261028,1
4170,20261028,1
6260,20261028,1
4172,20261028,1
6259,20261028,1
13906,20261028,1
6250,20261028,1
16256,20261028,1
6249,20261028,1
13905,20261028,1
6247,20261028,1
17386,20261028,1
6243,20261028,1
4185,20261028,1
6239,20261028,1
13904,20261028,1
6235,20261028,1
4188,20261028,1
6231,20261028,1
16255,20261028,1
6227,20261028,1
13891,20261028,1
6223,20261028,1
16254,20261028,1
6219,20261028,1
13890,20261028,1
6215,20261028,1
4200,20261028,1
6206,20261028,1
4201,20261028,1
6205,20261028,1
16253,20261028,1
6192,20261028,1
13889,20261028,1
6191,20261028,1
17035,20261028,1
6176,20261028,1
13888,20261028,1
6175,20261028,1
4213,20261028,1
6168,20261028,1
16252,20261028,1
6167,20261028,1
4217,20261028,1
6160,20261028,1
13887,20261028,1
6159,20261028,1
1199,20261028,1
6154,20261028,1
4225,20261028,1
6153,20261028,1
13886,20261028,1
6144,20261028,1
17357,20261028,1
6143,20261028,1
13885,20261028,1
6142,20261028,1
4235,20261028,1
6141,20261028,1
1203,20261028,1
6128,20261028,1
13884,20261028,1
6127,20261028,1
4242,20261028,1
6120,20261028,1
16251,20261028,1
6119,20261028,1
13875,20261028,1
6112,20261028,1
4249,20261028,1
6111,20261028,1
4250,20261028,1
6083,20261028,1
17022,20261028,1
6080,20261028,1
13874,20261028,1
6079,20261028,1
16250,20261028,1
6077,20261028,1
13873,20261028,1
6074,20261028,1
1213,20261028,1
6073,20261028,1
13872,20261028,1
6072,20261028,1
4267,20261028,1
6061,20261028,1
4268,20261028,1
6052,20261028,1
17463,20261028,1
6050,20261028,1
4271,20261028,1
6049,20261028,1
4273,20261028,1
6048,20261028,1
13871,20261028,1
6047,20261028,1
1217,20261028,1
6046,20261028,1
13870,20261028,1
6045,20261028,1
4284,20261028,1
6044,20261028,1
16249,20261028,1
6043,20261028,1
13865,20261028,1
6042,20261028,1
17021,20261028,1
6040,20261028,1
4296,20261028,1
6039,20261028,1
13864,20261028,1
6009,20261028,1
16248,20261028,1
6008,20261028,1
13863,20261028,1
6007,20261028,1
1228,20261028,1
6006,20261028,1
13862,20261028,1
6005,20261028,1
4310,20261028,1
6004,20261028,1
1229,20261028,1
5956,20261028,1
4314,20261028,1
5945,20261028,1
13843,20261028,1
5943,20261028,1
4317,20261028,1
17356,20261028,1
13842,20261028,1
5917,20261028,1
4323,20261028,1
5911,20261028,1
4325,20261028,1
5887,20261028,1
16247,20261028,1
5885,20261028,1
13841,20261028,1
5872,20261028,1
4331,20261028,1
5870,20261028,1
17008,20261028,1
5867,20261028,1
4335,20261028,1
5864,20261028,1
13840,20261028,1
5859,20261028,1
4339,20261028,1
5855,20261028,1
16246,20261028,1
5834,20261028,1
13839,20261028,1
5816,20261028,1
17385,20261028,1
5809,20261028,1
13838,20261028,1
5806,20261028,1
1243,20261028,1
5804,20261028,1
13837,20261028,1
5800,20261028,1
16245,20261028,1
5796,20261028,1
13836,20261028,1
5785,20261028,1
17007,20261028,1
5775,20261028,1
13835,20261028,1
5759,20261028,1
1250,20261028,1
5752,20261028,1
13834,20261028,1
16244,20261028,1
13833,20261028,1
17355,20261028,1
5741,20261028,1
13832,20261028,1
5735,20261028,1
16243,20261028,1
5728,20261028,1
13831,20261028,1
5718,20261028,1
17002,20261028,1
5711,20261028,1
13830,20261028,1
5703,20261028,1
1261,20261028,1
5701,20261028,1
13829,20261028,1
5685,20261028,1
16242,20261028,1
5674,20261028,1
13828,20261028,1
5670,20261028,1
17609,20261028,1
5663,20261028,1
13827,20261028,1
5658,20261028,1
16241,20261028,1
5655,20261028,1
13826,20261028,1
5652,20261028,1
1269,20261028,1
5651,20261028,1
13776,20261028,1
5650,20261028,1
1271,20261028,1
5634,20261028,1
13775,20261028,1
5632,20261028,1
17001,20261028,1
5628,20261028,1
13774,20261028,1
5624,20261028,1
16240,20261028,1
5620,20261028,1
13773,20261028,1
5616,20261028,1
228,20261028,1
5612,20261028,1
13772,20261028,1
5607,20261028,1
16239,20261028,1
5602,20261028,1
13771,20261028,1
5595,20261028,1
1282,20261028,1
5591,20261028,1
13770,20261028,1
5584,20261028,1
1283,20261028,1
5583,20261028,1
13769,20261028,1
5576,20261028,1
17000,20261028,1
5571,20261028,1
13768,20261028,1
5563,20261028,1
16238,20261028,1
5556,20261028,1
13767,20261028,1
5549,20261028,1
1289,20261028,1
5540,20261028,1
13766,20261028,1
5530,20261028,1
1290,20261028,1
5527,20261028,1
4508,20261028,1
5512,20261028,1
13765,20261028,1
5511,20261028,1
589,20261028,1
5493,20261028,1
13764,20261028,1
5491,20261028,1
16237,20261028,1
5480,20261028,1
13763,20261028,1
5470,20261028,1
1297,20261028,1
5464,20261028,1
13721,20261028,1
5450,20261028,1
1298,20261028,1
5449,20261028,1
4533,20261028,1
5434,20261028,1
13720,20261028,1
5433,20261028,1
4537,20261028,1
5423,20261028,1
590,20261028,1
5422,20261028,1
13685,20261028,1
5415,20261028,1
16236,20261028,1
5410,20261028,1
13681,20261028,1
5406,20261028,1
1305,20261028,1
5402,20261028,1
13680,20261028,1
5396,20261028,1
4555,20261028,1
5395,20261028,1
4557,20261028,1
5388,20261028,1
1306,20261028,1
5385,20261028,1
13677,20261028,1
5378,20261028,1
591,20261028,1
5377,20261028,1
4567,20261028,1
5370,20261028,1
13674,20261028,1
5364,20261028,1
4571,20261028,1
5355,20261028,1
16235,20261028,1
5351,20261028,1
13670,20261028,1
5339,20261028,1
1313,20261028,1
5336,20261028,1
4580,20261028,1
5324,20261028,1
13666,20261028,1
5318,20261028,1
1314,20261028,1
5314,20261028,1
13657,20261028,1
5303,20261028,1
592,20261028,1
5301,20261028,1
4593,20261028,1
5292,20261028,1
13645,20261028,1
5286,20261028,1
16234,20261028,1
5261,20261028,1
13641,20261028,1
5241,20261028,1
1321,20261028,1
5234,20261028,1
13640,20261028,1
5232,20261028,1
1322,20261028,1
5227,20261028,1
13631,20261028,1
5226,20261028,1
4616,20261028,1
5220,20261028,1
593,20261028,1
5216,20261028,1
13630,20261028,1
5212,20261028,1
1327,20261028,1
5209,20261028,1
13628,20261028,1
5208,20261028,1
16233,20261028,1
5207,20261028,1
13627,20261028,1
5203,20261028,1
4635,20261028,1
5199,20261028,1
4636,20261028,1
5197,20261028,1
1332,20261028,1
5187,20261028,1
13625,20261028,1
5183,20261028,1
594,20261028,1
5180,20261028,1
13624,20261028,1
5178,20261028,1
16232,20261028,1
5173,20261028,1
13623,20261028,1
5170,20261028,1
4653,20261028,1
5165,20261028,1
4656,20261028,1
5164,20261028,1
1339,20261028,1
5151,20261028,1
13622,20261028,1
5139,20261028,1
595,20261028,1
5138,20261028,1
13620,20261028,1
5135,20261028,1
4669,20261028,1
5134,20261028,1
16231,20261028,1
5133,20261028,1
4672,20261028,1
5132,20261028,1
13619,20261028,1
5131,20261028,1
1346,20261028,1
5130,20261028,1
13616,20261028,1
5127,20261028,1
596,20261028,1
5111,20261028,1
4685,20261028,1
5104,20261028,1
13615,20261028,1
5101,20261028,1
4690,20261028,1
5089,20261028,1
16230,20261028,1
5086,20261028,1
13614,20261028,1
5084,20261028,1
1352,20261028,1
5080,20261028,1
13613,20261028,1
5075,20261028,1
17259,20261028,1
5074,20261028,1
4704,20261028,1
5069,20261028,1
13612,20261028,1
5066,20261028,1
4708,20261028,1
5057,20261028,1
1356,20261028,1
5056,20261028,1
13610,20261028,1
5052,20261028,1
16229,20261028,1
5048,20261028,1
13609,20261028,1
5039,20261028,1
16999,20261028,1
5038,20261028,1
4724,20261028,1
5031,20261028,1
13608,20261028,1
5030,20261028,1
4728,20261028,1
5023,20261028,1
16228,20261028,1
5022,20261028,1
13607,20261028,1
5015,20261028,1
17384,20261028,1
5014,20261028,1
13604,20261028,1
5006,20261028,1
4742,20261028,1
5002,20261028,1
4743,20261028,1
4997,20261028,1
16176,20261028,1
4996,20261028,1
13603,20261028,1
4988,20261028,1
4748,20261028,1
4984,20261028,1
1370,20261028,1
4979,20261028,1
13601,20261028,1
4978,20261028,1
4756,20261028,1
4970,20261028,1
4758,20261028,1
4969,20261028,1
16998,20261028,1
4962,20261028,1
13600,20261028,1
4951,20261028,1
4763,20261028,1
4950,20261028,1
4764,20261028,1
4937,20261028,1
16175,20261028,1
4934,20261028,1
4769,20261028,1
4929,20261028,1
13599,20261028,1
4922,20261028,1
4773,20261028,1
4921,20261028,1
1377,20261028,1
4914,20261028,1
13598,20261028,1
4913,20261028,1
17255,20261028,1
4906,20261028,1
4783,20261028,1
4905,20261028,1
13510,20261028,1
4898,20261028,1
4787,20261028,1
4897,20261028,1
4789,20261028,1
4895,20261028,1
16174,20261028,1
4892,20261028,1
13509,20261028,1
4891,20261028,1
1385,20261028,1
4884,20261028,1
13508,20261028,1
4883,20261028,1
16997,20261028,1
4881,20261028,1
13507,20261028,1
4877,20261028,1
1388,20261028,1
4872,20261028,1
4809,20261028,1
4871,20261028,1
13506,20261028,1
4864,20261028,1
16173,20261028,1
4863,20261028,1
13505,20261028,1
4851,20261028,1
4819,20261028,1
4842,20261028,1
111,20261028,1
4835,20261028,1
4823,20261028,1
4827,20261028,1
13504,20261028,1
1397,20261028,1
13454,20261028,1
16172,20261028,1
13453,20261028,1
16996,20261028,1
13452,20261028,1
16171,20261028,1
13451,20261028,1
17251,20261028,1
13450,20261028,1
1409,20261028,1
13449,20261028,1
1410,20261028,1
13448,20261028,1
16170,20261028,1
13447,20261028,1
16995,20261028,1
13446,20261028,1
16169,20261028,1
13445,20261028,1
1419,20261028,1
13444,20261028,1
17457,20261028,1
13443,20261028,1
16168,20261028,1
13442,20261028,1
16994,20261028,1
13441,20261028,1
1429,20261028,1
13440,20261028,1
16167,20261028,1
13439,20261028,1
1433,20261028,1
13438,20261028,1
244,20261028,1
13437,20261028,1
1437,20261028,1
13436,20261028,1
16166,20261028,1
13435,20261028,1
1441,20261028,1
13414,20261028,1
16985,20261028,1
13388,20261028,1
1445,20261028,1
13387,20261028,1
16165,20261028,1
13383,20261028,1
1449,20261028,1
13382,20261028,1
1451,20261028,1
13378,20261028,1
17247,20261028,1
13377,20261028,1
16164,20261028,1
13373,20261028,1
1457,20261028,1
13372,20261028,1
1459,20261028,1
13368,20261028,1
16984,20261028,1
13364,20261028,1
1463,20261028,1
13362,20261028,1
1464,20261028,1
13357,20261028,1
16163,20261028,1
13354,20261028,1
17383,20261028,1
13353,20261028,1
16162,20261028,1
13351,20261028,1
1473,20261028,1
13350,20261028,1
16968,20261028,1
13348,20261028,1
1478,20261028,1
13344,20261028,1
16161,20261028,1
13341,20261028,1
251,20261028,1
13339,20261028,1
16160,20261028,1
13335,20261028,1
1488,20261028,1
13334,20261028,1
16934,20261028,1
13328,20261028,1
1491,20261028,1
13325,20261028,1
16159,20261028,1
13324,20261028,1
1495,20261028,1
13319,20261028,1
17243,20261028,1
13318,20261028,1
1499,20261028,1
13315,20261028,1
16158,20261028,1
13312,20261028,1
1503,20261028,1
13308,20261028,1
16933,20261028,1
13307,20261028,1
16157,20261028,1
13304,20261028,1
118,20261028,1
13297,20261028,1
16156,20261028,1
13296,20261028,1
641,20261028,1
13295,20261028,1
16155,20261028,1
13294,20261028,1
1522,20261028,1
13286,20261028,1
16932,20261028,1
13284,20261028,1
1526,20261028,1
13283,20261028,1
1527,20261028,1
13280,20261028,1
16154,20261028,1
13274,20261028,1
17239,20261028,1
13271,20261028,1
1533,20261028,1
13270,20261028,1
1534,20261028,1
13266,20261028,1
16153,20261028,1
13260,20261028,1
16931,20261028,1
13259,20261028,1
1541,20261028,1
13255,20261028,1
1542,20261028,1
13251,20261028,1
16152,20261028,1
13244,20261028,1
17602,20261028,1
13243,20261028,1
1549,20261028,1
13242,20261028,1
1550,20261028,1
13239,20261028,1
16151,20261028,1
13232,20261028,1
16930,20261028,1
13231,20261028,1
1557,20261028,1
13228,20261028,1
1559,20261028,1
13227,20261028,1
16150,20261028,1
13221,20261028,1
655,20261028,1
13220,20261028,1
1566,20261028,1
13218,20261028,1
1567,20261028,1
13217,20261028,1
16149,20261028,1
13207,20261028,1
17235,20261028,1
13206,20261028,1
1575,20261028,1
13205,20261028,1
1576,20261028,1
13202,20261028,1
16148,20261028,1
13197,20261028,1
1579,20261028,1
13196,20261028,1
16929,20261028,1
13194,20261028,1
1584,20261028,1
13192,20261028,1
16147,20261028,1
13189,20261028,1
17382,20261028,1
13185,20261028,1
16146,20261028,1
13184,20261028,1
16928,20261028,1
13180,20261028,1
1597,20261028,1
13177,20261028,1
1598,20261028,1
13175,20261028,1
16145,20261028,1
13171,20261028,1
1602,20261028,1
13168,20261028,1
668,20261028,1
13167,20261028,1
16144,20261028,1
13164,20261028,1
1607,20261028,1
13163,20261028,1
17228,20261028,1
13158,20261028,1
16010,20261028,1
13155,20261028,1
1615,20261028,1
13154,20261028,1
672,20261028,1
13150,20261028,1
1620,20261028,1
13146,20261028,1
16008,20261028,1
13142,20261028,1
1623,20261028,1
13139,20261028,1
16927,20261028,1
13138,20261028,1
16006,20261028,1
13135,20261028,1
17455,20261028,1
13131,20261028,1
16005,20261028,1
13128,20261028,1
1635,20261028,1
13127,20261028,1
1636,20261028,1
13123,20261028,1
1639,20261028,1
13122,20261028,1
1640,20261028,1
13117,20261028,1
16918,20261028,1
13116,20261028,1
16004,20261028,1
13115,20261028,1
682,20261028,1
13114,20261028,1
16003,20261028,1
13112,20261028,1
1653,20261028,1
13111,20261028,1
1654,20261028,1
13110,20261028,1
17227,20261028,1
13108,20261028,1
16002,20261028,1
13106,20261028,1
1661,20261028,1
13105,20261028,1
1662,20261028,1
13104,20261028,1
686,20261028,1
13103,20261028,1
16001,20261028,1
13102,20261028,1
16917,20261028,1
13101,20261028,1
16000,20261028,1
13100,20261028,1
1675,20261028,1
13091,20261028,1
276,20261028,1
13090,20261028,1
15999,20261028,1
13087,20261028,1
16916,20261028,1
13083,20261028,1
1684,20261028,1
13078,20261028,1
15998,20261028,1
13071,20261028,1
1688,20261028,1
13065,20261028,1
696,20261028,1
13064,20261028,1
15997,20261028,1
13052,20261028,1
17381,20261028,1
13051,20261028,1
15996,20261028,1
13047,20261028,1
1701,20261028,1
13046,20261028,1
1702,20261028,1
13045,20261028,1
16915,20261028,1
13044,20261028,1
15995,20261028,1
13043,20261028,1
17220,20261028,1
13042,20261028,1
15994,20261028,1
13021,20261028,1
706,20261028,1
12997,20261028,1
15993,20261028,1
12994,20261028,1
16914,20261028,1
12986,20261028,1
15992,20261028,1
12985,20261028,1
17610,20261028,1
12980,20261028,1
1726,20261028,1
12979,20261028,1
15991,20261028,1
12975,20261028,1
16913,20261028,1
12974,20261028,1
15990,20261028,1
12971,20261028,1
716,20261028,1
12969,20261028,1
15989,20261028,1
12963,20261028,1
1740,20261028,1
12954,20261028,1
17216,20261028,1
12953,20261028,1
15988,20261028,1
12952,20261028,1
16912,20261028,1
12951,20261028,1
15987,20261028,1
12950,20261028,1
17380,20261028,1
12949,20261028,1
1752,20261028,1
12948,20261028,1
1754,20261028,1
12947,20261028,1
15986,20261028,1
12946,20261028,1
1757,20261028,1
12945,20261028,1
726,20261028,1
12944,20261028,1
15985,20261028,1
12943,20261028,1
16911,20261028,1
12908,20261028,1
1766,20261028,1
12898,20261028,1
1767,20261028,1
12897,20261028,1
15984,20261028,1
12886,20261028,1
290,20261028,1
12879,20261028,1
1774,20261028,1
12873,20261028,1
1775,20261028,1
12870,20261028,1
15983,20261028,1
12862,20261028,1
16910,20261028,1
12845,20261028,1
1783,20261028,1
12842,20261028,1
15982,20261028,1
12839,20261028,1
1787,20261028,1
12838,20261028,1
736,20261028,1
12837,20261028,1
15981,20261028,1
12835,20261028,1
1794,20261028,1
12833,20261028,1
1795,20261028,1
12832,20261028,1
17212,20261028,1
12819,20261028,1
15980,20261028,1
12817,20261028,1
16909,20261028,1
12816,20261028,1
1804,20261028,1
12814,20261028,1
1805,20261028,1
12813,20261028,1
15979,20261028,1
12812,20261028,1
132,20261028,1
12811,20261028,1
1812,20261028,1
12810,20261028,1
1813,20261028,1
12808,20261028,1
15978,20261028,1
12807,20261028,1
746,20261028,1
12806,20261028,1
15977,20261028,1
12805,20261028,1
1823,20261028,1
12804,20261028,1
16908,20261028,1
12803,20261028,1
1827,20261028,1
12802,20261028,1
15976,20261028,1
12772,20261028,1
17208,20261028,1
12771,20261028,1
1832,20261028,1
12770,20261028,1
15975,20261028,1
12769,20261028,1
1837,20261028,1
12767,20261028,1
16906,20261028,1
12766,20261028,1
15974,20261028,1
12765,20261028,1
1844,20261028,1
12764,20261028,1
756,20261028,1
12763,20261028,1
15973,20261028,1
12762,20261028,1
17432,20261028,1
12747,20261028,1
1853,20261028,1
12746,20261028,1
15972,20261028,1
12745,20261028,1
1856,20261028,1
12744,20261028,1
16845,20261028,1
12743,20261028,1
15971,20261028,1
12742,20261028,1
1865,20261028,1
12741,20261028,1
17201,20261028,1
12740,20261028,1
15970,20261028,1
12739,20261028,1
766,20261028,1
12738,20261028,1
1873,20261028,1
12737,20261028,1
1875,20261028,1
12736,20261028,1
15969,20261028,1
12735,20261028,1
1880,20261028,1
12734,20261028,1
16844,20261028,1
12694,20261028,1
15968,20261028,1
12691,20261028,1
303,20261028,1
12690,20261028,1
1889,20261028,1
12689,20261028,1
15814,20261028,1
12688,20261028,1
16843,20261028,1
12687,20261028,1
1895,20261028,1
12686,20261028,1
15804,20261028,1
12685,20261028,1
776,20261028,1
12683,20261028,1
15803,20261028,1
12682,20261028,1
1905,20261028,1
12680,20261028,1
1906,20261028,1
12679,20261028,1
17371,20261028,1
12676,20261028,1
15802,20261028,1
12675,20261028,1
1914,20261028,1
12674,20261028,1
1915,20261028,1
12673,20261028,1
16841,20261028,1
12623,20261028,1
15794,20261028,1
12622,20261028,1
1922,20261028,1
12600,20261028,1
1923,20261028,1
12599,20261028,1
17200,20261028,1
12545,20261028,1
15793,20261028,1
12544,20261028,1
16839,20261028,1
12543,20261028,1
1933,20261028,1
12541,20261028,1
15792,20261028,1
12540,20261028,1
1937,20261028,1
12539,20261028,1
1938,20261028,1
12538,20261028,1
1939,20261028,1
12536,20261028,1
789,20261028,1
12504,20261028,1
15791,20261028,1
12503,20261028,1
1945,20261028,1
12502,20261028,1
17600,20261028,1
12501,20261028,1
1949,20261028,1
12500,20261028,1
1950,20261028,1
12498,20261028,1
15790,20261028,1
12496,20261028,1
1954,20261028,1
12495,20261028,1
16838,20261028,1
12427,20261028,1
1958,20261028,1
12426,20261028,1
15789,20261028,1
12425,20261028,1
1962,20261028,1
12424,20261028,1
17190,20261028,1
12409,20261028,1
1966,20261028,1
12389,20261028,1
15658,20261028,1
12388,20261028,1
1970,20261028,1
12387,20261028,1
799,20261028,1
12386,20261028,1
1974,20261028,1
12351,20261028,1
15657,20261028,1
12349,20261028,1
16795,20261028,1
12347,20261028,1
15656,20261028,1
12345,20261028,1
803,20261028,1
12344,20261028,1
15655,20261028,1
12317,20261028,1
315,20261028,1
12315,20261028,1
15654,20261028,1
12314,20261028,1
807,20261028,1
12297,20261028,1
15653,20261028,1
12296,20261028,1
12295,20261028,1
12294,20261028,1
16794,20261028,1
12293,20261028,1
15652,20261028,1
12292,20261028,1
140,20261028,1
12291,20261028,1
15651,20261028,1
12289,20261028,1
16793,20261028,1
12262,20261028,1
15650,20261028,1
12259,20261028,1
816,20261028,1
12258,20261028,1
15649,20261028,1
12256,20261028,1
17189,20261028,1
12255,20261028,1
15648,20261028,1
12254,20261028,1
16792,20261028,1
12253,20261028,1
15647,20261028,1
12251,20261028,1
321,20261028,1
12224,20261028,1
15646,20261028,1
12223,20261028,1
16791,20261028,1
12166,20261028,1
15645,20261028,1
12164,20261028,1
17370,20261028,1
12163,20261028,1
15644,20261028,1
12162,20261028,1
16790,20261028,1
12161,20261028,1
15643,20261028,1
12160,20261028,1
17182,20261028,1
12159,20261028,1
15642,20261028,1
12050,20261028,1
838,20261028,1
12048,20261028,1
15641,20261028,1
12039,20261028,1
16788,20261028,1
12036,20261028,1
15640,20261028,1
12032,20261028,1
2025,20261028,1
12031,20261028,1
2026,20261028,1
12030,20261028,1
2027,20261028,1
12029,20261028,1
2028,20261028,1
12028,20261028,1
2029,20261028,1
12027,20261028,1
2030,20261028,1
12026,20261028,1
2031,20261028,1
12025,20261028,1
2032,20261028,1
12024,20261028,1
2033,20261028,1
12023,20261028,1
2034,20261028,1
12022,20261028,1
2035,20261028,1
12021,20261028,1
2036,20261028,1
12020,20261028,1
2037,20261028,1
12000,20261028,1
2038,20261028,1
11999,20261028,1
842,20261028,1
11989,20261028,1
15639,20261028,1
11988,20261028,1
2045,20261028,1
11987,20261028,1
2046,20261028,1
11986,20261028,1
17415,20261028,1
11973,20261028,1
2051,20261028,1
11966,20261028,1
15638,20261028,1
11963,20261028,1
846,20261028,1
11962,20261028,1
2058,20261028,1
11961,20261028,1
15637,20261028,1
11960,20261028,1
2061,20261028,1
11959,20261028,1
2062,20261028,1
11958,20261028,1
16787,20261028,1
11931,20261028,1
2065,20261028,1
11930,20261028,1
15636,20261028,1
11929,20261028,1
850,20261028,1
11928,20261028,1
15635,20261028,1
11881,20261028,1
17178,20261028,1
11877,20261028,1
2079,20261028,1
11876,20261028,1
15634,20261028,1
11875,20261028,1
2082,20261028,1
11874,20261028,1
854,20261028,1
11873,20261028,1
15633,20261028,1
11872,20261028,1
16785,20261028,1
11871,20261028,1
2090,20261028,1
11870,20261028,1
2091,20261028,1
11869,20261028,1
15632,20261028,1
11868,20261028,1
858,20261028,1
11867,20261028,1
15631,20261028,1
11866,20261028,1
2101,20261028,1
11865,20261028,1
333,20261028,1
11864,20261028,1
2104,20261028,1
11808,20261028,1
2106,20261028,1
11807,20261028,1
15630,20261028,1
11806,20261028,1
2111,20261028,1
11805,20261028,1
16784,20261028,1
2114,20261028,1
15629,20261028,1
2117,20261028,1
149,20261028,1
2122,20261028,1
15628,20261028,1
16782,20261028,1
15627,20261028,1
2131,20261028,1
2132,20261028,1
11754,20261028,1
2133,20261028,1
11753,20261028,1
2134,20261028,1
11752,20261028,1
2136,20261028,1
11751,20261028,1
872,20261028,1
11750,20261028,1
2139,20261028,1
11749,20261028,1
15626,20261028,1
11748,20261028,1
2143,20261028,1
11747,20261028,1
2145,20261028,1
11746,20261028,1
17171,20261028,1
11745,20261028,1
2148,20261028,1
11744,20261028,1
2149,20261028,1
11743,20261028,1
2150,20261028,1
11742,20261028,1
15625,20261028,1
11741,20261028,1
2155,20261028,1
11740,20261028,1
16781,20261028,1
11739,20261028,1
2158,20261028,1
11738,20261028,1
2159,20261028,1
11737,20261028,1
15624,20261028,1
11736,20261028,1
877,20261028,1
11735,20261028,1
2165,20261028,1
11734,20261028,1
15623,20261028,1
11733,20261028,1
17369,20261028,1
11732,20261028,1
2171,20261028,1
11731,20261028,1
2172,20261028,1
11730,20261028,1
15622,20261028,1
11729,20261028,1
16714,20261028,1
11728,20261028,1
2179,20261028,1
11727,20261028,1
2180,20261028,1
11726,20261028,1
2182,20261028,1
11725,20261028,1
2183,20261028,1
11724,20261028,1
15621,20261028,1
11723,20261028,1
17170,20261028,1
11698,20261028,1
2190,20261028,1
11697,20261028,1
2191,20261028,1
11696,20261028,1
15620,20261028,1
11695,20261028,1
2195,20261028,1
11646,20261028,1
2196,20261028,1
11645,20261028,1
16713,20261028,1
11642,20261028,1
15619,20261028,1
11641,20261028,1
892,20261028,1
11640,20261028,1
2204,20261028,1
11638,20261028,1
2206,20261028,1
11637,20261028,1
15618,20261028,1
11634,20261028,1
893,20261028,1
11595,20261028,1
15617,20261028,1
11594,20261028,1
2215,20261028,1
11593,20261028,1
2216,20261028,1
11592,20261028,1
17608,20261028,1
11591,20261028,1
2219,20261028,1
11590,20261028,1
15616,20261028,1
11558,20261028,1
16707,20261028,1
11557,20261028,1
2227,20261028,1
11556,20261028,1
2228,20261028,1
11555,20261028,1
15615,20261028,1
11554,20261028,1
17160,20261028,1
11553,20261028,1
15614,20261028,1
11552,20261028,1
16706,20261028,1
11551,20261028,1
15613,20261028,1
11550,20261028,1
2244,20261028,1
11549,20261028,1
2245,20261028,1
11548,20261028,1
2247,20261028,1
11547,20261028,1
17368,20261028,1
11546,20261028,1
2252,20261028,1
11545,20261028,1
15612,20261028,1
11497,20261028,1
2255,20261028,1
11496,20261028,1
2258,20261028,1
11495,20261028,1
16705,20261028,1
11494,20261028,1
2261,20261028,1
11491,20261028,1
15611,20261028,1
11490,20261028,1
910,20261028,1
11489,20261028,1
2268,20261028,1
11469,20261028,1
15408,20261028,1
11468,20261028,1
2271,20261028,1
11467,20261028,1
913,20261028,1
11466,20261028,1
15407,20261028,1
11465,20261028,1
17159,20261028,1
11464,20261028,1
2282,20261028,1
11463,20261028,1
15406,20261028,1
11462,20261028,1
2287,20261028,1
11461,20261028,1
16704,20261028,1
11460,20261028,1
15405,20261028,1
11459,20261028,1
2292,20261028,1
11458,20261028,1
17414,20261028,1
11457,20261028,1
15404,20261028,1
11456,20261028,1
2297,20261028,1
11409,20261028,1
16703,20261028,1
11408,20261028,1
2302,20261028,1
11407,20261028,1
2305,20261028,1
11406,20261028,1
15403,20261028,1
11405,20261028,1
17152,20261028,1
11404,20261028,1
15402,20261028,1
11403,20261028,1
16702,20261028,1
11402,20261028,1
2318,20261028,1
11401,20261028,1
15401,20261028,1
11400,20261028,1
17367,20261028,1
11365,20261028,1
15400,20261028,1
11364,20261028,1
16701,20261028,1
11284,20261028,1
2332,20261028,1
11278,20261028,1
15349,20261028,1
11277,20261028,1
15348,20261028,1
11249,20261028,1
2337,20261028,1
11248,20261028,1
15347,20261028,1
11247,20261028,1
16700,20261028,1
11246,20261028,1
15346,20261028,1
11245,20261028,1
2348,20261028,1
11244,20261028,1
2349,20261028,1
11243,20261028,1
11242,20261028,1
11241,20261028,1
11240,20261028,1
11239,20261028,1
2362,20261028,1
11238,20261028,1
2363,20261028,1
11237,20261028,1
11236,20261028,1
11235,20261028,1
11191,20261028,1
11171,20261028,1
11170,20261028,1
2378,20261028,1
11142,20261028,1
2379,20261028,1
11141,20261028,1
11136,20261028,1
2384,20261028,1
11135,20261028,1
11134,20261028,1
11133,20261028,1
2391,20261028,1
11132,20261028,1
2392,20261028,1
11131,20261028,1
11130,20261028,1
11129,20261028,1
11128,20261028,1
11127,20261028,1
2403,20261028,1
11092,20261028,1
2404,20261028,1
11091,20261028,1
11040,20261028,1
11039,20261028,1
2412,20261028,1
11038,20261028,1
2413,20261028,1
11037,20261028,1
16699,20261028,1
11036,20261028,1
15326,20261028,1
11035,20261028,1
2421,20261028,1
11034,20261028,1
2422,20261028,1
11033,20261028,1
15325,20261028,1
11032,20261028,1
15324,20261028,1
11006,20261028,1
2428,20261028,1
11005,20261028,1
15323,20261028,1
11004,20261028,1
2433,20261028,1
11003,20261028,1
2434,20261028,1
11002,20261028,1
15322,20261028,1
11001,20261028,1
15321,20261028,1
11000,20261028,1
2441,20261028,1
10999,20261028,1
2442,20261028,1
10998,20261028,1
15281,20261028,1
10997,20261028,1
15280,20261028,1
10984,20261028,1
2449,20261028,1
10983,20261028,1
15279,20261028,1
10982,20261028,1
2452,20261028,1
10981,20261028,1
2455,20261028,1
10980,20261028,1
15278,20261028,1
10979,20261028,1
15277,20261028,1
10978,20261028,1
2461,20261028,1
10977,20261028,1
2462,20261028,1
10976,20261028,1
15276,20261028,1
10975,20261028,1
15275,20261028,1
10974,20261028,1
2469,20261028,1
10973,20261028,1
2470,20261028,1
10873,20261028,1
15254,20261028,1
10872,20261028,1
15253,20261028,1
10871,20261028,1
2477,20261028,1
10870,20261028,1
2478,20261028,1
10869,20261028,1
15252,20261028,1
10867,20261028,1
15251,20261028,1
10846,20261028,1
2485,20261028,1
10845,20261028,1
15250,20261028,1
10844,20261028,1
2488,20261028,1
10843,20261028,1
2491,20261028,1
10842,20261028,1
15249,20261028,1
10841,20261028,1
15248,20261028,1
10840,20261028,1
2497,20261028,1
10838,20261028,1
2498,20261028,1
10837,20261028,1
15247,20261028,1
10836,20261028,1
15246,20261028,1
10765,20261028,1
2505,20261028,1
10763,20261028,1
2506,20261028,1
10761,20261028,1
15245,20261028,1
10760,20261028,1
15244,20261028,1
10759,20261028,1
2513,20261028,1
10758,20261028,1
2514,20261028,1
10757,20261028,1
15243,20261028,1
10756,20261028,1
15188,20261028,1
10742,20261028,1
2521,20261028,1
10741,20261028,1
15187,20261028,1
10738,20261028,1
2524,20261028,1
10737,20261028,1
15186,20261028,1
10735,20261028,1
2529,20261028,1
10734,20261028,1
15185,20261028,1
10733,20261028,1
15184,20261028,1
10731,20261028,1
2534,20261028,1
10730,20261028,1
2536,20261028,1
10729,20261028,1
17147,20261028,1
10728,20261028,1
15183,20261028,1
10727,20261028,1
2543,20261028,1
10701,20261028,1
15182,20261028,1
10700,20261028,1
2547,20261028,1
10699,20261028,1
15181,20261028,1
10698,20261028,1
2551,20261028,1
10697,20261028,1
16698,20261028,1
10696,20261028,1
15180,20261028,1
10695,20261028,1
2558,20261028,1
10694,20261028,1
2559,20261028,1
10693,20261028,1
15179,20261028,1
10599,20261028,1
15178,20261028,1
10598,20261028,1
10597,20261028,1
2568,20261028,1
10596,20261028,1
10594,20261028,1
10593,20261028,1
2573,20261028,1
10592,20261028,1
10591,20261028,1
10590,20261028,1
2580,20261028,1
10589,20261028,1
2581,20261028,1
10588,20261028,1
10587,20261028,1
10585,20261028,1
10540,20261028,1
2591,20261028,1
10539,20261028,1
2592,20261028,1
10538,20261028,1
10537,20261028,1
10536,20261028,1
10535,20261028,1
2601,20261028,1
10482,20261028,1
10481,20261028,1
10480,20261028,1
2608,20261028,1
10479,20261028,1
2609,20261028,1
10478,20261028,1
10477,20261028,1
10476,20261028,1
10475,20261028,1
2619,20261028,1
10452,20261028,1
2620,20261028,1
10451,20261028,1
10450,20261028,1
10449,20261028,1
162,20261028,1
10448,20261028,1
2629,20261028,1
10447,20261028,1
2630,20261028,1
10446,20261028,1
15177,20261028,1
10445,20261028,1
2635,20261028,1
10444,20261028,1
15176,20261028,1
10443,20261028,1
15175,20261028,1
10442,20261028,1
15149,20261028,1
10441,20261028,1
2644,20261028,1
10440,20261028,1
2645,20261028,1
10439,20261028,1
15148,20261028,1
10438,20261028,1
15147,20261028,1
10437,20261028,1
15146,20261028,1
10436,20261028,1
2655,20261028,1
10397,20261028,1
2656,20261028,1
10396,20261028,1
15145,20261028,1
10395,20261028,1
15144,20261028,1
10394,20261028,1
15143,20261028,1
10393,20261028,1
2665,20261028,1
10392,20261028,1
2666,20261028,1
10391,20261028,1
15142,20261028,1
10390,20261028,1
15141,20261028,1
10389,20261028,1
2673,20261028,1
10388,20261028,1
15140,20261028,1
10387,20261028,1
15139,20261028,1
10386,20261028,1
2681,20261028,1
10385,20261028,1
2682,20261028,1
10384,20261028,1
15138,20261028,1
10383,20261028,1
15137,20261028,1
10382,20261028,1
2689,20261028,1
10333,20261028,1
2690,20261028,1
10332,20261028,1
15136,20261028,1
10331,20261028,1
15096,20261028,1
10330,20261028,1
2697,20261028,1
10329,20261028,1
2698,20261028,1
10328,20261028,1
15095,20261028,1
10327,20261028,1
15094,20261028,1
10326,20261028,1
9396,20261028,1
10325,20261028,1
15093,20261028,1
10324,20261028,1
15077,20261028,1
10323,20261028,1
2712,20261028,1
10322,20261028,1
2713,20261028,1
10321,20261028,1
15076,20261028,1
10320,20261028,1
2717,20261028,1
10319,20261028,1
15075,20261028,1
10318,20261028,1
2720,20261028,1
10317,20261028,1
15074,20261028,1
10316,20261028,1
2725,20261028,1
10315,20261028,1
15073,20261028,1
10314,20261028,1
2729,20261028,1
10313,20261028,1
15072,20261028,1
10312,20261028,1
2732,20261028,1
10311,20261028,1
15071,20261028,1
10310,20261028,1
15070,20261028,1
10309,20261028,1
2739,20261028,1
10308,20261028,1
2740,20261028,1
10307,20261028,1
2742,20261028,1
10237,20261028,1
15069,20261028,1
10236,20261028,1
16697,20261028,1
10235,20261028,1
2747,20261028,1
10219,20261028,1
2750,20261028,1
10218,20261028,1
15068,20261028,1
10217,20261028,1
2754,20261028,1
10216,20261028,1
17139,20261028,1
10177,20261028,1
2758,20261028,1
10176,20261028,1
15067,20261028,1
10175,20261028,1
15066,20261028,1
10174,20261028,1
2765,20261028,1
10173,20261028,1
15065,20261028,1
10172,20261028,1
2768,20261028,1
10171,20261028,1
16696,20261028,1
10170,20261028,1
2772,20261028,1
10169,20261028,1
15064,20261028,1
10168,20261028,1
2776,20261028,1
10129,20261028,1
17589,20261028,1
10127,20261028,1
15063,20261028,1
10063,20261028,1
15062,20261028,1
10062,20261028,1
15061,20261028,1
10059,20261028,1
16664,20261028,1
10058,20261028,1
15060,20261028,1
10057,20261028,1
17138,20261028,1
10056,20261028,1
15059,20261028,1
10052,20261028,1
16657,20261028,1
10051,20261028,1
15058,20261028,1
10050,20261028,1
17366,20261028,1
10041,20261028,1
15057,20261028,1
9944,20261028,1
16653,20261028,1
9943,20261028,1
15056,20261028,1
9942,20261028,1
15055,20261028,1
9941,20261028,1
14993,20261028,1
9940,20261028,1
17130,20261028,1
9939,20261028,1
14992,20261028,1
9938,20261028,1
16650,20261028,1
9937,20261028,1
14991,20261028,1
9936,20261028,1
82,20261028,1
9935,20261028,1
14990,20261028,1
9934,20261028,1
16649,20261028,1
9933,20261028,1
14989,20261028,1
9932,20261028,1
17129,20261028,1
9931,20261028,1
14988,20261028,1
9930,20261028,1
14987,20261028,1
9929,20261028,1
14986,20261028,1
9928,20261028,1
16644,20261028,1
9927,20261028,1
14985,20261028,1
9926,20261028,1
17365,20261028,1
9925,20261028,1
14984,20261028,1
9924,20261028,1
16643,20261028,1
9923,20261028,1
14983,20261028,1
9922,20261028,1
14982,20261028,1
9921,20261028,1
14981,20261028,1
9920,20261028,1
17122,20261028,1
9919,20261028,1
14980,20261028,1
9918,20261028,1
16636,20261028,1
9917,20261028,1
14979,20261028,1
9916,20261028,1
17411,20261028,1
9915,20261028,1
14978,20261028,1
9914,20261028,1
16632,20261028,1
9913,20261028,1
14935,20261028,1
9912,20261028,1
17121,20261028,1
9911,20261028,1
14934,20261028,1
9910,20261028,1
16625,20261028,1
9909,20261028,1
14933,20261028,1
9860,20261028,1
175,20261028,1
9859,20261028,1
14932,20261028,1
9858,20261028,1
16623,20261028,1
9857,20261028,1
14931,20261028,1
9856,20261028,1
17114,20261028,1
9855,20261028,1
14930,20261028,1
9854,20261028,1
16616,20261028,1
9853,20261028,1
14929,20261028,1
9852,20261028,1
2925,20261028,1
9851,20261028,1
971,20261028,1
9850,20261028,1
2927,20261028,1
9849,20261028,1
2928,20261028,1
9848,20261028,1
14928,20261028,1
9847,20261028,1
972,20261028,1
9829,20261028,1
2933,20261028,1
9826,20261028,1
14927,20261028,1
9824,20261028,1
973,20261028,1
9823,20261028,1
2938,20261028,1
9822,20261028,1
14926,20261028,1
9821,20261028,1
2942,20261028,1
9820,20261028,1
974,20261028,1
9819,20261028,1
14925,20261028,1
9818,20261028,1
975,20261028,1
9816,20261028,1
2950,20261028,1
9813,20261028,1
14924,20261028,1
9714,20261028,1
2953,20261028,1
9713,20261028,1
976,20261028,1
9712,20261028,1
14923,20261028,1
9711,20261028,1
977,20261028,1
9710,20261028,1
2962,20261028,1
9708,20261028,1
14922,20261028,1
9707,20261028,1
2966,20261028,1
9706,20261028,1
978,20261028,1
9705,20261028,1
14921,20261028,1
9704,20261028,1
979,20261028,1
9703,20261028,1
2973,20261028,1
9702,20261028,1
2976,20261028,1
9701,20261028,1
14920,20261028,1
9700,20261028,1
980,20261028,1
9699,20261028,1
14919,20261028,1
9698,20261028,1
981,20261028,1
9697,20261028,1
14918,20261028,1
9696,20261028,1
982,20261028,1
9695,20261028,1
14917,20261028,1
9694,20261028,1
983,20261028,1
9693,20261028,1
2995,20261028,1
9692,20261028,1
14916,20261028,1
9691,20261028,1
984,20261028,1
9657,20261028,1
3000,20261028,1
9656,20261028,1
14915,20261028,1
9655,20261028,1
985,20261028,1
9654,20261028,1
14914,20261028,1
9653,20261028,1
986,20261028,1
9652,20261028,1
3013,20261028,1
9651,20261028,1
14913,20261028,1
9650,20261028,1
17364,20261028,1
9649,20261028,1
14912,20261028,1
9648,20261028,1
16615,20261028,1
9605,20261028,1
14911,20261028,1
9604,20261028,1
3026,20261028,1
9603,20261028,1
14910,20261028,1
9602,20261028,1
3030,20261028,1
9601,20261028,1
14909,20261028,1
9600,20261028,1
17113,20261028,1
9599,20261028,1
14908,20261028,1
9598,20261028,1
16611,20261028,1
9560,20261028,1
3043,20261028,1
9559,20261028,1
3044,20261028,1
9558,20261028,1
3045,20261028,1
9557,20261028,1
14867,20261028,1
9556,20261028,1
3048,20261028,1
9554,20261028,1
14866,20261028,1
9540,20261028,1
3052,20261028,1
9539,20261028,1
3055,20261028,1
9503,20261028,1
14865,20261028,1
9502,20261028,1
17611,20261028,1
9501,20261028,1
3060,20261028,1
9500,20261028,1
14864,20261028,1
9499,20261028,1
16607,20261028,1
9498,20261028,1
3067,20261028,1
9497,20261028,1
3068,20261028,1
9496,20261028,1
14863,20261028,1
9495,20261028,1
17106,20261028,1
9494,20261028,1
3075,20261028,1
9493,20261028,1
3076,20261028,1
9492,20261028,1
14862,20261028,1
9491,20261028,1
9490,20261028,1
3082,20261028,1
9475,20261028,1
3085,20261028,1
9474,20261028,1
9473,20261028,1
9472,20261028,1
3090,20261028,1
9459,20261028,1
9457,20261028,1
9456,20261028,1
3097,20261028,1
9455,20261028,1
3098,20261028,1
9454,20261028,1
9453,20261028,1
3102,20261028,1
9452,20261028,1
9451,20261028,1
9450,20261028,1
3109,20261028,1
9449,20261028,1
3110,20261028,1
9409,20261028,1
9408,20261028,1
9407,20261028,1
3117,20261028,1
9406,20261028,1
3119,20261028,1
9405,20261028,1
9404,20261028,1
3122,20261028,1
9403,20261028,1
9402,20261028,1
9401,20261028,1
3129,20261028,1
9400,20261028,1
3130,20261028,1
9399,20261028,1
3131,20261028,1
9398,20261028,1
9397,20261028,1
2705,20261028,1
3138,20261028,1
9395,20261028,1
9394,20261028,1
3141,20261028,1
9391,20261028,1
9389,20261028,1
3146,20261028,1
9300,20261028,1
3147,20261028,1
9298,20261028,1
9297,20261028,1
3150,20261028,1
9296,20261028,1
3153,20261028,1
9295,20261028,1
16597,20261028,1
9292,20261028,1
14861,20261028,1
9289,20261028,1
3161,20261028,1
9288,20261028,1
14860,20261028,1
9239,20261028,1
14859,20261028,1
9238,20261028,1
3166,20261028,1
9237,20261028,1
14858,20261028,1
9236,20261028,1
3170,20261028,1
9235,20261028,1
14857,20261028,1
9234,20261028,1
3174,20261028,1
9233,20261028,1
14856,20261028,1
9232,20261028,1
14855,20261028,1
9231,20261028,1
14809,20261028,1
9230,20261028,1
3182,20261028,1
9229,20261028,1
3183,20261028,1
9228,20261028,1
14808,20261028,1
9227,20261028,1
3188,20261028,1
9226,20261028,1
14807,20261028,1
9225,20261028,1
14806,20261028,1
9224,20261028,1
14805,20261028,1
3197,20261028,1
3198,20261028,1
14804,20261028,1
14803,20261028,1
3205,20261028,1
14802,20261028,1
3208,20261028,1
3210,20261028,1
9222,20261028,1
14801,20261028,1
9221,20261028,1
14800,20261028,1
9220,20261028,1
3216,20261028,1
14799,20261028,1
14798,20261028,1
3223,20261028,1
14797,20261028,1
3227,20261028,1
14796,20261028,1
14767,20261028,1
14766,20261028,1
9218,20261028,1
3237,20261028,1
9217,20261028,1
14765,20261028,1
9216,20261028,1
3241,20261028,1
9215,20261028,1
14764,20261028,1
9214,20261028,1
14763,20261028,1
9168,20261028,1
3246,20261028,1
9166,20261028,1
3249,20261028,1
9165,20261028,1
14762,20261028,1
9164,20261028,1
14761,20261028,1
9163,20261028,1
14760,20261028,1
9162,20261028,1
14759,20261028,1
9161,20261028,1
3259,20261028,1
9160,20261028,1
3260,20261028,1
6025,20261028,2
3,20261028,2
6,20261028,2
8,20261028,2
12,20261028,2
14,20261028,2
18,20261028,2
20,20261028,2
23,20261028,2
24,20261028,2
26,20261028,2
30,20261028,2
32,20261028,2
35,20261028,2
37,20261028,2
41,20261028,2
43,20261028,2
45,20261028,2
49,20261028,2
51,20261028,2
53,20261028,2
55,20261028,2
57,20261028,2
63,20261028,2
65,20261028,2
67,20261028,2
69,20261028,2
71,20261028,2
75,20261028,2
77,20261028,2
80,20261028,2
84,20261028,2
86,20261028,2
88,20261028,2
90,20261028,2
94,20261028,2
96,20261028,2
99,20261028,2
101,20261028,2
105,20261028,2
107,20261028,2
109,20261028,2
113,20261028,2
116,20261028,2
119,20261028,2
121,20261028,2
123,20261028,2
125,20261028,2
127,20261028,2
130,20261028,2
134,20261028,2
136,20261028,2
138,20261028,2
143,20261028,2
145,20261028,2
150,20261028,2
152,20261028,2
156,20261028,2
158,20261028,2
160,20261028,2
164,20261028,2
166,20261028,2
169,20261028,2
171,20261028,2
173,20261028,2
177,20261028,2
179,20261028,2
181,20261028,2
184,20261028,2
186,20261028,2
188,20261028,2
194,20261028,2
196,20261028,2
198,20261028,2
200,20261028,2
202,20261028,2
204,20261028,2
209,20261028,2
211,20261028,2
214,20261028,2
216,20261028,2
218,20261028,2
221,20261028,2
223,20261028,2
226,20261028,2
229,20261028,2
231,20261028,2
234,20261028,2
236,20261028,2
239,20261028,2
241,20261028,2
246,20261028,2
248,20261028,2
252,20261028,2
254,20261028,2
257,20261028,2
259,20261028,2
263,20261028,2
265,20261028,2
269,20261028,2
271,20261028,2
273,20261028,2
278,20261028,2
280,20261028,2
282,20261028,2
285,20261028,2
288,20261028,2
291,20261028,2
294,20261028,2
296,20261028,2
298,20261028,2
301,20261028,2
304,20261028,2
308,20261028,2
310,20261028,2
313,20261028,2
316,20261028,2
319,20261028,2
322,20261028,2
325,20261028,2
327,20261028,2
330,20261028,2
334,20261028,2
337,20261028,2
340,20261028,2
476,20261028,2
477,20261028,2
478,20261028,2
479,20261028,2
480,20261028,2
481,20261028,2
482,20261028,2
483,20261028,2
484,20261028,2
485,20261028,2
486,20261028,2
487,20261028,2
488,20261028,2
489,20261028,2
490,20261028,2
491,20261028,2
492,20261028,2
493,20261028,2
494,20261028,2
495,20261028,2
496,20261028,2
497,20261028,2
498,20261028,2
499,20261028,2
500,20261028,2
501,20261028,2
502,20261028,2
503,20261028,2
504,20261028,2
505,20261028,2
506,20261028,2
507,20261028,2
508,20261028,2
509,20261028,2
510,20261028,2
511,20261028,2
548,20261028,2
549,20261028,2
550,20261028,2
551,20261028,2
552,20261028,2
553,20261028,2
554,20261028,2
555,20261028,2
556,20261028,2
557,20261028,2
558,20261028,2
559,20261028,2
560,20261028,2
561,20261028,2
562,20261028,2
563,20261028,2
564,20261028,2
565,20261028,2
566,20261028,2
567,20261028,2
568,20261028,2
569,20261028,2
570,20261028,2
571,20261028,2
572,20261028,2
573,20261028,2
574,20261028,2
575,20261028,2
576,20261028,2
577,20261028,2
578,20261028,2
579,20261028,2
580,20261028,2
597,20261028,2
598,20261028,2
599,20261028,2
600,20261028,2
601,20261028,2
602,20261028,2
603,20261028,2
604,20261028,2
605,20261028,2
606,20261028,2
607,20261028,2
608,20261028,2
609,20261028,2
612,20261028,2
615,20261028,2
618,20261028,2
621,20261028,2
624,20261028,2
628,20261028,2
630,20261028,2
633,20261028,2
636,20261028,2
638,20261028,2
642,20261028,2
644,20261028,2
647,20261028,2
650,20261028,2
652,20261028,2
656,20261028,2
660,20261028,2
663,20261028,2
665,20261028,2
669,20261028,2
674,20261028,2
677,20261028,2
679,20261028,2
683,20261028,2
688,20261028,2
691,20261028,2
693,20261028,2
697,20261028,2
700,20261028,2
703,20261028,2
707,20261028,2
710,20261028,2
713,20261028,2
717,20261028,2
720,20261028,2
723,20261028,2
727,20261028,2
730,20261028,2
733,20261028,2
737,20261028,2
740,20261028,2
743,20261028,2
747,20261028,2
750,20261028,2
753,20261028,2
757,20261028,2
760,20261028,2
763,20261028,2
767,20261028,2
770,20261028,2
773,20261028,2
777,20261028,2
780,20261028,2
783,20261028,2
786,20261028,2
790,20261028,2
793,20261028,2
796,20261028,2
801,20261028,2
804,20261028,2
808,20261028,2
811,20261028,2
814,20261028,2
818,20261028,2
820,20261028,2
824,20261028,2
826,20261028,2
830,20261028,2
832,20261028,2
836,20261028,2
839,20261028,2
843,20261028,2
847,20261028,2
851,20261028,2
855,20261028,2
859,20261028,2
863,20261028,2
865,20261028,2
869,20261028,2
873,20261028,2
875,20261028,2
880,20261028,2
882,20261028,2
886,20261028,2
888,20261028,2
894,20261028,2
896,20261028,2
900,20261028,2
902,20261028,2
906,20261028,2
908,20261028,2
914,20261028,2
916,20261028,2
917,20261028,2
918,20261028,2
919,20261028,2
920,20261028,2
921,20261028,2
922,20261028,2
923,20261028,2
924,20261028,2
925,20261028,2
926,20261028,2
927,20261028,2
928,20261028,2
929,20261028,2
930,20261028,2
931,20261028,2
932,20261028,2
933,20261028,2
934,20261028,2
935,20261028,2
936,20261028,2
937,20261028,2
938,20261028,2
939,20261028,2
940,20261028,2
941,20261028,2
942,20261028,2
943,20261028,2
944,20261028,2
945,20261028,2
946,20261028,2
947,20261028,2
948,20261028,2
949,20261028,2
950,20261028,2
951,20261028,2
952,20261028,2
953,20261028,2
954,20261028,2
987,20261028,2
988,20261028,2
989,20261028,2
990,20261028,2
991,20261028,2
992,20261028,2
993,20261028,2
994,20261028,2
995,20261028,2
996,20261028,2
997,20261028,2
998,20261028,2
999,20261028,2
1000,20261028,2
1001,20261028,2
1002,20261028,2
1003,20261028,2
1004,20261028,2
1005,20261028,2
1006,20261028,2
1007,20261028,2
1008,20261028,2
1009,20261028,2
1010,20261028,2
1011,20261028,2
1012,20261028,2
1013,20261028,2
1014,20261028,2
1015,20261028,2
1016,20261028,2
1017,20261028,2
1018,20261028,2
1019,20261028,2
1021,20261028,2
1025,20261028,2
1027,20261028,2
1029,20261028,2
1031,20261028,2
1033,20261028,2
1035,20261028,2
1038,20261028,2
1040,20261028,2
1041,20261028,2
1042,20261028,2
1043,20261028,2
1044,20261028,2
1045,20261028,2
1046,20261028,2
1047,20261028,2
1048,20261028,2
1050,20261028,2
1052,20261028,2
1056,20261028,2
1059,20261028,2
1061,20261028,2
1064,20261028,2
1067,20261028,2
1070,20261028,2
1072,20261028,2
1074,20261028,2
1077,20261028,2
1079,20261028,2
1082,20261028,2
1086,20261028,2
1089,20261028,2
1092,20261028,2
1094,20261028,2
1097,20261028,2
1101,20261028,2
1104,20261028,2
1107,20261028,2
1109,20261028,2
1111,20261028,2
1114,20261028,2
1116,20261028,2
1118,20261028,2
1120,20261028,2
1123,20261028,2
1126,20261028,2
1130,20261028,2
1132,20261028,2
1134,20261028,2
1138,20261028,2
1140,20261028,2
1144,20261028,2
1148,20261028,2
1150,20261028,2
1153,20261028,2
1156,20261028,2
1158,20261028,2
1160,20261028,2
1163,20261028,2
1167,20261028,2
1169,20261028,2
1172,20261028,2
1175,20261028,2
1177,20261028,2
1180,20261028,2
1183,20261028,2
1186,20261028,2
1188,20261028,2
1191,20261028,2
1194,20261028,2
1197,20261028,2
1201,20261028,2
1205,20261028,2
1208,20261028,2
1211,20261028,2
1215,20261028,2
1220,20261028,2
1222,20261028,2
1224,20261028,2
1231,20261028,2
1233,20261028,2
1236,20261028,2
1239,20261028,2
1241,20261028,2
1246,20261028,2
1248,20261028,2
1251,20261028,2
1253,20261028,2
1257,20261028,2
1259,20261028,2
1262,20261028,2
1264,20261028,2
1267,20261028,2
1273,20261028,2
1275,20261028,2
1278,20261028,2
1280,20261028,2
1285,20261028,2
1287,20261028,2
1293,20261028,2
1295,20261028,2
1301,20261028,2
1303,20261028,2
1309,20261028,2
1311,20261028,2
1317,20261028,2
1319,20261028,2
1325,20261028,2
1330,20261028,2
1333,20261028,2
1336,20261028,2
1340,20261028,2
1342,20261028,2
1347,20261028,2
1349,20261028,2
1353,20261028,2
1358,20261028,2
1360,20261028,2
1362,20261028,2
1365,20261028,2
1368,20261028,2
1371,20261028,2
1374,20261028,2
1379,20261028,2
1382,20261028,2
1386,20261028,2
1391,20261028,2
1394,20261028,2
1398,20261028,2
1400,20261028,2
1403,20261028,2
1407,20261028,2
1411,20261028,2
1415,20261028,2
1417,20261028,2
1420,20261028,2
1425,20261028,2
1427,20261028,2
1430,20261028,2
1435,20261028,2
1438,20261028,2
1443,20261028,2
1446,20261028,2
1453,20261028,2
1455,20261028,2
1460,20261028,2
1466,20261028,2
1468,20261028,2
1471,20261028,2
1475,20261028,2
1480,20261028,2
1482,20261028,2
1484,20261028,2
1489,20261028,2
1492,20261028,2
1496,20261028,2
1501,20261028,2
1505,20261028,2
1507,20261028,2
1511,20261028,2
1513,20261028,2
1517,20261028,2
1520,20261028,2
1524,20261028,2
1529,20261028,2
1531,20261028,2
1537,20261028,2
1539,20261028,2
1545,20261028,2
1547,20261028,2
1553,20261028,2
1555,20261028,2
1560,20261028,2
1564,20261028,2
1569,20261028,2
1571,20261028,2
1577,20261028,2
1581,20261028,2
1585,20261028,2
1589,20261028,2
1591,20261028,2
1593,20261028,2
1599,20261028,2
1603,20261028,2
1605,20261028,2
1610,20261028,2
1612,20261028,2
1616,20261028,2
1621,20261028,2
1625,20261028,2
1627,20261028,2
1631,20261028,2
1633,20261028,2
1641,20261028,2
1643,20261028,2
1647,20261028,2
1649,20261028,2
1655,20261028,2
1657,20261028,2
1663,20261028,2
1665,20261028,2
1669,20261028,2
1671,20261028,2
1676,20261028,2
1678,20261028,2
1682,20261028,2
1686,20261028,2
1690,20261028,2
1692,20261028,2
1695,20261028,2
1697,20261028,2
1703,20261028,2
1705,20261028,2
1709,20261028,2
1711,20261028,2
1714,20261028,2
1716,20261028,2
1720,20261028,2
1722,20261028,2
1724,20261028,2
1728,20261028,2
1730,20261028,2
1732,20261028,2
1736,20261028,2
1738,20261028,2
1741,20261028,2
1744,20261028,2
1746,20261028,2
1748,20261028,2
1750,20261028,2
1755,20261028,2
1759,20261028,2
1762,20261028,2
1764,20261028,2
1770,20261028,2
1772,20261028,2
1778,20261028,2
1781,20261028,2
1784,20261028,2
1789,20261028,2
1792,20261028,2
1797,20261028,2
1800,20261028,2
1802,20261028,2
1808,20261028,2
1810,20261028,2
1816,20261028,2
1819,20261028,2
1821,20261028,2
1824,20261028,2
1828,20261028,2
1830,20261028,2
1835,20261028,2
1838,20261028,2
1840,20261028,2
1845,20261028,2
1848,20261028,2
1850,20261028,2
1854,20261028,2
1859,20261028,2
1862,20261028,2
1866,20261028,2
1868,20261028,2
1870,20261028,2
1876,20261028,2
1881,20261028,2
1883,20261028,2
1885,20261028,2
1891,20261028,2
1893,20261028,2
1897,20261028,2
1899,20261028,2
1903,20261028,2
1908,20261028,2
1911,20261028,2
1916,20261028,2
1919,20261028,2
1924,20261028,2
1927,20261028,2
1929,20261028,2
1934,20261028,2
1940,20261028,2
1943,20261028,2
1947,20261028,2
1952,20261028,2
1955,20261028,2
1960,20261028,2
1963,20261028,2
1968,20261028,2
1972,20261028,2
1976,20261028,2
1977,20261028,2
1978,20261028,2
1979,20261028,2
1980,20261028,2
1981,20261028,2
1982,20261028,2
1983,20261028,2
1984,20261028,2
1985,20261028,2
1986,20261028,2
1987,20261028,2
1988,20261028,2
1989,20261028,2
1990,20261028,2
1991,20261028,2
1992,20261028,2
1993,20261028,2
1994,20261028,2
1995,20261028,2
1996,20261028,2
1997,20261028,2
1998,20261028,2
1999,20261028,2
2000,20261028,2
2001,20261028,2
2002,20261028,2
2003,20261028,2
2004,20261028,2
2005,20261028,2
2006,20261028,2
2007,20261028,2
2008,20261028,2
2009,20261028,2
2010,20261028,2
2040,20261028,2
2043,20261028,2
2048,20261028,2
2053,20261028,2
2055,20261028,2
2059,20261028,2
2063,20261028,2
2068,20261028,2
2070,20261028,2
2074,20261028,2
2077,20261028,2
2080,20261028,2
2083,20261028,2
2085,20261028,2
2087,20261028,2
2092,20261028,2
2094,20261028,2
2098,20261028,2
2102,20261028,2
2107,20261028,2
2112,20261028,2
2115,20261028,2
2119,20261028,2
2123,20261028,2
2127,20261028,2
2129,20261028,2
2137,20261028,2
2141,20261028,2
2146,20261028,2
2152,20261028,2
2156,20261028,2
2161,20261028,2
2163,20261028,2
2167,20261028,2
2169,20261028,2
2173,20261028,2
2175,20261028,2
2184,20261028,2
2186,20261028,2
2192,20261028,2
2198,20261028,2
2200,20261028,2
2202,20261028,2
2209,20261028,2
2211,20261028,2
2214,20261028,2
2217,20261028,2
2221,20261028,2
2224,20261028,2
2229,20261028,2
2232,20261028,2
2237,20261028,2
2240,20261028,2
2242,20261028,2
2249,20261028,2
2253,20261028,2
2259,20261028,2
2264,20261028,2
2266,20261028,2
2269,20261028,2
2274,20261028,2
2277,20261028,2
2280,20261028,2
2285,20261028,2
2288,20261028,2
2290,20261028,2
2293,20261028,2
2295,20261028,2
2300,20261028,2
2307,20261028,2
2309,20261028,2
2312,20261028,2
2316,20261028,2
2319,20261028,2
2323,20261028,2
2327,20261028,2
2329,20261028,2
2333,20261028,2
2335,20261028,2
2339,20261028,2
2343,20261028,2
2345,20261028,2
2350,20261028,2
2354,20261028,2
2356,20261028,2
2360,20261028,2
2364,20261028,2
2367,20261028,2
2370,20261028,2
2374,20261028,2
2376,20261028,2
2382,20261028,2
2386,20261028,2
2388,20261028,2
2394,20261028,2
2396,20261028,2
2399,20261028,2
2401,20261028,2
2406,20261028,2
2410,20261028,2
2415,20261028,2
2419,20261028,2
2423,20261028,2
2426,20261028,2
2430,20261028,2
2435,20261028,2
2439,20261028,2
2443,20261028,2
2447,20261028,2
2450,20261028,2
2456,20261028,2
2458,20261028,2
2464,20261028,2
2466,20261028,2
2471,20261028,2
2475,20261028,2
2479,20261028,2
2483,20261028,2
2486,20261028,2
2492,20261028,2
2494,20261028,2
2500,20261028,2
2502,20261028,2
2507,20261028,2
2511,20261028,2
2515,20261028,2
2519,20261028,2
2522,20261028,2
2527,20261028,2
2530,20261028,2
2532,20261028,2
2538,20261028,2
2540,20261028,2
2544,20261028,2
2548,20261028,2
2552,20261028,2
2554,20261028,2
2560,20261028,2
2562,20261028,2
2564,20261028,2
2569,20261028,2
2571,20261028,2
2575,20261028,2
2577,20261028,2
2583,20261028,2
2585,20261028,2
2589,20261028,2
2593,20261028,2
2595,20261028,2
2599,20261028,2
2603,20261028,2
2606,20261028,2
2610,20261028,2
2612,20261028,2
2616,20261028,2
2621,20261028,2
2623,20261028,2
2627,20261028,2
2631,20261028,2
2636,20261028,2
2638,20261028,2
2642,20261028,2
2646,20261028,2
2650,20261028,2
2652,20261028,2
2657,20261028,2
2660,20261028,2
2662,20261028,2
2667,20261028,2
2671,20261028,2
2676,20261028,2
2678,20261028,2
2684,20261028,2
2686,20261028,2
2691,20261028,2
2695,20261028,2
2699,20261028,2
2703,20261028,2
2707,20261028,2
2709,20261028,2
2715,20261028,2
2718,20261028,2
2722,20261028,2
2726,20261028,2
2730,20261028,2
2735,20261028,2
2737,20261028,2
2743,20261028,2
2745,20261028,2
2751,20261028,2
2755,20261028,2
2759,20261028,2
2762,20261028,2
2766,20261028,2
2770,20261028,2
2774,20261028,2
2778,20261028,2
2781,20261028,2
2784,20261028,2
2787,20261028,2
2790,20261028,2
2791,20261028,2
2795,20261028,2
2797,20261028,2
2800,20261028,2
2803,20261028,2
2805,20261028,2
2809,20261028,2
2811,20261028,2
2814,20261028,2
2818,20261028,2
2820,20261028,2
2822,20261028,2
2825,20261028,2
2828,20261028,2
2830,20261028,2
2832,20261028,2
2836,20261028,2
2838,20261028,2
2841,20261028,2
2843,20261028,2
2847,20261028,2
2851,20261028,2
2853,20261028,2
2856,20261028,2
2858,20261028,2
2860,20261028,2
2862,20261028,2
2866,20261028,2
2870,20261028,2
2872,20261028,2
2874,20261028,2
2878,20261028,2
2880,20261028,2
2884,20261028,2
2886,20261028,2
2888,20261028,2
2891,20261028,2
2893,20261028,2
2895,20261028,2
2897,20261028,2
2900,20261028,2
2902,20261028,2
2904,20261028,2
2907,20261028,2
2910,20261028,2
2913,20261028,2
2915,20261028,2
2917,20261028,2
2919,20261028,2
2921,20261028,2
2923,20261028,2
2926,20261028,2
2930,20261028,2
2932,20261028,2
2935,20261028,2
2937,20261028,2
2940,20261028,2
2944,20261028,2
2945,20261028,2
2948,20261028,2
2952,20261028,2
2954,20261028,2
2956,20261028,2
2960,20261028,2
2963,20261028,2
2967,20261028,2
2970,20261028,2
2971,20261028,2
2977,20261028,2
2979,20261028,2
2981,20261028,2
2983,20261028,2
2985,20261028,2
2987,20261028,2
2989,20261028,2
2992,20261028,2
2996,20261028,2
2998,20261028,2
3001,20261028,2
3005,20261028,2
3007,20261028,2
3010,20261028,2
3014,20261028,2
3017,20261028,2
3020,20261028,2
3022,20261028,2
3024,20261028,2
3027,20261028,2
3032,20261028,2
3034,20261028,2
3036,20261028,2
3039,20261028,2
3046,20261028,2
3050,20261028,2
3056,20261028,2
3058,20261028,2
3062,20261028,2
3065,20261028,2
3071,20261028,2
3073,20261028,2
3077,20261028,2
3080,20261028,2
3086,20261028,2
3088,20261028,2
3093,20261028,2
3095,20261028,2
3100,20261028,2
3104,20261028,2
3107,20261028,2
3112,20261028,2
3114,20261028,2
3120,20261028,2
3124,20261028,2
3127,20261028,2
3132,20261028,2
3136,20261028,2
3139,20261028,2
3143,20261028,2
3148,20261028,2
3154,20261028,2
3157,20261028,2
3162,20261028,2
3164,20261028,2
3168,20261028,2
3172,20261028,2
3176,20261028,2
3179,20261028,2
3180,20261028,2
3184,20261028,2
3189,20261028,2
3191,20261028,2
3195,20261028,2
3199,20261028,2
3202,20261028,2
3206,20261028,2
3211,20261028,2
3214,20261028,2
3218,20261028,2
3220,20261028,2
3224,20261028,2
3228,20261028,2
3230,20261028,2
3234,20261028,2
3238,20261028,2
3242,20261028,2
3244,20261028,2
3250,20261028,2
3252,20261028,2
3255,20261028,2
3257,20261028,2
3263,20261028,2
3265,20261028,2
3268,20261028,2
3272,20261028,2
3274,20261028,2
3282,20261028,2
3284,20261028,2
3287,20261028,2
3291,20261028,2
3293,20261028,2
3296,20261028,2
3299,20261028,2
3301,20261028,2
3305,20261028,2
3307,20261028,2
3309,20261028,2
3313,20261028,2
3315,20261028,2
3321,20261028,2
3323,20261028,2
3327,20261028,2
3330,20261028,2
3333,20261028,2
3339,20261028,2
3342,20261028,2
3344,20261028,2
3350,20261028,2
3352,20261028,2
3357,20261028,2
3361,20261028,2
3365,20261028,2
3367,20261028,2
3368,20261028,2
3372,20261028,2
3374,20261028,2
3379,20261028,2
3384,20261028,2
3386,20261028,2
3390,20261028,2
3394,20261028,2
3398,20261028,2
3402,20261028,2
3410,20261028,2
3414,20261028,2
3418,20261028,2
3423,20261028,2
3427,20261028,2
3430,20261028,2
3433,20261028,2
3439,20261028,2
3446,20261028,2
3450,20261028,2
3454,20261028,2
3456,20261028,2
3463,20261028,2
3465,20261028,2
3469,20261028,2
3473,20261028,2
3477,20261028,2
3481,20261028,2
3485,20261028,2
3491,20261028,2
3494,20261028,2
3498,20261028,2
3502,20261028,2
3506,20261028,2
3509,20261028,2
3513,20261028,2
3516,20261028,2
3519,20261028,2
3523,20261028,2
3526,20261028,2
3528,20261028,2
3532,20261028,2
3536,20261028,2
3539,20261028,2
3541,20261028,2
3544,20261028,2
3546,20261028,2
3549,20261028,2
3552,20261028,2
3555,20261028,2
3558,20261028,2
3560,20261028,2
3564,20261028,2
3567,20261028,2
3571,20261028,2
3573,20261028,2
3577,20261028,2
3580,20261028,2
3584,20261028,2
3588,20261028,2
3592,20261028,2
3596,20261028,2
3600,20261028,2
3604,20261028,2
3608,20261028,2
3612,20261028,2
3616,20261028,2
3620,20261028,2
3624,20261028,2
3628,20261028,2
3632,20261028,2
3635,20261028,2
3637,20261028,2
3641,20261028,2
3645,20261028,2
3648,20261028,2
3652,20261028,2
3654,20261028,2
3658,20261028,2
3661,20261028,2
3665,20261028,2
3669,20261028,2
3671,20261028,2
3675,20261028,2
3678,20261028,2
3682,20261028,2
3686,20261028,2
3689,20261028,2
3693,20261028,2
3697,20261028,2
3699,20261028,2
3701,20261028,2
3706,20261028,2
3708,20261028,2
3711,20261028,2
3714,20261028,2
3717,20261028,2
3720,20261028,2
3721,20261028,2
3725,20261028,2
3728,20261028,2
3731,20261028,2
3735,20261028,2
3740,20261028,2
3744,20261028,2
3748,20261028,2
3751,20261028,2
3754,20261028,2
3756,20261028,2
3758,20261028,2
3762,20261028,2
3767,20261028,2
3771,20261028,2
3775,20261028,2
3779,20261028,2
3781,20261028,2
3783,20261028,2
3786,20261028,2
3792,20261028,2
3794,20261028,2
3796,20261028,2
3801,20261028,2
3803,20261028,2
3808,20261028,2
3810,20261028,2
3812,20261028,2
3815,20261028,2
3821,20261028,2
3823,20261028,2
3827,20261028,2
3829,20261028,2
3831,20261028,2
3837,20261028,2
3839,20261028,2
3843,20261028,2
3845,20261028,2
3847,20261028,2
3852,20261028,2
3854,20261028,2
3858,20261028,2
3862,20261028,2
3866,20261028,2
3871,20261028,2
3876,20261028,2
3879,20261028,2
3883,20261028,2
3886,20261028,2
3889,20261028,2
3892,20261028,2
3896,20261028,2
3898,20261028,2
3903,20261028,2
3905,20261028,2
3907,20261028,2
3912,20261028,2
3915,20261028,2
3919,20261028,2
3921,20261028,2
3923,20261028,2
3926,20261028,2
3929,20261028,2
3932,20261028,2
3936,20261028,2
3938,20261028,2
3940,20261028,2
3944,20261028,2
3947,20261028,2
3950,20261028,2
3953,20261028,2
3956,20261028,2
3958,20261028,2
3960,20261028,2
3964,20261028,2
3966,20261028,2
3970,20261028,2
3974,20261028,2
3978,20261028,2
3982,20261028,2
3986,20261028,2
3990,20261028,2
3994,20261028,2
3998,20261028,2
4002,20261028,2
4006,20261028,2
4010,20261028,2
4014,20261028,2
4018,20261028,2
4021,20261028,2
4026,20261028,2
4028,20261028,2
4031,20261028,2
4034,20261028,2
4036,20261028,2
4040,20261028,2
4043,20261028,2
4047,20261028,2
4051,20261028,2
4053,20261028,2
4057,20261028,2
4060,20261028,2
4064,20261028,2
4068,20261028,2
4070,20261028,2
4074,20261028,2
4078,20261028,2
4081,20261028,2
4084,20261028,2
4087,20261028,2
4091,20261028,2
4095,20261028,2
4099,20261028,2
4103,20261028,2
4106,20261028,2
4107,20261028,2
4108,20261028,2
4112,20261028,2
4114,20261028,2
4118,20261028,2
4122,20261028,2
4126,20261028,2
4130,20261028,2
4132,20261028,2
4134,20261028,2
4140,20261028,2
4144,20261028,2
4148,20261028,2
4152,20261028,2
4157,20261028,2
4159,20261028,2
4164,20261028,2
4166,20261028,2
4168,20261028,2
4173,20261028,2
4176,20261028,2
4178,20261028,2
4182,20261028,2
4186,20261028,2
4190,20261028,2
4192,20261028,2
4195,20261028,2
4197,20261028,2
4202,20261028,2
4206,20261028,2
4208,20261028,2
4211,20261028,2
4215,20261028,2
4221,20261028,2
4223,20261028,2
4227,20261028,2
4230,20261028,2
4232,20261028,2
4236,20261028,2
4240,20261028,2
4243,20261028,2
4246,20261028,2
4251,20261028,2
4253,20261028,2
4257,20261028,2
4258,20261028,2
4262,20261028,2
4265,20261028,2
4269,20261028,2
4274,20261028,2
4276,20261028,2
4280,20261028,2
4286,20261028,2
4289,20261028,2
4292,20261028,2
4297,20261028,2
4299,20261028,2
4303,20261028,2
4305,20261028,2
4307,20261028,2
4311,20261028,2
4315,20261028,2
4318,20261028,2
4321,20261028,2
4326,20261028,2
4329,20261028,2
4333,20261028,2
4337,20261028,2
4342,20261028,2
4344,20261028,2
4347,20261028,2
4351,20261028,2
4353,20261028,2
4355,20261028,2
4357,20261028,2
4361,20261028,2
4365,20261028,2
4367,20261028,2
4370,20261028,2
4372,20261028,2
4377,20261028,2
4379,20261028,2
4382,20261028,2
4386,20261028,2
4388,20261028,2
4392,20261028,2
4394,20261028,2
4397,20261028,2
4401,20261028,2
4405,20261028,2
4407,20261028,2
4411,20261028,2
4413,20261028,2
4417,20261028,2
4419,20261028,2
4422,20261028,2
4426,20261028,2
4428,20261028,2
4432,20261028,2
4434,20261028,2
4439,20261028,2
4441,20261028,2
4444,20261028,2
4449,20261028,2
4453,20261028,2
4462,20261028,2
4466,20261028,2
4470,20261028,2
4472,20261028,2
4476,20261028,2
4481,20261028,2
4483,20261028,2
4487,20261028,2
4489,20261028,2
4493,20261028,2
4496,20261028,2
4499,20261028,2
4503,20261028,2
4505,20261028,2
4509,20261028,2
4513,20261028,2
4515,20261028,2
4518,20261028,2
4522,20261028,2
4525,20261028,2
4527,20261028,2
4530,20261028,2
4534,20261028,2
4538,20261028,2
4542,20261028,2
4545,20261028,2
4547,20261028,2
4551,20261028,2
4553,20261028,2
4559,20261028,2
4562,20261028,2
4565,20261028,2
4569,20261028,2
4573,20261028,2
4575,20261028,2
4578,20261028,2
4582,20261028,2
4585,20261028,2
4588,20261028,2
4590,20261028,2
4595,20261028,2
4598,20261028,2
4600,20261028,2
4604,20261028,2
4606,20261028,2
4610,20261028,2
4612,20261028,2
4617,20261028,2
4620,20261028,2
4623,20261028,2
4625,20261028,2
4629,20261028,2
4631,20261028,2
4637,20261028,2
4639,20261028,2
4643,20261028,2
4645,20261028,2
4649,20261028,2
4651,20261028,2
4657,20261028,2
4659,20261028,2
4663,20261028,2
4665,20261028,2
4670,20261028,2
4674,20261028,2
4677,20261028,2
4679,20261028,2
4683,20261028,2
4687,20261028,2
4691,20261028,2
4693,20261028,2
4697,20261028,2
4699,20261028,2
4702,20261028,2
4706,20261028,2
4710,20261028,2
4712,20261028,2
4716,20261028,2
4718,20261028,2
4722,20261028,2
4726,20261028,2
4730,20261028,2
4732,20261028,2
4736,20261028,2
4738,20261028,2
4744,20261028,2
4746,20261028,2
4751,20261028,2
4753,20261028,2
4759,20261028,2
4761,20261028,2
4767,20261028,2
4771,20261028,2
4775,20261028,2
4777,20261028,2
4781,20261028,2
4785,20261028,2
4790,20261028,2
4792,20261028,2
4796,20261028,2
4798,20261028,2
4802,20261028,2
4804,20261028,2
4807,20261028,2
4811,20261028,2
4813,20261028,2
4817,20261028,2
4821,20261028,2
4825,20261028,2
4830,20261028,2
4832,20261028,2
4836,20261028,2
4838,20261028,2
4843,20261028,2
4845,20261028,2
4849,20261028,2
4853,20261028,2
4855,20261028,2
4857,20261028,2
4859,20261028,2
4861,20261028,2
4865,20261028,2
4867,20261028,2
4873,20261028,2
4875,20261028,2
4879,20261028,2
4885,20261028,2
4887,20261028,2
4893,20261028,2
4899,20261028,2
4901,20261028,2
4907,20261028,2
4909,20261028,2
4915,20261028,2
4917,20261028,2
4923,20261028,2
4925,20261028,2
4930,20261028,2
4932,20261028,2
4938,20261028,2
4940,20261028,2
4942,20261028,2
4945,20261028,2
4947,20261028,2
4952,20261028,2
4956,20261028,2
4960,20261028,2
4963,20261028,2
4965,20261028,2
4972,20261028,2
4974,20261028,2
4980,20261028,2
4982,20261028,2
4986,20261028,2
4990,20261028,2
4992,20261028,2
4998,20261028,2
5000,20261028,2
5004,20261028,2
5008,20261028,2
5010,20261028,2
5016,20261028,2
5018,20261028,2
5024,20261028,2
5026,20261028,2
5032,20261028,2
5034,20261028,2
5040,20261028,2
5042,20261028,2
5046,20261028,2
5050,20261028,2
5054,20261028,2
5058,20261028,2
5062,20261028,2
5064,20261028,2
5070,20261028,2
5072,20261028,2
5078,20261028,2
5082,20261028,2
5087,20261028,2
5091,20261028,2
5093,20261028,2
5096,20261028,2
5099,20261028,2
5102,20261028,2
5105,20261028,2
5107,20261028,2
5109,20261028,2
5112,20261028,2
5114,20261028,2
5116,20261028,2
5118,20261028,2
5120,20261028,2
5122,20261028,2
5125,20261028,2
5128,20261028,2
5136,20261028,2
5140,20261028,2
5142,20261028,2
5144,20261028,2
5146,20261028,2
5149,20261028,2
5152,20261028,2
5154,20261028,2
5156,20261028,2
5158,20261028,2
5160,20261028,2
5162,20261028,2
5166,20261028,2
5168,20261028,2
5171,20261028,2
5174,20261028,2
5176,20261028,2
5181,20261028,2
5185,20261028,2
5189,20261028,2
5191,20261028,2
5195,20261028,2
5200,20261028,2
5204,20261028,2
5210,20261028,2
5213,20261028,2
5217,20261028,2
5222,20261028,2
5224,20261028,2
5230,20261028,2
5235,20261028,2
5237,20261028,2
5242,20261028,2
5246,20261028,2
5248,20261028,2
5250,20261028,2
5253,20261028,2
5255,20261028,2
5257,20261028,2
5263,20261028,2
5265,20261028,2
5268,20261028,2
5270,20261028,2
5272,20261028,2
5275,20261028,2
5277,20261028,2
5280,20261028,2
5283,20261028,2
5288,20261028,2
5290,20261028,2
5295,20261028,2
5297,20261028,2
5299,20261028,2
5304,20261028,2
5306,20261028,2
5310,20261028,2
5312,20261028,2
5315,20261028,2
5319,20261028,2
5322,20261028,2
5325,20261028,2
5328,20261028,2
5330,20261028,2
5333,20261028,2
5337,20261028,2
5341,20261028,2
5343,20261028,2
5346,20261028,2
5348,20261028,2
5353,20261028,2
5356,20261028,2
5358,20261028,2
5361,20261028,2
5365,20261028,2
5367,20261028,2
5371,20261028,2
5373,20261028,2
5379,20261028,2
5383,20261028,2
5386,20261028,2
5389,20261028,2
5392,20261028,2
5397,20261028,2
5400,20261028,2
5404,20261028,2
5408,20261028,2
5412,20261028,2
5416,20261028,2
5419,20261028,2
5424,20261028,2
5427,20261028,2
5430,20261028,2
5436,20261028,2
5438,20261028,2
5441,20261028,2
5443,20261028,2
5447,20261028,2
5451,20261028,2
5454,20261028,2
5456,20261028,2
5460,20261028,2
5462,20261028,2
5466,20261028,2
5468,20261028,2
5472,20261028,2
5474,20261028,2
5478,20261028,2
5481,20261028,2
5483,20261028,2
5485,20261028,2
5489,20261028,2
5495,20261028,2
5497,20261028,2
5501,20261028,2
5503,20261028,2
5506,20261028,2
5509,20261028,2
5513,20261028,2
5515,20261028,2
5519,20261028,2
5521,20261028,2
5525,20261028,2
5528,20261028,2
5531,20261028,2
5533,20261028,2
5537,20261028,2
5541,20261028,2
5543,20261028,2
5547,20261028,2
5551,20261028,2
5553,20261028,2
5557,20261028,2
5559,20261028,2
5564,20261028,2
5567,20261028,2
5569,20261028,2
5573,20261028,2
5577,20261028,2
5579,20261028,2
5586,20261028,2
5588,20261028,2
5593,20261028,2
5597,20261028,2
5599,20261028,2
5603,20261028,2
5608,20261028,2
5610,20261028,2
5614,20261028,2
5618,20261028,2
5622,20261028,2
5625,20261028,2
5630,20261028,2
5636,20261028,2
5653,20261028,2
5654,20261028,2
5656,20261028,2
5657,20261028,2
5659,20261028,2
5660,20261028,2
5661,20261028,2
5662,20261028,2
5668,20261028,2
5669,20261028,2
5673,20261028,2
5679,20261028,2
5684,20261028,2
5688,20261028,2
5699,20261028,2
5702,20261028,2
5704,20261028,2
5706,20261028,2
5709,20261028,2
5712,20261028,2
5713,20261028,2
5716,20261028,2
5719,20261028,2
5729,20261028,2
5736,20261028,2
5740,20261028,2
5753,20261028,2
5758,20261028,2
5763,20261028,2
5764,20261028,2
5765,20261028,2
5766,20261028,2
5767,20261028,2
5771,20261028,2
5772,20261028,2
5773,20261028,2
5776,20261028,2
5777,20261028,2
5780,20261028,2
5781,20261028,2
5783,20261028,2
5786,20261028,2
5788,20261028,2
5790,20261028,2
5793,20261028,2
5799,20261028,2
5803,20261028,2
5805,20261028,2
5808,20261028,2
5815,20261028,2
5835,20261028,2
5843,20261028,2
5847,20261028,2
5849,20261028,2
5851,20261028,2
5852,20261028,2
5854,20261028,2
5860,20261028,2
5863,20261028,2
5866,20261028,2
5869,20261028,2
5871,20261028,2
5882,20261028,2
5883,20261028,2
5884,20261028,2
5886,20261028,2
5896,20261028,2
5897,20261028,2
5900,20261028,2
5901,20261028,2
5908,20261028,2
5910,20261028,2
5915,20261028,2
5916,20261028,2
5925,20261028,2
5926,20261028,2
5927,20261028,2
5928,20261028,2
5942,20261028,2
5946,20261028,2
5951,20261028,2
5952,20261028,2
5953,20261028,2
5954,20261028,2
5955,20261028,2
5957,20261028,2
5979,20261028,2
5980,20261028,2
5981,20261028,2
5982,20261028,2
5983,20261028,2
5984,20261028,2
5985,20261028,2
5986,20261028,2
5987,20261028,2
5988,20261028,2
5989,20261028,2
5990,20261028,2
5991,20261028,2
5992,20261028,2
5993,20261028,2
5994,20261028,2
5995,20261028,2
5996,20261028,2
5997,20261028,2
5998,20261028,2
5999,20261028,2
6000,20261028,2
6001,20261028,2
6011,20261028,2
6012,20261028,2
6013,20261028,2
6014,20261028,2
6015,20261028,2
6016,20261028,2
6017,20261028,2
6018,20261028,2
6019,20261028,2
6020,20261028,2
6021,20261028,2
6022,20261028,2
6023,20261028,2
6024,20261028,2
1,20261028,2
6026,20261028,2
6027,20261028,2
6028,20261028,2
6029,20261028,2
6030,20261028,2
6031,20261028,2
6032,20261028,2
6033,20261028,2
6034,20261028,2
6035,20261028,2
6036,20261028,2
6037,20261028,2
6038,20261028,2
6053,20261028,2
6054,20261028,2
6055,20261028,2
6056,20261028,2
6057,20261028,2
6059,20261028,2
6060,20261028,2
6062,20261028,2
6063,20261028,2
6064,20261028,2
6065,20261028,2
6066,20261028,2
6067,20261028,2
6068,20261028,2
6069,20261028,2
6070,20261028,2
6071,20261028,2
6075,20261028,2
6081,20261028,2
6084,20261028,2
6086,20261028,2
6089,20261028,2
6093,20261028,2
6095,20261028,2
6099,20261028,2
6101,20261028,2
6105,20261028,2
6107,20261028,2
6113,20261028,2
6115,20261028,2
6121,20261028,2
6123,20261028,2
6129,20261028,2
6131,20261028,2
6135,20261028,2
6137,20261028,2
6145,20261028,2
6147,20261028,2
6151,20261028,2
6155,20261028,2
6163,20261028,2
6165,20261028,2
6171,20261028,2
6173,20261028,2
6177,20261028,2
6179,20261028,2
6183,20261028,2
6185,20261028,2
6193,20261028,2
6195,20261028,2
6199,20261028,2
6201,20261028,2
6207,20261028,2
6211,20261028,2
6213,20261028,2
6217,20261028,2
6221,20261028,2
6225,20261028,2
6229,20261028,2
6233,20261028,2
6237,20261028,2
6241,20261028,2
6245,20261028,2
6251,20261028,2
6253,20261028,2
6257,20261028,2
6261,20261028,2
6265,20261028,2
6269,20261028,2
6274,20261028,2
6279,20261028,2
6283,20261028,2
6287,20261028,2
6290,20261028,2
6294,20261028,2
6297,20261028,2
6301,20261028,2
6305,20261028,2
6309,20261028,2
6312,20261028,2
6318,20261028,2
6320,20261028,2
6328,20261028,2
6331,20261028,2
6335,20261028,2
6339,20261028,2
6343,20261028,2
6347,20261028,2
6351,20261028,2
6355,20261028,2
6358,20261028,2
6363,20261028,2
6367,20261028,2
6372,20261028,2
6378,20261028,2
6379,20261028,2
6380,20261028,2
6381,20261028,2
6382,20261028,2
6383,20261028,2
6384,20261028,2
6385,20261028,2
6386,20261028,2
6387,20261028,2
6388,20261028,2
6389,20261028,2
6390,20261028,2
6391,20261028,2
6435,20261028,2
6436,20261028,2
6437,20261028,2
6438,20261028,2
6439,20261028,2
6440,20261028,2
6441,20261028,2
6442,20261028,2
6443,20261028,2
6444,20261028,2
6445,20261028,2
6446,20261028,2
6447,20261028,2
6448,20261028,2
6449,20261028,2
6450,20261028,2
6451,20261028,2
6452,20261028,2
6453,20261028,2
6454,20261028,2
6455,20261028,2
6456,20261028,2
6457,20261028,2
6458,20261028,2
6459,20261028,2
6460,20261028,2
6461,20261028,2
6462,20261028,2
6521,20261028,2
6522,20261028,2
6523,20261028,2
6524,20261028,2
6525,20261028,2
6526,20261028,2
6527,20261028,2
6528,20261028,2
6529,20261028,2
6530,20261028,2
6531,20261028,2
6532,20261028,2
6533,20261028,2
6534,20261028,2
6535,20261028,2
6536,20261028,2
6537,20261028,2
6538,20261028,2
6540,20261028,2
6541,20261028,2
6542,20261028,2
6543,20261028,2
6544,20261028,2
6545,20261028,2
6546,20261028,2
6547,20261028,2
6548,20261028,2
6549,20261028,2
6550,20261028,2
6551,20261028,2
6552,20261028,2
6553,20261028,2
6554,20261028,2
6555,20261028,2
6556,20261028,2
6557,20261028,2
6558,20261028,2
6559,20261028,2
6560,20261028,2
6561,20261028,2
6562,20261028,2
6563,20261028,2
6564,20261028,2
6565,20261028,2
6566,20261028,2
6567,20261028,2
6568,20261028,2
6569,20261028,2
6570,20261028,2
6571,20261028,2
6572,20261028,2
6573,20261028,2
6574,20261028,2
6575,20261028,2
6595,20261028,2
6596,20261028,2
6597,20261028,2
6598,20261028,2
6599,20261028,2
6600,20261028,2
6601,20261028,2
6602,20261028,2
6603,20261028,2
6604,20261028,2
6605,20261028,2
6606,20261028,2
6607,20261028,2
6608,20261028,2
6609,20261028,2
6610,20261028,2
6611,20261028,2
6612,20261028,2
6613,20261028,2
6614,20261028,2
6615,20261028,2
6616,20261028,2
6617,20261028,2
6618,20261028,2
6619,20261028,2
6620,20261028,2
6621,20261028,2
6622,20261028,2
6623,20261028,2
6624,20261028,2
6701,20261028,2
6702,20261028,2
6703,20261028,2
6704,20261028,2
6705,20261028,2
6706,20261028,2
6707,20261028,2
6708,20261028,2
6709,20261028,2
6710,20261028,2
6711,20261028,2
6712,20261028,2
6713,20261028,2
6714,20261028,2
6715,20261028,2
6716,20261028,2
6717,20261028,2
6718,20261028,2
6719,20261028,2
6720,20261028,2
6721,20261028,2
6722,20261028,2
6723,20261028,2
6724,20261028,2
6725,20261028,2
6726,20261028,2
6727,20261028,2
6728,20261028,2
6729,20261028,2
6730,20261028,2
6731,20261028,2
6732,20261028,2
6733,20261028,2
6734,20261028,2
6735,20261028,2
6736,20261028,2
6737,20261028,2
6738,20261028,2
6739,20261028,2
6740,20261028,2
6741,20261028,2
6742,20261028,2
6743,20261028,2
6744,20261028,2
6745,20261028,2
6746,20261028,2
6747,20261028,2
6853,20261028,2
6854,20261028,2
6855,20261028,2
6856,20261028,2
6857,20261028,2
6858,20261028,2
6859,20261028,2
6860,20261028,2
6861,20261028,2
6862,20261028,2
6863,20261028,2
6864,20261028,2
6865,20261028,2
6866,20261028,2
6867,20261028,2
6868,20261028,2
6869,20261028,2
6870,20261028,2
6871,20261028,2
6872,20261028,2
6873,20261028,2
6874,20261028,2
6875,20261028,2
6876,20261028,2
6877,20261028,2
6878,20261028,2
6926,20261028,2
6927,20261028,2
6928,20261028,2
6929,20261028,2
6930,20261028,2
6931,20261028,2
6932,20261028,2
6933,20261028,2
6934,20261028,2
6935,20261028,2
6936,20261028,2
6937,20261028,2
6938,20261028,2
6939,20261028,2
6940,20261028,2
6941,20261028,2
6942,20261028,2
6943,20261028,2
6944,20261028,2
6945,20261028,2
6946,20261028,2
6947,20261028,2
6948,20261028,2
6949,20261028,2
6950,20261028,2
6951,20261028,2
6952,20261028,2
6953,20261028,2
6954,20261028,2
6955,20261028,2
6956,20261028,2
6957,20261028,2
6958,20261028,2
6959,20261028,2
6960,20261028,2
6961,20261028,2
6962,20261028,2
6963,20261028,2
6964,20261028,2
6965,20261028,2
6966,20261028,2
6967,20261028,2
6968,20261028,2
6969,20261028,2
6970,20261028,2
6971,20261028,2
6972,20261028,2
6973,20261028,2
6974,20261028,2
6975,20261028,2
6976,20261028,2
6977,20261028,2
6998,20261028,2
6999,20261028,2
7000,20261028,2
7001,20261028,2
7002,20261028,2
7003,20261028,2
7004,20261028,2
7005,20261028,2
7006,20261028,2
7007,20261028,2
7009,20261028,2
7010,20261028,2
7011,20261028,2
7012,20261028,2
7013,20261028,2
7014,20261028,2
7015,20261028,2
7016,20261028,2
7017,20261028,2
7018,20261028,2
7019,20261028,2
7020,20261028,2
7021,20261028,2
7022,20261028,2
7023,20261028,2
7024,20261028,2
7025,20261028,2
7026,20261028,2
7027,20261028,2
7028,20261028,2
7029,20261028,2
7030,20261028,2
7031,20261028,2
7032,20261028,2
7033,20261028,2
7034,20261028,2
7035,20261028,2
7036,20261028,2
7037,20261028,2
7038,20261028,2
7039,20261028,2
7040,20261028,2
7041,20261028,2
7042,20261028,2
7043,20261028,2
7044,20261028,2
7045,20261028,2
7046,20261028,2
7047,20261028,2
7048,20261028,2
7049,20261028,2
7050,20261028,2
7051,20261028,2
7052,20261028,2
7053,20261028,2
7054,20261028,2
7055,20261028,2
7056,20261028,2
7057,20261028,2
7058,20261028,2
7073,20261028,2
7074,20261028,2
7075,20261028,2
7076,20261028,2
7077,20261028,2
7078,20261028,2
7079,20261028,2
7080,20261028,2
7081,20261028,2
7082,20261028,2
7083,20261028,2
7084,20261028,2
7085,20261028,2
7087,20261028,2
7088,20261028,2
7089,20261028,2
7090,20261028,2
7091,20261028,2
7092,20261028,2
7093,20261028,2
7094,20261028,2
7095,20261028,2
7096,20261028,2
7097,20261028,2
7098,20261028,2
7099,20261028,2
7100,20261028,2
7101,20261028,2
7102,20261028,2
7103,20261028,2
7104,20261028,2
7105,20261028,2
7106,20261028,2
7107,20261028,2
7108,20261028,2
7109,20261028,2
7110,20261028,2
7111,20261028,2
7112,20261028,2
7113,20261028,2
7114,20261028,2
7115,20261028,2
7116,20261028,2
7117,20261028,2
7118,20261028,2
7119,20261028,2
7120,20261028,2
7121,20261028,2
7122,20261028,2
7123,20261028,2
7141,20261028,2
7142,20261028,2
7143,20261028,2
7144,20261028,2
7145,20261028,2
7146,20261028,2
7147,20261028,2
7148,20261028,2
7149,20261028,2
7150,20261028,2
7151,20261028,2
7152,20261028,2
7153,20261028,2
7154,20261028,2
7155,20261028,2
7156,20261028,2
7157,20261028,2
7158,20261028,2
7247,20261028,2
7248,20261028,2
7249,20261028,2
7250,20261028,2
7251,20261028,2
7252,20261028,2
7253,20261028,2
7254,20261028,2
7255,20261028,2
7256,20261028,2
7257,20261028,2
7258,20261028,2
7259,20261028,2
7260,20261028,2
7261,20261028,2
7262,20261028,2
7263,20261028,2
7264,20261028,2
7265,20261028,2
7266,20261028,2
7267,20261028,2
7268,20261028,2
7269,20261028,2
7270,20261028,2
7271,20261028,2
7272,20261028,2
7273,20261028,2
7274,20261028,2
7275,20261028,2
7276,20261028,2
7277,20261028,2
7278,20261028,2
7279,20261028,2
7280,20261028,2
7281,20261028,2
7282,20261028,2
7283,20261028,2
7284,20261028,2
7285,20261028,2
7286,20261028,2
7357,20261028,2
7358,20261028,2
7359,20261028,2
7360,20261028,2
7361,20261028,2
7362,20261028,2
7363,20261028,2
7364,20261028,2
7365,20261028,2
7366,20261028,2
7367,20261028,2
7368,20261028,2
7369,20261028,2
7370,20261028,2
7371,20261028,2
7372,20261028,2
7373,20261028,2
7374,20261028,2
7375,20261028,2
7376,20261028,2
7377,20261028,2
7378,20261028,2
7379,20261028,2
7380,20261028,2
7381,20261028,2
7382,20261028,2
7383,20261028,2
7384,20261028,2
7385,20261028,2
7386,20261028,2
7387,20261028,2
7388,20261028,2
7389,20261028,2
7390,20261028,2
7391,20261028,2
7392,20261028,2
7393,20261028,2
7394,20261028,2
7410,20261028,2
7411,20261028,2
7412,20261028,2
7413,20261028,2
7414,20261028,2
7415,20261028,2
7416,20261028,2
7420,20261028,2
7421,20261028,2
7422,20261028,2
7423,20261028,2
7424,20261028,2
7425,20261028,2
7426,20261028,2
7427,20261028,2
7428,20261028,2
7429,20261028,2
7430,20261028,2
7431,20261028,2
7432,20261028,2
7433,20261028,2
7443,20261028,2
7444,20261028,2
7445,20261028,2
7446,20261028,2
7447,20261028,2
7448,20261028,2
7449,20261028,2
7450,20261028,2
7451,20261028,2
7452,20261028,2
7453,20261028,2
7454,20261028,2
7455,20261028,2
7456,20261028,2
7457,20261028,2
7458,20261028,2
7459,20261028,2
7460,20261028,2
7461,20261028,2
7471,20261028,2
7472,20261028,2
7473,20261028,2
7474,20261028,2
7475,20261028,2
7476,20261028,2
7477,20261028,2
7478,20261028,2
7479,20261028,2
7480,20261028,2
7481,20261028,2
7482,20261028,2
7483,20261028,2
7484,20261028,2
7485,20261028,2
7486,20261028,2
7487,20261028,2
7488,20261028,2
7489,20261028,2
7490,20261028,2
7491,20261028,2
7492,20261028,2
7493,20261028,2
7494,20261028,2
7495,20261028,2
7496,20261028,2
7497,20261028,2
7498,20261028,2
7499,20261028,2
7500,20261028,2
7501,20261028,2
7502,20261028,2
7503,20261028,2
7504,20261028,2
7505,20261028,2
7506,20261028,2
7507,20261028,2
7508,20261028,2
7509,20261028,2
7510,20261028,2
7511,20261028,2
7512,20261028,2
7513,20261028,2
7514,20261028,2
7515,20261028,2
7599,20261028,2
7600,20261028,2
7601,20261028,2
7602,20261028,2
7603,20261028,2
7604,20261028,2
7605,20261028,2
7606,20261028,2
7607,20261028,2
7608,20261028,2
7609,20261028,2
7610,20261028,2
7611,20261028,2
7612,20261028,2
7645,20261028,2
7646,20261028,2
7647,20261028,2
7648,20261028,2
7649,20261028,2
7650,20261028,2
7651,20261028,2
7652,20261028,2
7653,20261028,2
7654,20261028,2
7655,20261028,2
7656,20261028,2
7670,20261028,2
7671,20261028,2
7672,20261028,2
7673,20261028,2
7674,20261028,2
7675,20261028,2
7676,20261028,2
7677,20261028,2
7678,20261028,2
7679,20261028,2
7680,20261028,2
7681,20261028,2
7682,20261028,2
7683,20261028,2
7684,20261028,2
7685,20261028,2
7686,20261028,2
7687,20261028,2
7688,20261028,2
7689,20261028,2
7690,20261028,2
7691,20261028,2
7692,20261028,2
7693,20261028,2
7694,20261028,2
7695,20261028,2
7696,20261028,2
7697,20261028,2
7698,20261028,2
7699,20261028,2
7700,20261028,2
7701,20261028,2
7702,20261028,2
7703,20261028,2
7704,20261028,2
7705,20261028,2
7706,20261028,2
7707,20261028,2
7737,20261028,2
7738,20261028,2
7739,20261028,2
7740,20261028,2
7741,20261028,2
7742,20261028,2
7743,20261028,2
7744,20261028,2
7745,20261028,2
7746,20261028,2
7747,20261028,2
7748,20261028,2
7749,20261028,2
7750,20261028,2
7751,20261028,2
7752,20261028,2
7753,20261028,2
7754,20261028,2
7755,20261028,2
7756,20261028,2
7757,20261028,2
7758,20261028,2
7759,20261028,2
7760,20261028,2
7761,20261028,2
7795,20261028,2
7796,20261028,2
7797,20261028,2
7798,20261028,2
7799,20261028,2
7800,20261028,2
7801,20261028,2
7802,20261028,2
7803,20261028,2
7804,20261028,2
7805,20261028,2
7806,20261028,2
7807,20261028,2
7808,20261028,2
7809,20261028,2
7810,20261028,2
7811,20261028,2
7812,20261028,2
7813,20261028,2
7816,20261028,2
7817,20261028,2
7818,20261028,2
7819,20261028,2
7820,20261028,2
7821,20261028,2
7822,20261028,2
7823,20261028,2
7824,20261028,2
7825,20261028,2
7826,20261028,2
7827,20261028,2
7828,20261028,2
7832,20261028,2
7833,20261028,2
7834,20261028,2
7835,20261028,2
7836,20261028,2
7837,20261028,2
7838,20261028,2
7839,20261028,2
7840,20261028,2
7841,20261028,2
7842,20261028,2
7843,20261028,2
7844,20261028,2
7845,20261028,2
7846,20261028,2
7847,20261028,2
7848,20261028,2
7849,20261028,2
7850,20261028,2
7851,20261028,2
7852,20261028,2
7853,20261028,2
7854,20261028,2
7855,20261028,2
7856,20261028,2
7857,20261028,2
7858,20261028,2
7859,20261028,2
7860,20261028,2
7861,20261028,2
7862,20261028,2
7863,20261028,2
7864,20261028,2
7865,20261028,2
7866,20261028,2
7867,20261028,2
7868,20261028,2
7869,20261028,2
7870,20261028,2
7871,20261028,2
7872,20261028,2
7873,20261028,2
7888,20261028,2
7889,20261028,2
7890,20261028,2
7891,20261028,2
7892,20261028,2
7893,20261028,2
7894,20261028,2
7895,20261028,2
7896,20261028,2
7897,20261028,2
7898,20261028,2
7899,20261028,2
7900,20261028,2
7901,20261028,2
7902,20261028,2
7903,20261028,2
7904,20261028,2
7905,20261028,2
7906,20261028,2
7907,20261028,2
7908,20261028,2
7909,20261028,2
7910,20261028,2
7911,20261028,2
7912,20261028,2
7961,20261028,2
7962,20261028,2
7963,20261028,2
7964,20261028,2
7965,20261028,2
7966,20261028,2
7967,20261028,2
7968,20261028,2
7969,20261028,2
7970,20261028,2
7971,20261028,2
7972,20261028,2
7973,20261028,2
7974,20261028,2
7975,20261028,2
7976,20261028,2
7977,20261028,2
7978,20261028,2
7979,20261028,2
7980,20261028,2
7981,20261028,2
7982,20261028,2
7983,20261028,2
7984,20261028,2
7985,20261028,2
7986,20261028,2
7987,20261028,2
8024,20261028,2
8025,20261028,2
8026,20261028,2
8027,20261028,2
8028,20261028,2
8029,20261028,2
8030,20261028,2
8031,20261028,2
8032,20261028,2
8033,20261028,2
8034,20261028,2
8035,20261028,2
8036,20261028,2
8037,20261028,2
8038,20261028,2
8039,20261028,2
8040,20261028,2
8041,20261028,2
8042,20261028,2
8043,20261028,2
8044,20261028,2
8045,20261028,2
8046,20261028,2
8047,20261028,2
8048,20261028,2
8049,20261028,2
8050,20261028,2
8051,20261028,2
8052,20261028,2
8053,20261028,2
8054,20261028,2
8055,20261028,2
8056,20261028,2
8057,20261028,2
8058,20261028,2
8059,20261028,2
8107,20261028,2
8108,20261028,2
8109,20261028,2
8110,20261028,2
8111,20261028,2
8112,20261028,2
8113,20261028,2
8114,20261028,2
8115,20261028,2
8116,20261028,2
8117,20261028,2
8118,20261028,2
8119,20261028,2
8120,20261028,2
8121,20261028,2
8122,20261028,2
8123,20261028,2
8124,20261028,2
8125,20261028,2
8126,20261028,2
8127,20261028,2
8128,20261028,2
8129,20261028,2
8130,20261028,2
8131,20261028,2
8132,20261028,2
8133,20261028,2
8134,20261028,2
8135,20261028,2
8136,20261028,2
8137,20261028,2
8138,20261028,2
8139,20261028,2
8140,20261028,2
8141,20261028,2
8142,20261028,2
8224,20261028,2
8225,20261028,2
8226,20261028,2
8227,20261028,2
8228,20261028,2
8229,20261028,2
8230,20261028,2
8231,20261028,2
8232,20261028,2
8233,20261028,2
8234,20261028,2
8235,20261028,2
8236,20261028,2
8237,20261028,2
8238,20261028,2
8239,20261028,2
8240,20261028,2
8241,20261028,2
8242,20261028,2
8243,20261028,2
8244,20261028,2
8245,20261028,2
8246,20261028,2
8247,20261028,2
8248,20261028,2
8249,20261028,2
8250,20261028,2
8251,20261028,2
8252,20261028,2
8253,20261028,2
8254,20261028,2
8255,20261028,2
8256,20261028,2
8257,20261028,2
8258,20261028,2
8259,20261028,2
8260,20261028,2
8261,20261028,2
8262,20261028,2
8263,20261028,2
8264,20261028,2
8265,20261028,2
8266,20261028,2
8267,20261028,2
8268,20261028,2
8269,20261028,2
8270,20261028,2
8350,20261028,2
8351,20261028,2
8352,20261028,2
8353,20261028,2
8354,20261028,2
8355,20261028,2
8356,20261028,2
8357,20261028,2
8358,20261028,2
8359,20261028,2
8360,20261028,2
8361,20261028,2
8362,20261028,2
8363,20261028,2
8364,20261028,2
8365,20261028,2
8366,20261028,2
8367,20261028,2
8368,20261028,2
8369,20261028,2
8370,20261028,2
8371,20261028,2
8372,20261028,2
8373,20261028,2
8374,20261028,2
8375,20261028,2
8376,20261028,2
8377,20261028,2
8378,20261028,2
8379,20261028,2
8380,20261028,2
8381,20261028,2
8382,20261028,2
8383,20261028,2
8384,20261028,2
8385,20261028,2
8386,20261028,2
8403,20261028,2
8411,20261028,2
8412,20261028,2
8416,20261028,2
8419,20261028,2
8420,20261028,2
8422,20261028,2
8423,20261028,2
8428,20261028,2
8429,20261028,2
8431,20261028,2
8432,20261028,2
8433,20261028,2
8434,20261028,2
8435,20261028,2
8439,20261028,2
8441,20261028,2
8444,20261028,2
8451,20261028,2
8453,20261028,2
8455,20261028,2
8457,20261028,2
8459,20261028,2
8461,20261028,2
8463,20261028,2
8464,20261028,2
8465,20261028,2
8466,20261028,2
8467,20261028,2
8468,20261028,2
8469,20261028,2
8470,20261028,2
8471,20261028,2
8472,20261028,2
8473,20261028,2
8474,20261028,2
8485,20261028,2
8486,20261028,2
8487,20261028,2
8488,20261028,2
8489,20261028,2
8490,20261028,2
8491,20261028,2
8492,20261028,2
8493,20261028,2
8494,20261028,2
8495,20261028,2
8496,20261028,2
8497,20261028,2
8498,20261028,2
8499,20261028,2
8500,20261028,2
8501,20261028,2
8502,20261028,2
8503,20261028,2
8504,20261028,2
8505,20261028,2
8506,20261028,2
8507,20261028,2
8527,20261028,2
8528,20261028,2
8531,20261028,2
8532,20261028,2
8533,20261028,2
8534,20261028,2
8539,20261028,2
8540,20261028,2
8541,20261028,2
8542,20261028,2
8543,20261028,2
8544,20261028,2
8545,20261028,2
8546,20261028,2
8547,20261028,2
8548,20261028,2
8549,20261028,2
8550,20261028,2
8551,20261028,2
8552,20261028,2
8553,20261028,2
8554,20261028,2
8555,20261028,2
8556,20261028,2
8557,20261028,2
8558,20261028,2
8559,20261028,2
8560,20261028,2
8561,20261028,2
8562,20261028,2
8563,20261028,2
8564,20261028,2
8565,20261028,2
8566,20261028,2
8567,20261028,2
8568,20261028,2
8569,20261028,2
8570,20261028,2
8571,20261028,2
8572,20261028,2
8573,20261028,2
8574,20261028,2
8575,20261028,2
8576,20261028,2
8577,20261028,2
8578,20261028,2
8579,20261028,2
8580,20261028,2
8581,20261028,2
8582,20261028,2
8583,20261028,2
8584,20261028,2
8585,20261028,2
8586,20261028,2
8587,20261028,2
8588,20261028,2
8589,20261028,2
8591,20261028,2
8592,20261028,2
8593,20261028,2
8594,20261028,2
8613,20261028,2
8614,20261028,2
8615,20261028,2
8616,20261028,2
8617,20261028,2
8618,20261028,2
8619,20261028,2
8620,20261028,2
8621,20261028,2
8622,20261028,2
8623,20261028,2
8624,20261028,2
8625,20261028,2
8626,20261028,2
8627,20261028,2
8628,20261028,2
8629,20261028,2
8630,20261028,2
8631,20261028,2
8632,20261028,2
8633,20261028,2
8634,20261028,2
8636,20261028,2
8637,20261028,2
8638,20261028,2
8639,20261028,2
8640,20261028,2
8641,20261028,2
8642,20261028,2
8643,20261028,2
8644,20261028,2
8645,20261028,2
8646,20261028,2
8647,20261028,2
8648,20261028,2
8649,20261028,2
8650,20261028,2
8651,20261028,2
8652,20261028,2
8653,20261028,2
8654,20261028,2
8655,20261028,2
8656,20261028,2
8657,20261028,2
8658,20261028,2
8659,20261028,2
8660,20261028,2
8661,20261028,2
8662,20261028,2
8663,20261028,2
8664,20261028,2
8665,20261028,2
8666,20261028,2
8667,20261028,2
8668,20261028,2
8669,20261028,2
8670,20261028,2
8671,20261028,2
8672,20261028,2
8673,20261028,2
8674,20261028,2
8675,20261028,2
8676,20261028,2
8677,20261028,2
8678,20261028,2
8679,20261028,2
8680,20261028,2
8681,20261028,2
8682,20261028,2
8683,20261028,2
8684,20261028,2
8685,20261028,2
8686,20261028,2
8687,20261028,2
8688,20261028,2
8689,20261028,2
8690,20261028,2
8691,20261028,2
8692,20261028,2
8693,20261028,2
8694,20261028,2
8695,20261028,2
8696,20261028,2
8697,20261028,2
8698,20261028,2
8699,20261028,2
8700,20261028,2
8701,20261028,2
8702,20261028,2
8703,20261028,2
8704,20261028,2
8705,20261028,2
8706,20261028,2
8707,20261028,2
8708,20261028,2
8709,20261028,2
8710,20261028,2
8711,20261028,2
8712,20261028,2
8713,20261028,2
8714,20261028,2
8715,20261028,2
8716,20261028,2
8735,20261028,2
8736,20261028,2
8737,20261028,2
8738,20261028,2
8739,20261028,2
8740,20261028,2
8741,20261028,2
8742,20261028,2
8743,20261028,2
8744,20261028,2
8753,20261028,2
8754,20261028,2
8755,20261028,2
8756,20261028,2
8757,20261028,2
8758,20261028,2
8759,20261028,2
8760,20261028,2
8761,20261028,2
8762,20261028,2
8763,20261028,2
8764,20261028,2
8765,20261028,2
8766,20261028,2
8767,20261028,2
8768,20261028,2
8769,20261028,2
8770,20261028,2
8771,20261028,2
8772,20261028,2
8773,20261028,2
8774,20261028,2
8775,20261028,2
8776,20261028,2
8795,20261028,2
8796,20261028,2
8797,20261028,2
8798,20261028,2
8799,20261028,2
8800,20261028,2
8801,20261028,2
8802,20261028,2
8803,20261028,2
8804,20261028,2
8805,20261028,2
8806,20261028,2
8807,20261028,2
8808,20261028,2
8809,20261028,2
8810,20261028,2
8811,20261028,2
8812,20261028,2
8813,20261028,2
8814,20261028,2
8815,20261028,2
8816,20261028,2
8817,20261028,2
8818,20261028,2
8819,20261028,2
8820,20261028,2
8821,20261028,2
8822,20261028,2
8823,20261028,2
8824,20261028,2
8894,20261028,2
8895,20261028,2
8896,20261028,2
8897,20261028,2
8898,20261028,2
8899,20261028,2
8900,20261028,2
8901,20261028,2
8902,20261028,2
8903,20261028,2
8904,20261028,2
8905,20261028,2
8906,20261028,2
8907,20261028,2
8908,20261028,2
8909,20261028,2
8910,20261028,2
8911,20261028,2
8912,20261028,2
8913,20261028,2
8914,20261028,2
8915,20261028,2
8916,20261028,2
8917,20261028,2
8918,20261028,2
8919,20261028,2
8920,20261028,2
8921,20261028,2
8922,20261028,2
8923,20261028,2
8924,20261028,2
8925,20261028,2
8926,20261028,2
8927,20261028,2
8928,20261028,2
8929,20261028,2
8930,20261028,2
8931,20261028,2
8932,20261028,2
8933,20261028,2
8934,20261028,2
8935,20261028,2
8936,20261028,2
8937,20261028,2
8938,20261028,2
8939,20261028,2
8962,20261028,2
8965,20261028,2
8966,20261028,2
8967,20261028,2
8968,20261028,2
8969,20261028,2
8970,20261028,2
8971,20261028,2
8972,20261028,2
8979,20261028,2
8980,20261028,2
8981,20261028,2
8982,20261028,2
8983,20261028,2
8984,20261028,2
8985,20261028,2
8986,20261028,2
8987,20261028,2
8988,20261028,2
8989,20261028,2
8990,20261028,2
8991,20261028,2
8992,20261028,2
8993,20261028,2
8994,20261028,2
8995,20261028,2
8996,20261028,2
8997,20261028,2
8998,20261028,2
8999,20261028,2
9000,20261028,2
9001,20261028,2
9002,20261028,2
9003,20261028,2
9004,20261028,2
9025,20261028,2
9026,20261028,2
9027,20261028,2
9028,20261028,2
9029,20261028,2
9030,20261028,2
9031,20261028,2
9032,20261028,2
9033,20261028,2
9034,20261028,2
9035,20261028,2
9036,20261028,2
9037,20261028,2
9038,20261028,2
9039,20261028,2
9040,20261028,2
9041,20261028,2
9042,20261028,2
9053,20261028,2
9054,20261028,2
9055,20261028,2
9056,20261028,2
9057,20261028,2
9058,20261028,2
9059,20261028,2
9060,20261028,2
9061,20261028,2
9062,20261028,2
9063,20261028,2
9064,20261028,2
9065,20261028,2
9066,20261028,2
9067,20261028,2
9068,20261028,2
9069,20261028,2
9070,20261028,2
9071,20261028,2
9072,20261028,2
9073,20261028,2
9074,20261028,2
9075,20261028,2
9076,20261028,2
9077,20261028,2
9078,20261028,2
9079,20261028,2
9080,20261028,2
9081,20261028,2
9082,20261028,2
9083,20261028,2
9084,20261028,2
9085,20261028,2
9090,20261028,2
9091,20261028,2
9092,20261028,2
9093,20261028,2
9094,20261028,2
9095,20261028,2
9096,20261028,2
9097,20261028,2
9098,20261028,2
9099,20261028,2
9100,20261028,2
9101,20261028,2
9102,20261028,2
9103,20261028,2
9104,20261028,2
9105,20261028,2
9106,20261028,2
9107,20261028,2
9108,20261028,2
9109,20261028,2
9110,20261028,2
9111,20261028,2
9112,20261028,2
9113,20261028,2
9114,20261028,2
9115,20261028,2
9116,20261028,2
9127,20261028,2
9128,20261028,2
9129,20261028,2
9130,20261028,2
9131,20261028,2
9132,20261028,2
9133,20261028,2
9134,20261028,2
9135,20261028,2
9136,20261028,2
9137,20261028,2
9138,20261028,2
9139,20261028,2
9140,20261028,2
9141,20261028,2
9142,20261028,2
9143,20261028,2
9144,20261028,2
9145,20261028,2
9146,20261028,2
9147,20261028,2
9148,20261028,2
9149,20261028,2
9150,20261028,2
9151,20261028,2
9152,20261028,2
9153,20261028,2
9154,20261028,2
9169,20261028,2
9170,20261028,2
9171,20261028,2
9172,20261028,2
9173,20261028,2
9174,20261028,2
9175,20261028,2
9176,20261028,2
9177,20261028,2
9178,20261028,2
9179,20261028,2
9180,20261028,2
9181,20261028,2
9182,20261028,2
9183,20261028,2
9184,20261028,2
9185,20261028,2
9186,20261028,2
9187,20261028,2
9188,20261028,2
9189,20261028,2
9190,20261028,2
9191,20261028,2
9192,20261028,2
9193,20261028,2
9194,20261028,2
9195,20261028,2
9196,20261028,2
9197,20261028,2
9198,20261028,2
9199,20261028,2
9200,20261028,2
9201,20261028,2
9202,20261028,2
9203,20261028,2
9204,20261028,2
9205,20261028,2
9206,20261028,2
9207,20261028,2
9208,20261028,2
9209,20261028,2
9210,20261028,2
9211,20261028,2
9212,20261028,2
9213,20261028,2
9240,20261028,2
9241,20261028,2
9242,20261028,2
9243,20261028,2
9244,20261028,2
9245,20261028,2
9246,20261028,2
9247,20261028,2
9248,20261028,2
9249,20261028,2
9250,20261028,2
9251,20261028,2
9252,20261028,2
9253,20261028,2
9254,20261028,2
9255,20261028,2
9256,20261028,2
9257,20261028,2
9258,20261028,2
9259,20261028,2
9260,20261028,2
9261,20261028,2
9262,20261028,2
9263,20261028,2
9264,20261028,2
9265,20261028,2
9266,20261028,2
9267,20261028,2
9268,20261028,2
9269,20261028,2
9270,20261028,2
9271,20261028,2
9272,20261028,2
9273,20261028,2
9274,20261028,2
9275,20261028,2
9276,20261028,2
9277,20261028,2
9362,20261028,2
9363,20261028,2
9364,20261028,2
9366,20261028,2
9367,20261028,2
9368,20261028,2
9369,20261028,2
9370,20261028,2
9371,20261028,2
9372,20261028,2
9373,20261028,2
9374,20261028,2
9375,20261028,2
9376,20261028,2
9377,20261028,2
9378,20261028,2
9379,20261028,2
9380,20261028,2
9381,20261028,2
9382,20261028,2
9383,20261028,2
9384,20261028,2
9385,20261028,2
9386,20261028,2
9387,20261028,2
9410,20261028,2
9411,20261028,2
9412,20261028,2
9413,20261028,2
9414,20261028,2
9415,20261028,2
9416,20261028,2
9417,20261028,2
9418,20261028,2
9419,20261028,2
9420,20261028,2
9421,20261028,2
9422,20261028,2
9423,20261028,2
9424,20261028,2
9425,20261028,2
9426,20261028,2
9427,20261028,2
9428,20261028,2
9429,20261028,2
9430,20261028,2
9431,20261028,2
9432,20261028,2
9433,20261028,2
9434,20261028,2
9435,20261028,2
9436,20261028,2
9437,20261028,2
9438,20261028,2
9439,20261028,2
9440,20261028,2
9441,20261028,2
9442,20261028,2
9443,20261028,2
9444,20261028,2
9445,20261028,2
9446,20261028,2
9447,20261028,2
9448,20261028,2
9460,20261028,2
9461,20261028,2
9462,20261028,2
9463,20261028,2
9464,20261028,2
9465,20261028,2
9466,20261028,2
9467,20261028,2
9468,20261028,2
9469,20261028,2
9470,20261028,2
9471,20261028,2
9476,20261028,2
9477,20261028,2
9478,20261028,2
9479,20261028,2
9480,20261028,2
9481,20261028,2
9482,20261028,2
9483,20261028,2
9484,20261028,2
9485,20261028,2
9486,20261028,2
9487,20261028,2
9488,20261028,2
9489,20261028,2
9504,20261028,2
9505,20261028,2
9506,20261028,2
9507,20261028,2
9508,20261028,2
9509,20261028,2
9510,20261028,2
9511,20261028,2
9512,20261028,2
9513,20261028,2
9514,20261028,2
9515,20261028,2
9516,20261028,2
9517,20261028,2
9518,20261028,2
9519,20261028,2
9520,20261028,2
9521,20261028,2
9522,20261028,2
9523,20261028,2
9524,20261028,2
9525,20261028,2
9526,20261028,2
9527,20261028,2
9528,20261028,2
9529,20261028,2
9530,20261028,2
9531,20261028,2
9532,20261028,2
9533,20261028,2
9534,20261028,2
9541,20261028,2
9542,20261028,2
9543,20261028,2
9544,20261028,2
9545,20261028,2
9546,20261028,2
9547,20261028,2
9548,20261028,2
9549,20261028,2
9550,20261028,2
9551,20261028,2
9561,20261028,2
9562,20261028,2
9563,20261028,2
9564,20261028,2
9565,20261028,2
9566,20261028,2
9567,20261028,2
9568,20261028,2
9569,20261028,2
9570,20261028,2
9571,20261028,2
9572,20261028,2
9573,20261028,2
9574,20261028,2
9575,20261028,2
9576,20261028,2
9577,20261028,2
9578,20261028,2
9579,20261028,2
9580,20261028,2
9581,20261028,2
9582,20261028,2
9583,20261028,2
9584,20261028,2
9585,20261028,2
9586,20261028,2
9587,20261028,2
9588,20261028,2
9589,20261028,2
9590,20261028,2
9591,20261028,2
9592,20261028,2
9593,20261028,2
9594,20261028,2
9595,20261028,2
9596,20261028,2
9597,20261028,2
9606,20261028,2
9607,20261028,2
9608,20261028,2
9609,20261028,2
9610,20261028,2
9611,20261028,2
9612,20261028,2
9613,20261028,2
9614,20261028,2
9615,20261028,2
9616,20261028,2
9617,20261028,2
9618,20261028,2
9619,20261028,2
9620,20261028,2
9621,20261028,2
9622,20261028,2
9623,20261028,2
9624,20261028,2
9625,20261028,2
9626,20261028,2
9627,20261028,2
9628,20261028,2
9629,20261028,2
9630,20261028,2
9631,20261028,2
9632,20261028,2
9633,20261028,2
9634,20261028,2
9635,20261028,2
9636,20261028,2
9637,20261028,2
9638,20261028,2
9639,20261028,2
9640,20261028,2
9641,20261028,2
9642,20261028,2
9643,20261028,2
9644,20261028,2
9645,20261028,2
9646,20261028,2
9647,20261028,2
9658,20261028,2
9659,20261028,2
9660,20261028,2
9661,20261028,2
9662,20261028,2
9663,20261028,2
9664,20261028,2
9665,20261028,2
9666,20261028,2
9667,20261028,2
9668,20261028,2
9669,20261028,2
9670,20261028,2
9671,20261028,2
9672,20261028,2
9673,20261028,2
9674,20261028,2
9675,20261028,2
9676,20261028,2
9677,20261028,2
9678,20261028,2
9679,20261028,2
9680,20261028,2
9681,20261028,2
9682,20261028,2
9683,20261028,2
9684,20261028,2
9685,20261028,2
9686,20261028,2
9687,20261028,2
9688,20261028,2
9770,20261028,2
9771,20261028,2
9772,20261028,2
9773,20261028,2
9774,20261028,2
9775,20261028,2
9776,20261028,2
9777,20261028,2
9778,20261028,2
9779,20261028,2
9780,20261028,2
9781,20261028,2
9782,20261028,2
9783,20261028,2
9784,20261028,2
9785,20261028,2
9786,20261028,2
9787,20261028,2
9788,20261028,2
9789,20261028,2
9790,20261028,2
9791,20261028,2
9792,20261028,2
9793,20261028,2
9794,20261028,2
9795,20261028,2
9796,20261028,2
9797,20261028,2
9798,20261028,2
9799,20261028,2
9800,20261028,2
9801,20261028,2
9802,20261028,2
9803,20261028,2
9804,20261028,2
9805,20261028,2
9806,20261028,2
9807,20261028,2
9830,20261028,2
9831,20261028,2
9832,20261028,2
9833,20261028,2
9836,20261028,2
9837,20261028,2
9838,20261028,2
9839,20261028,2
9840,20261028,2
9841,20261028,2
9842,20261028,2
9843,20261028,2
9844,20261028,2
9845,20261028,2
9846,20261028,2
9861,20261028,2
9862,20261028,2
9863,20261028,2
9864,20261028,2
9865,20261028,2
9866,20261028,2
9867,20261028,2
9868,20261028,2
9869,20261028,2
9870,20261028,2
9871,20261028,2
9872,20261028,2
9873,20261028,2
9874,20261028,2
9875,20261028,2
9876,20261028,2
9877,20261028,2
9878,20261028,2
9879,20261028,2
9880,20261028,2
9881,20261028,2
9882,20261028,2
9883,20261028,2
9884,20261028,2
9885,20261028,2
9886,20261028,2
9887,20261028,2
9888,20261028,2
9889,20261028,2
9890,20261028,2
9891,20261028,2
9892,20261028,2
9893,20261028,2
9894,20261028,2
9895,20261028,2
9896,20261028,2
9897,20261028,2
9898,20261028,2
9899,20261028,2
9900,20261028,2
9901,20261028,2
9902,20261028,2
9903,20261028,2
9904,20261028,2
9905,20261028,2
9906,20261028,2
9907,20261028,2
9908,20261028,2
10029,20261028,2
10030,20261028,2
10031,20261028,2
10032,20261028,2
10033,20261028,2
10034,20261028,2
10035,20261028,2
10036,20261028,2
10037,20261028,2
10038,20261028,2
10039,20261028,2
10040,20261028,2
10044,20261028,2
10045,20261028,2
10068,20261028,2
10069,20261028,2
10070,20261028,2
10071,20261028,2
10072,20261028,2
10073,20261028,2
10074,20261028,2
10075,20261028,2
10076,20261028,2
10077,20261028,2
10078,20261028,2
10079,20261028,2
10080,20261028,2
10081,20261028,2
10082,20261028,2
10083,20261028,2
10084,20261028,2
10085,20261028,2
10086,20261028,2
10087,20261028,2
10088,20261028,2
10089,20261028,2
10090,20261028,2
10091,20261028,2
10092,20261028,2
10093,20261028,2
10094,20261028,2
10095,20261028,2
10096,20261028,2
10097,20261028,2
10098,20261028,2
10099,20261028,2
10100,20261028,2
10101,20261028,2
10102,20261028,2
10103,20261028,2
10104,20261028,2
10105,20261028,2
10106,20261028,2
10107,20261028,2
10108,20261028,2
10109,20261028,2
10110,20261028,2
10111,20261028,2
10112,20261028,2
10113,20261028,2
10114,20261028,2
10115,20261028,2
10116,20261028,2
10117,20261028,2
10130,20261028,2
10131,20261028,2
10132,20261028,2
10133,20261028,2
10134,20261028,2
10135,20261028,2
10136,20261028,2
10137,20261028,2
10138,20261028,2
10139,20261028,2
10140,20261028,2
10141,20261028,2
10142,20261028,2
10143,20261028,2
10144,20261028,2
10145,20261028,2
10146,20261028,2
10147,20261028,2
10148,20261028,2
10149,20261028,2
10150,20261028,2
10151,20261028,2
10152,20261028,2
10153,20261028,2
10154,20261028,2
10155,20261028,2
10156,20261028,2
10157,20261028,2
10158,20261028,2
10159,20261028,2
10160,20261028,2
10161,20261028,2
10162,20261028,2
10163,20261028,2
10164,20261028,2
10165,20261028,2
10166,20261028,2
10167,20261028,2
10178,20261028,2
10179,20261028,2
10180,20261028,2
10181,20261028,2
10182,20261028,2
10183,20261028,2
10184,20261028,2
10185,20261028,2
10186,20261028,2
10187,20261028,2
10190,20261028,2
10191,20261028,2
10192,20261028,2
10193,20261028,2
10194,20261028,2
10195,20261028,2
10196,20261028,2
10197,20261028,2
10198,20261028,2
10199,20261028,2
10200,20261028,2
10201,20261028,2
10202,20261028,2
10203,20261028,2
10204,20261028,2
10205,20261028,2
10206,20261028,2
10207,20261028,2
10208,20261028,2
10209,20261028,2
10210,20261028,2
10211,20261028,2
10212,20261028,2
10213,20261028,2
10214,20261028,2
10215,20261028,2
10220,20261028,2
10222,20261028,2
10223,20261028,2
10224,20261028,2
10225,20261028,2
10226,20261028,2
10227,20261028,2
10228,20261028,2
10229,20261028,2
10230,20261028,2
10231,20261028,2
10232,20261028,2
10233,20261028,2
10251,20261028,2
10252,20261028,2
10253,20261028,2
10254,20261028,2
10255,20261028,2
10256,20261028,2
10257,20261028,2
10258,20261028,2
10259,20261028,2
10260,20261028,2
10261,20261028,2
10262,20261028,2
10263,20261028,2
10264,20261028,2
10265,20261028,2
10266,20261028,2
10267,20261028,2
10268,20261028,2
10269,20261028,2
10270,20261028,2
10271,20261028,2
10272,20261028,2
10273,20261028,2
10274,20261028,2
10275,20261028,2
10276,20261028,2
10277,20261028,2
10278,20261028,2
10279,20261028,2
10280,20261028,2
10281,20261028,2
10282,20261028,2
10283,20261028,2
10284,20261028,2
10285,20261028,2
10286,20261028,2
10287,20261028,2
10288,20261028,2
10289,20261028,2
10290,20261028,2
10291,20261028,2
10292,20261028,2
10293,20261028,2
10294,20261028,2
10295,20261028,2
10296,20261028,2
10297,20261028,2
10298,20261028,2
10299,20261028,2
10300,20261028,2
10301,20261028,2
10302,20261028,2
10303,20261028,2
10304,20261028,2
10305,20261028,2
10306,20261028,2
10334,20261028,2
10335,20261028,2
10336,20261028,2
10337,20261028,2
10338,20261028,2
10339,20261028,2
10340,20261028,2
10341,20261028,2
10342,20261028,2
10343,20261028,2
10348,20261028,2
10349,20261028,2
10350,20261028,2
10351,20261028,2
10352,20261028,2
10353,20261028,2
10354,20261028,2
10355,20261028,2
10356,20261028,2
10357,20261028,2
10358,20261028,2
10359,20261028,2
10360,20261028,2
10361,20261028,2
10362,20261028,2
10363,20261028,2
10364,20261028,2
10365,20261028,2
10366,20261028,2
10367,20261028,2
10368,20261028,2
10369,20261028,2
10370,20261028,2
10371,20261028,2
10372,20261028,2
10373,20261028,2
10374,20261028,2
10375,20261028,2
10376,20261028,2
10377,20261028,2
10378,20261028,2
10379,20261028,2
10380,20261028,2
10381,20261028,2
10398,20261028,2
10399,20261028,2
10400,20261028,2
10401,20261028,2
10402,20261028,2
10403,20261028,2
10404,20261028,2
10405,20261028,2
10406,20261028,2
10407,20261028,2
10408,20261028,2
10409,20261028,2
10410,20261028,2
10411,20261028,2
10412,20261028,2
10413,20261028,2
10414,20261028,2
10415,20261028,2
10416,20261028,2
10417,20261028,2
10418,20261028,2
10419,20261028,2
10420,20261028,2
10421,20261028,2
10422,20261028,2
10423,20261028,2
10424,20261028,2
10425,20261028,2
10426,20261028,2
10427,20261028,2
10428,20261028,2
10429,20261028,2
10430,20261028,2
10431,20261028,2
10432,20261028,2
10433,20261028,2
10434,20261028,2
10435,20261028,2
10453,20261028,2
10454,20261028,2
10455,20261028,2
10456,20261028,2
10457,20261028,2
10458,20261028,2
10459,20261028,2
10460,20261028,2
10461,20261028,2
10462,20261028,2
10463,20261028,2
10464,20261028,2
10465,20261028,2
10466,20261028,2
10467,20261028,2
10468,20261028,2
10469,20261028,2
10470,20261028,2
10471,20261028,2
10472,20261028,2
10473,20261028,2
10474,20261028,2
10506,20261028,2
10507,20261028,2
10508,20261028,2
10509,20261028,2
10510,20261028,2
10511,20261028,2
10512,20261028,2
10513,20261028,2
10514,20261028,2
10515,20261028,2
10516,20261028,2
10517,20261028,2
10518,20261028,2
10519,20261028,2
10520,20261028,2
10521,20261028,2
10522,20261028,2
10523,20261028,2
10524,20261028,2
10525,20261028,2
10526,20261028,2
10527,20261028,2
10528,20261028,2
10529,20261028,2
10530,20261028,2
10531,20261028,2
10532,20261028,2
10533,20261028,2
10534,20261028,2
10541,20261028,2
10542,20261028,2
10543,20261028,2
10544,20261028,2
10545,20261028,2
10546,20261028,2
10547,20261028,2
10548,20261028,2
10549,20261028,2
10550,20261028,2
10551,20261028,2
10552,20261028,2
10553,20261028,2
10554,20261028,2
10555,20261028,2
10556,20261028,2
10557,20261028,2
10558,20261028,2
10559,20261028,2
10560,20261028,2
10561,20261028,2
10562,20261028,2
10563,20261028,2
10564,20261028,2
10565,20261028,2
10566,20261028,2
10567,20261028,2
10568,20261028,2
10569,20261028,2
10570,20261028,2
10571,20261028,2
10572,20261028,2
10573,20261028,2
10574,20261028,2
10575,20261028,2
10576,20261028,2
10577,20261028,2
10659,20261028,2
10660,20261028,2
10661,20261028,2
10662,20261028,2
10663,20261028,2
10664,20261028,2
10665,20261028,2
10666,20261028,2
10668,20261028,2
10669,20261028,2
10670,20261028,2
10671,20261028,2
10672,20261028,2
10673,20261028,2
10674,20261028,2
10675,20261028,2
10676,20261028,2
10677,20261028,2
10678,20261028,2
10679,20261028,2
10681,20261028,2
10682,20261028,2
10683,20261028,2
10684,20261028,2
10685,20261028,2
10686,20261028,2
10687,20261028,2
10688,20261028,2
10689,20261028,2
10690,20261028,2
10691,20261028,2
10692,20261028,2
10702,20261028,2
10703,20261028,2
10704,20261028,2
10705,20261028,2
10706,20261028,2
10707,20261028,2
10708,20261028,2
10709,20261028,2
10710,20261028,2
10711,20261028,2
10712,20261028,2
10713,20261028,2
10714,20261028,2
10715,20261028,2
10716,20261028,2
10717,20261028,2
10718,20261028,2
10719,20261028,2
10720,20261028,2
10721,20261028,2
10722,20261028,2
10723,20261028,2
10743,20261028,2
10744,20261028,2
10745,20261028,2
10746,20261028,2
10747,20261028,2
10748,20261028,2
10749,20261028,2
10750,20261028,2
10751,20261028,2
10752,20261028,2
10753,20261028,2
10789,20261028,2
10790,20261028,2
10791,20261028,2
10792,20261028,2
10793,20261028,2
10794,20261028,2
10795,20261028,2
10796,20261028,2
10797,20261028,2
10798,20261028,2
10799,20261028,2
10800,20261028,2
10801,20261028,2
10802,20261028,2
10803,20261028,2
10804,20261028,2
10805,20261028,2
10806,20261028,2
10807,20261028,2
10808,20261028,2
10809,20261028,2
10810,20261028,2
10811,20261028,2
10812,20261028,2
10813,20261028,2
10814,20261028,2
10815,20261028,2
10816,20261028,2
10817,20261028,2
10818,20261028,2
10819,20261028,2
10820,20261028,2
10821,20261028,2
10822,20261028,2
10823,20261028,2
10824,20261028,2
10825,20261028,2
10826,20261028,2
10827,20261028,2
10828,20261028,2
10829,20261028,2
10830,20261028,2
10831,20261028,2
10832,20261028,2
10833,20261028,2
10834,20261028,2
10847,20261028,2
10848,20261028,2
10849,20261028,2
10850,20261028,2
10851,20261028,2
10852,20261028,2
10853,20261028,2
10854,20261028,2
10855,20261028,2
10856,20261028,2
10857,20261028,2
10858,20261028,2
10859,20261028,2
10860,20261028,2
10861,20261028,2
10862,20261028,2
10863,20261028,2
10864,20261028,2
10865,20261028,2
10866,20261028,2
10901,20261028,2
10902,20261028,2
10905,20261028,2
10906,20261028,2
10907,20261028,2
10908,20261028,2
10909,20261028,2
10910,20261028,2
10911,20261028,2
10912,20261028,2
10913,20261028,2
10914,20261028,2
10915,20261028,2
10916,20261028,2
10917,20261028,2
10918,20261028,2
10919,20261028,2
10920,20261028,2
10921,20261028,2
10922,20261028,2
10923,20261028,2
10924,20261028,2
10925,20261028,2
10926,20261028,2
10927,20261028,2
10928,20261028,2
10969,20261028,2
10970,20261028,2
10971,20261028,2
10972,20261028,2
10985,20261028,2
10986,20261028,2
10987,20261028,2
10988,20261028,2
10989,20261028,2
10990,20261028,2
10991,20261028,2
10992,20261028,2
10993,20261028,2
10994,20261028,2
10995,20261028,2
10996,20261028,2
11007,20261028,2
11008,20261028,2
11009,20261028,2
11010,20261028,2
11011,20261028,2
11012,20261028,2
11013,20261028,2
11014,20261028,2
11015,20261028,2
11016,20261028,2
11017,20261028,2
11018,20261028,2
11019,20261028,2
11020,20261028,2
11021,20261028,2
11022,20261028,2
11023,20261028,2
11024,20261028,2
11025,20261028,2
11026,20261028,2
11070,20261028,2
11071,20261028,2
11072,20261028,2
11073,20261028,2
11074,20261028,2
11075,20261028,2
11076,20261028,2
11077,20261028,2
11078,20261028,2
11079,20261028,2
11080,20261028,2
11081,20261028,2
11082,20261028,2
11083,20261028,2
11084,20261028,2
11085,20261028,2
11086,20261028,2
11087,20261028,2
11088,20261028,2
11089,20261028,2
11093,20261028,2
11094,20261028,2
11095,20261028,2
11096,20261028,2
11097,20261028,2
11098,20261028,2
11099,20261028,2
11100,20261028,2
11101,20261028,2
11102,20261028,2
11103,20261028,2
11104,20261028,2
11105,20261028,2
11106,20261028,2
11107,20261028,2
11108,20261028,2
11109,20261028,2
11110,20261028,2
11111,20261028,2
11112,20261028,2
11113,20261028,2
11114,20261028,2
11115,20261028,2
11116,20261028,2
11117,20261028,2
11118,20261028,2
11119,20261028,2
11139,20261028,2
11140,20261028,2
11143,20261028,2
11144,20261028,2
11145,20261028,2
11146,20261028,2
11147,20261028,2
11148,20261028,2
11149,20261028,2
11150,20261028,2
11151,20261028,2
11152,20261028,2
11153,20261028,2
11154,20261028,2
11155,20261028,2
11156,20261028,2
11157,20261028,2
11158,20261028,2
11159,20261028,2
11160,20261028,2
11161,20261028,2
11162,20261028,2
11163,20261028,2
11164,20261028,2
11165,20261028,2
11166,20261028,2
11172,20261028,2
11173,20261028,2
11174,20261028,2
11175,20261028,2
11176,20261028,2
11177,20261028,2
11178,20261028,2
11179,20261028,2
11180,20261028,2
11181,20261028,2
11182,20261028,2
11183,20261028,2
11184,20261028,2
11185,20261028,2
11186,20261028,2
11187,20261028,2
11213,20261028,2
11214,20261028,2
11215,20261028,2
11216,20261028,2
11217,20261028,2
11218,20261028,2
11219,20261028,2
11220,20261028,2
11221,20261028,2
11222,20261028,2
11223,20261028,2
11224,20261028,2
11225,20261028,2
11226,20261028,2
11227,20261028,2
11228,20261028,2
11229,20261028,2
11230,20261028,2
11231,20261028,2
11232,20261028,2
11233,20261028,2
11234,20261028,2
11250,20261028,2
11251,20261028,2
11252,20261028,2
11253,20261028,2
11254,20261028,2
11255,20261028,2
11256,20261028,2
11257,20261028,2
11258,20261028,2
11259,20261028,2
11260,20261028,2
11261,20261028,2
11262,20261028,2
11263,20261028,2
11264,20261028,2
11265,20261028,2
11266,20261028,2
11267,20261028,2
11268,20261028,2
11269,20261028,2
11270,20261028,2
11271,20261028,2
11272,20261028,2
11273,20261028,2
11274,20261028,2
11275,20261028,2
11319,20261028,2
11320,20261028,2
11321,20261028,2
11322,20261028,2
11323,20261028,2
11324,20261028,2
11325,20261028,2
11326,20261028,2
11327,20261028,2
11328,20261028,2
11329,20261028,2
11330,20261028,2
11331,20261028,2
11332,20261028,2
11333,20261028,2
11334,20261028,2
11335,20261028,2
11336,20261028,2
11337,20261028,2
11338,20261028,2
11339,20261028,2
11340,20261028,2
11341,20261028,2
11342,20261028,2
11343,20261028,2
11344,20261028,2
11345,20261028,2
11346,20261028,2
11347,20261028,2
11348,20261028,2
11349,20261028,2
11350,20261028,2
11351,20261028,2
11352,20261028,2
11353,20261028,2
11354,20261028,2
11355,20261028,2
11356,20261028,2
11357,20261028,2
11358,20261028,2
11359,20261028,2
11360,20261028,2
11366,20261028,2
11367,20261028,2
11368,20261028,2
11369,20261028,2
11370,20261028,2
11371,20261028,2
11372,20261028,2
11373,20261028,2
11374,20261028,2
11375,20261028,2
11376,20261028,2
11377,20261028,2
11378,20261028,2
11379,20261028,2
11380,20261028,2
11381,20261028,2
11382,20261028,2
11383,20261028,2
11384,20261028,2
11385,20261028,2
11386,20261028,2
11387,20261028,2
11388,20261028,2
11389,20261028,2
11390,20261028,2
11391,20261028,2
11392,20261028,2
11393,20261028,2
11394,20261028,2
11395,20261028,2
11396,20261028,2
11397,20261028,2
11398,20261028,2
11399,20261028,2
11410,20261028,2
11411,20261028,2
11412,20261028,2
11413,20261028,2
11414,20261028,2
11415,20261028,2
11416,20261028,2
11417,20261028,2
11418,20261028,2
11419,20261028,2
11420,20261028,2
11421,20261028,2
11422,20261028,2
11423,20261028,2
11424,20261028,2
11425,20261028,2
11426,20261028,2
11427,20261028,2
11428,20261028,2
11429,20261028,2
11430,20261028,2
11431,20261028,2
11432,20261028,2
11433,20261028,2
11434,20261028,2
11435,20261028,2
11436,20261028,2
11437,20261028,2
11438,20261028,2
11439,20261028,2
11440,20261028,2
11441,20261028,2
11442,20261028,2
11443,20261028,2
11444,20261028,2
11445,20261028,2
11446,20261028,2
11447,20261028,2
11448,20261028,2
11449,20261028,2
11450,20261028,2
11451,20261028,2
11452,20261028,2
11470,20261028,2
11471,20261028,2
11472,20261028,2
11473,20261028,2
11474,20261028,2
11475,20261028,2
11476,20261028,2
11477,20261028,2
11478,20261028,2
11479,20261028,2
11480,20261028,2
11481,20261028,2
11482,20261028,2
11483,20261028,2
11484,20261028,2
11498,20261028,2
11499,20261028,2
11500,20261028,2
11501,20261028,2
11502,20261028,2
11503,20261028,2
11504,20261028,2
11505,20261028,2
11506,20261028,2
11507,20261028,2
11508,20261028,2
11509,20261028,2
11510,20261028,2
11511,20261028,2
11512,20261028,2
11513,20261028,2
11514,20261028,2
11515,20261028,2
11516,20261028,2
11517,20261028,2
11518,20261028,2
11519,20261028,2
11520,20261028,2
11521,20261028,2
11522,20261028,2
11523,20261028,2
11524,20261028,2
11525,20261028,2
11526,20261028,2
11527,20261028,2
11528,20261028,2
11529,20261028,2
11530,20261028,2
11531,20261028,2
11532,20261028,2
11533,20261028,2
11534,20261028,2
11535,20261028,2
11536,20261028,2
11537,20261028,2
11538,20261028,2
11539,20261028,2
11540,20261028,2
11541,20261028,2
11559,20261028,2
11560,20261028,2
11561,20261028,2
11562,20261028,2
11563,20261028,2
11564,20261028,2
11565,20261028,2
11566,20261028,2
11567,20261028,2
11568,20261028,2
11569,20261028,2
11570,20261028,2
11571,20261028,2
11572,20261028,2
11573,20261028,2
11574,20261028,2
11575,20261028,2
11576,20261028,2
11577,20261028,2
11578,20261028,2
11579,20261028,2
11580,20261028,2
11581,20261028,2
11582,20261028,2
11583,20261028,2
11584,20261028,2
11585,20261028,2
11586,20261028,2
11596,20261028,2
11597,20261028,2
11598,20261028,2
11599,20261028,2
11600,20261028,2
11601,20261028,2
11602,20261028,2
11603,20261028,2
11604,20261028,2
11605,20261028,2
11606,20261028,2
11607,20261028,2
11608,20261028,2
11609,20261028,2
11610,20261028,2
11611,20261028,2
11612,20261028,2
11616,20261028,2
11617,20261028,2
11618,20261028,2
11619,20261028,2
11620,20261028,2
11621,20261028,2
11622,20261028,2
11623,20261028,2
11624,20261028,2
11625,20261028,2
11626,20261028,2
11627,20261028,2
11628,20261028,2
11629,20261028,2
11630,20261028,2
11631,20261028,2
11632,20261028,2
11633,20261028,2
11647,20261028,2
11648,20261028,2
11649,20261028,2
11650,20261028,2
11651,20261028,2
11652,20261028,2
11653,20261028,2
11654,20261028,2
11655,20261028,2
11656,20261028,2
11657,20261028,2
11658,20261028,2
11659,20261028,2
11660,20261028,2
11661,20261028,2
11662,20261028,2
11663,20261028,2
11664,20261028,2
11665,20261028,2
11666,20261028,2
11667,20261028,2
11668,20261028,2
11669,20261028,2
11670,20261028,2
11671,20261028,2
11672,20261028,2
11673,20261028,2
11674,20261028,2
11675,20261028,2
11676,20261028,2
11677,20261028,2
11678,20261028,2
11679,20261028,2
11680,20261028,2
11681,20261028,2
11682,20261028,2
11683,20261028,2
11684,20261028,2
11685,20261028,2
11686,20261028,2
11687,20261028,2
11688,20261028,2
11689,20261028,2
11690,20261028,2
11691,20261028,2
11692,20261028,2
11693,20261028,2
11699,20261028,2
11700,20261028,2
11701,20261028,2
11702,20261028,2
11703,20261028,2
11704,20261028,2
11705,20261028,2
11706,20261028,2
11707,20261028,2
11708,20261028,2
11709,20261028,2
11710,20261028,2
11711,20261028,2
11712,20261028,2
11713,20261028,2
11714,20261028,2
11715,20261028,2
11716,20261028,2
11717,20261028,2
11718,20261028,2
11781,20261028,2
11782,20261028,2
11783,20261028,2
11784,20261028,2
11785,20261028,2
11786,20261028,2
11787,20261028,2
11788,20261028,2
11789,20261028,2
11790,20261028,2
11791,20261028,2
11792,20261028,2
11793,20261028,2
11794,20261028,2
11795,20261028,2
11796,20261028,2
11797,20261028,2
11798,20261028,2
11799,20261028,2
11800,20261028,2
11801,20261028,2
11802,20261028,2
11803,20261028,2
11804,20261028,2
11809,20261028,2
11810,20261028,2
11811,20261028,2
11812,20261028,2
11813,20261028,2
11814,20261028,2
11815,20261028,2
11816,20261028,2
11817,20261028,2
11818,20261028,2
11819,20261028,2
11820,20261028,2
11821,20261028,2
11822,20261028,2
11823,20261028,2
11824,20261028,2
11825,20261028,2
11826,20261028,2
11827,20261028,2
11828,20261028,2
11829,20261028,2
11830,20261028,2
11831,20261028,2
11832,20261028,2
11833,20261028,2
11834,20261028,2
11835,20261028,2
11836,20261028,2
11837,20261028,2
11838,20261028,2
11839,20261028,2
11840,20261028,2
11841,20261028,2
11842,20261028,2
11843,20261028,2
11844,20261028,2
11845,20261028,2
11846,20261028,2
11847,20261028,2
11848,20261028,2
11849,20261028,2
11850,20261028,2
11851,20261028,2
11852,20261028,2
11853,20261028,2
11854,20261028,2
11855,20261028,2
11856,20261028,2
11857,20261028,2
11858,20261028,2
11859,20261028,2
11860,20261028,2
11861,20261028,2
11878,20261028,2
11879,20261028,2
11880,20261028,2
11882,20261028,2
11883,20261028,2
11884,20261028,2
11885,20261028,2
11886,20261028,2
11887,20261028,2
11888,20261028,2
11889,20261028,2
11890,20261028,2
11891,20261028,2
11892,20261028,2
11894,20261028,2
11895,20261028,2
11896,20261028,2
11897,20261028,2
11898,20261028,2
11899,20261028,2
11900,20261028,2
11901,20261028,2
11902,20261028,2
11903,20261028,2
11904,20261028,2
11905,20261028,2
11906,20261028,2
11907,20261028,2
11908,20261028,2
11909,20261028,2
11910,20261028,2
11911,20261028,2
11912,20261028,2
11913,20261028,2
11914,20261028,2
11915,20261028,2
11916,20261028,2
11917,20261028,2
11918,20261028,2
11919,20261028,2
11920,20261028,2
11921,20261028,2
11922,20261028,2
11923,20261028,2
11924,20261028,2
11925,20261028,2
11926,20261028,2
11932,20261028,2
11933,20261028,2
11934,20261028,2
11935,20261028,2
11936,20261028,2
11937,20261028,2
11938,20261028,2
11939,20261028,2
11940,20261028,2
11941,20261028,2
11942,20261028,2
11943,20261028,2
11944,20261028,2
11945,20261028,2
11946,20261028,2
11947,20261028,2
11948,20261028,2
11949,20261028,2
11950,20261028,2
11951,20261028,2
11952,20261028,2
11953,20261028,2
11954,20261028,2
11955,20261028,2
11965,20261028,2
11967,20261028,2
11969,20261028,2
11972,20261028,2
11974,20261028,2
11975,20261028,2
11981,20261028,2
11982,20261028,2
11983,20261028,2
11984,20261028,2
11985,20261028,2
11990,20261028,2
11991,20261028,2
11992,20261028,2
11993,20261028,2
11994,20261028,2
11995,20261028,2
11996,20261028,2
11997,20261028,2
11998,20261028,2
12001,20261028,2
12002,20261028,2
12003,20261028,2
12004,20261028,2
12005,20261028,2
12006,20261028,2
12007,20261028,2
12008,20261028,2
12009,20261028,2
12010,20261028,2
12011,20261028,2
12012,20261028,2
12013,20261028,2
12014,20261028,2
12015,20261028,2
12016,20261028,2
12017,20261028,2
12018,20261028,2
12019,20261028,2
12033,20261028,2
12051,20261028,2
12052,20261028,2
12053,20261028,2
12054,20261028,2
12055,20261028,2
12056,20261028,2
12057,20261028,2
12058,20261028,2
12059,20261028,2
12060,20261028,2
12061,20261028,2
12062,20261028,2
12063,20261028,2
12064,20261028,2
12065,20261028,2
12066,20261028,2
12133,20261028,2
12134,20261028,2
12135,20261028,2
12136,20261028,2
12137,20261028,2
12138,20261028,2
12139,20261028,2
12140,20261028,2
12141,20261028,2
12142,20261028,2
12143,20261028,2
12144,20261028,2
12145,20261028,2
12146,20261028,2
12147,20261028,2
12148,20261028,2
12149,20261028,2
12150,20261028,2
12151,20261028,2
12152,20261028,2
12153,20261028,2
12154,20261028,2
12155,20261028,2
12156,20261028,2
12157,20261028,2
12206,20261028,2
12207,20261028,2
12208,20261028,2
12209,20261028,2
12210,20261028,2
12211,20261028,2
12212,20261028,2
12213,20261028,2
12214,20261028,2
12215,20261028,2
12216,20261028,2
12217,20261028,2
12218,20261028,2
12219,20261028,2
12220,20261028,2
12221,20261028,2
12222,20261028,2
12225,20261028,2
12226,20261028,2
12227,20261028,2
12228,20261028,2
12229,20261028,2
12230,20261028,2
12231,20261028,2
12232,20261028,2
12233,20261028,2
12234,20261028,2
12235,20261028,2
12236,20261028,2
12237,20261028,2
12238,20261028,2
12239,20261028,2
12240,20261028,2
12241,20261028,2
12242,20261028,2
12243,20261028,2
12244,20261028,2
12245,20261028,2
12246,20261028,2
12247,20261028,2
12248,20261028,2
12249,20261028,2
12250,20261028,2
12264,20261028,2
12265,20261028,2
12266,20261028,2
12267,20261028,2
12268,20261028,2
12269,20261028,2
12270,20261028,2
12271,20261028,2
12272,20261028,2
12273,20261028,2
12274,20261028,2
12275,20261028,2
12276,20261028,2
12277,20261028,2
12278,20261028,2
12279,20261028,2
12280,20261028,2
12281,20261028,2
12282,20261028,2
12283,20261028,2
12284,20261028,2
12285,20261028,2
12286,20261028,2
12298,20261028,2
12299,20261028,2
12300,20261028,2
12301,20261028,2
12302,20261028,2
12303,20261028,2
12304,20261028,2
12305,20261028,2
12306,20261028,2
12307,20261028,2
12308,20261028,2
12309,20261028,2
12310,20261028,2
12311,20261028,2
12312,20261028,2
12318,20261028,2
12319,20261028,2
12320,20261028,2
12321,20261028,2
12322,20261028,2
12323,20261028,2
12324,20261028,2
12325,20261028,2
12327,20261028,2
12328,20261028,2
12329,20261028,2
12330,20261028,2
12331,20261028,2
12332,20261028,2
12333,20261028,2
12334,20261028,2
12335,20261028,2
12336,20261028,2
12337,20261028,2
12338,20261028,2
12339,20261028,2
12340,20261028,2
12341,20261028,2
12342,20261028,2
12343,20261028,2
12352,20261028,2
12353,20261028,2
12354,20261028,2
12355,20261028,2
12356,20261028,2
12357,20261028,2
12358,20261028,2
12359,20261028,2
12360,20261028,2
12361,20261028,2
12362,20261028,2
12363,20261028,2
12364,20261028,2
12365,20261028,2
12366,20261028,2
12367,20261028,2
12368,20261028,2
12369,20261028,2
12370,20261028,2
12371,20261028,2
12372,20261028,2
12373,20261028,2
12374,20261028,2
12375,20261028,2
12376,20261028,2
12377,20261028,2
12378,20261028,2
12379,20261028,2
12380,20261028,2
12381,20261028,2
12382,20261028,2
12383,20261028,2
12384,20261028,2
12385,20261028,2
12390,20261028,2
12391,20261028,2
12392,20261028,2
12393,20261028,2
12394,20261028,2
12395,20261028,2
12396,20261028,2
12397,20261028,2
12398,20261028,2
12399,20261028,2
12400,20261028,2
12401,20261028,2
12402,20261028,2
12403,20261028,2
12404,20261028,2
12405,20261028,2
12406,20261028,2
12407,20261028,2
12408,20261028,2
12410,20261028,2
12411,20261028,2
12412,20261028,2
12413,20261028,2
12414,20261028,2
12415,20261028,2
12416,20261028,2
12417,20261028,2
12418,20261028,2
12419,20261028,2
12420,20261028,2
12421,20261028,2
12422,20261028,2
12428,20261028,2
12429,20261028,2
12430,20261028,2
12431,20261028,2
12432,20261028,2
12433,20261028,2
12434,20261028,2
12435,20261028,2
12436,20261028,2
12437,20261028,2
12438,20261028,2
12439,20261028,2
12440,20261028,2
12441,20261028,2
12442,20261028,2
12443,20261028,2
12444,20261028,2
12445,20261028,2
12446,20261028,2
12447,20261028,2
12448,20261028,2
12449,20261028,2
12450,20261028,2
12451,20261028,2
12452,20261028,2
12453,20261028,2
12454,20261028,2
12455,20261028,2
12456,20261028,2
12461,20261028,2
12462,20261028,2
12463,20261028,2
12464,20261028,2
12465,20261028,2
12466,20261028,2
12467,20261028,2
12468,20261028,2
12469,20261028,2
12470,20261028,2
12471,20261028,2
12472,20261028,2
12473,20261028,2
12474,20261028,2
12475,20261028,2
12476,20261028,2
12477,20261028,2
12478,20261028,2
12479,20261028,2
12480,20261028,2
12481,20261028,2
12482,20261028,2
12483,20261028,2
12484,20261028,2
12485,20261028,2
12486,20261028,2
12487,20261028,2
12488,20261028,2
12489,20261028,2
12490,20261028,2
12505,20261028,2
12506,20261028,2
12507,20261028,2
12508,20261028,2
12509,20261028,2
12510,20261028,2
12511,20261028,2
12512,20261028,2
12513,20261028,2
12514,20261028,2
12515,20261028,2
12516,20261028,2
12517,20261028,2
12518,20261028,2
12519,20261028,2
12520,20261028,2
12521,20261028,2
12522,20261028,2
12523,20261028,2
12524,20261028,2
12525,20261028,2
12526,20261028,2
12527,20261028,2
12528,20261028,2
12529,20261028,2
12530,20261028,2
12546,20261028,2
12547,20261028,2
12548,20261028,2
12549,20261028,2
12550,20261028,2
12551,20261028,2
12552,20261028,2
12553,20261028,2
12554,20261028,2
12555,20261028,2
12556,20261028,2
12557,20261028,2
12558,20261028,2
12559,20261028,2
12560,20261028,2
12561,20261028,2
12562,20261028,2
12563,20261028,2
12564,20261028,2
12565,20261028,2
12566,20261028,2
12567,20261028,2
12568,20261028,2
12569,20261028,2
12570,20261028,2
12571,20261028,2
12572,20261028,2
12573,20261028,2
12574,20261028,2
12577,20261028,2
12578,20261028,2
12579,20261028,2
12580,20261028,2
12581,20261028,2
12582,20261028,2
12583,20261028,2
12584,20261028,2
12585,20261028,2
12586,20261028,2
12587,20261028,2
12588,20261028,2
12589,20261028,2
12590,20261028,2
12591,20261028,2
12592,20261028,2
12593,20261028,2
12601,20261028,2
12602,20261028,2
12603,20261028,2
12604,20261028,2
12605,20261028,2
12606,20261028,2
12607,20261028,2
12608,20261028,2
12609,20261028,2
12610,20261028,2
12611,20261028,2
12612,20261028,2
12613,20261028,2
12614,20261028,2
12615,20261028,2
12625,20261028,2
12626,20261028,2
12627,20261028,2
12628,20261028,2
12629,20261028,2
12630,20261028,2
12631,20261028,2
12632,20261028,2
12633,20261028,2
12634,20261028,2
12635,20261028,2
12636,20261028,2
12637,20261028,2
12638,20261028,2
12639,20261028,2
12640,20261028,2
12641,20261028,2
12642,20261028,2
12643,20261028,2
12644,20261028,2
12645,20261028,2
12646,20261028,2
12647,20261028,2
12648,20261028,2
12649,20261028,2
12650,20261028,2
12651,20261028,2
12652,20261028,2
12653,20261028,2
12654,20261028,2
12655,20261028,2
12656,20261028,2
12657,20261028,2
12658,20261028,2
12659,20261028,2
12660,20261028,2
12661,20261028,2
12662,20261028,2
12663,20261028,2
12664,20261028,2
12665,20261028,2
12666,20261028,2
12695,20261028,2
12696,20261028,2
12697,20261028,2
12698,20261028,2
12699,20261028,2
12700,20261028,2
12701,20261028,2
12702,20261028,2
12703,20261028,2
12704,20261028,2
12705,20261028,2
12706,20261028,2
12707,20261028,2
12708,20261028,2
12709,20261028,2
12710,20261028,2
12711,20261028,2
12712,20261028,2
12713,20261028,2
12714,20261028,2
12715,20261028,2
12716,20261028,2
12717,20261028,2
12718,20261028,2
12719,20261028,2
12720,20261028,2
12721,20261028,2
12722,20261028,2
12723,20261028,2
12724,20261028,2
12725,20261028,2
12726,20261028,2
12727,20261028,2
12728,20261028,2
12729,20261028,2
12730,20261028,2
12731,20261028,2
12732,20261028,2
12733,20261028,2
12748,20261028,2
12749,20261028,2
12750,20261028,2
12751,20261028,2
12752,20261028,2
12753,20261028,2
12754,20261028,2
12755,20261028,2
12756,20261028,2
12757,20261028,2
12758,20261028,2
12759,20261028,2
12760,20261028,2
12761,20261028,2
12773,20261028,2
12774,20261028,2
12775,20261028,2
12776,20261028,2
12777,20261028,2
12778,20261028,2
12779,20261028,2
12780,20261028,2
12781,20261028,2
12782,20261028,2
12783,20261028,2
12784,20261028,2
12785,20261028,2
12786,20261028,2
12787,20261028,2
12788,20261028,2
12789,20261028,2
12790,20261028,2
12791,20261028,2
12792,20261028,2
12793,20261028,2
12794,20261028,2
12795,20261028,2
12796,20261028,2
12797,20261028,2
12798,20261028,2
12799,20261028,2
12800,20261028,2
12801,20261028,2
12815,20261028,2
12825,20261028,2
12826,20261028,2
12827,20261028,2
12828,20261028,2
12829,20261028,2
12830,20261028,2
12840,20261028,2
12841,20261028,2
12843,20261028,2
12844,20261028,2
12846,20261028,2
12847,20261028,2
12849,20261028,2
12850,20261028,2
12851,20261028,2
12852,20261028,2
12853,20261028,2
12854,20261028,2
12855,20261028,2
12856,20261028,2
12857,20261028,2
12858,20261028,2
12859,20261028,2
12860,20261028,2
12861,20261028,2
12863,20261028,2
12864,20261028,2
12865,20261028,2
12866,20261028,2
12867,20261028,2
12868,20261028,2
12869,20261028,2
12875,20261028,2
12880,20261028,2
12883,20261028,2
12885,20261028,2
12887,20261028,2
12888,20261028,2
12889,20261028,2
12890,20261028,2
12892,20261028,2
12893,20261028,2
12894,20261028,2
12895,20261028,2
12896,20261028,2
12899,20261028,2
12900,20261028,2
12901,20261028,2
12902,20261028,2
12903,20261028,2
12904,20261028,2
12905,20261028,2
12906,20261028,2
12907,20261028,2
12909,20261028,2
12910,20261028,2
12911,20261028,2
12912,20261028,2
12913,20261028,2
12914,20261028,2
12915,20261028,2
12916,20261028,2
12917,20261028,2
12918,20261028,2
12919,20261028,2
12920,20261028,2
12921,20261028,2
12922,20261028,2
12923,20261028,2
12924,20261028,2
12925,20261028,2
12926,20261028,2
12927,20261028,2
12928,20261028,2
12929,20261028,2
12930,20261028,2
12931,20261028,2
12932,20261028,2
12933,20261028,2
12934,20261028,2
12935,20261028,2
12936,20261028,2
12937,20261028,2
12938,20261028,2
12939,20261028,2
12940,20261028,2
12941,20261028,2
12942,20261028,2
12955,20261028,2
12956,20261028,2
12957,20261028,2
12958,20261028,2
12959,20261028,2
12960,20261028,2
12961,20261028,2
12965,20261028,2
12967,20261028,2
12970,20261028,2
12972,20261028,2
12973,20261028,2
12976,20261028,2
12977,20261028,2
12981,20261028,2
12982,20261028,2
12983,20261028,2
12984,20261028,2
12987,20261028,2
12989,20261028,2
12990,20261028,2
12991,20261028,2
12992,20261028,2
12993,20261028,2
12995,20261028,2
12996,20261028,2
12998,20261028,2
12999,20261028,2
13000,20261028,2
13001,20261028,2
13002,20261028,2
13003,20261028,2
13004,20261028,2
13005,20261028,2
13006,20261028,2
13007,20261028,2
13009,20261028,2
13010,20261028,2
13011,20261028,2
13012,20261028,2
13013,20261028,2
13014,20261028,2
13015,20261028,2
13016,20261028,2
13018,20261028,2
13019,20261028,2
13020,20261028,2
13022,20261028,2
13023,20261028,2
13024,20261028,2
13025,20261028,2
13026,20261028,2
13027,20261028,2
13028,20261028,2
13029,20261028,2
13030,20261028,2
13031,20261028,2
13032,20261028,2
13033,20261028,2
13034,20261028,2
13035,20261028,2
13036,20261028,2
13037,20261028,2
13038,20261028,2
13039,20261028,2
13040,20261028,2
13041,20261028,2
13048,20261028,2
13049,20261028,2
13050,20261028,2
13053,20261028,2
13054,20261028,2
13055,20261028,2
13056,20261028,2
13057,20261028,2
13058,20261028,2
13059,20261028,2
13060,20261028,2
13061,20261028,2
13062,20261028,2
13063,20261028,2
13066,20261028,2
13067,20261028,2
13068,20261028,2
13069,20261028,2
13070,20261028,2
13072,20261028,2
13073,20261028,2
13074,20261028,2
13075,20261028,2
13076,20261028,2
13077,20261028,2
13079,20261028,2
13080,20261028,2
13081,20261028,2
13082,20261028,2
13084,20261028,2
13085,20261028,2
13086,20261028,2
13088,20261028,2
13089,20261028,2
13092,20261028,2
13094,20261028,2
13095,20261028,2
13096,20261028,2
13097,20261028,2
13098,20261028,2
13099,20261028,2
13107,20261028,2
13109,20261028,2
13118,20261028,2
13119,20261028,2
13120,20261028,2
13121,20261028,2
13124,20261028,2
13129,20261028,2
13133,20261028,2
13140,20261028,2
13144,20261028,2
13148,20261028,2
13151,20261028,2
13156,20261028,2
13159,20261028,2
13165,20261028,2
13169,20261028,2
13172,20261028,2
13178,20261028,2
13181,20261028,2
13186,20261028,2
13190,20261028,2
13198,20261028,2
13200,20261028,2
13208,20261028,2
13210,20261028,2
13214,20261028,2
13222,20261028,2
13229,20261028,2
13235,20261028,2
13240,20261028,2
13247,20261028,2
13252,20261028,2
13256,20261028,2
13264,20261028,2
13267,20261028,2
13276,20261028,2
13278,20261028,2
13287,20261028,2
13290,20261028,2
13300,20261028,2
13302,20261028,2
13309,20261028,2
13313,20261028,2
13321,20261028,2
13329,20261028,2
13331,20261028,2
13337,20261028,2
13342,20261028,2
13346,20261028,2
13355,20261028,2
13359,20261028,2
13366,20261028,2
13370,20261028,2
13375,20261028,2
13380,20261028,2
13385,20261028,2
13398,20261028,2
13407,20261028,2
13408,20261028,2
13409,20261028,2
13410,20261028,2
13411,20261028,2
13423,20261028,2
13424,20261028,2
13425,20261028,2
13426,20261028,2
13427,20261028,2
13428,20261028,2
13429,20261028,2
13430,20261028,2
13431,20261028,2
13432,20261028,2
13433,20261028,2
13455,20261028,2
13456,20261028,2
13457,20261028,2
13458,20261028,2
13459,20261028,2
13460,20261028,2
13461,20261028,2
13462,20261028,2
13463,20261028,2
13464,20261028,2
13465,20261028,2
13478,20261028,2
13479,20261028,2
13480,20261028,2
13481,20261028,2
13482,20261028,2
13483,20261028,2
13484,20261028,2
13485,20261028,2
13486,20261028,2
13487,20261028,2
13488,20261028,2
13500,20261028,2
13501,20261028,2
13502,20261028,2
13503,20261028,2
13521,20261028,2
13522,20261028,2
13523,20261028,2
13524,20261028,2
13525,20261028,2
13526,20261028,2
13527,20261028,2
13528,20261028,2
13529,20261028,2
13530,20261028,2
13546,20261028,2
13547,20261028,2
13548,20261028,2
13549,20261028,2
13550,20261028,2
13556,20261028,2
13557,20261028,2
13558,20261028,2
13559,20261028,2
13560,20261028,2
13561,20261028,2
13562,20261028,2
13563,20261028,2
13564,20261028,2
13565,20261028,2
13566,20261028,2
13567,20261028,2
13568,20261028,2
13569,20261028,2
13570,20261028,2
13571,20261028,2
13572,20261028,2
13573,20261028,2
13574,20261028,2
13575,20261028,2
13576,20261028,2
13577,20261028,2
13578,20261028,2
13579,20261028,2
13580,20261028,2
13581,20261028,2
13582,20261028,2
13583,20261028,2
13584,20261028,2
13585,20261028,2
13586,20261028,2
13587,20261028,2
13588,20261028,2
13589,20261028,2
13590,20261028,2
13591,20261028,2
13592,20261028,2
13593,20261028,2
13594,20261028,2
13595,20261028,2
13596,20261028,2
13597,20261028,2
13632,20261028,2
13633,20261028,2
13634,20261028,2
13635,20261028,2
13636,20261028,2
13637,20261028,2
13638,20261028,2
13639,20261028,2
13644,20261028,2
13646,20261028,2
13647,20261028,2
13654,20261028,2
13656,20261028,2
13658,20261028,2
13661,20261028,2
13663,20261028,2
13667,20261028,2
13671,20261028,2
13675,20261028,2
13683,20261028,2
13686,20261028,2
13689,20261028,2
13722,20261028,2
13725,20261028,2
13728,20261028,2
13730,20261028,2
13732,20261028,2
13734,20261028,2
13736,20261028,2
13738,20261028,2
13740,20261028,2
13741,20261028,2
13742,20261028,2
13743,20261028,2
13744,20261028,2
13745,20261028,2
13746,20261028,2
13747,20261028,2
13748,20261028,2
13749,20261028,2
13750,20261028,2
13751,20261028,2
13752,20261028,2
13753,20261028,2
13754,20261028,2
13755,20261028,2
13756,20261028,2
13757,20261028,2
13758,20261028,2
13759,20261028,2
13760,20261028,2
13761,20261028,2
13762,20261028,2
13777,20261028,2
13778,20261028,2
13779,20261028,2
13780,20261028,2
13781,20261028,2
13782,20261028,2
13783,20261028,2
13784,20261028,2
13785,20261028,2
13786,20261028,2
13787,20261028,2
13788,20261028,2
13789,20261028,2
13790,20261028,2
13791,20261028,2
13792,20261028,2
13793,20261028,2
13794,20261028,2
13795,20261028,2
13796,20261028,2
13797,20261028,2
13798,20261028,2
13799,20261028,2
13800,20261028,2
13801,20261028,2
13802,20261028,2
13803,20261028,2
13804,20261028,2
13805,20261028,2
13806,20261028,2
13807,20261028,2
13808,20261028,2
13809,20261028,2
13810,20261028,2
13811,20261028,2
13812,20261028,2
13813,20261028,2
13814,20261028,2
13815,20261028,2
13816,20261028,2
13817,20261028,2
13818,20261028,2
13819,20261028,2
13820,20261028,2
13821,20261028,2
13822,20261028,2
13823,20261028,2
13824,20261028,2
13825,20261028,2
13856,20261028,2
13857,20261028,2
13858,20261028,2
13859,20261028,2
13860,20261028,2
13861,20261028,2
13867,20261028,2
13868,20261028,2
13876,20261028,2
13877,20261028,2
13878,20261028,2
13879,20261028,2
13880,20261028,2
13881,20261028,2
13882,20261028,2
13883,20261028,2
13902,20261028,2
13903,20261028,2
13922,20261028,2
13923,20261028,2
13924,20261028,2
13925,20261028,2
13926,20261028,2
13927,20261028,2
13928,20261028,2
13929,20261028,2
13930,20261028,2
13931,20261028,2
13932,20261028,2
13933,20261028,2
13934,20261028,2
13935,20261028,2
13936,20261028,2
13937,20261028,2
13938,20261028,2
13939,20261028,2
13940,20261028,2
13941,20261028,2
13942,20261028,2
13943,20261028,2
13944,20261028,2
13945,20261028,2
13946,20261028,2
13947,20261028,2
13948,20261028,2
13949,20261028,2
13950,20261028,2
13951,20261028,2
13952,20261028,2
13953,20261028,2
13954,20261028,2
13955,20261028,2
13956,20261028,2
13957,20261028,2
13958,20261028,2
13959,20261028,2
13960,20261028,2
13961,20261028,2
13962,20261028,2
13963,20261028,2
13964,20261028,2
13981,20261028,2
13982,20261028,2
13983,20261028,2
13984,20261028,2
13985,20261028,2
13986,20261028,2
13987,20261028,2
13988,20261028,2
13989,20261028,2
13990,20261028,2
13991,20261028,2
13992,20261028,2
13993,20261028,2
13994,20261028,2
13995,20261028,2
13996,20261028,2
13997,20261028,2
13998,20261028,2
13999,20261028,2
14000,20261028,2
14001,20261028,2
14002,20261028,2
14003,20261028,2
14004,20261028,2
14005,20261028,2
14006,20261028,2
14007,20261028,2
14008,20261028,2
14009,20261028,2
14010,20261028,2
14011,20261028,2
14012,20261028,2
14013,20261028,2
14014,20261028,2
14015,20261028,2
14016,20261028,2
14017,20261028,2
14018,20261028,2
14019,20261028,2
14020,20261028,2
14038,20261028,2
14040,20261028,2
14041,20261028,2
14042,20261028,2
14043,20261028,2
14044,20261028,2
14045,20261028,2
14046,20261028,2
14047,20261028,2
14048,20261028,2
14049,20261028,2
14050,20261028,2
14051,20261028,2
14052,20261028,2
14053,20261028,2
14054,20261028,2
14055,20261028,2
14056,20261028,2
14057,20261028,2
14058,20261028,2
14059,20261028,2
14060,20261028,2
14061,20261028,2
14062,20261028,2
14063,20261028,2
14064,20261028,2
14065,20261028,2
14066,20261028,2
14067,20261028,2
14068,20261028,2
14069,20261028,2
14098,20261028,2
14099,20261028,2
14100,20261028,2
14101,20261028,2
14102,20261028,2
14103,20261028,2
14104,20261028,2
14105,20261028,2
14106,20261028,2
14107,20261028,2
14108,20261028,2
14109,20261028,2
14110,20261028,2
14111,20261028,2
14112,20261028,2
14113,20261028,2
14114,20261028,2
14115,20261028,2
14116,20261028,2
14117,20261028,2
14118,20261028,2
14119,20261028,2
14120,20261028,2
14121,20261028,2
14122,20261028,2
14135,20261028,2
14136,20261028,2
14137,20261028,2
14138,20261028,2
14139,20261028,2
14140,20261028,2
14141,20261028,2
14142,20261028,2
14143,20261028,2
14144,20261028,2
14145,20261028,2
14146,20261028,2
14147,20261028,2
14148,20261028,2
14149,20261028,2
14150,20261028,2
14151,20261028,2
14152,20261028,2
14153,20261028,2
14154,20261028,2
14155,20261028,2
14156,20261028,2
14157,20261028,2
14158,20261028,2
14159,20261028,2
14175,20261028,2
14176,20261028,2
14177,20261028,2
14178,20261028,2
14179,20261028,2
14180,20261028,2
14181,20261028,2
14182,20261028,2
14183,20261028,2
14184,20261028,2
14185,20261028,2
14189,20261028,2
14190,20261028,2
14191,20261028,2
14192,20261028,2
14193,20261028,2
14194,20261028,2
14195,20261028,2
14196,20261028,2
14197,20261028,2
14198,20261028,2
14199,20261028,2
14200,20261028,2
14201,20261028,2
14202,20261028,2
14203,20261028,2
14204,20261028,2
14205,20261028,2
14206,20261028,2
14207,20261028,2
14208,20261028,2
14209,20261028,2
14210,20261028,2
14211,20261028,2
14212,20261028,2
14213,20261028,2
14214,20261028,2
14215,20261028,2
14216,20261028,2
14217,20261028,2
14218,20261028,2
14219,20261028,2
14220,20261028,2
14221,20261028,2
14222,20261028,2
14223,20261028,2
14224,20261028,2
14225,20261028,2
14226,20261028,2
14227,20261028,2
14228,20261028,2
14237,20261028,2
14238,20261028,2
14239,20261028,2
14240,20261028,2
14241,20261028,2
14242,20261028,2
14243,20261028,2
14244,20261028,2
14245,20261028,2
14246,20261028,2
14247,20261028,2
14269,20261028,2
14270,20261028,2
14271,20261028,2
14272,20261028,2
14273,20261028,2
14274,20261028,2
14275,20261028,2
14276,20261028,2
14277,20261028,2
14278,20261028,2
14279,20261028,2
14280,20261028,2
14290,20261028,2
14291,20261028,2
14292,20261028,2
14293,20261028,2
14294,20261028,2
14295,20261028,2
14296,20261028,2
14297,20261028,2
14298,20261028,2
14299,20261028,2
14300,20261028,2
14301,20261028,2
14302,20261028,2
14303,20261028,2
14304,20261028,2
14305,20261028,2
14306,20261028,2
14307,20261028,2
14308,20261028,2
14309,20261028,2
14310,20261028,2
14311,20261028,2
14312,20261028,2
14313,20261028,2
14314,20261028,2
14315,20261028,2
14316,20261028,2
14317,20261028,2
14326,20261028,2
14327,20261028,2
14328,20261028,2
14329,20261028,2
14330,20261028,2
14331,20261028,2
14332,20261028,2
14333,20261028,2
14334,20261028,2
14335,20261028,2
14336,20261028,2
14337,20261028,2
14338,20261028,2
14339,20261028,2
14340,20261028,2
14341,20261028,2
14342,20261028,2
14343,20261028,2
14344,20261028,2
14345,20261028,2
14346,20261028,2
14347,20261028,2
14348,20261028,2
14349,20261028,2
14364,20261028,2
14365,20261028,2
14366,20261028,2
14367,20261028,2
14368,20261028,2
14369,20261028,2
14370,20261028,2
14371,20261028,2
14374,20261028,2
14375,20261028,2
14376,20261028,2
14377,20261028,2
14378,20261028,2
14379,20261028,2
14380,20261028,2
14381,20261028,2
14382,20261028,2
14383,20261028,2
14384,20261028,2
14385,20261028,2
14386,20261028,2
14387,20261028,2
14388,20261028,2
14389,20261028,2
14390,20261028,2
14391,20261028,2
14392,20261028,2
14393,20261028,2
14394,20261028,2
14395,20261028,2
14396,20261028,2
14397,20261028,2
14398,20261028,2
14414,20261028,2
14415,20261028,2
14416,20261028,2
14417,20261028,2
14418,20261028,2
14419,20261028,2
14420,20261028,2
14421,20261028,2
14422,20261028,2
14423,20261028,2
14424,20261028,2
14425,20261028,2
14426,20261028,2
14427,20261028,2
14428,20261028,2
14429,20261028,2
14430,20261028,2
14431,20261028,2
14432,20261028,2
14433,20261028,2
14434,20261028,2
14435,20261028,2
14436,20261028,2
14437,20261028,2
14438,20261028,2
14439,20261028,2
14440,20261028,2
14441,20261028,2
14442,20261028,2
14443,20261028,2
14444,20261028,2
14445,20261028,2
14446,20261028,2
14447,20261028,2
14448,20261028,2
14449,20261028,2
14450,20261028,2
14451,20261028,2
14452,20261028,2
14453,20261028,2
14454,20261028,2
14455,20261028,2
14456,20261028,2
14457,20261028,2
14458,20261028,2
14459,20261028,2
14460,20261028,2
14461,20261028,2
14462,20261028,2
14463,20261028,2
14484,20261028,2
14485,20261028,2
14486,20261028,2
14487,20261028,2
14488,20261028,2
14489,20261028,2
14490,20261028,2
14491,20261028,2
14492,20261028,2
14493,20261028,2
14494,20261028,2
14495,20261028,2
14496,20261028,2
14497,20261028,2
14498,20261028,2
14505,20261028,2
14506,20261028,2
14507,20261028,2
14508,20261028,2
14509,20261028,2
14510,20261028,2
14511,20261028,2
14512,20261028,2
14513,20261028,2
14514,20261028,2
14515,20261028,2
14516,20261028,2
14517,20261028,2
14518,20261028,2
14519,20261028,2
14520,20261028,2
14521,20261028,2
14522,20261028,2
14523,20261028,2
14524,20261028,2
14525,20261028,2
14526,20261028,2
14527,20261028,2
14528,20261028,2
14529,20261028,2
14530,20261028,2
14531,20261028,2
14532,20261028,2
14533,20261028,2
14534,20261028,2
14535,20261028,2
14536,20261028,2
14537,20261028,2
14538,20261028,2
14539,20261028,2
14540,20261028,2
14541,20261028,2
14552,20261028,2
14553,20261028,2
14554,20261028,2
14555,20261028,2
14556,20261028,2
14557,20261028,2
14558,20261028,2
14559,20261028,2
14560,20261028,2
14561,20261028,2
14562,20261028,2
14563,20261028,2
14564,20261028,2
14565,20261028,2
14566,20261028,2
14567,20261028,2
14568,20261028,2
14569,20261028,2
14570,20261028,2
14571,20261028,2
14572,20261028,2
14573,20261028,2
14574,20261028,2
14575,20261028,2
14576,20261028,2
14577,20261028,2
14578,20261028,2
14579,20261028,2
14580,20261028,2
14581,20261028,2
14582,20261028,2
14583,20261028,2
14584,20261028,2
14585,20261028,2
14586,20261028,2
14587,20261028,2
14588,20261028,2
14589,20261028,2
14590,20261028,2
14591,20261028,2
14592,20261028,2
14593,20261028,2
14594,20261028,2
14595,20261028,2
14596,20261028,2
14597,20261028,2
14598,20261028,2
14599,20261028,2
14600,20261028,2
14601,20261028,2
14602,20261028,2
14603,20261028,2
14622,20261028,2
14644,20261028,2
14645,20261028,2
14646,20261028,2
14647,20261028,2
14648,20261028,2
14649,20261028,2
14650,20261028,2
14651,20261028,2
14652,20261028,2
14653,20261028,2
14654,20261028,2
14655,20261028,2
14656,20261028,2
14657,20261028,2
14658,20261028,2
14659,20261028,2
14660,20261028,2
14686,20261028,2
14687,20261028,2
14688,20261028,2
14689,20261028,2
14690,20261028,2
14691,20261028,2
14692,20261028,2
14693,20261028,2
14694,20261028,2
14695,20261028,2
14696,20261028,2
14697,20261028,2
14700,20261028,2
14701,20261028,2
14702,20261028,2
14714,20261028,2
14715,20261028,2
14719,20261028,2
14722,20261028,2
14723,20261028,2
14726,20261028,2
14728,20261028,2
14731,20261028,2
14732,20261028,2
14736,20261028,2
14737,20261028,2
14738,20261028,2
14739,20261028,2
14740,20261028,2
14741,20261028,2
14742,20261028,2
14743,20261028,2
14744,20261028,2
14745,20261028,2
14746,20261028,2
14747,20261028,2
14748,20261028,2
14749,20261028,2
14750,20261028,2
14751,20261028,2
14752,20261028,2
14753,20261028,2
14754,20261028,2
14755,20261028,2
14756,20261028,2
14757,20261028,2
14768,20261028,2
14769,20261028,2
14770,20261028,2
14771,20261028,2
14772,20261028,2
14773,20261028,2
14774,20261028,2
14775,20261028,2
14776,20261028,2
14777,20261028,2
14778,20261028,2
14779,20261028,2
14780,20261028,2
14781,20261028,2
14782,20261028,2
14783,20261028,2
14784,20261028,2
14785,20261028,2
14786,20261028,2
14787,20261028,2
14788,20261028,2
14789,20261028,2
14790,20261028,2
14791,20261028,2
14792,20261028,2
14793,20261028,2
14794,20261028,2
14795,20261028,2
14810,20261028,2
14811,20261028,2
14812,20261028,2
14813,20261028,2
14814,20261028,2
14815,20261028,2
14816,20261028,2
14817,20261028,2
14818,20261028,2
14819,20261028,2
14820,20261028,2
14821,20261028,2
14822,20261028,2
14823,20261028,2
14824,20261028,2
14825,20261028,2
14826,20261028,2
14827,20261028,2
14828,20261028,2
14829,20261028,2
14830,20261028,2
14831,20261028,2
14832,20261028,2
14833,20261028,2
14834,20261028,2
14835,20261028,2
14836,20261028,2
14837,20261028,2
14838,20261028,2
14839,20261028,2
14840,20261028,2
14841,20261028,2
14842,20261028,2
14843,20261028,2
14844,20261028,2
14845,20261028,2
14846,20261028,2
14847,20261028,2
14848,20261028,2
14849,20261028,2
14850,20261028,2
14851,20261028,2
14852,20261028,2
14853,20261028,2
14854,20261028,2
14868,20261028,2
14869,20261028,2
14870,20261028,2
14871,20261028,2
14872,20261028,2
14873,20261028,2
14874,20261028,2
14875,20261028,2
14876,20261028,2
14877,20261028,2
14878,20261028,2
14879,20261028,2
14880,20261028,2
14881,20261028,2
14882,20261028,2
14883,20261028,2
14884,20261028,2
14885,20261028,2
14886,20261028,2
14887,20261028,2
14888,20261028,2
14889,20261028,2
14890,20261028,2
14891,20261028,2
14892,20261028,2
14893,20261028,2
14894,20261028,2
14895,20261028,2
14896,20261028,2
14897,20261028,2
14898,20261028,2
14899,20261028,2
14900,20261028,2
14901,20261028,2
14902,20261028,2
14903,20261028,2
14904,20261028,2
14905,20261028,2
14906,20261028,2
14907,20261028,2
14936,20261028,2
14937,20261028,2
14938,20261028,2
14939,20261028,2
14940,20261028,2
14941,20261028,2
14942,20261028,2
14943,20261028,2
14944,20261028,2
14945,20261028,2
14946,20261028,2
14947,20261028,2
14948,20261028,2
14949,20261028,2
14950,20261028,2
14951,20261028,2
14952,20261028,2
14953,20261028,2
14954,20261028,2
14955,20261028,2
14956,20261028,2
14957,20261028,2
14958,20261028,2
14959,20261028,2
14960,20261028,2
14961,20261028,2
14962,20261028,2
14963,20261028,2
14964,20261028,2
14965,20261028,2
14966,20261028,2
14967,20261028,2
14968,20261028,2
14969,20261028,2
14970,20261028,2
14971,20261028,2
14972,20261028,2
14973,20261028,2
14974,20261028,2
14975,20261028,2
14976,20261028,2
14977,20261028,2
14994,20261028,2
14995,20261028,2
14996,20261028,2
14997,20261028,2
14998,20261028,2
14999,20261028,2
15000,20261028,2
15001,20261028,2
15002,20261028,2
15003,20261028,2
15004,20261028,2
15005,20261028,2
15006,20261028,2
15007,20261028,2
15008,20261028,2
15009,20261028,2
15010,20261028,2
15011,20261028,2
15012,20261028,2
15013,20261028,2
15014,20261028,2
15015,20261028,2
15016,20261028,2
15017,20261028,2
15018,20261028,2
15019,20261028,2
15020,20261028,2
15021,20261028,2
15022,20261028,2
15023,20261028,2
15024,20261028,2
15025,20261028,2
15026,20261028,2
15027,20261028,2
15028,20261028,2
15029,20261028,2
15030,20261028,2
15031,20261028,2
15032,20261028,2
15033,20261028,2
15034,20261028,2
15035,20261028,2
15036,20261028,2
15037,20261028,2
15038,20261028,2
15039,20261028,2
15040,20261028,2
15041,20261028,2
15042,20261028,2
15043,20261028,2
15044,20261028,2
15045,20261028,2
15046,20261028,2
15047,20261028,2
15048,20261028,2
15049,20261028,2
15050,20261028,2
15051,20261028,2
15052,20261028,2
15053,20261028,2
15054,20261028,2
15078,20261028,2
15079,20261028,2
15080,20261028,2
15081,20261028,2
15082,20261028,2
15083,20261028,2
15084,20261028,2
15085,20261028,2
15086,20261028,2
15087,20261028,2
15088,20261028,2
15089,20261028,2
15090,20261028,2
15091,20261028,2
15092,20261028,2
15097,20261028,2
15098,20261028,2
15099,20261028,2
15101,20261028,2
15102,20261028,2
15103,20261028,2
15104,20261028,2
15105,20261028,2
15106,20261028,2
15107,20261028,2
15108,20261028,2
15109,20261028,2
15110,20261028,2
15111,20261028,2
15112,20261028,2
15113,20261028,2
15114,20261028,2
15115,20261028,2
15116,20261028,2
15117,20261028,2
15118,20261028,2
15119,20261028,2
15120,20261028,2
15121,20261028,2
15122,20261028,2
15123,20261028,2
15124,20261028,2
15125,20261028,2
15126,20261028,2
15127,20261028,2
15128,20261028,2
15129,20261028,2
15130,20261028,2
15131,20261028,2
15132,20261028,2
15133,20261028,2
15134,20261028,2
15135,20261028,2
15150,20261028,2
15151,20261028,2
15152,20261028,2
15153,20261028,2
15154,20261028,2
15155,20261028,2
15156,20261028,2
15157,20261028,2
15158,20261028,2
15159,20261028,2
15160,20261028,2
15161,20261028,2
15162,20261028,2
15163,20261028,2
15164,20261028,2
15165,20261028,2
15166,20261028,2
15167,20261028,2
15168,20261028,2
15169,20261028,2
15170,20261028,2
15171,20261028,2
15172,20261028,2
15173,20261028,2
15174,20261028,2
15189,20261028,2
15190,20261028,2
15191,20261028,2
15192,20261028,2
15193,20261028,2
15194,20261028,2
15195,20261028,2
15196,20261028,2
15197,20261028,2
15198,20261028,2
15199,20261028,2
15200,20261028,2
15201,20261028,2
15202,20261028,2
15203,20261028,2
15204,20261028,2
15205,20261028,2
15206,20261028,2
15207,20261028,2
15208,20261028,2
15209,20261028,2
15210,20261028,2
15211,20261028,2
15212,20261028,2
15213,20261028,2
15214,20261028,2
15215,20261028,2
15216,20261028,2
15217,20261028,2
15218,20261028,2
15219,20261028,2
15220,20261028,2
15221,20261028,2
15222,20261028,2
15223,20261028,2
15224,20261028,2
15225,20261028,2
15226,20261028,2
15227,20261028,2
15228,20261028,2
15229,20261028,2
15230,20261028,2
15231,20261028,2
15232,20261028,2
15233,20261028,2
15234,20261028,2
15235,20261028,2
15236,20261028,2
15237,20261028,2
15238,20261028,2
15239,20261028,2
15240,20261028,2
15241,20261028,2
15242,20261028,2
15255,20261028,2
15256,20261028,2
15257,20261028,2
15258,20261028,2
15259,20261028,2
15260,20261028,2
15261,20261028,2
15262,20261028,2
15263,20261028,2
15264,20261028,2
15265,20261028,2
15266,20261028,2
15267,20261028,2
15268,20261028,2
15269,20261028,2
15270,20261028,2
15271,20261028,2
15272,20261028,2
15273,20261028,2
15274,20261028,2
15282,20261028,2
15283,20261028,2
15284,20261028,2
15285,20261028,2
15286,20261028,2
15287,20261028,2
15288,20261028,2
15289,20261028,2
15290,20261028,2
15291,20261028,2
15292,20261028,2
15293,20261028,2
15294,20261028,2
15295,20261028,2
15296,20261028,2
15297,20261028,2
15298,20261028,2
15299,20261028,2
15300,20261028,2
15301,20261028,2
15302,20261028,2
15303,20261028,2
15304,20261028,2
15305,20261028,2
15306,20261028,2
15307,20261028,2
15308,20261028,2
15309,20261028,2
15310,20261028,2
15311,20261028,2
15312,20261028,2
15313,20261028,2
15314,20261028,2
15315,20261028,2
15316,20261028,2
15317,20261028,2
15318,20261028,2
15319,20261028,2
15320,20261028,2
15327,20261028,2
15328,20261028,2
15329,20261028,2
15330,20261028,2
15331,20261028,2
15332,20261028,2
15333,20261028,2
15334,20261028,2
15335,20261028,2
15336,20261028,2
15337,20261028,2
15338,20261028,2
15339,20261028,2
15340,20261028,2
15341,20261028,2
15342,20261028,2
15343,20261028,2
15344,20261028,2
15345,20261028,2
15350,20261028,2
15351,20261028,2
15352,20261028,2
15353,20261028,2
15354,20261028,2
15355,20261028,2
15356,20261028,2
15357,20261028,2
15358,20261028,2
15359,20261028,2
15360,20261028,2
15361,20261028,2
15362,20261028,2
15363,20261028,2
15364,20261028,2
15365,20261028,2
15366,20261028,2
15367,20261028,2
15368,20261028,2
15369,20261028,2
15370,20261028,2
15371,20261028,2
15372,20261028,2
15373,20261028,2
15374,20261028,2
15375,20261028,2
15376,20261028,2
15377,20261028,2
15378,20261028,2
15379,20261028,2
15380,20261028,2
15381,20261028,2
15382,20261028,2
15383,20261028,2
15384,20261028,2
15385,20261028,2
15386,20261028,2
15387,20261028,2
15388,20261028,2
15389,20261028,2
15390,20261028,2
15391,20261028,2
15392,20261028,2
15393,20261028,2
15394,20261028,2
15395,20261028,2
15396,20261028,2
15397,20261028,2
15399,20261028,2
15409,20261028,2
15410,20261028,2
15411,20261028,2
15412,20261028,2
15413,20261028,2
15414,20261028,2
15415,20261028,2
15416,20261028,2
15539,20261028,2
15540,20261028,2
15541,20261028,2
15542,20261028,2
15543,20261028,2
15544,20261028,2
15545,20261028,2
15546,20261028,2
15547,20261028,2
15548,20261028,2
15549,20261028,2
15550,20261028,2
15551,20261028,2
15552,20261028,2
15553,20261028,2
15554,20261028,2
15555,20261028,2
15556,20261028,2
15557,20261028,2
15558,20261028,2
15559,20261028,2
15560,20261028,2
15561,20261028,2
15562,20261028,2
15563,20261028,2
15564,20261028,2
15565,20261028,2
15566,20261028,2
15567,20261028,2
15568,20261028,2
15569,20261028,2
15570,20261028,2
15571,20261028,2
15572,20261028,2
15573,20261028,2
15574,20261028,2
15575,20261028,2
15576,20261028,2
15577,20261028,2
15578,20261028,2
15579,20261028,2
15580,20261028,2
15581,20261028,2
15582,20261028,2
15583,20261028,2
15584,20261028,2
15585,20261028,2
15586,20261028,2
15587,20261028,2
15588,20261028,2
15589,20261028,2
15590,20261028,2
15591,20261028,2
15592,20261028,2
15593,20261028,2
15594,20261028,2
15595,20261028,2
15596,20261028,2
15597,20261028,2
15598,20261028,2
15599,20261028,2
15600,20261028,2
15601,20261028,2
15602,20261028,2
15603,20261028,2
15604,20261028,2
15605,20261028,2
15606,20261028,2
15607,20261028,2
15608,20261028,2
15779,20261028,2
15781,20261028,2
15782,20261028,2
15783,20261028,2
15784,20261028,2
15785,20261028,2
15786,20261028,2
15787,20261028,2
15788,20261028,2
15795,20261028,2
15798,20261028,2
15799,20261028,2
15815,20261028,2
15816,20261028,2
15817,20261028,2
15818,20261028,2
15819,20261028,2
15820,20261028,2
15821,20261028,2
15822,20261028,2
15823,20261028,2
15824,20261028,2
15825,20261028,2
15826,20261028,2
15827,20261028,2
15828,20261028,2
15829,20261028,2
15830,20261028,2
15831,20261028,2
15832,20261028,2
15833,20261028,2
15834,20261028,2
15835,20261028,2
15836,20261028,2
15837,20261028,2
15838,20261028,2
15839,20261028,2
15840,20261028,2
15841,20261028,2
15842,20261028,2
15843,20261028,2
15844,20261028,2
15845,20261028,2
15846,20261028,2
15847,20261028,2
15848,20261028,2
15849,20261028,2
15850,20261028,2
15851,20261028,2
15852,20261028,2
15853,20261028,2
15854,20261028,2
15855,20261028,2
15856,20261028,2
15857,20261028,2
15858,20261028,2
15859,20261028,2
15860,20261028,2
15861,20261028,2
15862,20261028,2
15863,20261028,2
15864,20261028,2
15865,20261028,2
15866,20261028,2
15867,20261028,2
15868,20261028,2
15869,20261028,2
15870,20261028,2
15871,20261028,2
15872,20261028,2
15873,20261028,2
15874,20261028,2
15875,20261028,2
15876,20261028,2
15877,20261028,2
15878,20261028,2
15879,20261028,2
15946,20261028,2
15947,20261028,2
15948,20261028,2
15949,20261028,2
15950,20261028,2
15951,20261028,2
15952,20261028,2
15953,20261028,2
15954,20261028,2
15955,20261028,2
15956,20261028,2
15957,20261028,2
15958,20261028,2
15959,20261028,2
15960,20261028,2
15961,20261028,2
15962,20261028,2
15963,20261028,2
15964,20261028,2
15965,20261028,2
15966,20261028,2
16087,20261028,2
16088,20261028,2
16089,20261028,2
16090,20261028,2
16091,20261028,2
16092,20261028,2
16093,20261028,2
16094,20261028,2
16095,20261028,2
16096,20261028,2
16097,20261028,2
16098,20261028,2
16099,20261028,2
16100,20261028,2
16101,20261028,2
16102,20261028,2
16103,20261028,2
16104,20261028,2
16105,20261028,2
16106,20261028,2
16107,20261028,2
16108,20261028,2
16109,20261028,2
16110,20261028,2
16111,20261028,2
16112,20261028,2
16113,20261028,2
16114,20261028,2
16115,20261028,2
16116,20261028,2
16117,20261028,2
16118,20261028,2
16119,20261028,2
16120,20261028,2
16121,20261028,2
16122,20261028,2
16123,20261028,2
16124,20261028,2
16125,20261028,2
16126,20261028,2
16127,20261028,2
16128,20261028,2
16129,20261028,2
16130,20261028,2
16131,20261028,2
16132,20261028,2
16133,20261028,2
16134,20261028,2
16135,20261028,2
16136,20261028,2
16137,20261028,2
16138,20261028,2
16139,20261028,2
16140,20261028,2
16141,20261028,2
16142,20261028,2
16143,20261028,2
16177,20261028,2
16178,20261028,2
16179,20261028,2
16180,20261028,2
16181,20261028,2
16182,20261028,2
16183,20261028,2
16184,20261028,2
16185,20261028,2
16186,20261028,2
16187,20261028,2
16188,20261028,2
16189,20261028,2
16190,20261028,2
16191,20261028,2
16192,20261028,2
16193,20261028,2
16194,20261028,2
16195,20261028,2
16196,20261028,2
16197,20261028,2
16198,20261028,2
16199,20261028,2
16200,20261028,2
16201,20261028,2
16202,20261028,2
16203,20261028,2
16204,20261028,2
16205,20261028,2
16206,20261028,2
16207,20261028,2
16208,20261028,2
16209,20261028,2
16210,20261028,2
16211,20261028,2
16212,20261028,2
16213,20261028,2
16214,20261028,2
16215,20261028,2
16216,20261028,2
16217,20261028,2
16218,20261028,2
16219,20261028,2
16220,20261028,2
16221,20261028,2
16222,20261028,2
16223,20261028,2
16224,20261028,2
16225,20261028,2
16226,20261028,2
16227,20261028,2
16345,20261028,2
16346,20261028,2
16347,20261028,2
16348,20261028,2
16349,20261028,2
16350,20261028,2
16351,20261028,2
16352,20261028,2
16353,20261028,2
16354,20261028,2
16355,20261028,2
16356,20261028,2
16357,20261028,2
16358,20261028,2
16359,20261028,2
16360,20261028,2
16361,20261028,2
16362,20261028,2
16363,20261028,2
16364,20261028,2
16365,20261028,2
16366,20261028,2
16367,20261028,2
16368,20261028,2
16369,20261028,2
16370,20261028,2
16371,20261028,2
16372,20261028,2
16373,20261028,2
16374,20261028,2
16375,20261028,2
16376,20261028,2
16377,20261028,2
16378,20261028,2
16379,20261028,2
16380,20261028,2
16381,20261028,2
16382,20261028,2
16383,20261028,2
16384,20261028,2
16385,20261028,2
16386,20261028,2
16387,20261028,2
16388,20261028,2
16389,20261028,2
16390,20261028,2
16391,20261028,2
16392,20261028,2
16393,20261028,2
16394,20261028,2
16395,20261028,2
16396,20261028,2
16397,20261028,2
16398,20261028,2
16399,20261028,2
16400,20261028,2
16401,20261028,2
16402,20261028,2
16403,20261028,2
16404,20261028,2
16405,20261028,2
16406,20261028,2
16407,20261028,2
16408,20261028,2
16409,20261028,2
16410,20261028,2
16411,20261028,2
16428,20261028,2
16429,20261028,2
16430,20261028,2
16431,20261028,2
16432,20261028,2
16433,20261028,2
16434,20261028,2
16435,20261028,2
16436,20261028,2
16437,20261028,2
16438,20261028,2
16439,20261028,2
16440,20261028,2
16441,20261028,2
16442,20261028,2
16443,20261028,2
16444,20261028,2
16445,20261028,2
16446,20261028,2
16447,20261028,2
16448,20261028,2
16449,20261028,2
16450,20261028,2
16451,20261028,2
16452,20261028,2
16453,20261028,2
16454,20261028,2
16455,20261028,2
16456,20261028,2
16457,20261028,2
16458,20261028,2
16459,20261028,2
16460,20261028,2
16461,20261028,2
16462,20261028,2
16463,20261028,2
16464,20261028,2
16465,20261028,2
16466,20261028,2
16467,20261028,2
16468,20261028,2
16469,20261028,2
16470,20261028,2
16471,20261028,2
16472,20261028,2
16473,20261028,2
16474,20261028,2
16475,20261028,2
16476,20261028,2
16477,20261028,2
16478,20261028,2
16479,20261028,2
16480,20261028,2
16481,20261028,2
16482,20261028,2
16483,20261028,2
16484,20261028,2
16485,20261028,2
16486,20261028,2
16487,20261028,2
16488,20261028,2
16489,20261028,2
16490,20261028,2
16491,20261028,2
16492,20261028,2
16493,20261028,2
16494,20261028,2
16495,20261028,2
16496,20261028,2
16497,20261028,2
16498,20261028,2
16499,20261028,2
16502,20261028,2
16507,20261028,2
16510,20261028,2
16512,20261028,2
16518,20261028,2
16520,20261028,2
16526,20261028,2
16528,20261028,2
16534,20261028,2
16536,20261028,2
16541,20261028,2
16545,20261028,2
16549,20261028,2
16553,20261028,2
16558,20261028,2
16562,20261028,2
16566,20261028,2
16570,20261028,2
16575,20261028,2
16578,20261028,2
16582,20261028,2
16588,20261028,2
16592,20261028,2
16594,20261028,2
16600,20261028,2
16603,20261028,2
16605,20261028,2
16608,20261028,2
16612,20261028,2
16618,20261028,2
16621,20261028,2
16627,20261028,2
16630,20261028,2
16633,20261028,2
16639,20261028,2
16641,20261028,2
16645,20261028,2
16647,20261028,2
16655,20261028,2
16659,20261028,2
16662,20261028,2
16665,20261028,2
16666,20261028,2
16667,20261028,2
16668,20261028,2
16669,20261028,2
16670,20261028,2
16671,20261028,2
16672,20261028,2
16673,20261028,2
16674,20261028,2
16675,20261028,2
16676,20261028,2
16677,20261028,2
16678,20261028,2
16679,20261028,2
16680,20261028,2
16681,20261028,2
16682,20261028,2
16683,20261028,2
16684,20261028,2
16685,20261028,2
16686,20261028,2
16687,20261028,2
16688,20261028,2
16689,20261028,2
16690,20261028,2
16691,20261028,2
16692,20261028,2
16693,20261028,2
16694,20261028,2
16695,20261028,2
16708,20261028,2
16709,20261028,2
16710,20261028,2
16711,20261028,2
16715,20261028,2
16716,20261028,2
16717,20261028,2
16718,20261028,2
16719,20261028,2
16720,20261028,2
16721,20261028,2
16722,20261028,2
16723,20261028,2
16724,20261028,2
16725,20261028,2
16726,20261028,2
16727,20261028,2
16728,20261028,2
16729,20261028,2
16730,20261028,2
16731,20261028,2
16732,20261028,2
16733,20261028,2
16734,20261028,2
16735,20261028,2
16736,20261028,2
16737,20261028,2
16738,20261028,2
16739,20261028,2
16740,20261028,2
16741,20261028,2
16742,20261028,2
16743,20261028,2
16744,20261028,2
16745,20261028,2
16746,20261028,2
16747,20261028,2
16748,20261028,2
16749,20261028,2
16750,20261028,2
16751,20261028,2
16752,20261028,2
16753,20261028,2
16754,20261028,2
16755,20261028,2
16756,20261028,2
16757,20261028,2
16758,20261028,2
16759,20261028,2
16760,20261028,2
16761,20261028,2
16762,20261028,2
16763,20261028,2
16764,20261028,2
16765,20261028,2
16766,20261028,2
16767,20261028,2
16768,20261028,2
16769,20261028,2
16770,20261028,2
16771,20261028,2
16772,20261028,2
16773,20261028,2
16774,20261028,2
16796,20261028,2
16797,20261028,2
16798,20261028,2
16799,20261028,2
16800,20261028,2
16801,20261028,2
16802,20261028,2
16803,20261028,2
16804,20261028,2
16805,20261028,2
16806,20261028,2
16807,20261028,2
16808,20261028,2
16809,20261028,2
16810,20261028,2
16811,20261028,2
16812,20261028,2
16813,20261028,2
16814,20261028,2
16815,20261028,2
16816,20261028,2
16817,20261028,2
16818,20261028,2
16819,20261028,2
16820,20261028,2
16821,20261028,2
16822,20261028,2
16823,20261028,2
16824,20261028,2
16825,20261028,2
16826,20261028,2
16827,20261028,2
16828,20261028,2
16829,20261028,2
16830,20261028,2
16831,20261028,2
16832,20261028,2
16833,20261028,2
16846,20261028,2
16847,20261028,2
16848,20261028,2
16849,20261028,2
16850,20261028,2
16851,20261028,2
16852,20261028,2
16853,20261028,2
16854,20261028,2
16855,20261028,2
16856,20261028,2
16857,20261028,2
16858,20261028,2
16859,20261028,2
16860,20261028,2
16861,20261028,2
16862,20261028,2
16863,20261028,2
16864,20261028,2
16865,20261028,2
16866,20261028,2
16867,20261028,2
16868,20261028,2
16869,20261028,2
16870,20261028,2
16871,20261028,2
16872,20261028,2
16873,20261028,2
16874,20261028,2
16875,20261028,2
16876,20261028,2
16877,20261028,2
16878,20261028,2
16879,20261028,2
16880,20261028,2
16881,20261028,2
16882,20261028,2
16883,20261028,2
16884,20261028,2
16885,20261028,2
16886,20261028,2
16887,20261028,2
16888,20261028,2
16889,20261028,2
16890,20261028,2
16891,20261028,2
16892,20261028,2
16893,20261028,2
16894,20261028,2
16895,20261028,2
16896,20261028,2
16897,20261028,2
16898,20261028,2
16899,20261028,2
16900,20261028,2
16901,20261028,2
16902,20261028,2
16903,20261028,2
16904,20261028,2
16919,20261028,2
16920,20261028,2
16921,20261028,2
16922,20261028,2
16923,20261028,2
16924,20261028,2
16925,20261028,2
16926,20261028,2
16936,20261028,2
16937,20261028,2
16938,20261028,2
16943,20261028,2
16957,20261028,2
16959,20261028,2
16965,20261028,2
16966,20261028,2
16969,20261028,2
16982,20261028,2
16983,20261028,2
16986,20261028,2
16987,20261028,2
16988,20261028,2
16989,20261028,2
16990,20261028,2
16991,20261028,2
16992,20261028,2
16993,20261028,2
17003,20261028,2
17005,20261028,2
17011,20261028,2
17013,20261028,2
17017,20261028,2
17019,20261028,2
17025,20261028,2
17027,20261028,2
17031,20261028,2
17033,20261028,2
17039,20261028,2
17043,20261028,2
17045,20261028,2
17048,20261028,2
17051,20261028,2
17054,20261028,2
17058,20261028,2
17061,20261028,2
17063,20261028,2
17065,20261028,2
17069,20261028,2
17073,20261028,2
17077,20261028,2
17079,20261028,2
17085,20261028,2
17087,20261028,2
17093,20261028,2
17095,20261028,2
17101,20261028,2
17103,20261028,2
17109,20261028,2
17111,20261028,2
17117,20261028,2
17119,20261028,2
17125,20261028,2
17127,20261028,2
17133,20261028,2
17135,20261028,2
17141,20261028,2
17143,20261028,2
17148,20261028,2
17150,20261028,2
17154,20261028,2
17156,20261028,2
17162,20261028,2
17164,20261028,2
17168,20261028,2
17172,20261028,2
17176,20261028,2
17180,20261028,2
17184,20261028,2
17186,20261028,2
17192,20261028,2
17194,20261028,2
17198,20261028,2
17202,20261028,2
17206,20261028,2
17210,20261028,2
17214,20261028,2
17218,20261028,2
17222,20261028,2
17224,20261028,2
17230,20261028,2
17232,20261028,2
17236,20261028,2
17240,20261028,2
17244,20261028,2
17248,20261028,2
17252,20261028,2
17257,20261028,2
17316,20261028,2
17317,20261028,2
17318,20261028,2
17319,20261028,2
17320,20261028,2
17321,20261028,2
17322,20261028,2
17323,20261028,2
17324,20261028,2
17325,20261028,2
17326,20261028,2
17327,20261028,2
17328,20261028,2
17329,20261028,2
17330,20261028,2
17331,20261028,2
17332,20261028,2
17333,20261028,2
17334,20261028,2
17335,20261028,2
17336,20261028,2
17337,20261028,2
17338,20261028,2
17339,20261028,2
17340,20261028,2
17341,20261028,2
17342,20261028,2
17343,20261028,2
17344,20261028,2
17345,20261028,2
17346,20261028,2
17347,20261028,2
17348,20261028,2
17349,20261028,2
17350,20261028,2
17351,20261028,2
17352,20261028,2
17353,20261028,2
17354,20261028,2
17372,20261028,2
17373,20261028,2
17374,20261028,2
17375,20261028,2
17376,20261028,2
17377,20261028,2
17378,20261028,2
17379,20261028,2
17390,20261028,2
17392,20261028,2
17393,20261028,2
17394,20261028,2
17395,20261028,2
17396,20261028,2
17397,20261028,2
17398,20261028,2
17410,20261028,2
17413,20261028,2
17416,20261028,2
17430,20261028,2
17431,20261028,2
17442,20261028,2
17443,20261028,2
17445,20261028,2
17446,20261028,2
17448,20261028,2
17454,20261028,2
17456,20261028,2
17460,20261028,2
17466,20261028,2
17467,20261028,2
17468,20261028,2
17473,20261028,2
17487,20261028,2
17496,20261028,2
17506,20261028,2
17513,20261028,2
17516,20261028,2
17576,20261028,2
17603,20261028,2
17605,20261028,2
12551,20261029,2
15192,20261029,2
11822,20261029,2
11821,20261029,2
8686,20261029,2
8684,20261029,2
1040,20261029,2
1041,20261029,2
11800,20261029,2
925,20261029,2
8632,20261029,2
8630,20261029,2
11799,20261029,2
14220,20261029,2
8628,20261029,2
8627,20261029,2
11798,20261029,2
9805,20261029,2
8620,20261029,2
8619,20261029,2
11794,20261029,2
926,20261029,2
11787,20261029,2
11785,20261029,2
11784,20261029,2
9504,20261029,2
11783,20261029,2
11678,20261029,2
11667,20261029,2
8617,20261029,2
14510,20261029,2
11654,20261029,2
11653,20261029,2
15135,20261029,2
10471,20261029,2
15133,20261029,2
483,20261029,2
10473,20261029,2
11606,20261029,2
10474,20261029,2
11605,20261029,2
1003,20261029,2
8616,20261029,2
1004,20261029,2
11604,20261029,2
9374,20261029,2
14211,20261029,2
11601,20261029,2
1007,20261029,2
11600,20261029,2
11574,20261029,2
11573,20261029,2
11572,20261029,2
11566,20261029,2
10513,20261029,2
11565,20261029,2
10514,20261029,2
9362,20261029,2
11564,20261029,2
11563,20261029,2
10516,20261029,2
15102,20261029,2
15092,20261029,2
15091,20261029,2
15088,20261029,2
15087,20261029,2
15086,20261029,2
8588,20261029,2
15085,20261029,2
15080,20261029,2
15079,20261029,2
8570,20261029,2
15078,20261029,2
10528,20261029,2
11429,20261029,2
11422,20261029,2
11420,20261029,2
11419,20261029,2
929,20261029,2
931,20261029,2
8568,20261029,2
11375,20261029,2
14199,20261029,2
8562,20261029,2
9277,20261029,2
936,20261029,2
8561,20261029,2
14198,20261029,2
11373,20261029,2
9837,20261029,2
10548,20261029,2
14196,20261029,2
8549,20261029,2
10558,20261029,2
9839,20261029,2
10560,20261029,2
11372,20261029,2
10561,20261029,2
8544,20261029,2
990,20261029,2
11360,20261029,2
8543,20261029,2
11353,20261029,2
9274,20261029,2
11348,20261029,2
10577,20261029,2
16671,20261029,2
1042,20261029,2
11333,20261029,2
11330,20261029,2
14178,20261029,2
11327,20261029,2
11326,20261029,2
11253,20261029,2
11234,20261029,2
11233,20261029,2
11179,20261029,2
11177,20261029,2
11176,20261029,2
11174,20261029,2
11166,20261029,2
11162,20261029,2
11161,20261029,2
941,20261029,2
944,20261029,2
11110,20261029,2
11108,20261029,2
11107,20261029,2
11103,20261029,2
11101,20261029,2
11099,20261029,2
8490,20261029,2
9269,20261029,2
14177,20261029,2
9260,20261029,2
9259,20261029,2
9256,20261029,2
11098,20261029,2
11097,20261029,2
10659,20261029,2
11095,20261029,2
10660,20261029,2
11079,20261029,2
11075,20261029,2
10662,20261029,2
11074,20261029,2
9251,20261029,2
11022,20261029,2
8488,20261029,2
14958,20261029,2
10666,20261029,2
11020,20261029,2
10668,20261029,2
17377,20261029,2
10669,20261029,2
11019,20261029,2
11017,20261029,2
11016,20261029,2
14877,20261029,2
11013,20261029,2
11011,20261029,2
10993,20261029,2
10992,20261029,2
14944,20261029,2
14943,20261029,2
10681,20261029,2
10918,20261029,2
10682,20261029,2
10911,20261029,2
10683,20261029,2
9246,20261029,2
10910,20261029,2
10684,20261029,2
10907,20261029,2
10824,20261029,2
10823,20261029,2
10818,20261029,2
14884,20261029,2
10815,20261029,2
988,20261029,2
10808,20261029,2
8470,20261029,2
9245,20261029,2
1043,20261029,2
10807,20261029,2
9241,20261029,2
8466,20261029,2
9606,20261029,2
9213,20261029,2
10806,20261029,2
10805,20261029,2
10703,20261029,2
10803,20261029,2
9594,20261029,2
10800,20261029,2
14895,20261029,2
14891,20261029,2
9592,20261029,2
9610,20261029,2
9211,20261029,2
9614,20261029,2
9209,20261029,2
8463,20261029,2
1044,20261029,2
14644,20261029,2
1047,20261029,2
14645,20261029,2
14646,20261029,2
1048,20261029,2
14647,20261029,2
14648,20261029,2
14145,20261029,2
14649,20261029,2
9569,20261029,2
14651,20261029,2
9907,20261029,2
9908,20261029,2
14143,20261029,2
14139,20261029,2
8239,20261029,2
8237,20261029,2
8234,20261029,2
8232,20261029,2
8231,20261029,2
8230,20261029,2
14116,20261029,2
14114,20261029,2
8139,20261029,2
14112,20261029,2
8125,20261029,2
14107,20261029,2
14106,20261029,2
8114,20261029,2
14104,20261029,2
8041,20261029,2
8038,20261029,2
8035,20261029,2
8031,20261029,2
8028,20261029,2
7979,20261029,2
14055,20261029,2
14046,20261029,2
7963,20261029,2
7962,20261029,2
14044,20261029,2
14043,20261029,2
14041,20261029,2
7898,20261029,2
7896,20261029,2
7893,20261029,2
7866,20261029,2
7858,20261029,2
7855,20261029,2
7840,20261029,2
7825,20261029,2
7806,20261029,2
7799,20261029,2
7797,20261029,2
7648,20261029,2
9615,20261029,2
14436,20261029,2
9200,20261029,2
9658,20261029,2
9194,20261029,2
14433,20261029,2
9660,20261029,2
9190,20261029,2
9661,20261029,2
14571,20261029,2
9662,20261029,2
9186,20261029,2
9663,20261029,2
9180,20261029,2
9664,20261029,2
14418,20261029,2
14572,20261029,2
1008,20261029,2
7495,20261029,2
7484,20261029,2
9546,20261029,2
7481,20261029,2
1011,20261029,2
7478,20261029,2
7446,20261029,2
10034,20261029,2
7425,20261029,2
14658,20261029,2
7416,20261029,2
10037,20261029,2
7415,20261029,2
7413,20261029,2
14660,20261029,2
7411,20261029,2
7394,20261029,2
1000,20261029,2
7379,20261029,2
7373,20261029,2
9110,20261029,2
1012,20261029,2
13867,20261029,2
7276,20261029,2
9105,20261029,2
7270,20261029,2
9103,20261029,2
7268,20261029,2
7265,20261029,2
7263,20261029,2
7261,20261029,2
7255,20261029,2
7253,20261029,2
7117,20261029,2
7102,20261029,2
16894,20261029,2
10076,20261029,2
7099,20261029,2
7098,20261029,2
7097,20261029,2
7092,20261029,2
7091,20261029,2
7089,20261029,2
10082,20261029,2
7055,20261029,2
7053,20261029,2
7051,20261029,2
9102,20261029,2
7049,20261029,2
7048,20261029,2
7046,20261029,2
9099,20261029,2
7034,20261029,2
7024,20261029,2
10092,20261029,2
7023,20261029,2
16887,20261029,2
7021,20261029,2
10094,20261029,2
7002,20261029,2
10095,20261029,2
7000,20261029,2
6962,20261029,2
6961,20261029,2
6960,20261029,2
6958,20261029,2
6956,20261029,2
10101,20261029,2
6954,20261029,2
10103,20261029,2
6953,20261029,2
6952,20261029,2
6950,20261029,2
6948,20261029,2
6946,20261029,2
6945,20261029,2
6943,20261029,2
6941,20261029,2
6939,20261029,2
999,20261029,2
6936,20261029,2
9098,20261029,2
6935,20261029,2
6934,20261029,2
6933,20261029,2
9095,20261029,2
9094,20261029,2
6927,20261029,2
6866,20261029,2
6863,20261029,2
16880,20261029,2
6861,20261029,2
6859,20261029,2
6856,20261029,2
6854,20261029,2
6745,20261029,2
6737,20261029,2
6733,20261029,2
6729,20261029,2
9081,20261029,2
6725,20261029,2
14578,20261029,2
6724,20261029,2
6720,20261029,2
6717,20261029,2
6713,20261029,2
6711,20261029,2
996,20261029,2
6709,20261029,2
9080,20261029,2
6708,20261029,2
6705,20261029,2
6704,20261029,2
6703,20261029,2
6702,20261029,2
9545,20261029,2
6615,20261029,2
6611,20261029,2
6602,20261029,2
6563,20261029,2
6549,20261029,2
6546,20261029,2
995,20261029,2
14389,20261029,2
6536,20261029,2
9076,20261029,2
6535,20261029,2
9075,20261029,2
14386,20261029,2
14381,20261029,2
6527,20261029,2
14380,20261029,2
14378,20261029,2
6521,20261029,2
6441,20261029,2
6440,20261029,2
6387,20261029,2
10180,20261029,2
6386,20261029,2
10181,20261029,2
6381,20261029,2
15966,20261029,2
13481,20261029,2
13478,20261029,2
16875,20261029,2
13460,20261029,2
15951,20261029,2
13427,20261029,2
15946,20261029,2
16863,20261029,2
16862,20261029,2
15848,20261029,2
16857,20261029,2
16854,20261029,2
13033,20261029,2
12972,20261029,2
12970,20261029,2
12825,20261029,2
12781,20261029,2
12776,20261029,2
12720,20261029,2
12717,20261029,2
14524,20261029,2
12708,20261029,2
12705,20261029,2
12662,20261029,2
12659,20261029,2
12655,20261029,2
12653,20261029,2
9028,20261029,2
9531,20261029,2
8994,20261029,2
12651,20261029,2
12649,20261029,2
12647,20261029,2
12646,20261029,2
12644,20261029,2
10227,20261029,2
12643,20261029,2
9529,20261029,2
12641,20261029,2
16817,20261029,2
9620,20261029,2
12638,20261029,2
12636,20261029,2
12634,20261029,2
12633,20261029,2
12629,20261029,2
8989,20261029,2
1015,20261029,2
12628,20261029,2
16807,20261029,2
12607,20261029,2
9526,20261029,2
16806,20261029,2
12604,20261029,2
9621,20261029,2
12603,20261029,2
16805,20261029,2
16804,20261029,2
12589,20261029,2
9522,20261029,2
12586,20261029,2
12583,20261029,2
8988,20261029,2
12580,20261029,2
16800,20261029,2
12572,20261029,2
12569,20261029,2
12567,20261029,2
12566,20261029,2
16798,20261029,2
12557,20261029,2
12555,20261029,2
12554,20261029,2
12552,20261029,2
15399,20261029,2
15397,20261029,2
12522,20261029,2
15396,20261029,2
15395,20261029,2
15394,20261029,2
12512,20261029,2
12510,20261029,2
15393,20261029,2
12509,20261029,2
12507,20261029,2
12481,20261029,2
12477,20261029,2
12476,20261029,2
12471,20261029,2
12469,20261029,2
12467,20261029,2
12463,20261029,2
12451,20261029,2
12450,20261029,2
12449,20261029,2
9519,20261029,2
15372,20261029,2
12446,20261029,2
15371,20261029,2
12443,20261029,2
12440,20261029,2
16774,20261029,2
10305,20261029,2
16773,20261029,2
10306,20261029,2
9515,20261029,2
8986,20261029,2
12419,20261029,2
9514,20261029,2
9512,20261029,2
8983,20261029,2
12418,20261029,2
1017,20261029,2
9511,20261029,2
14513,20261029,2
8972,20261029,2
12415,20261029,2
8970,20261029,2
8969,20261029,2
8967,20261029,2
15360,20261029,2
8937,20261029,2
9774,20261029,2
12412,20261029,2
8936,20261029,2
14338,20261029,2
9776,20261029,2
15359,20261029,2
14585,20261029,2
8921,20261029,2
8920,20261029,2
16771,20261029,2
10334,20261029,2
15353,20261029,2
10335,20261029,2
16769,20261029,2
922,20261029,2
10336,20261029,2
10337,20261029,2
12335,20261029,2
10338,20261029,2
12334,20261029,2
10339,20261029,2
12333,20261029,2
10340,20261029,2
12332,20261029,2
10341,20261029,2
12331,20261029,2
10342,20261029,2
12330,20261029,2
12329,20261029,2
12328,20261029,2
12327,20261029,2
12321,20261029,2
9779,20261029,2
12320,20261029,2
10355,20261029,2
12306,20261029,2
14335,20261029,2
12302,20261029,2
12300,20261029,2
1984,20261029,2
9780,20261029,2
16756,20261029,2
15308,20261029,2
16752,20261029,2
14511,20261029,2
12234,20261029,2
8916,20261029,2
16749,20261029,2
10368,20261029,2
12229,20261029,2
9781,20261029,2
15290,20261029,2
16746,20261029,2
12211,20261029,2
10375,20261029,2
8915,20261029,2
12208,20261029,2
10377,20261029,2
12207,20261029,2
8909,20261029,2
12149,20261029,2
9783,20261029,2
8908,20261029,2
9785,20261029,2
8823,20261029,2
12144,20261029,2
8822,20261029,2
9787,20261029,2
8820,20261029,2
12142,20261029,2
14302,20261029,2
565,20261029,2
14591,20261029,2
14295,20261029,2
9791,20261029,2
12137,20261029,2
16743,20261029,2
12135,20261029,2
16738,20261029,2
16737,20261029,2
14812,20261029,2
16735,20261029,2
10404,20261029,2
11938,20261029,2
11937,20261029,2
11926,20261029,2
16731,20261029,2
10409,20261029,2
16729,20261029,2
14815,20261029,2
11901,20261029,2
11900,20261029,2
11898,20261029,2
8697,20261029,2
16727,20261029,2
11891,20261029,2
11889,20261029,2
8695,20261029,2
11888,20261029,2
11887,20261029,2
11886,20261029,2
11885,20261029,2
16725,20261029,2
16722,20261029,2
15201,20261029,2
11842,20261029,2
11841,20261029,2
10428,20261029,2
8693,20261029,2
15197,20261029,2
11839,20261029,2
15196,20261029,2
8690,20261029,2
11832,20261029,2
5745,20261030,1
7098,20261030,2
15399,20261030,2
7097,20261030,2
11891,20261030,2
7092,20261030,2
15397,20261030,2
7091,20261030,2
12300,20261030,2
7089,20261030,2
15396,20261030,2
7055,20261030,2
12522,20261030,2
10082,20261030,2
8916,20261030,2
7053,20261030,2
9791,20261030,2
7051,20261030,2
15395,20261030,2
7049,20261030,2
16756,20261030,2
15394,20261030,2
9099,20261030,2
7048,20261030,2
12135,20261030,2
7046,20261030,2
12512,20261030,2
7034,20261030,2
8690,20261030,2
15393,20261030,2
16887,20261030,2
7024,20261030,2
12510,20261030,2
7023,20261030,2
1984,20261030,2
10092,20261030,2
16738,20261030,2
12509,20261030,2
7021,20261030,2
15308,20261030,2
12507,20261030,2
10094,20261030,2
7002,20261030,2
9780,20261030,2
12481,20261030,2
10095,20261030,2
7000,20261030,2
8695,20261030,2
6962,20261030,2
12477,20261030,2
6961,20261030,2
16752,20261030,2
6960,20261030,2
11822,20261030,2
12476,20261030,2
11821,20261030,2
8686,20261030,2
6958,20261030,2
16737,20261030,2
11800,20261030,2
8684,20261030,2
6956,20261030,2
1015,20261030,2
1040,20261030,2
12471,20261030,2
10101,20261030,2
8632,20261030,2
9098,20261030,2
6954,20261030,2
11799,20261030,2
8630,20261030,2
11889,20261030,2
14220,20261030,2
6953,20261030,2
12469,20261030,2
9504,20261030,2
8628,20261030,2
10103,20261030,2
8627,20261030,2
11798,20261030,2
16749,20261030,2
6952,20261030,2
8620,20261030,2
925,20261030,2
12467,20261030,2
9805,20261030,2
6950,20261030,2
8619,20261030,2
12234,20261030,2
11794,20261030,2
6948,20261030,2
12463,20261030,2
926,20261030,2
10076,20261030,2
7413,20261030,2
16800,20261030,2
12580,20261030,2
7411,20261030,2
12320,20261030,2
1011,20261030,2
7394,20261030,2
11898,20261030,2
14660,20261030,2
12572,20261030,2
7379,20261030,2
9519,20261030,2
7373,20261030,2
13867,20261030,2
9110,20261030,2
12569,20261030,2
16722,20261030,2
12567,20261030,2
1012,20261030,2
7276,20261030,2
9105,20261030,2
10355,20261030,2
16798,20261030,2
7270,20261030,2
9103,20261030,2
12566,20261030,2
7268,20261030,2
9779,20261030,2
9102,20261030,2
7265,20261030,2
12557,20261030,2
7263,20261030,2
12306,20261030,2
7261,20261030,2
12555,20261030,2
7255,20261030,2
10428,20261030,2
7253,20261030,2
12554,20261030,2
7117,20261030,2
15201,20261030,2
16894,20261030,2
7102,20261030,2
12552,20261030,2
12302,20261030,2
7099,20261030,2
12551,20261030,2
15192,20261030,2
8617,20261030,2
11787,20261030,2
6946,20261030,2
11785,20261030,2
16735,20261030,2
11784,20261030,2
6945,20261030,2
12451,20261030,2
11783,20261030,2
6943,20261030,2
11678,20261030,2
14510,20261030,2
11842,20261030,2
11667,20261030,2
6941,20261030,2
12450,20261030,2
6939,20261030,2
11654,20261030,2
999,20261030,2
11653,20261030,2
11888,20261030,2
15135,20261030,2
9545,20261030,2
6936,20261030,2
10471,20261030,2
15133,20261030,2
12449,20261030,2
14812,20261030,2
11606,20261030,2
15372,20261030,2
10473,20261030,2
6935,20261030,2
11605,20261030,2
10368,20261030,2
10474,20261030,2
6934,20261030,2
8616,20261030,2
483,20261030,2
12229,20261030,2
11604,20261030,2
6933,20261030,2
1003,20261030,2
12446,20261030,2
9594,20261030,2
14211,20261030,2
9095,20261030,2
1004,20261030,2
11601,20261030,2
9374,20261030,2
11938,20261030,2
9094,20261030,2
15371,20261030,2
11600,20261030,2
6927,20261030,2
15196,20261030,2
11574,20261030,2
16880,20261030,2
8588,20261030,2
11573,20261030,2
6866,20261030,2
11572,20261030,2
1007,20261030,2
12443,20261030,2
11566,20261030,2
6863,20261030,2
9362,20261030,2
11565,20261030,2
15290,20261030,2
10513,20261030,2
12440,20261030,2
11564,20261030,2
6861,20261030,2
10514,20261030,2
9081,20261030,2
10404,20261030,2
11563,20261030,2
6859,20261030,2
16774,20261030,2
10516,20261030,2
15102,20261030,2
6856,20261030,2
15092,20261030,2
16746,20261030,2
15091,20261030,2
6854,20261030,2
15088,20261030,2
9781,20261030,2
15087,20261030,2
6745,20261030,2
15086,20261030,2
10305,20261030,2
6737,20261030,2
15085,20261030,2
16773,20261030,2
15080,20261030,2
8570,20261030,2
6733,20261030,2
15079,20261030,2
14591,20261030,2
6729,20261030,2
15078,20261030,2
11429,20261030,2
10306,20261030,2
10528,20261030,2
9277,20261030,2
6725,20261030,2
11422,20261030,2
8986,20261030,2
8568,20261030,2
11420,20261030,2
6724,20261030,2
11419,20261030,2
9515,20261030,2
12211,20261030,2
929,20261030,2
6720,20261030,2
931,20261030,2
9514,20261030,2
11375,20261030,2
14199,20261030,2
6717,20261030,2
12419,20261030,2
8562,20261030,2
9080,20261030,2
6713,20261030,2
8561,20261030,2
8915,20261030,2
6711,20261030,2
14198,20261030,2
11373,20261030,2
996,20261030,2
8693,20261030,2
14196,20261030,2
14578,20261030,2
6709,20261030,2
10548,20261030,2
9837,20261030,2
8549,20261030,2
9274,20261030,2
9606,20261030,2
9512,20261030,2
10558,20261030,2
11372,20261030,2
6708,20261030,2
12418,20261030,2
10560,20261030,2
6705,20261030,2
8983,20261030,2
10561,20261030,2
9839,20261030,2
11360,20261030,2
8544,20261030,2
990,20261030,2
6704,20261030,2
12208,20261030,2
8543,20261030,2
6703,20261030,2
11937,20261030,2
11353,20261030,2
6702,20261030,2
16671,20261030,2
11348,20261030,2
10375,20261030,2
6615,20261030,2
1041,20261030,2
14513,20261030,2
10577,20261030,2
11887,20261030,2
11333,20261030,2
6611,20261030,2
14178,20261030,2
9511,20261030,2
11330,20261030,2
9269,20261030,2
6602,20261030,2
11327,20261030,2
15360,20261030,2
6563,20261030,2
11326,20261030,2
8697,20261030,2
11253,20261030,2
6549,20261030,2
11234,20261030,2
11233,20261030,2
995,20261030,2
11179,20261030,2
6546,20261030,2
11177,20261030,2
14389,20261030,2
11176,20261030,2
8972,20261030,2
11174,20261030,2
12415,20261030,2
11166,20261030,2
6536,20261030,2
11162,20261030,2
14511,20261030,2
11161,20261030,2
12207,20261030,2
936,20261030,2
6535,20261030,2
941,20261030,2
9076,20261030,2
944,20261030,2
11110,20261030,2
8970,20261030,2
11108,20261030,2
9075,20261030,2
11107,20261030,2
11926,20261030,2
11103,20261030,2
10377,20261030,2
11101,20261030,2
14386,20261030,2
11099,20261030,2
8969,20261030,2
8490,20261030,2
6527,20261030,2
14381,20261030,2
14177,20261030,2
8909,20261030,2
9260,20261030,2
14380,20261030,2
9259,20261030,2
8967,20261030,2
9256,20261030,2
8488,20261030,2
11841,20261030,2
9251,20261030,2
11098,20261030,2
6521,20261030,2
11097,20261030,2
14378,20261030,2
10659,20261030,2
11095,20261030,2
14524,20261030,2
8937,20261030,2
10660,20261030,2
11079,20261030,2
9610,20261030,2
11075,20261030,2
6441,20261030,2
12412,20261030,2
10662,20261030,2
11074,20261030,2
6440,20261030,2
11022,20261030,2
6387,20261030,2
14958,20261030,2
8936,20261030,2
16731,20261030,2
10180,20261030,2
10666,20261030,2
11020,20261030,2
6386,20261030,2
10668,20261030,2
9774,20261030,2
11019,20261030,2
10181,20261030,2
10669,20261030,2
6381,20261030,2
11017,20261030,2
15359,20261030,2
11016,20261030,2
15966,20261030,2
11013,20261030,2
13481,20261030,2
14877,20261030,2
11011,20261030,2
9246,20261030,2
14338,20261030,2
10993,20261030,2
13478,20261030,2
1042,20261030,2
10992,20261030,2
12149,20261030,2
14944,20261030,2
16875,20261030,2
14943,20261030,2
8921,20261030,2
10918,20261030,2
13460,20261030,2
10681,20261030,2
16725,20261030,2
10911,20261030,2
15951,20261030,2
10682,20261030,2
10910,20261030,2
10683,20261030,2
16729,20261030,2
13427,20261030,2
9776,20261030,2
10684,20261030,2
10907,20261030,2
5748,20261030,2
8470,20261030,2
10824,20261030,2
10823,20261030,2
5746,20261030,2
10818,20261030,2
10815,20261030,2
15946,20261030,2
14884,20261030,2
16771,20261030,2
10808,20261030,2
16863,20261030,2
9245,20261030,2
16862,20261030,2
9783,20261030,2
10807,20261030,2
9241,20261030,2
15848,20261030,2
8466,20261030,2
14585,20261030,2
16857,20261030,2
988,20261030,2
9213,20261030,2
1043,20261030,2
8920,20261030,2
10806,20261030,2
8463,20261030,2
16854,20261030,2
8908,20261030,2
10805,20261030,2
13033,20261030,2
10803,20261030,2
11886,20261030,2
10703,20261030,2
12972,20261030,2
10800,20261030,2
15353,20261030,2
12970,20261030,2
17377,20261030,2
14895,20261030,2
1017,20261030,2
14891,20261030,2
12825,20261030,2
9211,20261030,2
9592,20261030,2
10334,20261030,2
12781,20261030,2
8823,20261030,2
9569,20261030,2
9209,20261030,2
12776,20261030,2
16769,20261030,2
9614,20261030,2
1000,20261030,2
14436,20261030,2
12720,20261030,2
1044,20261030,2
12717,20261030,2
14644,20261030,2
10335,20261030,2
12708,20261030,2
14645,20261030,2
1047,20261030,2
10409,20261030,2
14646,20261030,2
12144,20261030,2
12705,20261030,2
14647,20261030,2
14145,20261030,2
9785,20261030,2
14648,20261030,2
12662,20261030,2
10336,20261030,2
14649,20261030,2
12659,20261030,2
14143,20261030,2
922,20261030,2
12655,20261030,2
9907,20261030,2
14651,20261030,2
12335,20261030,2
9908,20261030,2
12653,20261030,2
14139,20261030,2
11839,20261030,2
1048,20261030,2
8239,20261030,2
9028,20261030,2
8237,20261030,2
9531,20261030,2
8234,20261030,2
12651,20261030,2
8232,20261030,2
10337,20261030,2
8231,20261030,2
8822,20261030,2
8230,20261030,2
8994,20261030,2
14116,20261030,2
9529,20261030,2
14114,20261030,2
12334,20261030,2
8139,20261030,2
11901,20261030,2
14112,20261030,2
12649,20261030,2
8125,20261030,2
10338,20261030,2
14107,20261030,2
12647,20261030,2
14106,20261030,2
11885,20261030,2
8114,20261030,2
12646,20261030,2
14104,20261030,2
12333,20261030,2
8041,20261030,2
12644,20261030,2
8038,20261030,2
12142,20261030,2
8035,20261030,2
12643,20261030,2
8031,20261030,2
10339,20261030,2
8028,20261030,2
10227,20261030,2
7979,20261030,2
8820,20261030,2
14055,20261030,2
16817,20261030,2
14046,20261030,2
12332,20261030,2
7963,20261030,2
12641,20261030,2
7962,20261030,2
8989,20261030,2
14044,20261030,2
15197,20261030,2
14043,20261030,2
10340,20261030,2
14041,20261030,2
12638,20261030,2
7898,20261030,2
9787,20261030,2
7896,20261030,2
12331,20261030,2
7893,20261030,2
12636,20261030,2
7866,20261030,2
14815,20261030,2
7858,20261030,2
12634,20261030,2
7855,20261030,2
10341,20261030,2
7840,20261030,2
12633,20261030,2
7825,20261030,2
14302,20261030,2
7806,20261030,2
12629,20261030,2
7799,20261030,2
12330,20261030,2
7797,20261030,2
12628,20261030,2
7648,20261030,2
11900,20261030,2
9546,20261030,2
9620,20261030,2
10342,20261030,2
9615,20261030,2
9200,20261030,2
9526,20261030,2
11832,20261030,2
9658,20261030,2
9194,20261030,2
16807,20261030,2
14433,20261030,2
12329,20261030,2
8988,20261030,2
9660,20261030,2
9190,20261030,2
12607,20261030,2
16743,20261030,2
9661,20261030,2
16806,20261030,2
9186,20261030,2
12328,20261030,2
9662,20261030,2
14571,20261030,2
16727,20261030,2
12604,20261030,2
9663,20261030,2
9180,20261030,2
12327,20261030,2
9664,20261030,2
14418,20261030,2
12603,20261030,2
12137,20261030,2
16805,20261030,2
14572,20261030,2
1008,20261030,2
7495,20261030,2
9621,20261030,2
7484,20261030,2
14335,20261030,2
16804,20261030,2
7481,20261030,2
7478,20261030,2
9522,20261030,2
12589,20261030,2
7446,20261030,2
12586,20261030,2
10034,20261030,2
7425,20261030,2
12321,20261030,2
565,20261030,2
7416,20261030,2
14658,20261030,2
12583,20261030,2
10037,20261030,2
7415,20261030,2
14295,20261030,2
5746,20261101,1
5745,20261101,2
1001,20261102,2
924,20261102,2
927,20261102,2
994,20261102,2
927,20261103,2
924,20261103,2
1001,20261103,2
994,20261103,2
927,20261104,2
1001,20261104,2
994,20261104,2
924,20261104,2
1001,20261105,2
927,20261105,2
924,20261105,2
994,20261105,2
924,20261106,2
927,20261106,2
994,20261106,2
1001,20261106,2
924,20261109,2
994,20261109,2
1001,20261109,2
927,20261109,2
1001,20261110,2
924,20261110,2
927,20261110,2
994,20261110,2
924,20261111,2
927,20261111,2
1001,20261111,2
994,20261111,2
924,20261112,2
994,20261112,2
1001,20261112,2
927,20261112,2
1001,20261113,2
994,20261113,2
924,20261113,2
927,20261113,2
5936,20261116,1
927,20261116,2
994,20261116,2
924,20261116,2
1001,20261116,2
5937,20261116,2
14550,20261117,1
14551,20261117,1
16427,20261117,1
17008,20261117,1
17364,20261117,1
82,20261117,1
17365,20261117,1
9648,20261117,1
9649,20261117,1
9650,20261117,1
3013,20261117,1
9651,20261117,1
9652,20261117,1
9653,20261117,1
9654,20261117,1
9655,20261117,1
3000,20261117,1
9656,20261117,1
9657,20261117,1
17021,20261117,1
17022,20261117,1
17366,20261117,1
9691,20261117,1
2995,20261117,1
9692,20261117,1
9693,20261117,1
9694,20261117,1
9695,20261117,1
9696,20261117,1
9697,20261117,1
9698,20261117,1
9699,20261117,1
9700,20261117,1
2976,20261117,1
9701,20261117,1
2973,20261117,1
9702,20261117,1
9703,20261117,1
9704,20261117,1
9705,20261117,1
2966,20261117,1
9706,20261117,1
9707,20261117,1
2962,20261117,1
9708,20261117,1
9710,20261117,1
9711,20261117,1
9712,20261117,1
2953,20261117,1
9713,20261117,1
9714,20261117,1
17367,20261117,1
17035,20261117,1
2950,20261117,1
9813,20261117,1
9816,20261117,1
9818,20261117,1
9819,20261117,1
2942,20261117,1
9820,20261117,1
9821,20261117,1
2938,20261117,1
9822,20261117,1
9823,20261117,1
9824,20261117,1
2933,20261117,1
9826,20261117,1
9829,20261117,1
17036,20261117,1
17368,20261117,1
14604,20261117,1
14605,20261117,1
14607,20261117,1
9847,20261117,1
2928,20261117,1
9848,20261117,1
2927,20261117,1
9849,20261117,1
9850,20261117,1
2925,20261117,1
9851,20261117,1
9852,20261117,1
9853,20261117,1
9854,20261117,1
9855,20261117,1
9856,20261117,1
9857,20261117,1
9858,20261117,1
9859,20261117,1
9860,20261117,1
14608,20261117,1
14609,20261117,1
14610,20261117,1
14611,20261117,1
14612,20261117,1
14613,20261117,1
14614,20261117,1
14615,20261117,1
14616,20261117,1
14617,20261117,1
14618,20261117,1
14619,20261117,1
17369,20261117,1
9993,20261117,1
9994,20261117,1
9995,20261117,1
9996,20261117,1
9997,20261117,1
9998,20261117,1
9999,20261117,1
10000,20261117,1
10001,20261117,1
10002,20261117,1
10003,20261117,1
10004,20261117,1
10005,20261117,1
10006,20261117,1
10007,20261117,1
10008,20261117,1
10009,20261117,1
10010,20261117,1
10011,20261117,1
10012,20261117,1
10013,20261117,1
10014,20261117,1
10015,20261117,1
10016,20261117,1
10017,20261117,1
10018,20261117,1
10019,20261117,1
10020,20261117,1
10021,20261117,1
10022,20261117,1
10023,20261117,1
10024,20261117,1
10025,20261117,1
10026,20261117,1
10027,20261117,1
10028,20261117,1
207,20261117,1
17047,20261117,1
10041,20261117,1
10053,20261117,1
10054,20261117,1
10055,20261117,1
10056,20261117,1
10057,20261117,1
10058,20261117,1
10059,20261117,1
10066,20261117,1
10067,20261117,1
14682,20261117,1
14683,20261117,1
17370,20261117,1
17053,20261117,1
14698,20261117,1
14699,20261117,1
10127,20261117,1
2776,20261117,1
10129,20261117,1
17371,20261117,1
14712,20261117,1
14720,20261117,1
14721,20261117,1
17060,20261117,1
14724,20261117,1
14725,20261117,1
14730,20261117,1
14733,20261117,1
14734,20261117,1
10168,20261117,1
2772,20261117,1
10169,20261117,1
10170,20261117,1
2768,20261117,1
10171,20261117,1
10172,20261117,1
2765,20261117,1
10173,20261117,1
10174,20261117,1
10175,20261117,1
2758,20261117,1
10176,20261117,1
10177,20261117,1
17071,20261117,1
2754,20261117,1
10216,20261117,1
10217,20261117,1
2750,20261117,1
10218,20261117,1
2747,20261117,1
10219,20261117,1
14758,20261117,1
14759,20261117,1
2742,20261117,1
10248,20261117,1
10249,20261117,1
10250,20261117,1
14760,20261117,1
14761,20261117,1
14762,20261117,1
14763,20261117,1
14764,20261117,1
14765,20261117,1
14766,20261117,1
14767,20261117,1
17075,20261117,1
17081,20261117,1
17084,20261117,1
2740,20261117,1
10307,20261117,1
2739,20261117,1
10308,20261117,1
10309,20261117,1
10310,20261117,1
2732,20261117,1
10311,20261117,1
10312,20261117,1
2729,20261117,1
10313,20261117,1
10314,20261117,1
2725,20261117,1
10315,20261117,1
10316,20261117,1
2720,20261117,1
10317,20261117,1
10318,20261117,1
2717,20261117,1
10319,20261117,1
10320,20261117,1
2713,20261117,1
10321,20261117,1
2712,20261117,1
10322,20261117,1
10323,20261117,1
10324,20261117,1
2705,20261117,1
10325,20261117,1
10326,20261117,1
10327,20261117,1
2698,20261117,1
10328,20261117,1
2697,20261117,1
10329,20261117,1
10330,20261117,1
10331,20261117,1
2690,20261117,1
10332,20261117,1
2689,20261117,1
10333,20261117,1
192,20261117,1
14796,20261117,1
14797,20261117,1
14798,20261117,1
14799,20261117,1
14800,20261117,1
14801,20261117,1
14802,20261117,1
14803,20261117,1
14804,20261117,1
14805,20261117,1
14806,20261117,1
14807,20261117,1
14808,20261117,1
14809,20261117,1
10382,20261117,1
10383,20261117,1
2682,20261117,1
10384,20261117,1
2681,20261117,1
10385,20261117,1
10386,20261117,1
10387,20261117,1
2673,20261117,1
10388,20261117,1
10389,20261117,1
10390,20261117,1
2666,20261117,1
10391,20261117,1
2665,20261117,1
10392,20261117,1
10393,20261117,1
10394,20261117,1
10395,20261117,1
2656,20261117,1
10396,20261117,1
2655,20261117,1
10397,20261117,1
17089,20261117,1
543,20261117,1
16504,20261117,1
542,20261117,1
16509,20261117,1
17090,20261117,1
541,20261117,1
16514,20261117,1
540,20261117,1
16515,20261117,1
10436,20261117,1
10437,20261117,1
10438,20261117,1
2645,20261117,1
10439,20261117,1
2644,20261117,1
10440,20261117,1
10441,20261117,1
10442,20261117,1
10443,20261117,1
2635,20261117,1
10444,20261117,1
10445,20261117,1
2630,20261117,1
10446,20261117,1
2629,20261117,1
10447,20261117,1
10448,20261117,1
10449,20261117,1
10450,20261117,1
2620,20261117,1
10451,20261117,1
2619,20261117,1
10452,20261117,1
17607,20261117,1
539,20261117,1
16522,20261117,1
538,20261117,1
16523,20261117,1
10475,20261117,1
10476,20261117,1
10477,20261117,1
2609,20261117,1
10478,20261117,1
2608,20261117,1
10479,20261117,1
10480,20261117,1
10481,20261117,1
2601,20261117,1
10482,20261117,1
537,20261117,1
16530,20261117,1
536,20261117,1
16531,20261117,1
17097,20261117,1
535,20261117,1
16538,20261117,1
534,20261117,1
16540,20261117,1
17098,20261117,1
10535,20261117,1
10536,20261117,1
10537,20261117,1
2592,20261117,1
10538,20261117,1
2591,20261117,1
10539,20261117,1
10540,20261117,1
533,20261117,1
16544,20261117,1
14855,20261117,1
14856,20261117,1
14857,20261117,1
14858,20261117,1
14859,20261117,1
14860,20261117,1
14861,20261117,1
14862,20261117,1
14863,20261117,1
14864,20261117,1
14865,20261117,1
14866,20261117,1
14867,20261117,1
532,20261117,1
16548,20261117,1
2581,20261117,1
2580,20261117,1
2573,20261117,1
2568,20261117,1
10642,20261117,1
10644,20261117,1
10645,20261117,1
10646,20261117,1
10647,20261117,1
10648,20261117,1
10649,20261117,1
10650,20261117,1
10651,20261117,1
10653,20261117,1
10654,20261117,1
10655,20261117,1
10656,20261117,1
531,20261117,1
16552,20261117,1
530,20261117,1
16556,20261117,1
529,20261117,1
16560,20261117,1
2559,20261117,1
10693,20261117,1
2558,20261117,1
10694,20261117,1
10695,20261117,1
10696,20261117,1
2551,20261117,1
10697,20261117,1
10698,20261117,1
2547,20261117,1
10699,20261117,1
10700,20261117,1
2543,20261117,1
10701,20261117,1
16564,20261117,1
17105,20261117,1
16568,20261117,1
16572,20261117,1
10727,20261117,1
10728,20261117,1
2536,20261117,1
10729,20261117,1
2534,20261117,1
10730,20261117,1
10731,20261117,1
10733,20261117,1
2529,20261117,1
10734,20261117,1
10735,20261117,1
2524,20261117,1
10737,20261117,1
10738,20261117,1
2521,20261117,1
10741,20261117,1
10742,20261117,1
17106,20261117,1
16577,20261117,1
2514,20261117,1
2513,20261117,1
2506,20261117,1
2505,20261117,1
10779,20261117,1
10780,20261117,1
10781,20261117,1
10782,20261117,1
10783,20261117,1
10784,20261117,1
10786,20261117,1
10788,20261117,1
16580,20261117,1
16584,20261117,1
14908,20261117,1
14909,20261117,1
14910,20261117,1
14911,20261117,1
14912,20261117,1
986,20261117,1
14913,20261117,1
985,20261117,1
14914,20261117,1
984,20261117,1
14915,20261117,1
983,20261117,1
14916,20261117,1
982,20261117,1
14917,20261117,1
981,20261117,1
14918,20261117,1
980,20261117,1
14919,20261117,1
979,20261117,1
14920,20261117,1
978,20261117,1
14921,20261117,1
977,20261117,1
14922,20261117,1
10836,20261117,1
2498,20261117,1
10837,20261117,1
2497,20261117,1
10838,20261117,1
10840,20261117,1
10841,20261117,1
2491,20261117,1
10842,20261117,1
2488,20261117,1
10843,20261117,1
10844,20261117,1
2485,20261117,1
10845,20261117,1
10846,20261117,1
976,20261117,1
14923,20261117,1
975,20261117,1
14924,20261117,1
974,20261117,1
14925,20261117,1
973,20261117,1
14926,20261117,1
972,20261117,1
14927,20261117,1
971,20261117,1
14928,20261117,1
14929,20261117,1
14930,20261117,1
14931,20261117,1
14932,20261117,1
10867,20261117,1
2478,20261117,1
10869,20261117,1
2477,20261117,1
10870,20261117,1
10871,20261117,1
10872,20261117,1
2470,20261117,1
10873,20261117,1
14933,20261117,1
14934,20261117,1
14935,20261117,1
16586,20261117,1
16590,20261117,1
2469,20261117,1
10973,20261117,1
10974,20261117,1
10975,20261117,1
2462,20261117,1
10976,20261117,1
2461,20261117,1
10977,20261117,1
10978,20261117,1
10979,20261117,1
2455,20261117,1
10980,20261117,1
2452,20261117,1
10981,20261117,1
10982,20261117,1
2449,20261117,1
10983,20261117,1
10984,20261117,1
16596,20261117,1
16597,20261117,1
17113,20261117,1
10997,20261117,1
2442,20261117,1
10998,20261117,1
2441,20261117,1
10999,20261117,1
11000,20261117,1
11001,20261117,1
2434,20261117,1
11002,20261117,1
2433,20261117,1
11003,20261117,1
11004,20261117,1
2428,20261117,1
11005,20261117,1
11006,20261117,1
175,20261117,1
17114,20261117,1
16607,20261117,1
2422,20261117,1
2421,20261117,1
2413,20261117,1
2412,20261117,1
11061,20261117,1
11062,20261117,1
11063,20261117,1
11064,20261117,1
11065,20261117,1
11066,20261117,1
11067,20261117,1
11068,20261117,1
11069,20261117,1
16611,20261117,1
16615,20261117,1
16616,20261117,1
2404,20261117,1
11091,20261117,1
2403,20261117,1
11092,20261117,1
16623,20261117,1
16625,20261117,1
14978,20261117,1
14979,20261117,1
14980,20261117,1
14981,20261117,1
14982,20261117,1
14983,20261117,1
11127,20261117,1
11128,20261117,1
11129,20261117,1
11130,20261117,1
2392,20261117,1
11131,20261117,1
2391,20261117,1
11132,20261117,1
11133,20261117,1
11134,20261117,1
2384,20261117,1
11135,20261117,1
11136,20261117,1
14984,20261117,1
2379,20261117,1
11141,20261117,1
2378,20261117,1
11142,20261117,1
14985,20261117,1
14986,20261117,1
14987,20261117,1
14988,20261117,1
14989,20261117,1
14990,20261117,1
14991,20261117,1
14992,20261117,1
14993,20261117,1
17121,20261117,1
16632,20261117,1
11170,20261117,1
11171,20261117,1
16636,20261117,1
17122,20261117,1
11209,20261117,1
16643,20261117,1
16644,20261117,1
16649,20261117,1
11235,20261117,1
11236,20261117,1
2363,20261117,1
11237,20261117,1
2362,20261117,1
11238,20261117,1
11239,20261117,1
11240,20261117,1
11241,20261117,1
11242,20261117,1
2349,20261117,1
11243,20261117,1
2348,20261117,1
11244,20261117,1
11245,20261117,1
11246,20261117,1
11247,20261117,1
2337,20261117,1
11248,20261117,1
11249,20261117,1
16650,20261117,1
16653,20261117,1
16657,20261117,1
17129,20261117,1
16664,20261117,1
2332,20261117,1
11311,20261117,1
11312,20261117,1
11318,20261117,1
17130,20261117,1
17380,20261117,1
17138,20261117,1
162,20261117,1
17139,20261117,1
11364,20261117,1
11365,20261117,1
17381,20261117,1
15055,20261117,1
15056,20261117,1
15057,20261117,1
15058,20261117,1
15059,20261117,1
15060,20261117,1
15061,20261117,1
15062,20261117,1
15063,20261117,1
15064,20261117,1
15065,20261117,1
15066,20261117,1
11400,20261117,1
2318,20261117,1
11401,20261117,1
11402,20261117,1
11403,20261117,1
11404,20261117,1
11405,20261117,1
2305,20261117,1
11406,20261117,1
2302,20261117,1
11407,20261117,1
11408,20261117,1
2297,20261117,1
11409,20261117,1
15067,20261117,1
15068,20261117,1
15069,20261117,1
15070,20261117,1
15071,20261117,1
15072,20261117,1
15073,20261117,1
15074,20261117,1
15075,20261117,1
15076,20261117,1
15077,20261117,1
17147,20261117,1
11456,20261117,1
11457,20261117,1
2292,20261117,1
11458,20261117,1
11459,20261117,1
11460,20261117,1
2287,20261117,1
11461,20261117,1
11462,20261117,1
2282,20261117,1
11463,20261117,1
11464,20261117,1
11465,20261117,1
11466,20261117,1
2271,20261117,1
11467,20261117,1
11468,20261117,1
2268,20261117,1
11469,20261117,1
17382,20261117,1
11489,20261117,1
11490,20261117,1
2261,20261117,1
11491,20261117,1
11494,20261117,1
2258,20261117,1
11495,20261117,1
2255,20261117,1
11496,20261117,1
11497,20261117,1
15093,20261117,1
15094,20261117,1
15095,20261117,1
15096,20261117,1
17152,20261117,1
17383,20261117,1
2252,20261117,1
11545,20261117,1
11546,20261117,1
2247,20261117,1
11547,20261117,1
2245,20261117,1
11548,20261117,1
2244,20261117,1
11549,20261117,1
11550,20261117,1
11551,20261117,1
11552,20261117,1
11553,20261117,1
11554,20261117,1
2228,20261117,1
11555,20261117,1
2227,20261117,1
11556,20261117,1
11557,20261117,1
11558,20261117,1
17159,20261117,1
17160,20261117,1
17384,20261117,1
16696,20261117,1
2219,20261117,1
11590,20261117,1
11591,20261117,1
2216,20261117,1
11592,20261117,1
2215,20261117,1
11593,20261117,1
11594,20261117,1
11595,20261117,1
16697,20261117,1
16698,20261117,1
16699,20261117,1
16700,20261117,1
16701,20261117,1
16702,20261117,1
15136,20261117,1
15137,20261117,1
15138,20261117,1
11634,20261117,1
2206,20261117,1
11637,20261117,1
2204,20261117,1
11638,20261117,1
11640,20261117,1
11641,20261117,1
11642,20261117,1
2196,20261117,1
11645,20261117,1
2195,20261117,1
11646,20261117,1
15139,20261117,1
15140,20261117,1
15141,20261117,1
15142,20261117,1
15143,20261117,1
15144,20261117,1
15145,20261117,1
15146,20261117,1
15147,20261117,1
15148,20261117,1
15149,20261117,1
16703,20261117,1
16704,20261117,1
16705,20261117,1
16706,20261117,1
16707,20261117,1
11695,20261117,1
2191,20261117,1
11696,20261117,1
2190,20261117,1
11697,20261117,1
11698,20261117,1
17385,20261117,1
16713,20261117,1
16714,20261117,1
11723,20261117,1
2183,20261117,1
11724,20261117,1
2182,20261117,1
11725,20261117,1
2180,20261117,1
11726,20261117,1
2179,20261117,1
11727,20261117,1
11728,20261117,1
11729,20261117,1
2172,20261117,1
11730,20261117,1
2171,20261117,1
11731,20261117,1
11732,20261117,1
11733,20261117,1
2165,20261117,1
11734,20261117,1
11735,20261117,1
11736,20261117,1
2159,20261117,1
11737,20261117,1
2158,20261117,1
11738,20261117,1
11739,20261117,1
2155,20261117,1
11740,20261117,1
11741,20261117,1
2150,20261117,1
11742,20261117,1
2149,20261117,1
11743,20261117,1
2148,20261117,1
11744,20261117,1
11745,20261117,1
2145,20261117,1
11746,20261117,1
2143,20261117,1
11747,20261117,1
11748,20261117,1
2139,20261117,1
11749,20261117,1
11750,20261117,1
2136,20261117,1
11751,20261117,1
2134,20261117,1
11752,20261117,1
2133,20261117,1
11753,20261117,1
2132,20261117,1
11754,20261117,1
2131,20261117,1
2122,20261117,1
2117,20261117,1
2114,20261117,1
15175,20261117,1
15176,20261117,1
15177,20261117,1
15178,20261117,1
15179,20261117,1
15180,20261117,1
15181,20261117,1
15182,20261117,1
15183,20261117,1
2111,20261117,1
11805,20261117,1
11806,20261117,1
2106,20261117,1
11807,20261117,1
2104,20261117,1
11808,20261117,1
15184,20261117,1
15185,20261117,1
15186,20261117,1
15187,20261117,1
15188,20261117,1
17170,20261117,1
149,20261117,1
17171,20261117,1
17386,20261117,1
11864,20261117,1
2101,20261117,1
11865,20261117,1
11866,20261117,1
11867,20261117,1
11868,20261117,1
2091,20261117,1
11869,20261117,1
2090,20261117,1
11870,20261117,1
11871,20261117,1
11872,20261117,1
11873,20261117,1
2082,20261117,1
11874,20261117,1
11875,20261117,1
2079,20261117,1
11876,20261117,1
11877,20261117,1
17178,20261117,1
11881,20261117,1
17182,20261117,1
17387,20261117,1
11928,20261117,1
11929,20261117,1
2065,20261117,1
11930,20261117,1
11931,20261117,1
140,20261117,1
17189,20261117,1
17190,20261117,1
2062,20261117,1
11958,20261117,1
2061,20261117,1
11959,20261117,1
11960,20261117,1
2058,20261117,1
11961,20261117,1
11962,20261117,1
11963,20261117,1
2051,20261117,1
11966,20261117,1
15243,20261117,1
11973,20261117,1
15244,20261117,1
15245,20261117,1
15246,20261117,1
15247,20261117,1
2046,20261117,1
11986,20261117,1
2045,20261117,1
11987,20261117,1
11988,20261117,1
11989,20261117,1
15248,20261117,1
15249,20261117,1
15250,20261117,1
15251,20261117,1
2038,20261117,1
11999,20261117,1
2037,20261117,1
12000,20261117,1
15252,20261117,1
15253,20261117,1
15254,20261117,1
2036,20261117,1
12020,20261117,1
2035,20261117,1
12021,20261117,1
2034,20261117,1
12022,20261117,1
2033,20261117,1
12023,20261117,1
2032,20261117,1
12024,20261117,1
2031,20261117,1
12025,20261117,1
2030,20261117,1
12026,20261117,1
2029,20261117,1
12027,20261117,1
2028,20261117,1
12028,20261117,1
2027,20261117,1
12029,20261117,1
2026,20261117,1
12030,20261117,1
2025,20261117,1
12031,20261117,1
12032,20261117,1
12036,20261117,1
12039,20261117,1
12048,20261117,1
12050,20261117,1
17608,20261117,1
15275,20261117,1
15276,20261117,1
15277,20261117,1
15278,20261117,1
15279,20261117,1
15280,20261117,1
15281,20261117,1
12159,20261117,1
12160,20261117,1
12161,20261117,1
12162,20261117,1
12163,20261117,1
12164,20261117,1
12166,20261117,1
17200,20261117,1
17201,20261117,1
12223,20261117,1
12224,20261117,1
132,20261117,1
12251,20261117,1
12253,20261117,1
12254,20261117,1
12255,20261117,1
12256,20261117,1
12258,20261117,1
12259,20261117,1
12262,20261117,1
17208,20261117,1
12289,20261117,1
12291,20261117,1
12292,20261117,1
12293,20261117,1
12294,20261117,1
12295,20261117,1
12296,20261117,1
12297,20261117,1
17212,20261117,1
12314,20261117,1
12315,20261117,1
12317,20261117,1
15321,20261117,1
15322,20261117,1
15323,20261117,1
15324,20261117,1
15325,20261117,1
15326,20261117,1
17216,20261117,1
12344,20261117,1
12345,20261117,1
12347,20261117,1
12349,20261117,1
1974,20261117,1
12351,20261117,1
17220,20261117,1
15346,20261117,1
15347,20261117,1
15348,20261117,1
15349,20261117,1
12386,20261117,1
1970,20261117,1
12387,20261117,1
12388,20261117,1
1966,20261117,1
12389,20261117,1
17227,20261117,1
12409,20261117,1
17228,20261117,1
1962,20261117,1
12424,20261117,1
12425,20261117,1
1958,20261117,1
12426,20261117,1
12427,20261117,1
16781,20261117,1
16782,20261117,1
333,20261117,1
16784,20261117,1
16785,20261117,1
16787,20261117,1
16788,20261117,1
16790,20261117,1
321,20261117,1
16791,20261117,1
16792,20261117,1
16793,20261117,1
315,20261117,1
16794,20261117,1
1954,20261117,1
12495,20261117,1
12496,20261117,1
1950,20261117,1
12498,20261117,1
1949,20261117,1
12500,20261117,1
12501,20261117,1
1945,20261117,1
12502,20261117,1
12503,20261117,1
12504,20261117,1
16795,20261117,1
17507,20261117,1
1939,20261117,1
12536,20261117,1
1938,20261117,1
12538,20261117,1
1937,20261117,1
12539,20261117,1
12540,20261117,1
1933,20261117,1
12541,20261117,1
12543,20261117,1
12544,20261117,1
12545,20261117,1
15400,20261117,1
15401,20261117,1
15402,20261117,1
15403,20261117,1
15404,20261117,1
15405,20261117,1
15406,20261117,1
913,20261117,1
15407,20261117,1
910,20261117,1
15408,20261117,1
17235,20261117,1
118,20261117,1
17239,20261117,1
17609,20261117,1
1923,20261117,1
12599,20261117,1
1922,20261117,1
12600,20261117,1
17243,20261117,1
12622,20261117,1
12623,20261117,1
17247,20261117,1
111,20261117,1
17251,20261117,1
17399,20261117,1
17255,20261117,1
17259,20261117,1
17411,20261117,1
1915,20261117,1
12673,20261117,1
1914,20261117,1
12674,20261117,1
12675,20261117,1
12676,20261117,1
1906,20261117,1
12679,20261117,1
1905,20261117,1
12680,20261117,1
12682,20261117,1
12683,20261117,1
12685,20261117,1
1895,20261117,1
12686,20261117,1
12687,20261117,1
12688,20261117,1
1889,20261117,1
12689,20261117,1
12690,20261117,1
12691,20261117,1
12694,20261117,1
893,20261117,1
892,20261117,1
877,20261117,1
872,20261117,1
858,20261117,1
854,20261117,1
850,20261117,1
846,20261117,1
842,20261117,1
838,20261117,1
1880,20261117,1
12734,20261117,1
12735,20261117,1
1875,20261117,1
12736,20261117,1
1873,20261117,1
12737,20261117,1
12738,20261117,1
12739,20261117,1
12740,20261117,1
1865,20261117,1
12741,20261117,1
12742,20261117,1
12743,20261117,1
1856,20261117,1
12744,20261117,1
12745,20261117,1
1853,20261117,1
12746,20261117,1
12747,20261117,1
816,20261117,1
807,20261117,1
803,20261117,1
799,20261117,1
12762,20261117,1
12763,20261117,1
1844,20261117,1
12764,20261117,1
12765,20261117,1
12766,20261117,1
1837,20261117,1
12767,20261117,1
12769,20261117,1
1832,20261117,1
12770,20261117,1
12771,20261117,1
12772,20261117,1
1827,20261117,1
12802,20261117,1
12803,20261117,1
1823,20261117,1
12804,20261117,1
12805,20261117,1
12806,20261117,1
12807,20261117,1
1813,20261117,1
12808,20261117,1
1812,20261117,1
12810,20261117,1
12811,20261117,1
12812,20261117,1
1805,20261117,1
12813,20261117,1
1804,20261117,1
12814,20261117,1
12821,20261117,1
12822,20261117,1
12824,20261117,1
1795,20261117,1
12832,20261117,1
1794,20261117,1
12833,20261117,1
12835,20261117,1
12837,20261117,1
1787,20261117,1
12838,20261117,1
12839,20261117,1
1783,20261117,1
12842,20261117,1
12845,20261117,1
12862,20261117,1
1775,20261117,1
12870,20261117,1
1774,20261117,1
12873,20261117,1
12879,20261117,1
12886,20261117,1
15731,20261117,1
15732,20261117,1
15733,20261117,1
15734,20261117,1
15735,20261117,1
15736,20261117,1
15737,20261117,1
15738,20261117,1
1767,20261117,1
12897,20261117,1
1766,20261117,1
12898,20261117,1
15739,20261117,1
15740,20261117,1
15741,20261117,1
15742,20261117,1
15743,20261117,1
15744,20261117,1
15745,20261117,1
15746,20261117,1
15747,20261117,1
12908,20261117,1
15748,20261117,1
15749,20261117,1
15750,20261117,1
15751,20261117,1
15752,20261117,1
15753,20261117,1
15754,20261117,1
15755,20261117,1
15756,20261117,1
15757,20261117,1
15758,20261117,1
15759,20261117,1
15760,20261117,1
15761,20261117,1
15762,20261117,1
15763,20261117,1
15764,20261117,1
15765,20261117,1
15766,20261117,1
15767,20261117,1
15768,20261117,1
15769,20261117,1
15770,20261117,1
15771,20261117,1
15772,20261117,1
15773,20261117,1
15774,20261117,1
15775,20261117,1
15776,20261117,1
15777,20261117,1
15778,20261117,1
12943,20261117,1
12944,20261117,1
1757,20261117,1
12945,20261117,1
12946,20261117,1
1754,20261117,1
12947,20261117,1
1752,20261117,1
12948,20261117,1
12949,20261117,1
12950,20261117,1
12951,20261117,1
12952,20261117,1
12953,20261117,1
1740,20261117,1
12954,20261117,1
12963,20261117,1
12969,20261117,1
12971,20261117,1
16838,20261117,1
12974,20261117,1
12975,20261117,1
1726,20261117,1
12979,20261117,1
12980,20261117,1
789,20261117,1
12985,20261117,1
12986,20261117,1
16839,20261117,1
12994,20261117,1
16841,20261117,1
12997,20261117,1
15802,20261117,1
776,20261117,1
15803,20261117,1
15804,20261117,1
15814,20261117,1
303,20261117,1
16843,20261117,1
16844,20261117,1
16845,20261117,1
13021,20261117,1
17414,20261117,1
13042,20261117,1
13043,20261117,1
13044,20261117,1
1702,20261117,1
13045,20261117,1
1701,20261117,1
13046,20261117,1
13047,20261117,1
13051,20261117,1
13052,20261117,1
17415,20261117,1
13064,20261117,1
1688,20261117,1
13065,20261117,1
13071,20261117,1
1684,20261117,1
13078,20261117,1
13083,20261117,1
13087,20261117,1
13090,20261117,1
1675,20261117,1
13091,20261117,1
13100,20261117,1
13101,20261117,1
13102,20261117,1
13103,20261117,1
1662,20261117,1
13104,20261117,1
1661,20261117,1
13105,20261117,1
13106,20261117,1
13108,20261117,1
17610,20261117,1
1654,20261117,1
13110,20261117,1
1653,20261117,1
13111,20261117,1
13112,20261117,1
13114,20261117,1
13115,20261117,1
13116,20261117,1
1640,20261117,1
13117,20261117,1
1639,20261117,1
13122,20261117,1
1636,20261117,1
13123,20261117,1
1635,20261117,1
13127,20261117,1
13128,20261117,1
13131,20261117,1
13135,20261117,1
13138,20261117,1
1623,20261117,1
13139,20261117,1
13142,20261117,1
1620,20261117,1
13146,20261117,1
13150,20261117,1
1615,20261117,1
13154,20261117,1
4823,20261117,1
4827,20261117,1
13155,20261117,1
4835,20261117,1
4819,20261117,1
4842,20261117,1
13158,20261117,1
4851,20261117,1
1607,20261117,1
13163,20261117,1
13164,20261117,1
4863,20261117,1
4864,20261117,1
4809,20261117,1
4871,20261117,1
4872,20261117,1
13167,20261117,1
4877,20261117,1
1602,20261117,1
4881,20261117,1
4883,20261117,1
4884,20261117,1
13168,20261117,1
4891,20261117,1
4892,20261117,1
4789,20261117,1
4895,20261117,1
4787,20261117,1
4897,20261117,1
4898,20261117,1
13171,20261117,1
4783,20261117,1
4905,20261117,1
4906,20261117,1
4913,20261117,1
4914,20261117,1
1598,20261117,1
13175,20261117,1
4773,20261117,1
4921,20261117,1
4922,20261117,1
1597,20261117,1
13177,20261117,1
4769,20261117,1
4929,20261117,1
4934,20261117,1
4764,20261117,1
4937,20261117,1
13180,20261117,1
4763,20261117,1
4950,20261117,1
4951,20261117,1
13184,20261117,1
13185,20261117,1
4962,20261117,1
4758,20261117,1
4969,20261117,1
4756,20261117,1
4970,20261117,1
13189,20261117,1
4978,20261117,1
4979,20261117,1
4748,20261117,1
4984,20261117,1
1584,20261117,1
4988,20261117,1
13192,20261117,1
4996,20261117,1
4743,20261117,1
4997,20261117,1
13194,20261117,1
1579,20261117,1
4742,20261117,1
5002,20261117,1
13196,20261117,1
5006,20261117,1
13197,20261117,1
5014,20261117,1
5015,20261117,1
5022,20261117,1
4728,20261117,1
5023,20261117,1
5030,20261117,1
4724,20261117,1
5031,20261117,1
1576,20261117,1
13202,20261117,1
5038,20261117,1
5039,20261117,1
1575,20261117,1
13205,20261117,1
5048,20261117,1
13206,20261117,1
5052,20261117,1
5056,20261117,1
4708,20261117,1
5057,20261117,1
13207,20261117,1
5066,20261117,1
4704,20261117,1
5069,20261117,1
5074,20261117,1
5075,20261117,1
5080,20261117,1
5084,20261117,1
5086,20261117,1
1567,20261117,1
4690,20261117,1
5089,20261117,1
13217,20261117,1
1566,20261117,1
13218,20261117,1
5101,20261117,1
13220,20261117,1
4685,20261117,1
5104,20261117,1
13221,20261117,1
5111,20261117,1
1559,20261117,1
13227,20261117,1
1557,20261117,1
13228,20261117,1
5127,20261117,1
5130,20261117,1
5131,20261117,1
4672,20261117,1
5132,20261117,1
5133,20261117,1
4669,20261117,1
5134,20261117,1
5135,20261117,1
13231,20261117,1
5138,20261117,1
5139,20261117,1
13232,20261117,1
1550,20261117,1
5151,20261117,1
13239,20261117,1
1549,20261117,1
13242,20261117,1
4656,20261117,1
5164,20261117,1
4653,20261117,1
5165,20261117,1
13243,20261117,1
5170,20261117,1
13244,20261117,1
5173,20261117,1
5178,20261117,1
5180,20261117,1
1542,20261117,1
5183,20261117,1
13251,20261117,1
5187,20261117,1
1541,20261117,1
4636,20261117,1
5197,20261117,1
4635,20261117,1
5199,20261117,1
13255,20261117,1
5203,20261117,1
5207,20261117,1
5208,20261117,1
5209,20261117,1
5212,20261117,1
5216,20261117,1
13259,20261117,1
4616,20261117,1
5220,20261117,1
13260,20261117,1
5226,20261117,1
5227,20261117,1
5232,20261117,1
5234,20261117,1
1534,20261117,1
5241,20261117,1
13266,20261117,1
1533,20261117,1
13270,20261117,1
13271,20261117,1
5261,20261117,1
13274,20261117,1
1527,20261117,1
13280,20261117,1
1526,20261117,1
5286,20261117,1
13283,20261117,1
4593,20261117,1
5292,20261117,1
13284,20261117,1
1522,20261117,1
13286,20261117,1
5301,20261117,1
5303,20261117,1
5314,20261117,1
5318,20261117,1
13294,20261117,1
4580,20261117,1
5324,20261117,1
13295,20261117,1
13296,20261117,1
5336,20261117,1
13297,20261117,1
5339,20261117,1
5351,20261117,1
4571,20261117,1
5355,20261117,1
13304,20261117,1
13307,20261117,1
5364,20261117,1
1503,20261117,1
13308,20261117,1
4567,20261117,1
5370,20261117,1
5377,20261117,1
5378,20261117,1
13312,20261117,1
5385,20261117,1
4557,20261117,1
5388,20261117,1
1499,20261117,1
4555,20261117,1
5395,20261117,1
5396,20261117,1
13315,20261117,1
5402,20261117,1
13318,20261117,1
5406,20261117,1
1495,20261117,1
5410,20261117,1
13319,20261117,1
5415,20261117,1
5422,20261117,1
4537,20261117,1
5423,20261117,1
13324,20261117,1
1491,20261117,1
5433,20261117,1
4533,20261117,1
5434,20261117,1
13325,20261117,1
13328,20261117,1
5449,20261117,1
5450,20261117,1
1488,20261117,1
13334,20261117,1
5464,20261117,1
13335,20261117,1
5470,20261117,1
13339,20261117,1
5480,20261117,1
13341,20261117,1
5491,20261117,1
5493,20261117,1
1478,20261117,1
13344,20261117,1
13348,20261117,1
5511,20261117,1
4508,20261117,1
5512,20261117,1
1473,20261117,1
13350,20261117,1
13351,20261117,1
5527,20261117,1
13353,20261117,1
5530,20261117,1
13354,20261117,1
5540,20261117,1
1464,20261117,1
13357,20261117,1
5549,20261117,1
5556,20261117,1
1463,20261117,1
13362,20261117,1
5563,20261117,1
13364,20261117,1
5571,20261117,1
5576,20261117,1
1459,20261117,1
13368,20261117,1
5583,20261117,1
5584,20261117,1
5591,20261117,1
1457,20261117,1
5595,20261117,1
13372,20261117,1
5602,20261117,1
13373,20261117,1
5607,20261117,1
5612,20261117,1
5616,20261117,1
13377,20261117,1
5620,20261117,1
1451,20261117,1
5624,20261117,1
13378,20261117,1
5628,20261117,1
5632,20261117,1
5634,20261117,1
5650,20261117,1
5651,20261117,1
5652,20261117,1
1449,20261117,1
13382,20261117,1
5655,20261117,1
13383,20261117,1
5658,20261117,1
1445,20261117,1
13387,20261117,1
5663,20261117,1
13388,20261117,1
5670,20261117,1
17589,20261117,1
5674,20261117,1
5685,20261117,1
5701,20261117,1
5703,20261117,1
1441,20261117,1
5711,20261117,1
5718,20261117,1
5728,20261117,1
13422,20261117,1
5735,20261117,1
5741,20261117,1
5752,20261117,1
5759,20261117,1
5775,20261117,1
5785,20261117,1
5796,20261117,1
5800,20261117,1
5804,20261117,1
5806,20261117,1
5809,20261117,1
13435,20261117,1
5816,20261117,1
5834,20261117,1
1437,20261117,1
13436,20261117,1
13437,20261117,1
1433,20261117,1
13438,20261117,1
4339,20261117,1
5855,20261117,1
5859,20261117,1
13439,20261117,1
1429,20261117,1
4335,20261117,1
5864,20261117,1
13440,20261117,1
5867,20261117,1
4331,20261117,1
5870,20261117,1
13441,20261117,1
5872,20261117,1
13442,20261117,1
5885,20261117,1
13443,20261117,1
4325,20261117,1
5887,20261117,1
1419,20261117,1
13444,20261117,1
13445,20261117,1
13446,20261117,1
4323,20261117,1
5911,20261117,1
13447,20261117,1
5917,20261117,1
1410,20261117,1
13448,20261117,1
1409,20261117,1
13449,20261117,1
4317,20261117,1
5943,20261117,1
4314,20261117,1
5945,20261117,1
13450,20261117,1
13451,20261117,1
13452,20261117,1
5956,20261117,1
13453,20261117,1
1397,20261117,1
13454,20261117,1
4310,20261117,1
6004,20261117,1
6005,20261117,1
6006,20261117,1
6007,20261117,1
6008,20261117,1
6009,20261117,1
4296,20261117,1
6039,20261117,1
6040,20261117,1
6042,20261117,1
6043,20261117,1
4284,20261117,1
6044,20261117,1
6045,20261117,1
6046,20261117,1
6047,20261117,1
4273,20261117,1
6048,20261117,1
4271,20261117,1
6049,20261117,1
6050,20261117,1
4268,20261117,1
6052,20261117,1
17600,20261117,1
4267,20261117,1
6061,20261117,1
13504,20261117,1
13505,20261117,1
1388,20261117,1
13506,20261117,1
13507,20261117,1
6072,20261117,1
6073,20261117,1
6074,20261117,1
1385,20261117,1
6077,20261117,1
6079,20261117,1
6080,20261117,1
13508,20261117,1
4250,20261117,1
6083,20261117,1
13509,20261117,1
13510,20261117,1
4249,20261117,1
6111,20261117,1
6112,20261117,1
6119,20261117,1
4242,20261117,1
6120,20261117,1
15968,20261117,1
6127,20261117,1
6128,20261117,1
766,20261117,1
4235,20261117,1
6141,20261117,1
6142,20261117,1
6143,20261117,1
6144,20261117,1
4225,20261117,1
6153,20261117,1
6154,20261117,1
6159,20261117,1
4217,20261117,1
6160,20261117,1
6167,20261117,1
4213,20261117,1
6168,20261117,1
15969,20261117,1
6175,20261117,1
6176,20261117,1
15970,20261117,1
15971,20261117,1
6191,20261117,1
6192,20261117,1
4201,20261117,1
6205,20261117,1
4200,20261117,1
6206,20261117,1
6215,20261117,1
15972,20261117,1
6219,20261117,1
6223,20261117,1
756,20261117,1
6227,20261117,1
4188,20261117,1
6231,20261117,1
15973,20261117,1
6235,20261117,1
4185,20261117,1
6239,20261117,1
6243,20261117,1
6247,20261117,1
6249,20261117,1
6250,20261117,1
15974,20261117,1
4172,20261117,1
6259,20261117,1
4170,20261117,1
6260,20261117,1
6264,20261117,1
15975,20261117,1
6268,20261117,1
6272,20261117,1
6276,20261117,1
6278,20261117,1
4155,20261117,1
6282,20261117,1
15976,20261117,1
4154,20261117,1
6286,20261117,1
746,20261117,1
6293,20261117,1
15977,20261117,1
4150,20261117,1
6299,20261117,1
6303,20261117,1
4146,20261117,1
6308,20261117,1
15978,20261117,1
6314,20261117,1
4142,20261117,1
6316,20261117,1
6323,20261117,1
4138,20261117,1
6324,20261117,1
6325,20261117,1
4133,20261117,1
6326,20261117,1
6327,20261117,1
15979,20261117,1
6334,20261117,1
4129,20261117,1
6338,20261117,1
6342,20261117,1
4124,20261117,1
6346,20261117,1
15980,20261117,1
4123,20261117,1
6350,20261117,1
6354,20261117,1
736,20261117,1
4121,20261117,1
6361,20261117,1
15981,20261117,1
6365,20261117,1
4117,20261117,1
6369,20261117,1
6374,20261117,1
15982,20261117,1
15983,20261117,1
15984,20261117,1
726,20261117,1
15985,20261117,1
4113,20261117,1
6392,20261117,1
15986,20261117,1
15987,20261117,1
15988,20261117,1
716,20261117,1
15989,20261117,1
15990,20261117,1
15991,20261117,1
15992,20261117,1
4111,20261117,1
4102,20261117,1
4098,20261117,1
4094,20261117,1
4090,20261117,1
6507,20261117,1
6508,20261117,1
6509,20261117,1
6510,20261117,1
6511,20261117,1
6512,20261117,1
6513,20261117,1
6514,20261117,1
6515,20261117,1
6516,20261117,1
6517,20261117,1
6518,20261117,1
6519,20261117,1
6520,20261117,1
1377,20261117,1
13598,20261117,1
13599,20261117,1
13600,20261117,1
1370,20261117,1
13601,20261117,1
13603,20261117,1
13604,20261117,1
13607,20261117,1
13608,20261117,1
13609,20261117,1
1356,20261117,1
13610,20261117,1
13612,20261117,1
1352,20261117,1
13613,20261117,1
13614,20261117,1
13615,20261117,1
1346,20261117,1
13616,20261117,1
13619,20261117,1
13620,20261117,1
1339,20261117,1
13622,20261117,1
13623,20261117,1
13624,20261117,1
1332,20261117,1
13625,20261117,1
13627,20261117,1
1327,20261117,1
13628,20261117,1
13630,20261117,1
1322,20261117,1
13631,20261117,1
706,20261117,1
15993,20261117,1
6579,20261117,1
4083,20261117,1
6580,20261117,1
6583,20261117,1
6584,20261117,1
4077,20261117,1
6585,20261117,1
6586,20261117,1
4073,20261117,1
6587,20261117,1
6588,20261117,1
6589,20261117,1
4066,20261117,1
6591,20261117,1
6592,20261117,1
4062,20261117,1
6593,20261117,1
6594,20261117,1
15994,20261117,1
15995,20261117,1
15996,20261117,1
1321,20261117,1
13640,20261117,1
13641,20261117,1
696,20261117,1
13645,20261117,1
15997,20261117,1
15998,20261117,1
1314,20261117,1
6625,20261117,1
4056,20261117,1
6626,20261117,1
6629,20261117,1
6630,20261117,1
4049,20261117,1
6631,20261117,1
6634,20261117,1
4045,20261117,1
6636,20261117,1
6639,20261117,1
6640,20261117,1
4039,20261117,1
6641,20261117,1
6642,20261117,1
6643,20261117,1
13657,20261117,1
15999,20261117,1
16000,20261117,1
1313,20261117,1
13666,20261117,1
686,20261117,1
13670,20261117,1
16001,20261117,1
13674,20261117,1
1306,20261117,1
13677,20261117,1
1305,20261117,1
13680,20261117,1
13681,20261117,1
16002,20261117,1
13685,20261117,1
682,20261117,1
16003,20261117,1
1298,20261117,1
13720,20261117,1
1297,20261117,1
13721,20261117,1
16004,20261117,1
16005,20261117,1
4030,20261117,1
4023,20261117,1
4017,20261117,1
6807,20261117,1
6808,20261117,1
6809,20261117,1
6810,20261117,1
6811,20261117,1
6812,20261117,1
6813,20261117,1
6814,20261117,1
16006,20261117,1
672,20261117,1
16008,20261117,1
16010,20261117,1
4013,20261117,1
4009,20261117,1
4005,20261117,1
4001,20261117,1
3997,20261117,1
6916,20261117,1
6917,20261117,1
6918,20261117,1
6919,20261117,1
6920,20261117,1
6921,20261117,1
6922,20261117,1
6923,20261117,1
6924,20261117,1
6925,20261117,1
13763,20261117,1
13764,20261117,1
1290,20261117,1
13765,20261117,1
1289,20261117,1
13766,20261117,1
13767,20261117,1
13768,20261117,1
1283,20261117,1
13769,20261117,1
1282,20261117,1
13770,20261117,1
13771,20261117,1
13772,20261117,1
13773,20261117,1
13774,20261117,1
1271,20261117,1
13775,20261117,1
6984,20261117,1
3993,20261117,1
6985,20261117,1
6986,20261117,1
3989,20261117,1
6987,20261117,1
6988,20261117,1
3985,20261117,1
6989,20261117,1
6990,20261117,1
3981,20261117,1
6991,20261117,1
6992,20261117,1
3977,20261117,1
6993,20261117,1
6994,20261117,1
3973,20261117,1
6995,20261117,1
6996,20261117,1
3969,20261117,1
6997,20261117,1
1269,20261117,1
13776,20261117,1
17602,20261117,1
7061,20261117,1
3965,20261117,1
7062,20261117,1
7063,20261117,1
3963,20261117,1
7064,20261117,1
7065,20261117,1
7066,20261117,1
7067,20261117,1
7068,20261117,1
3952,20261117,1
7069,20261117,1
7070,20261117,1
7071,20261117,1
3946,20261117,1
7072,20261117,1
17455,20261117,1
13826,20261117,1
13827,20261117,1
13828,20261117,1
1261,20261117,1
13829,20261117,1
13830,20261117,1
7125,20261117,1
3942,20261117,1
7126,20261117,1
7127,20261117,1
7130,20261117,1
7131,20261117,1
3934,20261117,1
7132,20261117,1
7134,20261117,1
7135,20261117,1
3928,20261117,1
7136,20261117,1
7137,20261117,1
7138,20261117,1
7139,20261117,1
7140,20261117,1
13831,20261117,1
13832,20261117,1
13833,20261117,1
1250,20261117,1
13834,20261117,1
13835,20261117,1
13836,20261117,1
1243,20261117,1
13837,20261117,1
13838,20261117,1
13839,20261117,1
3917,20261117,1
3910,20261117,1
7185,20261117,1
7186,20261117,1
7187,20261117,1
7190,20261117,1
7191,20261117,1
7192,20261117,1
13840,20261117,1
13841,20261117,1
13842,20261117,1
1229,20261117,1
13843,20261117,1
1228,20261117,1
13862,20261117,1
13863,20261117,1
13864,20261117,1
13865,20261117,1
1217,20261117,1
13870,20261117,1
13871,20261117,1
1213,20261117,1
13872,20261117,1
3901,20261117,1
3894,20261117,1
3885,20261117,1
3881,20261117,1
3874,20261117,1
7343,20261117,1
7344,20261117,1
7345,20261117,1
7346,20261117,1
7347,20261117,1
7348,20261117,1
7349,20261117,1
7350,20261117,1
7351,20261117,1
7352,20261117,1
7353,20261117,1
7354,20261117,1
7355,20261117,1
7356,20261117,1
13873,20261117,1
13874,20261117,1
13875,20261117,1
1203,20261117,1
13884,20261117,1
13885,20261117,1
1199,20261117,1
13886,20261117,1
13887,20261117,1
13888,20261117,1
13889,20261117,1
13890,20261117,1
13891,20261117,1
3873,20261117,1
7396,20261117,1
7397,20261117,1
3869,20261117,1
7398,20261117,1
7399,20261117,1
3865,20261117,1
7400,20261117,1
7401,20261117,1
3860,20261117,1
7402,20261117,1
7403,20261117,1
3857,20261117,1
7404,20261117,1
7405,20261117,1
7406,20261117,1
3851,20261117,1
7407,20261117,1
7408,20261117,1
7409,20261117,1
7417,20261117,1
7418,20261117,1
7419,20261117,1
13914,20261117,1
13915,20261117,1
13916,20261117,1
13917,20261117,1
13918,20261117,1
13919,20261117,1
13920,20261117,1
13921,20261117,1
3836,20261117,1
7435,20261117,1
3835,20261117,1
7436,20261117,1
7437,20261117,1
7438,20261117,1
7439,20261117,1
7440,20261117,1
7441,20261117,1
3820,20261117,1
7442,20261117,1
17457,20261117,1
3819,20261117,1
7462,20261117,1
7463,20261117,1
7464,20261117,1
7465,20261117,1
7466,20261117,1
3807,20261117,1
7467,20261117,1
7468,20261117,1
7469,20261117,1
7470,20261117,1
17458,20261117,1
16906,20261117,1
668,20261117,1
16144,20261117,1
16145,20261117,1
16146,20261117,1
3790,20261117,1
3785,20261117,1
3777,20261117,1
3773,20261117,1
3769,20261117,1
3765,20261117,1
3764,20261117,1
7581,20261117,1
7582,20261117,1
7583,20261117,1
7584,20261117,1
7585,20261117,1
7586,20261117,1
7587,20261117,1
7588,20261117,1
7589,20261117,1
7590,20261117,1
7591,20261117,1
7592,20261117,1
7594,20261117,1
7595,20261117,1
7596,20261117,1
7597,20261117,1
7598,20261117,1
16147,20261117,1
16148,20261117,1
655,20261117,1
16149,20261117,1
16150,20261117,1
3760,20261117,1
3752,20261117,1
3747,20261117,1
3746,20261117,1
7636,20261117,1
7637,20261117,1
7638,20261117,1
7639,20261117,1
7640,20261117,1
7641,20261117,1
7642,20261117,1
7643,20261117,1
7644,20261117,1
16151,20261117,1
13965,20261117,1
13966,20261117,1
13967,20261117,1
13968,20261117,1
13969,20261117,1
13970,20261117,1
13971,20261117,1
13972,20261117,1
13973,20261117,1
1137,20261117,1
13974,20261117,1
13975,20261117,1
13976,20261117,1
13977,20261117,1
13978,20261117,1
13979,20261117,1
13980,20261117,1
16152,20261117,1
16153,20261117,1
16154,20261117,1
641,20261117,1
16155,20261117,1
16156,20261117,1
16157,20261117,1
16158,20261117,1
16159,20261117,1
16160,20261117,1
16161,20261117,1
16162,20261117,1
16163,20261117,1
16164,20261117,1
16165,20261117,1
7815,20261117,1
16166,20261117,1
16167,20261117,1
16168,20261117,1
3742,20261117,1
7830,20261117,1
7831,20261117,1
16169,20261117,1
16170,20261117,1
16171,20261117,1
14021,20261117,1
14022,20261117,1
14023,20261117,1
14024,20261117,1
14025,20261117,1
14026,20261117,1
14027,20261117,1
14028,20261117,1
14029,20261117,1
14030,20261117,1
14031,20261117,1
14032,20261117,1
14033,20261117,1
14034,20261117,1
14035,20261117,1
3738,20261117,1
7877,20261117,1
7878,20261117,1
3733,20261117,1
7879,20261117,1
7880,20261117,1
3729,20261117,1
7881,20261117,1
7883,20261117,1
7884,20261117,1
3724,20261117,1
7885,20261117,1
7886,20261117,1
7887,20261117,1
14036,20261117,1
14037,20261117,1
16172,20261117,1
14039,20261117,1
16173,20261117,1
16174,20261117,1
16175,20261117,1
7918,20261117,1
3716,20261117,1
7919,20261117,1
7920,20261117,1
7921,20261117,1
3710,20261117,1
7922,20261117,1
7923,20261117,1
7924,20261117,1
3704,20261117,1
7925,20261117,1
7926,20261117,1
7927,20261117,1
7928,20261117,1
3695,20261117,1
7929,20261117,1
16176,20261117,1
16908,20261117,1
16909,20261117,1
290,20261117,1
16910,20261117,1
16911,20261117,1
16912,20261117,1
3691,20261117,1
8021,20261117,1
8022,20261117,1
8023,20261117,1
16913,20261117,1
14095,20261117,1
16914,20261117,1
3685,20261117,1
3680,20261117,1
8102,20261117,1
8103,20261117,1
8104,20261117,1
8106,20261117,1
16915,20261117,1
276,20261117,1
16916,20261117,1
16917,20261117,1
8143,20261117,1
8144,20261117,1
3674,20261117,1
8145,20261117,1
8146,20261117,1
8147,20261117,1
3668,20261117,1
8148,20261117,1
8149,20261117,1
3663,20261117,1
8150,20261117,1
8151,20261117,1
8152,20261117,1
3657,20261117,1
8153,20261117,1
8154,20261117,1
8155,20261117,1
3651,20261117,1
8156,20261117,1
8157,20261117,1
8158,20261117,1
3644,20261117,1
8159,20261117,1
8160,20261117,1
3640,20261117,1
8161,20261117,1
16918,20261117,1
14127,20261117,1
14128,20261117,1
14129,20261117,1
14130,20261117,1
14131,20261117,1
14132,20261117,1
14133,20261117,1
14134,20261117,1
3634,20261117,1
3630,20261117,1
3626,20261117,1
3622,20261117,1
3618,20261117,1
3614,20261117,1
3610,20261117,1
8335,20261117,1
8336,20261117,1
8337,20261117,1
8338,20261117,1
8339,20261117,1
8340,20261117,1
8341,20261117,1
8342,20261117,1
8343,20261117,1
8344,20261117,1
8345,20261117,1
8346,20261117,1
8347,20261117,1
8348,20261117,1
8349,20261117,1
8387,20261117,1
3606,20261117,1
8388,20261117,1
8389,20261117,1
3602,20261117,1
8390,20261117,1
8391,20261117,1
3598,20261117,1
8392,20261117,1
8393,20261117,1
3594,20261117,1
8394,20261117,1
8395,20261117,1
3590,20261117,1
8396,20261117,1
8397,20261117,1
3586,20261117,1
8398,20261117,1
8399,20261117,1
3582,20261117,1
8400,20261117,1
8401,20261117,1
8404,20261117,1
3576,20261117,1
8406,20261117,1
8414,20261117,1
14161,20261117,1
3569,20261117,1
8424,20261117,1
8427,20261117,1
14162,20261117,1
3566,20261117,1
8430,20261117,1
14163,20261117,1
14164,20261117,1
14165,20261117,1
8440,20261117,1
3562,20261117,1
8442,20261117,1
8443,20261117,1
14166,20261117,1
14167,20261117,1
14168,20261117,1
14169,20261117,1
14170,20261117,1
14171,20261117,1
14172,20261117,1
14173,20261117,1
14174,20261117,1
8481,20261117,1
8482,20261117,1
3554,20261117,1
8483,20261117,1
8484,20261117,1
16927,20261117,1
16928,20261117,1
8514,20261117,1
8515,20261117,1
8516,20261117,1
3543,20261117,1
8517,20261117,1
8518,20261117,1
8520,20261117,1
8521,20261117,1
3534,20261117,1
8523,20261117,1
8524,20261117,1
14188,20261117,1
8535,20261117,1
8536,20261117,1
3525,20261117,1
8537,20261117,1
8538,20261117,1
16929,20261117,1
16930,20261117,1
16931,20261117,1
16932,20261117,1
16933,20261117,1
16228,20261117,1
16229,20261117,1
596,20261117,1
3521,20261117,1
8595,20261117,1
8596,20261117,1
8597,20261117,1
8598,20261117,1
3511,20261117,1
8599,20261117,1
8600,20261117,1
8601,20261117,1
3504,20261117,1
8602,20261117,1
8603,20261117,1
8604,20261117,1
8605,20261117,1
3493,20261117,1
8606,20261117,1
8607,20261117,1
3487,20261117,1
8608,20261117,1
8609,20261117,1
3483,20261117,1
8610,20261117,1
8611,20261117,1
3479,20261117,1
8612,20261117,1
16230,20261117,1
595,20261117,1
16231,20261117,1
594,20261117,1
16232,20261117,1
593,20261117,1
16233,20261117,1
592,20261117,1
16234,20261117,1
591,20261117,1
16235,20261117,1
590,20261117,1
16236,20261117,1
589,20261117,1
16237,20261117,1
14231,20261117,1
14232,20261117,1
14233,20261117,1
14234,20261117,1
14235,20261117,1
14236,20261117,1
16238,20261117,1
16239,20261117,1
16240,20261117,1
16241,20261117,1
16242,20261117,1
16243,20261117,1
14264,20261117,1
14265,20261117,1
14266,20261117,1
14267,20261117,1
14268,20261117,1
16244,20261117,1
16245,20261117,1
16246,20261117,1
16247,20261117,1
16248,20261117,1
16249,20261117,1
8720,20261117,1
3475,20261117,1
8722,20261117,1
8723,20261117,1
3471,20261117,1
8724,20261117,1
8725,20261117,1
3467,20261117,1
8726,20261117,1
8727,20261117,1
8728,20261117,1
3461,20261117,1
8729,20261117,1
3458,20261117,1
8731,20261117,1
14289,20261117,1
16250,20261117,1
16251,20261117,1
8745,20261117,1
8746,20261117,1
3452,20261117,1
8747,20261117,1
8748,20261117,1
3448,20261117,1
8749,20261117,1
8750,20261117,1
3443,20261117,1
8751,20261117,1
8752,20261117,1
16252,20261117,1
16253,20261117,1
16254,20261117,1
16255,20261117,1
16256,20261117,1
3436,20261117,1
8777,20261117,1
3435,20261117,1
8778,20261117,1
8779,20261117,1
8780,20261117,1
3429,20261117,1
8781,20261117,1
8782,20261117,1
8783,20261117,1
3422,20261117,1
8784,20261117,1
3421,20261117,1
8785,20261117,1
8786,20261117,1
3417,20261117,1
8787,20261117,1
8788,20261117,1
3412,20261117,1
8789,20261117,1
8790,20261117,1
3409,20261117,1
8791,20261117,1
8792,20261117,1
3401,20261117,1
8793,20261117,1
3400,20261117,1
8794,20261117,1
16257,20261117,1
16258,20261117,1
16259,20261117,1
16260,20261117,1
251,20261117,1
16934,20261117,1
17611,20261117,1
14321,20261117,1
3392,20261117,1
3389,20261117,1
3382,20261117,1
3381,20261117,1
3377,20261117,1
8877,20261117,1
8880,20261117,1
8881,20261117,1
8883,20261117,1
8884,20261117,1
8885,20261117,1
8886,20261117,1
8887,20261117,1
8888,20261117,1
8889,20261117,1
8890,20261117,1
8892,20261117,1
8893,20261117,1
14322,20261117,1
14323,20261117,1
14325,20261117,1
17355,20261117,1
17356,20261117,1
3371,20261117,1
8940,20261117,1
3369,20261117,1
8941,20261117,1
8942,20261117,1
8943,20261117,1
8944,20261117,1
3364,20261117,1
8945,20261117,1
8946,20261117,1
3360,20261117,1
8947,20261117,1
8948,20261117,1
3356,20261117,1
8949,20261117,1
8950,20261117,1
8951,20261117,1
3348,20261117,1
8952,20261117,1
3347,20261117,1
8953,20261117,1
8954,20261117,1
8955,20261117,1
8956,20261117,1
3338,20261117,1
8957,20261117,1
3337,20261117,1
8958,20261117,1
8959,20261117,1
3332,20261117,1
8960,20261117,1
8961,20261117,1
3329,20261117,1
8964,20261117,1
8977,20261117,1
8978,20261117,1
14356,20261117,1
14357,20261117,1
14358,20261117,1
14359,20261117,1
14360,20261117,1
14361,20261117,1
17357,20261117,1
9011,20261117,1
3318,20261117,1
9012,20261117,1
3317,20261117,1
9013,20261117,1
9015,20261117,1
9016,20261117,1
9017,20261117,1
9018,20261117,1
9019,20261117,1
3304,20261117,1
9020,20261117,1
3303,20261117,1
9021,20261117,1
9022,20261117,1
9023,20261117,1
9024,20261117,1
16968,20261117,1
98,20261117,1
3295,20261117,1
9045,20261117,1
9046,20261117,1
9047,20261117,1
9048,20261117,1
3286,20261117,1
9050,20261117,1
9051,20261117,1
9052,20261117,1
17358,20261117,1
244,20261117,1
17359,20261117,1
3279,20261117,1
9086,20261117,1
3278,20261117,1
9087,20261117,1
9088,20261117,1
9089,20261117,1
17360,20261117,1
14400,20261117,1
14401,20261117,1
14402,20261117,1
14403,20261117,1
14404,20261117,1
14405,20261117,1
14406,20261117,1
14407,20261117,1
14408,20261117,1
14409,20261117,1
14410,20261117,1
14411,20261117,1
17361,20261117,1
3270,20261117,1
9155,20261117,1
9156,20261117,1
9157,20261117,1
9158,20261117,1
3260,20261117,1
9159,20261117,1
3259,20261117,1
9160,20261117,1
9161,20261117,1
9162,20261117,1
9163,20261117,1
9164,20261117,1
3249,20261117,1
9165,20261117,1
3246,20261117,1
9166,20261117,1
9168,20261117,1
17362,20261117,1
16994,20261117,1
16995,20261117,1
9214,20261117,1
3241,20261117,1
9215,20261117,1
9216,20261117,1
3237,20261117,1
9217,20261117,1
9218,20261117,1
9219,20261117,1
3227,20261117,1
3223,20261117,1
3216,20261117,1
9220,20261117,1
9221,20261117,1
3210,20261117,1
9222,20261117,1
9223,20261117,1
3208,20261117,1
3205,20261117,1
3198,20261117,1
3197,20261117,1
9224,20261117,1
9225,20261117,1
3188,20261117,1
9226,20261117,1
9227,20261117,1
3183,20261117,1
9228,20261117,1
3182,20261117,1
9229,20261117,1
9230,20261117,1
9231,20261117,1
9232,20261117,1
3174,20261117,1
9233,20261117,1
9234,20261117,1
3170,20261117,1
9235,20261117,1
9236,20261117,1
3166,20261117,1
9237,20261117,1
9238,20261117,1
9239,20261117,1
16996,20261117,1
16997,20261117,1
16998,20261117,1
16999,20261117,1
228,20261117,1
17000,20261117,1
3161,20261117,1
3153,20261117,1
3150,20261117,1
3147,20261117,1
3146,20261117,1
9345,20261117,1
9346,20261117,1
9349,20261117,1
9352,20261117,1
9353,20261117,1
9354,20261117,1
9355,20261117,1
9357,20261117,1
14465,20261117,1
14466,20261117,1
14467,20261117,1
14468,20261117,1
14469,20261117,1
14470,20261117,1
14473,20261117,1
14474,20261117,1
14476,20261117,1
14477,20261117,1
9389,20261117,1
3141,20261117,1
9391,20261117,1
9394,20261117,1
3138,20261117,1
9395,20261117,1
9396,20261117,1
9397,20261117,1
3131,20261117,1
9398,20261117,1
3130,20261117,1
9399,20261117,1
3129,20261117,1
9400,20261117,1
9401,20261117,1
9402,20261117,1
3122,20261117,1
9403,20261117,1
9404,20261117,1
3119,20261117,1
9405,20261117,1
3117,20261117,1
9406,20261117,1
9407,20261117,1
9408,20261117,1
3110,20261117,1
9409,20261117,1
14479,20261117,1
14480,20261117,1
14481,20261117,1
14482,20261117,1
17001,20261117,1
17002,20261117,1
17363,20261117,1
3109,20261117,1
9449,20261117,1
9450,20261117,1
9451,20261117,1
3102,20261117,1
9452,20261117,1
9453,20261117,1
3098,20261117,1
9454,20261117,1
3097,20261117,1
9455,20261117,1
9456,20261117,1
9457,20261117,1
3090,20261117,1
9459,20261117,1
14499,20261117,1
14500,20261117,1
14501,20261117,1
14502,20261117,1
14503,20261117,1
14504,20261117,1
9472,20261117,1
9473,20261117,1
3085,20261117,1
9474,20261117,1
3082,20261117,1
9475,20261117,1
17007,20261117,1
9490,20261117,1
9491,20261117,1
3076,20261117,1
9492,20261117,1
3075,20261117,1
9493,20261117,1
9494,20261117,1
9495,20261117,1
3068,20261117,1
9496,20261117,1
3067,20261117,1
9497,20261117,1
9498,20261117,1
9499,20261117,1
3060,20261117,1
9500,20261117,1
9501,20261117,1
9502,20261117,1
3055,20261117,1
9503,20261117,1
16412,20261117,1
16413,20261117,1
16414,20261117,1
16415,20261117,1
16416,20261117,1
16417,20261117,1
16418,20261117,1
3052,20261117,1
9539,20261117,1
9540,20261117,1
16419,20261117,1
16420,20261117,1
3048,20261117,1
9554,20261117,1
9556,20261117,1
3045,20261117,1
9557,20261117,1
3044,20261117,1
9558,20261117,1
3043,20261117,1
9559,20261117,1
9560,20261117,1
16421,20261117,1
16422,20261117,1
16423,20261117,1
547,20261117,1
16424,20261117,1
546,20261117,1
16425,20261117,1
545,20261117,1
16426,20261117,1
544,20261117,1
14543,20261117,1
14544,20261117,1
14545,20261117,1
14546,20261117,1
14547,20261117,1
14548,20261117,1
9598,20261117,1
9599,20261117,1
9600,20261117,1
3030,20261117,1
9601,20261117,1
9602,20261117,1
3026,20261117,1
9603,20261117,1
9604,20261117,1
9605,20261117,1
14549,20261117,1
10342,20261117,2
12331,20261117,2
14792,20261117,2
10341,20261117,2
16760,20261117,2
12332,20261117,2
16497,20261117,2
10340,20261117,2
15328,20261117,2
12333,20261117,2
14791,20261117,2
10339,20261117,2
14181,20261117,2
12334,20261117,2
17468,20261117,2
10338,20261117,2
15329,20261117,2
12335,20261117,2
14790,20261117,2
10337,20261117,2
16761,20261117,2
12336,20261117,2
15330,20261117,2
12337,20261117,2
17506,20261117,2
12338,20261117,2
15331,20261117,2
12339,20261117,2
16762,20261117,2
12340,20261117,2
15332,20261117,2
12341,20261117,2
17219,20261117,2
12342,20261117,2
15333,20261117,2
12343,20261117,2
1979,20261117,2
8500,20261117,2
1978,20261117,2
16216,20261117,2
1977,20261117,2
8501,20261117,2
1976,20261117,2
14182,20261117,2
8502,20261117,2
14462,20261117,2
16763,20261117,2
12352,20261117,2
15334,20261117,2
12353,20261117,2
126,20261117,2
12354,20261117,2
15335,20261117,2
12355,20261117,2
16764,20261117,2
12356,20261117,2
15336,20261117,2
12357,20261117,2
8503,20261117,2
12358,20261117,2
15337,20261117,2
12359,20261117,2
16765,20261117,2
12360,20261117,2
15338,20261117,2
12361,20261117,2
17395,20261117,2
12362,20261117,2
15339,20261117,2
12363,20261117,2
16766,20261117,2
12364,20261117,2
15340,20261117,2
12365,20261117,2
17223,20261117,2
12366,20261117,2
15341,20261117,2
12367,20261117,2
16767,20261117,2
12368,20261117,2
15342,20261117,2
12369,20261117,2
23,20261117,2
12370,20261117,2
15343,20261117,2
12371,20261117,2
16768,20261117,2
12372,20261117,2
15344,20261117,2
12373,20261117,2
17225,20261117,2
12374,20261117,2
15345,20261117,2
12375,20261117,2
923,20261117,2
12376,20261117,2
14183,20261117,2
12377,20261117,2
16496,20261117,2
12378,20261117,2
8504,20261117,2
12379,20261117,2
10336,20261117,2
12380,20261117,2
16217,20261117,2
12381,20261117,2
922,20261117,2
12382,20261117,2
8505,20261117,2
12383,20261117,2
16769,20261117,2
12384,20261117,2
15350,20261117,2
12385,20261117,2
1973,20261117,2
14184,20261117,2
8506,20261117,2
264,20261117,2
1969,20261117,2
8507,20261117,2
3550,20261117,2
9364,20261117,2
14789,20261117,2
12390,20261117,2
15351,20261117,2
12391,20261117,2
10335,20261117,2
12392,20261117,2
15352,20261117,2
12393,20261117,2
124,20261117,2
12394,20261117,2
15353,20261117,2
12395,20261117,2
17086,20261117,2
12396,20261117,2
10334,20261117,2
12397,20261117,2
16770,20261117,2
12398,20261117,2
15354,20261117,2
12399,20261117,2
3547,20261117,2
12400,20261117,2
15355,20261117,2
12401,20261117,2
16771,20261117,2
12402,20261117,2
15356,20261117,2
12403,20261117,2
14788,20261117,2
12404,20261117,2
15357,20261117,2
12405,20261117,2
2692,20261117,2
12406,20261117,2
15358,20261117,2
12407,20261117,2
122,20261117,2
12408,20261117,2
1964,20261117,2
227,20261117,2
15359,20261117,2
12410,20261117,2
2696,20261117,2
12411,20261117,2
2700,20261117,2
12412,20261117,2
2704,20261117,2
2708,20261117,2
16772,20261117,2
12413,20261117,2
15360,20261117,2
12414,20261117,2
2710,20261117,2
12415,20261117,2
2716,20261117,2
2719,20261117,2
2723,20261117,2
12416,20261117,2
3545,20261117,2
12417,20261117,2
15361,20261117,2
12418,20261117,2
2727,20261117,2
2731,20261117,2
16773,20261117,2
12419,20261117,2
2736,20261117,2
2738,20261117,2
15362,20261117,2
12420,20261117,2
10306,20261117,2
12421,20261117,2
15363,20261117,2
12422,20261117,2
9366,20261117,2
14463,20261117,2
1961,20261117,2
9367,20261117,2
3542,20261117,2
1008,20261117,2
1956,20261117,2
3540,20261117,2
16495,20261117,2
12428,20261117,2
15364,20261117,2
12429,20261117,2
17396,20261117,2
12430,20261117,2
15365,20261117,2
12431,20261117,2
16774,20261117,2
12432,20261117,2
15366,20261117,2
12433,20261117,2
10305,20261117,2
12434,20261117,2
15367,20261117,2
12435,20261117,2
14787,20261117,2
12436,20261117,2
15368,20261117,2
12437,20261117,2
338,20261117,2
12438,20261117,2
15369,20261117,2
12439,20261117,2
9368,20261117,2
12440,20261117,2
10304,20261117,2
17375,20261117,2
15370,20261117,2
12441,20261117,2
335,20261117,2
12442,20261117,2
15371,20261117,2
12443,20261117,2
10303,20261117,2
14786,20261117,2
10302,20261117,2
12444,20261117,2
16494,20261117,2
12445,20261117,2
3537,20261117,2
12446,20261117,2
10301,20261117,2
14785,20261117,2
15372,20261117,2
12447,20261117,2
10300,20261117,2
12448,20261117,2
10299,20261117,2
12449,20261117,2
14784,20261117,2
10298,20261117,2
9617,20261117,2
12450,20261117,2
16493,20261117,2
10297,20261117,2
15373,20261117,2
12451,20261117,2
14783,20261117,2
10296,20261117,2
9369,20261117,2
12452,20261117,2
15374,20261117,2
12453,20261117,2
331,20261117,2
12454,20261117,2
15375,20261117,2
12455,20261117,2
9636,20261117,2
12456,20261117,2
15376,20261117,2
12461,20261117,2
328,20261117,2
12462,20261117,2
15377,20261117,2
12463,20261117,2
195,20261117,2
10295,20261117,2
3533,20261117,2
12464,20261117,2
15378,20261117,2
12465,20261117,2
326,20261117,2
12466,20261117,2
15379,20261117,2
12467,20261117,2
14782,20261117,2
10294,20261117,2
9370,20261117,2
12468,20261117,2
15380,20261117,2
12469,20261117,2
16492,20261117,2
10293,20261117,2
323,20261117,2
12470,20261117,2
15381,20261117,2
12471,20261117,2
14781,20261117,2
10292,20261117,2
16756,20261117,2
12283,20261117,2
15312,20261117,2
12284,20261117,2
12285,20261117,2
15313,20261117,2
12286,20261117,2
1988,20261117,2
16214,20261117,2
1987,20261117,2
8491,20261117,2
1986,20261117,2
14178,20261117,2
1985,20261117,2
8492,20261117,2
10362,20261117,2
9844,20261117,2
10361,20261117,2
8493,20261117,2
1984,20261117,2
9843,20261117,2
1983,20261117,2
8494,20261117,2
12298,20261117,2
15314,20261117,2
12299,20261117,2
9363,20261117,2
12300,20261117,2
10360,20261117,2
10359,20261117,2
15315,20261117,2
12301,20261117,2
16757,20261117,2
12302,20261117,2
10358,20261117,2
15316,20261117,2
12303,20261117,2
17394,20261117,2
12304,20261117,2
15317,20261117,2
12305,20261117,2
16758,20261117,2
12306,20261117,2
10357,20261117,2
15318,20261117,2
12307,20261117,2
17215,20261117,2
12308,20261117,2
15319,20261117,2
12309,20261117,2
16759,20261117,2
12310,20261117,2
15320,20261117,2
12311,20261117,2
10356,20261117,2
12312,20261117,2
1982,20261117,2
8495,20261117,2
1981,20261117,2
14179,20261117,2
1980,20261117,2
8496,20261117,2
16215,20261117,2
12318,20261117,2
10355,20261117,2
12319,20261117,2
8497,20261117,2
12320,20261117,2
10354,20261117,2
10353,20261117,2
12321,20261117,2
10352,20261117,2
14180,20261117,2
12322,20261117,2
14795,20261117,2
12323,20261117,2
8498,20261117,2
12324,20261117,2
10351,20261117,2
12325,20261117,2
266,20261117,2
12327,20261117,2
10350,20261117,2
14794,20261117,2
10349,20261117,2
12328,20261117,2
16498,20261117,2
10348,20261117,2
8499,20261117,2
12329,20261117,2
14793,20261117,2
10343,20261117,2
128,20261117,2
12330,20261117,2
17088,20261117,2
15327,20261117,2
12472,20261117,2
15382,20261117,2
12473,20261117,2
12474,20261117,2
15383,20261117,2
12475,20261117,2
14185,20261117,2
12476,20261117,2
10291,20261117,2
14780,20261117,2
15384,20261117,2
12477,20261117,2
10290,20261117,2
16491,20261117,2
320,20261117,2
12478,20261117,2
15385,20261117,2
12479,20261117,2
8527,20261117,2
12480,20261117,2
15386,20261117,2
12481,20261117,2
10289,20261117,2
14779,20261117,2
317,20261117,2
12482,20261117,2
15387,20261117,2
12483,20261117,2
12484,20261117,2
15388,20261117,2
12485,20261117,2
8528,20261117,2
12486,20261117,2
15389,20261117,2
12487,20261117,2
1042,20261117,2
12488,20261117,2
15390,20261117,2
12489,20261117,2
314,20261117,2
12490,20261117,2
8531,20261117,2
9842,20261117,2
1953,20261117,2
8532,20261117,2
9542,20261117,2
8533,20261117,2
16218,20261117,2
8534,20261117,2
1948,20261117,2
3529,20261117,2
9371,20261117,2
3527,20261117,2
1944,20261117,2
16433,20261117,2
1941,20261117,2
9372,20261117,2
15391,20261117,2
12505,20261117,2
552,20261117,2
12506,20261117,2
15392,20261117,2
12507,20261117,2
10288,20261117,2
197,20261117,2
17231,20261117,2
12508,20261117,2
15393,20261117,2
12509,20261117,2
10287,20261117,2
14778,20261117,2
10286,20261117,2
12510,20261117,2
16490,20261117,2
10285,20261117,2
14777,20261117,2
12511,20261117,2
16796,20261117,2
12512,20261117,2
10284,20261117,2
17080,20261117,2
15394,20261117,2
12513,20261117,2
10283,20261117,2
12514,20261117,2
14776,20261117,2
12515,20261117,2
3524,20261117,2
12516,20261117,2
15395,20261117,2
12517,20261117,2
10282,20261117,2
12518,20261117,2
16489,20261117,2
12519,20261117,2
16797,20261117,2
12520,20261117,2
15396,20261117,2
12521,20261117,2
10281,20261117,2
12522,20261117,2
14775,20261117,2
10280,20261117,2
13,20261117,2
12523,20261117,2
17233,20261117,2
12524,20261117,2
15397,20261117,2
12525,20261117,2
10279,20261117,2
12526,20261117,2
14774,20261117,2
12527,20261117,2
16798,20261117,2
12528,20261117,2
15399,20261117,2
12529,20261117,2
10278,20261117,2
12530,20261117,2
9373,20261117,2
14189,20261117,2
8539,20261117,2
1007,20261117,2
8540,20261117,2
14190,20261117,2
1935,20261117,2
8541,20261117,2
16219,20261117,2
8542,20261117,2
1930,20261117,2
14191,20261117,2
1928,20261117,2
8543,20261117,2
1925,20261117,2
9841,20261117,2
16488,20261117,2
12546,20261117,2
921,20261117,2
12547,20261117,2
12548,20261117,2
920,20261117,2
12549,20261117,2
260,20261117,2
12550,20261117,2
919,20261117,2
12551,20261117,2
10277,20261117,2
14773,20261117,2
8544,20261117,2
12552,20261117,2
10276,20261117,2
17078,20261117,2
918,20261117,2
12553,20261117,2
9840,20261117,2
12554,20261117,2
10275,20261117,2
14772,20261117,2
917,20261117,2
12555,20261117,2
10274,20261117,2
16487,20261117,2
14603,20261117,2
12556,20261117,2
916,20261117,2
12557,20261117,2
10273,20261117,2
14771,20261117,2
14192,20261117,2
12558,20261117,2
915,20261117,2
12559,20261117,2
8545,20261117,2
12560,20261117,2
16220,20261117,2
12561,20261117,2
8546,20261117,2
12562,20261117,2
14193,20261117,2
12563,20261117,2
8547,20261117,2
12564,20261117,2
10272,20261117,2
12565,20261117,2
15409,20261117,2
12566,20261117,2
17374,20261117,2
10271,20261117,2
14770,20261117,2
12567,20261117,2
10270,20261117,2
16486,20261117,2
15410,20261117,2
12568,20261117,2
120,20261117,2
12569,20261117,2
10269,20261117,2
14769,20261117,2
15411,20261117,2
12570,20261117,2
16799,20261117,2
12571,20261117,2
15412,20261117,2
12572,20261117,2
10268,20261117,2
10267,20261117,2
9374,20261117,2
12573,20261117,2
15413,20261117,2
12574,20261117,2
16800,20261117,2
12577,20261117,2
15414,20261117,2
12578,20261117,2
14768,20261117,2
12579,20261117,2
15415,20261117,2
12580,20261117,2
10266,20261117,2
16485,20261117,2
10265,20261117,2
12581,20261117,2
15416,20261117,2
12582,20261117,2
17397,20261117,2
12583,20261117,2
10264,20261117,2
16801,20261117,2
12584,20261117,2
17237,20261117,2
12585,20261117,2
16802,20261117,2
12586,20261117,2
10263,20261117,2
10262,20261117,2
8548,20261117,2
12587,20261117,2
16803,20261117,2
12588,20261117,2
14194,20261117,2
12589,20261117,2
10261,20261117,2
16804,20261117,2
12590,20261117,2
10260,20261117,2
12591,20261117,2
12592,20261117,2
8549,20261117,2
12593,20261117,2
9839,20261117,2
9838,20261117,2
16221,20261117,2
8550,20261117,2
16805,20261117,2
12601,20261117,2
10259,20261117,2
12602,20261117,2
10258,20261117,2
12603,20261117,2
10257,20261117,2
17241,20261117,2
12604,20261117,2
10256,20261117,2
16806,20261117,2
12605,20261117,2
10255,20261117,2
12606,20261117,2
10254,20261117,2
12607,20261117,2
10253,20261117,2
117,20261117,2
12608,20261117,2
16807,20261117,2
12609,20261117,2
10252,20261117,2
12610,20261117,2
12611,20261117,2
14195,20261117,2
12612,20261117,2
16808,20261117,2
12613,20261117,2
17398,20261117,2
12614,20261117,2
16809,20261117,2
12615,20261117,2
1920,20261117,2
8551,20261117,2
1917,20261117,2
258,20261117,2
17245,20261117,2
12625,20261117,2
16810,20261117,2
12626,20261117,2
114,20261117,2
12627,20261117,2
16811,20261117,2
12628,20261117,2
10251,20261117,2
10247,20261117,2
8552,20261117,2
12629,20261117,2
10246,20261117,2
10245,20261117,2
16812,20261117,2
12630,20261117,2
44,20261117,2
12631,20261117,2
16813,20261117,2
12632,20261117,2
17249,20261117,2
12633,20261117,2
10244,20261117,2
10243,20261117,2
16814,20261117,2
12634,20261117,2
10242,20261117,2
10241,20261117,2
14196,20261117,2
12635,20261117,2
16815,20261117,2
12636,20261117,2
10240,20261117,2
10239,20261117,2
8553,20261117,2
12637,20261117,2
16816,20261117,2
12638,20261117,2
10238,20261117,2
2744,20261117,2
14602,20261117,2
12639,20261117,2
16817,20261117,2
12640,20261117,2
2746,20261117,2
12641,20261117,2
995,20261117,2
12642,20261117,2
17253,20261117,2
12643,20261117,2
14757,20261117,2
199,20261117,2
16818,20261117,2
12644,20261117,2
14756,20261117,2
16484,20261117,2
110,20261117,2
12645,20261117,2
16819,20261117,2
12646,20261117,2
14755,20261117,2
10223,20261117,2
8554,20261117,2
12647,20261117,2
17074,20261117,2
10222,20261117,2
16820,20261117,2
12648,20261117,2
17513,20261117,2
12649,20261117,2
14754,20261117,2
10220,20261117,2
16821,20261117,2
12650,20261117,2
17258,20261117,2
12651,20261117,2
16483,20261117,2
2752,20261117,2
16822,20261117,2
12652,20261117,2
108,20261117,2
12653,20261117,2
10215,20261117,2
14753,20261117,2
16823,20261117,2
12654,20261117,2
9837,20261117,2
12655,20261117,2
10214,20261117,2
17467,20261117,2
16824,20261117,2
12656,20261117,2
17410,20261117,2
12657,20261117,2
16825,20261117,2
12658,20261117,2
17316,20261117,2
12659,20261117,2
10213,20261117,2
14752,20261117,2
16826,20261117,2
12660,20261117,2
42,20261117,2
12661,20261117,2
16827,20261117,2
12662,20261117,2
10212,20261117,2
16482,20261117,2
17317,20261117,2
12663,20261117,2
16828,20261117,2
12664,20261117,2
8555,20261117,2
12665,20261117,2
16829,20261117,2
12666,20261117,2
16222,20261117,2
8556,20261117,2
14197,20261117,2
8557,20261117,2
1912,20261117,2
9635,20261117,2
1909,20261117,2
8558,20261117,2
14198,20261117,2
8559,20261117,2
16452,20261117,2
8560,20261117,2
1904,20261117,2
9836,20261117,2
1900,20261117,2
8561,20261117,2
1898,20261117,2
14601,20261117,2
9833,20261117,2
16223,20261117,2
1894,20261117,2
8562,20261117,2
1892,20261117,2
9832,20261117,2
14600,20261117,2
14199,20261117,2
1886,20261117,2
8563,20261117,2
1884,20261117,2
9831,20261117,2
1882,20261117,2
8564,20261117,2
17318,20261117,2
12695,20261117,2
16830,20261117,2
12696,20261117,2
909,20261117,2
12697,20261117,2
907,20261117,2
12698,20261117,2
903,20261117,2
12699,20261117,2
901,20261117,2
12700,20261117,2
897,20261117,2
12701,20261117,2
895,20261117,2
12702,20261117,2
16451,20261117,2
12703,20261117,2
8565,20261117,2
12704,20261117,2
889,20261117,2
12705,20261117,2
10211,20261117,2
14751,20261117,2
887,20261117,2
12706,20261117,2
883,20261117,2
12707,20261117,2
881,20261117,2
12708,20261117,2
10210,20261117,2
10209,20261117,2
255,20261117,2
12709,20261117,2
876,20261117,2
12710,20261117,2
874,20261117,2
12711,20261117,2
8566,20261117,2
12712,20261117,2
870,20261117,2
12713,20261117,2
866,20261117,2
12714,20261117,2
864,20261117,2
12715,20261117,2
860,20261117,2
12716,20261117,2
14200,20261117,2
12717,20261117,2
14750,20261117,2
10208,20261117,2
856,20261117,2
12718,20261117,2
8567,20261117,2
12719,20261117,2
852,20261117,2
12720,20261117,2
16481,20261117,2
10207,20261117,2
16224,20261117,2
12721,20261117,2
848,20261117,2
12722,20261117,2
8568,20261117,2
12723,20261117,2
844,20261117,2
12724,20261117,2
9830,20261117,2
12725,20261117,2
840,20261117,2
12726,20261117,2
14599,20261117,2
12727,20261117,2
837,20261117,2
12728,20261117,2
833,20261117,2
12729,20261117,2
831,20261117,2
12730,20261117,2
827,20261117,2
12731,20261117,2
825,20261117,2
12732,20261117,2
821,20261117,2
12733,20261117,2
14201,20261117,2
8569,20261117,2
1877,20261117,2
14563,20261117,2
8570,20261117,2
2932,20261117,2
14202,20261117,2
1871,20261117,2
8571,20261117,2
1869,20261117,2
16225,20261117,2
1867,20261117,2
8572,20261117,2
14203,20261117,2
8573,20261117,2
1863,20261117,2
253,20261117,2
1860,20261117,2
8574,20261117,2
14204,20261117,2
8575,20261117,2
1855,20261117,2
16226,20261117,2
8576,20261117,2
14205,20261117,2
1851,20261117,2
8577,20261117,2
819,20261117,2
12748,20261117,2
9543,20261117,2
12749,20261117,2
815,20261117,2
12750,20261117,2
812,20261117,2
12751,20261117,2
809,20261117,2
12752,20261117,2
8578,20261117,2
12753,20261117,2
805,20261117,2
12754,20261117,2
14206,20261117,2
12755,20261117,2
802,20261117,2
12756,20261117,2
8579,20261117,2
12757,20261117,2
797,20261117,2
12758,20261117,2
15659,20261117,2
12759,20261117,2
15660,20261117,2
12760,20261117,2
15661,20261117,2
12761,20261117,2
1849,20261117,2
16227,20261117,2
1846,20261117,2
8580,20261117,2
14207,20261117,2
8581,20261117,2
1841,20261117,2
598,20261117,2
1839,20261117,2
8582,20261117,2
14208,20261117,2
8583,20261117,2
1836,20261117,2
9375,20261117,2
8584,20261117,2
14209,20261117,2
1831,20261117,2
8585,20261117,2
1829,20261117,2
597,20261117,2
15662,20261117,2
12773,20261117,2
15663,20261117,2
12774,20261117,2
15664,20261117,2
12775,20261117,2
15665,20261117,2
12776,20261117,2
14749,20261117,2
10206,20261117,2
15666,20261117,2
12777,20261117,2
15667,20261117,2
12778,20261117,2
15668,20261117,2
12779,20261117,2
15669,20261117,2
12780,20261117,2
15670,20261117,2
12781,20261117,2
201,20261117,2
10205,20261117,2
15671,20261117,2
12782,20261117,2
15672,20261117,2
12783,20261117,2
15673,20261117,2
12784,20261117,2
15674,20261117,2
12785,20261117,2
15675,20261117,2
12786,20261117,2
15676,20261117,2
12787,20261117,2
15677,20261117,2
12788,20261117,2
15678,20261117,2
12789,20261117,2
15679,20261117,2
12790,20261117,2
15680,20261117,2
12791,20261117,2
15681,20261117,2
12792,20261117,2
15682,20261117,2
12793,20261117,2
15683,20261117,2
12794,20261117,2
15684,20261117,2
12795,20261117,2
15685,20261117,2
12796,20261117,2
15686,20261117,2
12797,20261117,2
15687,20261117,2
12798,20261117,2
15688,20261117,2
12799,20261117,2
15689,20261117,2
12800,20261117,2
15690,20261117,2
12801,20261117,2
8586,20261117,2
14210,20261117,2
1825,20261117,2
8587,20261117,2
1006,20261117,2
8588,20261117,2
1822,20261117,2
1820,20261117,2
2936,20261117,2
1817,20261117,2
14211,20261117,2
8589,20261117,2
2937,20261117,2
8591,20261117,2
2941,20261117,2
1811,20261117,2
8592,20261117,2
1809,20261117,2
9376,20261117,2
8593,20261117,2
14212,20261117,2
8594,20261117,2
14525,20261117,2
15691,20261117,2
1803,20261117,2
1801,20261117,2
1798,20261117,2
12820,20261117,2
9377,20261117,2
3520,20261117,2
1005,20261117,2
15692,20261117,2
12825,20261117,2
14748,20261117,2
10204,20261117,2
15693,20261117,2
12826,20261117,2
15694,20261117,2
12827,20261117,2
15695,20261117,2
12828,20261117,2
15696,20261117,2
12829,20261117,2
15697,20261117,2
12830,20261117,2
3517,20261117,2
9378,20261117,2
3514,20261117,2
9544,20261117,2
1793,20261117,2
9379,20261117,2
1790,20261117,2
9634,20261117,2
3510,20261117,2
9380,20261117,2
1785,20261117,2
3507,20261117,2
15698,20261117,2
12840,20261117,2
15699,20261117,2
12841,20261117,2
9613,20261117,2
9381,20261117,2
15700,20261117,2
12843,20261117,2
15701,20261117,2
12844,20261117,2
1782,20261117,2
9633,20261117,2
15702,20261117,2
12846,20261117,2
15703,20261117,2
12847,20261117,2
15704,20261117,2
12849,20261117,2
15705,20261117,2
12850,20261117,2
15706,20261117,2
12851,20261117,2
15707,20261117,2
12852,20261117,2
15708,20261117,2
12853,20261117,2
15709,20261117,2
12854,20261117,2
15710,20261117,2
12855,20261117,2
15711,20261117,2
12856,20261117,2
15712,20261117,2
12857,20261117,2
15713,20261117,2
12858,20261117,2
15714,20261117,2
12859,20261117,2
15715,20261117,2
12860,20261117,2
15716,20261117,2
12861,20261117,2
1779,20261117,2
3503,20261117,2
15717,20261117,2
12863,20261117,2
15718,20261117,2
12864,20261117,2
15719,20261117,2
12865,20261117,2
15720,20261117,2
12866,20261117,2
15721,20261117,2
12867,20261117,2
15722,20261117,2
12868,20261117,2
15723,20261117,2
12869,20261117,2
9382,20261117,2
3499,20261117,2
9545,20261117,2
3495,20261117,2
15724,20261117,2
12875,20261117,2
1773,20261117,2
9383,20261117,2
15725,20261117,2
12880,20261117,2
15726,20261117,2
12883,20261117,2
15727,20261117,2
12885,20261117,2
1771,20261117,2
1004,20261117,2
15728,20261117,2
12887,20261117,2
9384,20261117,2
12888,20261117,2
3492,20261117,2
12889,20261117,2
14554,20261117,2
12890,20261117,2
9385,20261117,2
12892,20261117,2
14562,20261117,2
12893,20261117,2
3486,20261117,2
12894,20261117,2
9386,20261117,2
12895,20261117,2
9616,20261117,2
12896,20261117,2
9387,20261117,2
3482,20261117,2
3144,20261117,2
14526,20261117,2
9546,20261117,2
12899,20261117,2
16428,20261117,2
12900,20261117,2
8613,20261117,2
12901,20261117,2
14213,20261117,2
12902,20261117,2
8614,20261117,2
12903,20261117,2
3140,20261117,2
12904,20261117,2
8615,20261117,2
12905,20261117,2
14214,20261117,2
12906,20261117,2
8616,20261117,2
12907,20261117,2
1765,20261117,2
2944,20261117,2
2946,20261117,2
12909,20261117,2
9615,20261117,2
12910,20261117,2
8617,20261117,2
12911,20261117,2
2949,20261117,2
12912,20261117,2
9807,20261117,2
12913,20261117,2
14215,20261117,2
12914,20261117,2
8618,20261117,2
12915,20261117,2
551,20261117,2
12916,20261117,2
8619,20261117,2
12917,20261117,2
210,20261117,2
12918,20261117,2
9806,20261117,2
12919,20261117,2
14216,20261117,2
12920,20261117,2
8620,20261117,2
12921,20261117,2
14598,20261117,2
12922,20261117,2
9805,20261117,2
12923,20261117,2
9547,20261117,2
12924,20261117,2
8621,20261117,2
12925,20261117,2
14217,20261117,2
12926,20261117,2
8622,20261117,2
12927,20261117,2
3137,20261117,2
12928,20261117,2
8623,20261117,2
12929,20261117,2
14218,20261117,2
12930,20261117,2
8624,20261117,2
12931,20261117,2
14527,20261117,2
12932,20261117,2
8625,20261117,2
12933,20261117,2
14219,20261117,2
12934,20261117,2
8626,20261117,2
12935,20261117,2
3133,20261117,2
12936,20261117,2
8627,20261117,2
12937,20261117,2
16450,20261117,2
12938,20261117,2
9804,20261117,2
12939,20261117,2
4,20261117,2
12940,20261117,2
15779,20261117,2
12941,20261117,2
16831,20261117,2
12942,20261117,2
1763,20261117,2
14220,20261117,2
1760,20261117,2
8628,20261117,2
14597,20261117,2
9803,20261117,2
1756,20261117,2
9802,20261117,2
8629,20261117,2
14596,20261117,2
8630,20261117,2
9801,20261117,2
1751,20261117,2
16449,20261117,2
1749,20261117,2
9548,20261117,2
1747,20261117,2
8631,20261117,2
1745,20261117,2
14221,20261117,2
1742,20261117,2
8632,20261117,2
9800,20261117,2
14595,20261117,2
15781,20261117,2
12955,20261117,2
17319,20261117,2
12956,20261117,2
15782,20261117,2
12957,20261117,2
16832,20261117,2
12958,20261117,2
15783,20261117,2
12959,20261117,2
17413,20261117,2
12960,20261117,2
15784,20261117,2
12961,20261117,2
1739,20261117,2
14552,20261117,2
16833,20261117,2
12965,20261117,2
15785,20261117,2
12967,20261117,2
1737,20261117,2
8633,20261117,2
311,20261117,2
12970,20261117,2
16480,20261117,2
10203,20261117,2
1733,20261117,2
14222,20261117,2
15786,20261117,2
12972,20261117,2
14747,20261117,2
10202,20261117,2
8634,20261117,2
12973,20261117,2
1731,20261117,2
9549,20261117,2
1729,20261117,2
8636,20261117,2
15787,20261117,2
12976,20261117,2
309,20261117,2
12977,20261117,2
14223,20261117,2
8637,20261117,2
1725,20261117,2
14528,20261117,2
15788,20261117,2
12981,20261117,2
794,20261117,2
12982,20261117,2
791,20261117,2
12983,20261117,2
8638,20261117,2
12984,20261117,2
1723,20261117,2
14224,20261117,2
1721,20261117,2
8639,20261117,2
787,20261117,2
12987,20261117,2
784,20261117,2
12989,20261117,2
781,20261117,2
12990,20261117,2
9550,20261117,2
12991,20261117,2
15795,20261117,2
12992,20261117,2
305,20261117,2
12993,20261117,2
1717,20261117,2
8640,20261117,2
15798,20261117,2
12995,20261117,2
14225,20261117,2
12996,20261117,2
1715,20261117,2
8641,20261117,2
15799,20261117,2
12998,20261117,2
778,20261117,2
12999,20261117,2
550,20261117,2
13000,20261117,2
8642,20261117,2
13001,20261117,2
14226,20261117,2
13002,20261117,2
774,20261117,2
13003,20261117,2
8643,20261117,2
13004,20261117,2
771,20261117,2
13005,20261117,2
9551,20261117,2
13006,20261117,2
8644,20261117,2
13007,20261117,2
15815,20261117,2
13009,20261117,2
14227,20261117,2
13010,20261117,2
15816,20261117,2
13011,20261117,2
302,20261117,2
13012,20261117,2
15817,20261117,2
13013,20261117,2
8645,20261117,2
13014,20261117,2
15818,20261117,2
13015,20261117,2
299,20261117,2
13016,20261117,2
15819,20261117,2
13018,20261117,2
580,20261117,2
13019,20261117,2
15820,20261117,2
13020,20261117,2
1712,20261117,2
8646,20261117,2
17320,20261117,2
13022,20261117,2
15821,20261117,2
13023,20261117,2
16846,20261117,2
13024,20261117,2
15822,20261117,2
13025,20261117,2
38,20261117,2
13026,20261117,2
15823,20261117,2
13027,20261117,2
16847,20261117,2
13028,20261117,2
15824,20261117,2
13029,20261117,2
17321,20261117,2
13030,20261117,2
15825,20261117,2
13031,20261117,2
16848,20261117,2
13032,20261117,2
15826,20261117,2
13033,20261117,2
17070,20261117,2
10201,20261117,2
14228,20261117,2
13034,20261117,2
15827,20261117,2
13035,20261117,2
16849,20261117,2
13036,20261117,2
15828,20261117,2
13037,20261117,2
17322,20261117,2
13038,20261117,2
15829,20261117,2
13039,20261117,2
16850,20261117,2
13040,20261117,2
15830,20261117,2
13041,20261117,2
1710,20261117,2
8647,20261117,2
1706,20261117,2
9799,20261117,2
1704,20261117,2
8648,20261117,2
3128,20261117,2
8649,20261117,2
1041,20261117,2
8650,20261117,2
1698,20261117,2
9607,20261117,2
36,20261117,2
13048,20261117,2
15831,20261117,2
13049,20261117,2
16851,20261117,2
13050,20261117,2
1696,20261117,2
8651,20261117,2
1693,20261117,2
212,20261117,2
15832,20261117,2
13053,20261117,2
17323,20261117,2
13054,20261117,2
15833,20261117,2
13055,20261117,2
16852,20261117,2
13056,20261117,2
15834,20261117,2
13057,20261117,2
8652,20261117,2
13058,20261117,2
15835,20261117,2
13059,20261117,2
16853,20261117,2
13060,20261117,2
15836,20261117,2
13061,20261117,2
17324,20261117,2
13062,20261117,2
15837,20261117,2
13063,20261117,2
1691,20261117,2
3125,20261117,2
8653,20261117,2
9798,20261117,2
16854,20261117,2
13066,20261117,2
15838,20261117,2
13067,20261117,2
14746,20261117,2
13068,20261117,2
15839,20261117,2
13069,20261117,2
10200,20261117,2
13070,20261117,2
1687,20261117,2
8654,20261117,2
15840,20261117,2
13072,20261117,2
17516,20261117,2
13073,20261117,2
15841,20261117,2
13074,20261117,2
16855,20261117,2
13075,20261117,2
15842,20261117,2
13076,20261117,2
17325,20261117,2
13077,20261117,2
9593,20261117,2
8655,20261117,2
15843,20261117,2
13079,20261117,2
16856,20261117,2
13080,20261117,2
15844,20261117,2
13081,20261117,2
17416,20261117,2
13082,20261117,2
1683,20261117,2
1040,20261117,2
15845,20261117,2
13084,20261117,2
16857,20261117,2
13085,20261117,2
15846,20261117,2
13086,20261117,2
1679,20261117,2
8656,20261117,2
16479,20261117,2
13088,20261117,2
15847,20261117,2
13089,20261117,2
1677,20261117,2
3047,20261117,2
8657,20261117,2
1039,20261117,2
10199,20261117,2
13092,20261117,2
15848,20261117,2
13094,20261117,2
14745,20261117,2
13095,20261117,2
10198,20261117,2
13096,20261117,2
17326,20261117,2
13097,20261117,2
15849,20261117,2
13098,20261117,2
16858,20261117,2
13099,20261117,2
1672,20261117,2
8658,20261117,2
1670,20261117,2
1666,20261117,2
8659,20261117,2
1664,20261117,2
3121,20261117,2
8660,20261117,2
579,20261117,2
8661,20261117,2
9594,20261117,2
1658,20261117,2
8662,20261117,2
15850,20261117,2
13107,20261117,2
1656,20261117,2
578,20261117,2
8663,20261117,2
13109,20261117,2
9612,20261117,2
8664,20261117,2
577,20261117,2
8665,20261117,2
1650,20261117,2
9611,20261117,2
1648,20261117,2
8666,20261117,2
1644,20261117,2
576,20261117,2
1642,20261117,2
8667,20261117,2
3025,20261117,2
8668,20261117,2
15851,20261117,2
13118,20261117,2
16859,20261117,2
13119,20261117,2
15852,20261117,2
13120,20261117,2
17327,20261117,2
13121,20261117,2
575,20261117,2
8669,20261117,2
9595,20261117,2
8670,20261117,2
15853,20261117,2
13125,20261117,2
1036,20261117,2
8671,20261117,2
1634,20261117,2
1034,20261117,2
16860,20261117,2
13130,20261117,2
1632,20261117,2
8672,20261117,2
15854,20261117,2
13134,20261117,2
1628,20261117,2
1032,20261117,2
1626,20261117,2
8673,20261117,2
1030,20261117,2
8674,20261117,2
17430,20261117,2
13141,20261117,2
1622,20261117,2
1028,20261117,2
15855,20261117,2
13145,20261117,2
8675,20261117,2
14253,20261117,2
16861,20261117,2
13149,20261117,2
1617,20261117,2
8676,20261117,2
15856,20261117,2
13152,20261117,2
14254,20261117,2
8677,20261117,2
4826,20261117,2
14255,20261117,2
8678,20261117,2
1613,20261117,2
4831,20261117,2
14256,20261117,2
4833,20261117,2
4822,20261117,2
8679,20261117,2
17328,20261117,2
4837,20261117,2
13157,20261117,2
4839,20261117,2
14257,20261117,2
8680,20261117,2
1611,20261117,2
4844,20261117,2
14258,20261117,2
4846,20261117,2
15857,20261117,2
4850,20261117,2
4818,20261117,2
8681,20261117,2
13160,20261117,2
4854,20261117,2
14259,20261117,2
4856,20261117,2
8682,20261117,2
4858,20261117,2
1606,20261117,2
4860,20261117,2
14260,20261117,2
4862,20261117,2
4814,20261117,2
8683,20261117,2
4812,20261117,2
14261,20261117,2
16862,20261117,2
4866,20261117,2
13166,20261117,2
4868,20261117,2
8684,20261117,2
14594,20261117,2
4808,20261117,2
9797,20261117,2
1604,20261117,2
4874,20261117,2
14262,20261117,2
4876,20261117,2
4805,20261117,2
8685,20261117,2
14263,20261117,2
4880,20261117,2
4803,20261117,2
8686,20261117,2
4799,20261117,2
16448,20261117,2
4797,20261117,2
9796,20261117,2
3115,20261117,2
4886,20261117,2
15858,20261117,2
4888,20261117,2
4793,20261117,2
8687,20261117,2
4791,20261117,2
13170,20261117,2
4894,20261117,2
8688,20261117,2
3113,20261117,2
8689,20261117,2
3040,20261117,2
4786,20261117,2
8690,20261117,2
1600,20261117,2
4900,20261117,2
14593,20261117,2
4902,20261117,2
9795,20261117,2
9596,20261117,2
4782,20261117,2
8691,20261117,2
17373,20261117,2
4908,20261117,2
13173,20261117,2
4910,20261117,2
4778,20261117,2
574,20261117,2
4776,20261117,2
8692,20261117,2
14269,20261117,2
4916,20261117,2
8693,20261117,2
4918,20261117,2
17034,20261117,2
9794,20261117,2
4772,20261117,2
14529,20261117,2
8694,20261117,2
4924,20261117,2
14270,20261117,2
4926,20261117,2
8695,20261117,2
14592,20261117,2
15859,20261117,2
4931,20261117,2
13179,20261117,2
4933,20261117,2
4768,20261117,2
9793,20261117,2
573,20261117,2
8696,20261117,2
1594,20261117,2
4939,20261117,2
14271,20261117,2
4941,20261117,2
10197,20261117,2
4943,20261117,2
13182,20261117,2
4946,20261117,2
1592,20261117,2
4948,20261117,2
8697,20261117,2
16447,20261117,2
4762,20261117,2
9792,20261117,2
9632,20261117,2
4953,20261117,2
1590,20261117,2
4957,20261117,2
8698,20261117,2
4961,20261117,2
4760,20261117,2
14272,20261117,2
15860,20261117,2
4964,20261117,2
13187,20261117,2
4966,20261117,2
8699,20261117,2
572,20261117,2
8700,20261117,2
14273,20261117,2
1586,20261117,2
4973,20261117,2
8701,20261117,2
4975,20261117,2
4754,20261117,2
9410,20261117,2
4752,20261117,2
8702,20261117,2
17576,20261117,2
4981,20261117,2
13191,20261117,2
4983,20261117,2
14274,20261117,2
8703,20261117,2
571,20261117,2
4987,20261117,2
4747,20261117,2
8704,20261117,2
14275,20261117,2
4991,20261117,2
1582,20261117,2
4993,20261117,2
4745,20261117,2
8705,20261117,2
9561,20261117,2
8706,20261117,2
14276,20261117,2
4999,20261117,2
8707,20261117,2
5001,20261117,2
570,20261117,2
8708,20261117,2
14277,20261117,2
5005,20261117,2
4739,20261117,2
8709,20261117,2
1578,20261117,2
5009,20261117,2
9411,20261117,2
5011,20261117,2
4737,20261117,2
8710,20261117,2
4733,20261117,2
14278,20261117,2
15861,20261117,2
5017,20261117,2
13199,20261117,2
5019,20261117,2
4731,20261117,2
8711,20261117,2
569,20261117,2
8712,20261117,2
16863,20261117,2
5025,20261117,2
13201,20261117,2
5027,20261117,2
4727,20261117,2
14279,20261117,2
8713,20261117,2
1003,20261117,2
8714,20261117,2
5033,20261117,2
14280,20261117,2
5035,20261117,2
4723,20261117,2
8715,20261117,2
4719,20261117,2
1026,20261117,2
8716,20261117,2
5041,20261117,2
3478,20261117,2
5043,20261117,2
1572,20261117,2
5047,20261117,2
4717,20261117,2
9412,20261117,2
5051,20261117,2
4713,20261117,2
9413,20261117,2
1570,20261117,2
5055,20261117,2
4711,20261117,2
3474,20261117,2
1002,20261117,2
9414,20261117,2
9562,20261117,2
5059,20261117,2
15862,20261117,2
5063,20261117,2
13209,20261117,2
5065,20261117,2
4707,20261117,2
3470,20261117,2
9415,20261117,2
14744,20261117,2
5071,20261117,2
13211,20261117,2
5073,20261117,2
4703,20261117,2
4700,20261117,2
9416,20261117,2
15863,20261117,2
5079,20261117,2
4698,20261117,2
3466,20261117,2
13215,20261117,2
5083,20261117,2
4694,20261117,2
14530,20261117,2
4692,20261117,2
3464,20261117,2
9417,20261117,2
5088,20261117,2
16401,20261117,2
9418,20261117,2
14484,20261117,2
5092,20261117,2
9419,20261117,2
5094,20261117,2
5097,20261117,2
1565,20261117,2
5100,20261117,2
4688,20261117,2
5103,20261117,2
9563,20261117,2
8735,20261117,2
1561,20261117,2
5106,20261117,2
568,20261117,2
5108,20261117,2
10196,20261117,2
5110,20261117,2
4684,20261117,2
8736,20261117,2
13223,20261117,2
5113,20261117,2
14290,20261117,2
5115,20261117,2
8737,20261117,2
5117,20261117,2
9420,20261117,2
5119,20261117,2
8738,20261117,2
5121,20261117,2
15864,20261117,2
5123,20261117,2
13230,20261117,2
5126,20261117,2
4680,20261117,2
14291,20261117,2
1556,20261117,2
5129,20261117,2
4678,20261117,2
8739,20261117,2
4675,20261117,2
567,20261117,2
8740,20261117,2
14292,20261117,2
4671,20261117,2
8741,20261117,2
14485,20261117,2
8742,20261117,2
4666,20261117,2
14293,20261117,2
8743,20261117,2
5137,20261117,2
4664,20261117,2
566,20261117,2
4660,20261117,2
8744,20261117,2
1554,20261117,2
5141,20261117,2
3457,20261117,2
5143,20261117,2
17329,20261117,2
5145,20261117,2
13236,20261117,2
5147,20261117,2
9421,20261117,2
5150,20261117,2
4658,20261117,2
3455,20261117,2
16402,20261117,2
5153,20261117,2
15865,20261117,2
5155,20261117,2
13241,20261117,2
5157,20261117,2
9422,20261117,2
5159,20261117,2
14486,20261117,2
5161,20261117,2
1548,20261117,2
5163,20261117,2
3451,20261117,2
9423,20261117,2
224,20261117,2
9424,20261117,2
3447,20261117,2
5167,20261117,2
1546,20261117,2
5169,20261117,2
4652,20261117,2
14487,20261117,2
9425,20261117,2
5172,20261117,2
4650,20261117,2
16403,20261117,2
16864,20261117,2
5175,20261117,2
13248,20261117,2
5177,20261117,2
4646,20261117,2
3440,20261117,2
4644,20261117,2
9426,20261117,2
14294,20261117,2
5182,20261117,2
4640,20261117,2
8753,20261117,2
14488,20261117,2
5186,20261117,2
4638,20261117,2
8754,20261117,2
15866,20261117,2
5190,20261117,2
13253,20261117,2
5192,20261117,2
14295,20261117,2
5196,20261117,2
8755,20261117,2
9791,20261117,2
8756,20261117,2
9790,20261117,2
8757,20261117,2
5201,20261117,2
4632,20261117,2
14591,20261117,2
33,20261117,2
5205,20261117,2
4630,20261117,2
8758,20261117,2
4626,20261117,2
14296,20261117,2
4624,20261117,2
8759,20261117,2
13257,20261117,2
5211,20261117,2
4621,20261117,2
9427,20261117,2
1540,20261117,2
5214,20261117,2
4618,20261117,2
8760,20261117,2
14297,20261117,2
5218,20261117,2
8761,20261117,2
9789,20261117,2
1538,20261117,2
5223,20261117,2
8762,20261117,2
5225,20261117,2
4613,20261117,2
14298,20261117,2
4611,20261117,2
8763,20261117,2
15867,20261117,2
5231,20261117,2
4607,20261117,2
549,20261117,2
4605,20261117,2
8764,20261117,2
13265,20261117,2
5236,20261117,2
14299,20261117,2
5238,20261117,2
4601,20261117,2
8765,20261117,2
565,20261117,2
5243,20261117,2
16865,20261117,2
5247,20261117,2
13268,20261117,2
5249,20261117,2
8766,20261117,2
5251,20261117,2
14300,20261117,2
5254,20261117,2
1532,20261117,2
5256,20261117,2
8767,20261117,2
5258,20261117,2
4599,20261117,2
9428,20261117,2
1530,20261117,2
5264,20261117,2
8768,20261117,2
5266,20261117,2
15868,20261117,2
5269,20261117,2
13277,20261117,2
5271,20261117,2
17330,20261117,2
5273,20261117,2
13279,20261117,2
5276,20261117,2
14301,20261117,2
5278,20261117,2
8769,20261117,2
5281,20261117,2
564,20261117,2
5284,20261117,2
4596,20261117,2
8770,20261117,2
14302,20261117,2
5289,20261117,2
1525,20261117,2
5291,20261117,2
8771,20261117,2
76,20261117,2
8772,20261117,2
5296,20261117,2
9788,20261117,2
5298,20261117,2
8773,20261117,2
5300,20261117,2
4591,20261117,2
14489,20261117,2
4589,20261117,2
8774,20261117,2
15869,20261117,2
5305,20261117,2
13288,20261117,2
5307,20261117,2
16866,20261117,2
5311,20261117,2
13291,20261117,2
5313,20261117,2
4586,20261117,2
14303,20261117,2
1521,20261117,2
5316,20261117,2
4583,20261117,2
8775,20261117,2
563,20261117,2
5320,20261117,2
1518,20261117,2
5323,20261117,2
8776,20261117,2
9429,20261117,2
16404,20261117,2
5326,20261117,2
1514,20261117,2
5329,20261117,2
9430,20261117,2
5331,20261117,2
1512,20261117,2
5334,20261117,2
4579,20261117,2
14490,20261117,2
3434,20261117,2
5338,20261117,2
4576,20261117,2
9431,20261117,2
15870,20261117,2
5342,20261117,2
13301,20261117,2
5344,20261117,2
21,20261117,2
5347,20261117,2
13303,20261117,2
5349,20261117,2
4574,20261117,2
3431,20261117,2
1508,20261117,2
5354,20261117,2
9564,20261117,2
9432,20261117,2
14491,20261117,2
5357,20261117,2
1506,20261117,2
5359,20261117,2
3428,20261117,2
5362,20261117,2
4570,20261117,2
9433,20261117,2
3424,20261117,2
5366,20261117,2
16405,20261117,2
5368,20261117,2
9434,20261117,2
14492,20261117,2
15871,20261117,2
5372,20261117,2
13310,20261117,2
5374,20261117,2
4566,20261117,2
9435,20261117,2
4563,20261117,2
17004,20261117,2
1502,20261117,2
5380,20261117,2
3419,20261117,2
5384,20261117,2
4560,20261117,2
9436,20261117,2
16867,20261117,2
5387,20261117,2
14493,20261117,2
9437,20261117,2
13314,20261117,2
5390,20261117,2
3415,20261117,2
5393,20261117,2
16406,20261117,2
9438,20261117,2
4554,20261117,2
14494,20261117,2
3411,20261117,2
5398,20261117,2
1497,20261117,2
5401,20261117,2
4552,20261117,2
9439,20261117,2
85,20261117,2
5405,20261117,2
4548,20261117,2
9440,20261117,2
3403,20261117,2
5409,20261117,2
4546,20261117,2
14495,20261117,2
9441,20261117,2
5413,20261117,2
4543,20261117,2
16407,20261117,2
15872,20261117,2
5417,20261117,2
13322,20261117,2
5420,20261117,2
4539,20261117,2
9442,20261117,2
14496,20261117,2
14304,20261117,2
1493,20261117,2
5425,20261117,2
9443,20261117,2
5428,20261117,2
14305,20261117,2
5431,20261117,2
4535,20261117,2
562,20261117,2
14306,20261117,2
17006,20261117,2
14307,20261117,2
5437,20261117,2
1490,20261117,2
5439,20261117,2
561,20261117,2
5442,20261117,2
17331,20261117,2
5444,20261117,2
13330,20261117,2
5448,20261117,2
4531,20261117,2
14308,20261117,2
4528,20261117,2
9444,20261117,2
15873,20261117,2
5452,20261117,2
13332,20261117,2
5455,20261117,2
14309,20261117,2
5457,20261117,2
560,20261117,2
5461,20261117,2
1485,20261117,2
5463,20261117,2
4526,20261117,2
14310,20261117,2
14497,20261117,2
5467,20261117,2
16868,20261117,2
5469,20261117,2
4523,20261117,2
14311,20261117,2
13338,20261117,2
5473,20261117,2
1483,20261117,2
5475,20261117,2
9445,20261117,2
5479,20261117,2
4519,20261117,2
14312,20261117,2
1481,20261117,2
5482,20261117,2
16345,20261117,2
5484,20261117,2
15874,20261117,2
5486,20261117,2
13343,20261117,2
5490,20261117,2
4516,20261117,2
14313,20261117,2
4514,20261117,2
16408,20261117,2
14314,20261117,2
5496,20261117,2
16346,20261117,2
5498,20261117,2
17442,20261117,2
5502,20261117,2
13347,20261117,2
5504,20261117,2
1476,20261117,2
5507,20261117,2
14315,20261117,2
5510,20261117,2
4510,20261117,2
9446,20261117,2
14316,20261117,2
16347,20261117,2
14590,20261117,2
5514,20261117,2
9787,20261117,2
5516,20261117,2
1472,20261117,2
5520,20261117,2
14317,20261117,2
5522,20261117,2
1469,20261117,2
5526,20261117,2
4506,20261117,2
1022,20261117,2
16446,20261117,2
5529,20261117,2
4504,20261117,2
9786,20261117,2
1467,20261117,2
5532,20261117,2
14498,20261117,2
5534,20261117,2
15875,20261117,2
5538,20261117,2
4500,20261117,2
14589,20261117,2
13356,20261117,2
5542,20261117,2
9785,20261117,2
5544,20261117,2
1020,20261117,2
5548,20261117,2
4497,20261117,2
3399,20261117,2
16869,20261117,2
5552,20261117,2
13360,20261117,2
5554,20261117,2
4494,20261117,2
3395,20261117,2
9447,20261117,2
5558,20261117,2
3391,20261117,2
5560,20261117,2
4490,20261117,2
1461,20261117,2
5565,20261117,2
3387,20261117,2
5568,20261117,2
15876,20261117,2
5570,20261117,2
4488,20261117,2
3385,20261117,2
13367,20261117,2
5574,20261117,2
4484,20261117,2
9448,20261117,2
14531,20261117,2
5578,20261117,2
3380,20261117,2
5580,20261117,2
4482,20261117,2
9565,20261117,2
4477,20261117,2
3375,20261117,2
17332,20261117,2
5587,20261117,2
13371,20261117,2
5589,20261117,2
4473,20261117,2
3373,20261117,2
8846,20261117,2
5594,20261117,2
4471,20261117,2
8847,20261117,2
8848,20261117,2
5598,20261117,2
1456,20261117,2
5600,20261117,2
4467,20261117,2
8849,20261117,2
8850,20261117,2
5604,20261117,2
4463,20261117,2
8851,20261117,2
15877,20261117,2
5609,20261117,2
13376,20261117,2
5611,20261117,2
4454,20261117,2
8852,20261117,2
1454,20261117,2
5615,20261117,2
4450,20261117,2
8853,20261117,2
8854,20261117,2
5619,20261117,2
4445,20261117,2
8855,20261117,2
8856,20261117,2
5623,20261117,2
4442,20261117,2
8857,20261117,2
8858,20261117,2
5626,20261117,2
4440,20261117,2
8859,20261117,2
16870,20261117,2
5631,20261117,2
4435,20261117,2
8860,20261117,2
4433,20261117,2
8861,20261117,2
13381,20261117,2
5637,20261117,2
4429,20261117,2
8862,20261117,2
4427,20261117,2
8863,20261117,2
4423,20261117,2
8864,20261117,2
8865,20261117,2
5653,20261117,2
8866,20261117,2
5654,20261117,2
4420,20261117,2
8867,20261117,2
1447,20261117,2
5656,20261117,2
8868,20261117,2
5657,20261117,2
4418,20261117,2
8869,20261117,2
15878,20261117,2
5659,20261117,2
13386,20261117,2
5660,20261117,2
8870,20261117,2
5661,20261117,2
8871,20261117,2
5662,20261117,2
4414,20261117,2
8872,20261117,2
1444,20261117,2
5668,20261117,2
8873,20261117,2
5669,20261117,2
4412,20261117,2
8874,20261117,2
8875,20261117,2
5673,20261117,2
4408,20261117,2
3108,20261117,2
13398,20261117,2
5679,20261117,2
15879,20261117,2
5684,20261117,2
4406,20261117,2
9597,20261117,2
16871,20261117,2
5688,20261117,2
15946,20261117,2
5699,20261117,2
4402,20261117,2
3105,20261117,2
16478,20261117,2
5702,20261117,2
4398,20261117,2
9566,20261117,2
10195,20261117,2
5704,20261117,2
14532,20261117,2
5706,20261117,2
13415,20261117,2
5709,20261117,2
4395,20261117,2
9567,20261117,2
13416,20261117,2
5712,20261117,2
13417,20261117,2
5713,20261117,2
13418,20261117,2
5716,20261117,2
4393,20261117,2
3101,20261117,2
13419,20261117,2
5719,20261117,2
4389,20261117,2
548,20261117,2
9568,20261117,2
5729,20261117,2
4387,20261117,2
14533,20261117,2
17333,20261117,2
5736,20261117,2
13423,20261117,2
5740,20261117,2
4383,20261117,2
9569,20261117,2
4380,20261117,2
14743,20261117,2
10194,20261117,2
4378,20261117,2
17066,20261117,2
10193,20261117,2
4373,20261117,2
14742,20261117,2
4371,20261117,2
14553,20261117,2
15947,20261117,2
5753,20261117,2
13424,20261117,2
5758,20261117,2
4368,20261117,2
3096,20261117,2
16872,20261117,2
5763,20261117,2
13425,20261117,2
5764,20261117,2
15948,20261117,2
5765,20261117,2
13426,20261117,2
5766,20261117,2
17443,20261117,2
5767,20261117,2
13427,20261117,2
5771,20261117,2
10192,20261117,2
5772,20261117,2
16477,20261117,2
5773,20261117,2
4366,20261117,2
9614,20261117,2
15949,20261117,2
5776,20261117,2
13428,20261117,2
5777,20261117,2
16873,20261117,2
5780,20261117,2
13429,20261117,2
5781,20261117,2
15950,20261117,2
5783,20261117,2
4362,20261117,2
8894,20261117,2
13430,20261117,2
5786,20261117,2
17334,20261117,2
5788,20261117,2
13431,20261117,2
5790,20261117,2
15951,20261117,2
5793,20261117,2
4358,20261117,2
1018,20261117,2
13432,20261117,2
5799,20261117,2
4356,20261117,2
8895,20261117,2
10191,20261117,2
5803,20261117,2
4354,20261117,2
3094,20261117,2
13433,20261117,2
5805,20261117,2
4352,20261117,2
8896,20261117,2
1439,20261117,2
5808,20261117,2
4348,20261117,2
17032,20261117,2
8897,20261117,2
5815,20261117,2
4345,20261117,2
3037,20261117,2
4343,20261117,2
8898,20261117,2
16936,20261117,2
5835,20261117,2
8899,20261117,2
5843,20261117,2
1436,20261117,2
5847,20261117,2
14326,20261117,2
5849,20261117,2
8900,20261117,2
5851,20261117,2
16348,20261117,2
5852,20261117,2
1431,20261117,2
5854,20261117,2
8901,20261117,2
14327,20261117,2
4338,20261117,2
8902,20261117,2
17354,20261117,2
5860,20261117,2
8903,20261117,2
5863,20261117,2
14328,20261117,2
8904,20261117,2
16349,20261117,2
5866,20261117,2
4334,20261117,2
8905,20261117,2
1428,20261117,2
5869,20261117,2
14329,20261117,2
8906,20261117,2
16937,20261117,2
5871,20261117,2
4330,20261117,2
8907,20261117,2
1426,20261117,2
5882,20261117,2
14330,20261117,2
5883,20261117,2
1421,20261117,2
5884,20261117,2
4327,20261117,2
8908,20261117,2
9784,20261117,2
5886,20261117,2
14588,20261117,2
16350,20261117,2
8909,20261117,2
5896,20261117,2
9783,20261117,2
5897,20261117,2
1418,20261117,2
5900,20261117,2
16445,20261117,2
5901,20261117,2
1416,20261117,2
5908,20261117,2
14331,20261117,2
5910,20261117,2
8910,20261117,2
106,20261117,2
1412,20261117,2
5915,20261117,2
8911,20261117,2
5916,20261117,2
4322,20261117,2
14332,20261117,2
8912,20261117,2
5925,20261117,2
16351,20261117,2
5926,20261117,2
8913,20261117,2
5927,20261117,2
14333,20261117,2
5928,20261117,2
4319,20261117,2
14741,20261117,2
8914,20261117,2
10190,20261117,2
1408,20261117,2
5942,20261117,2
4316,20261117,2
16938,20261117,2
8915,20261117,2
9782,20261117,2
14587,20261117,2
5946,20261117,2
1404,20261117,2
5951,20261117,2
14334,20261117,2
5952,20261117,2
1401,20261117,2
5953,20261117,2
8916,20261117,2
5954,20261117,2
1399,20261117,2
5955,20261117,2
4312,20261117,2
9781,20261117,2
9780,20261117,2
5957,20261117,2
16352,20261117,2
5979,20261117,2
8917,20261117,2
5980,20261117,2
17605,20261117,2
5981,20261117,2
13455,20261117,2
5982,20261117,2
16874,20261117,2
5983,20261117,2
13456,20261117,2
5984,20261117,2
15952,20261117,2
5985,20261117,2
13457,20261117,2
5986,20261117,2
19,20261117,2
5987,20261117,2
13458,20261117,2
5988,20261117,2
15953,20261117,2
5989,20261117,2
13459,20261117,2
5990,20261117,2
16875,20261117,2
5991,20261117,2
13460,20261117,2
5992,20261117,2
10187,20261117,2
5993,20261117,2
14740,20261117,2
5994,20261117,2
15954,20261117,2
5995,20261117,2
13461,20261117,2
5996,20261117,2
10186,20261117,2
5997,20261117,2
13462,20261117,2
5998,20261117,2
15955,20261117,2
5999,20261117,2
13463,20261117,2
6000,20261117,2
16476,20261117,2
6001,20261117,2
14335,20261117,2
8918,20261117,2
4308,20261117,2
14586,20261117,2
4306,20261117,2
8919,20261117,2
4304,20261117,2
9779,20261117,2
4300,20261117,2
8920,20261117,2
4298,20261117,2
16444,20261117,2
13464,20261117,2
6011,20261117,2
15956,20261117,2
6012,20261117,2
13465,20261117,2
6013,20261117,2
17335,20261117,2
6014,20261117,2
10185,20261117,2
6015,20261117,2
14739,20261117,2
6016,20261117,2
15957,20261117,2
6017,20261117,2
16876,20261117,2
6018,20261117,2
15958,20261117,2
6019,20261117,2
10184,20261117,2
6020,20261117,2
17064,20261117,2
6021,20261117,2
17445,20261117,2
6022,20261117,2
15959,20261117,2
6023,20261117,2
16877,20261117,2
6024,20261117,2
15960,20261117,2
6025,20261117,2
17336,20261117,2
6026,20261117,2
15961,20261117,2
6027,20261117,2
16878,20261117,2
6028,20261117,2
13489,20261117,2
6029,20261117,2
13490,20261117,2
6030,20261117,2
13491,20261117,2
6031,20261117,2
13492,20261117,2
6032,20261117,2
13493,20261117,2
6033,20261117,2
13494,20261117,2
6034,20261117,2
13495,20261117,2
6035,20261117,2
13496,20261117,2
6036,20261117,2
13497,20261117,2
6037,20261117,2
13498,20261117,2
6038,20261117,2
9778,20261117,2
9570,20261117,2
4293,20261117,2
8921,20261117,2
4290,20261117,2
9777,20261117,2
4287,20261117,2
9776,20261117,2
14336,20261117,2
8922,20261117,2
4281,20261117,2
16353,20261117,2
4277,20261117,2
8923,20261117,2
4275,20261117,2
14337,20261117,2
8924,20261117,2
16943,20261117,2
8925,20261117,2
14338,20261117,2
4270,20261117,2
8926,20261117,2
14585,20261117,2
8927,20261117,2
13499,20261117,2
6053,20261117,2
15962,20261117,2
6054,20261117,2
13500,20261117,2
6055,20261117,2
9775,20261117,2
6056,20261117,2
13501,20261117,2
6057,20261117,2
15963,20261117,2
6059,20261117,2
13502,20261117,2
6060,20261117,2
8928,20261117,2
16354,20261117,2
16879,20261117,2
6062,20261117,2
13503,20261117,2
6063,20261117,2
1395,20261117,2
6064,20261117,2
8929,20261117,2
6065,20261117,2
1392,20261117,2
6066,20261117,2
14339,20261117,2
6067,20261117,2
8930,20261117,2
6068,20261117,2
102,20261117,2
6069,20261117,2
1387,20261117,2
6070,20261117,2
8931,20261117,2
6071,20261117,2
4266,20261117,2
14340,20261117,2
4263,20261117,2
8932,20261117,2
4259,20261117,2
16355,20261117,2
8933,20261117,2
6076,20261117,2
4257,20261117,2
14341,20261117,2
4254,20261117,2
8934,20261117,2
4252,20261117,2
16957,20261117,2
8935,20261117,2
6082,20261117,2
14342,20261117,2
8936,20261117,2
1383,20261117,2
6085,20261117,2
17028,20261117,2
6087,20261117,2
1380,20261117,2
6090,20261117,2
9774,20261117,2
6094,20261117,2
15964,20261117,2
6096,20261117,2
17337,20261117,2
6100,20261117,2
15965,20261117,2
6102,20261117,2
16880,20261117,2
6106,20261117,2
15966,20261117,2
6108,20261117,2
16356,20261117,2
8937,20261117,2
4247,20261117,2
14584,20261117,2
10183,20261117,2
6114,20261117,2
14738,20261117,2
6116,20261117,2
4244,20261117,2
9773,20261117,2
14343,20261117,2
8938,20261117,2
768,20261117,2
6122,20261117,2
14534,20261117,2
6124,20261117,2
4241,20261117,2
8939,20261117,2
4237,20261117,2
9571,20261117,2
9460,20261117,2
6130,20261117,2
13531,20261117,2
6132,20261117,2
13532,20261117,2
6136,20261117,2
13533,20261117,2
6138,20261117,2
9461,20261117,2
4233,20261117,2
3368,20261117,2
4231,20261117,2
3023,20261117,2
4228,20261117,2
3367,20261117,2
13534,20261117,2
6146,20261117,2
13535,20261117,2
6148,20261117,2
13536,20261117,2
6152,20261117,2
9462,20261117,2
3366,20261117,2
4224,20261117,2
13537,20261117,2
6156,20261117,2
4222,20261117,2
9463,20261117,2
9572,20261117,2
3362,20261117,2
13538,20261117,2
6164,20261117,2
13539,20261117,2
6166,20261117,2
4216,20261117,2
9464,20261117,2
9465,20261117,2
13540,20261117,2
6172,20261117,2
3358,20261117,2
6174,20261117,2
4212,20261117,2
14535,20261117,2
4209,20261117,2
9466,20261117,2
764,20261117,2
6178,20261117,2
6180,20261117,2
761,20261117,2
6184,20261117,2
3353,20261117,2
6186,20261117,2
4207,20261117,2
9467,20261117,2
4203,20261117,2
3351,20261117,2
13551,20261117,2
6194,20261117,2
13552,20261117,2
6196,20261117,2
13553,20261117,2
6200,20261117,2
13554,20261117,2
6202,20261117,2
9573,20261117,2
9468,20261117,2
9469,20261117,2
13555,20261117,2
6208,20261117,2
758,20261117,2
6212,20261117,2
13556,20261117,2
6214,20261117,2
4198,20261117,2
3035,20261117,2
3345,20261117,2
6218,20261117,2
4196,20261117,2
9470,20261117,2
13557,20261117,2
6222,20261117,2
4193,20261117,2
3343,20261117,2
222,20261117,2
6226,20261117,2
4191,20261117,2
3340,20261117,2
13558,20261117,2
6230,20261117,2
9471,20261117,2
3089,20261117,2
9574,20261117,2
6234,20261117,2
4187,20261117,2
3087,20261117,2
13559,20261117,2
6238,20261117,2
14536,20261117,2
3334,20261117,2
754,20261117,2
6242,20261117,2
4183,20261117,2
9575,20261117,2
13560,20261117,2
6246,20261117,2
4179,20261117,2
9608,20261117,2
4177,20261117,2
9576,20261117,2
4174,20261117,2
3331,20261117,2
14537,20261117,2
6252,20261117,2
13561,20261117,2
6254,20261117,2
751,20261117,2
6258,20261117,2
14344,20261117,2
8962,20261117,2
14505,20261117,2
9476,20261117,2
13562,20261117,2
6262,20261117,2
4169,20261117,2
16357,20261117,2
8965,20261117,2
6266,20261117,2
4167,20261117,2
14345,20261117,2
13563,20261117,2
6270,20261117,2
4165,20261117,2
8966,20261117,2
748,20261117,2
6275,20261117,2
4160,20261117,2
16959,20261117,2
4158,20261117,2
8967,20261117,2
13564,20261117,2
6280,20261117,2
16443,20261117,2
9772,20261117,2
14346,20261117,2
6284,20261117,2
8968,20261117,2
16358,20261117,2
13565,20261117,2
6288,20261117,2
8969,20261117,2
6291,20261117,2
4153,20261117,2
14583,20261117,2
13566,20261117,2
6295,20261117,2
9771,20261117,2
6298,20261117,2
14347,20261117,2
8970,20261117,2
13567,20261117,2
6302,20261117,2
4149,20261117,2
78,20261117,2
744,20261117,2
6306,20261117,2
9770,20261117,2
100,20261117,2
13568,20261117,2
6310,20261117,2
8971,20261117,2
6313,20261117,2
4145,20261117,2
14348,20261117,2
8972,20261117,2
14582,20261117,2
13569,20261117,2
6319,20261117,2
741,20261117,2
6321,20261117,2
4141,20261117,2
2952,20261117,2
3328,20261117,2
16409,20261117,2
4135,20261117,2
3324,20261117,2
9477,20261117,2
16359,20261117,2
4132,20261117,2
8979,20261117,2
13570,20261117,2
6329,20261117,2
14349,20261117,2
6332,20261117,2
4131,20261117,2
8980,20261117,2
13571,20261117,2
6336,20261117,2
2955,20261117,2
8981,20261117,2
738,20261117,2
6340,20261117,2
4127,20261117,2
14506,20261117,2
13572,20261117,2
6344,20261117,2
8982,20261117,2
1017,20261117,2
8983,20261117,2
6348,20261117,2
2957,20261117,2
2961,20261117,2
13573,20261117,2
6352,20261117,2
4122,20261117,2
9478,20261117,2
8984,20261117,2
6356,20261117,2
13574,20261117,2
6359,20261117,2
1016,20261117,2
8985,20261117,2
9577,20261117,2
6364,20261117,2
4119,20261117,2
8986,20261117,2
13575,20261117,2
6368,20261117,2
2964,20261117,2
2968,20261117,2
734,20261117,2
6373,20261117,2
4115,20261117,2
2970,20261117,2
13576,20261117,2
6378,20261117,2
8987,20261117,2
6379,20261117,2
13577,20261117,2
6380,20261117,2
731,20261117,2
6381,20261117,2
10182,20261117,2
16475,20261117,2
13578,20261117,2
6382,20261117,2
9479,20261117,2
6383,20261117,2
13579,20261117,2
6384,20261117,2
728,20261117,2
6385,20261117,2
13580,20261117,2
6386,20261117,2
10181,20261117,2
14737,20261117,2
8988,20261117,2
6387,20261117,2
10180,20261117,2
17372,20261117,2
13581,20261117,2
6388,20261117,2
2972,20261117,2
6389,20261117,2
13582,20261117,2
6390,20261117,2
2978,20261117,2
6391,20261117,2
2980,20261117,2
8989,20261117,2
13583,20261117,2
724,20261117,2
13584,20261117,2
2981,20261117,2
13585,20261117,2
721,20261117,2
10179,20261117,2
14736,20261117,2
13586,20261117,2
10178,20261117,2
16474,20261117,2
2984,20261117,2
13587,20261117,2
718,20261117,2
13588,20261117,2
14507,20261117,2
13589,20261117,2
8990,20261117,2
13590,20261117,2
1015,20261117,2
13591,20261117,2
714,20261117,2
13592,20261117,2
8991,20261117,2
13593,20261117,2
711,20261117,2
13594,20261117,2
9480,20261117,2
13595,20261117,2
708,20261117,2
13596,20261117,2
8992,20261117,2
4112,20261117,2
16965,20261117,2
4109,20261117,2
4107,20261117,2
4106,20261117,2
4104,20261117,2
8993,20261117,2
4100,20261117,2
14364,20261117,2
4096,20261117,2
8994,20261117,2
4092,20261117,2
2986,20261117,2
4088,20261117,2
6479,20261117,2
6480,20261117,2
6481,20261117,2
6482,20261117,2
6483,20261117,2
6484,20261117,2
6485,20261117,2
6486,20261117,2
6487,20261117,2
6488,20261117,2
6489,20261117,2
6490,20261117,2
6491,20261117,2
6492,20261117,2
6493,20261117,2
6494,20261117,2
6495,20261117,2
6496,20261117,2
6497,20261117,2
6498,20261117,2
6499,20261117,2
6500,20261117,2
6501,20261117,2
6502,20261117,2
6503,20261117,2
6504,20261117,2
6505,20261117,2
6506,20261117,2
2988,20261117,2
16360,20261117,2
8995,20261117,2
14365,20261117,2
8996,20261117,2
16410,20261117,2
8997,20261117,2
14366,20261117,2
8998,20261117,2
16361,20261117,2
8999,20261117,2
14367,20261117,2
9000,20261117,2
16966,20261117,2
13597,20261117,2
6521,20261117,2
2756,20261117,2
2760,20261117,2
9001,20261117,2
6522,20261117,2
14368,20261117,2
6523,20261117,2
1375,20261117,2
6524,20261117,2
9002,20261117,2
6525,20261117,2
1372,20261117,2
6526,20261117,2
16362,20261117,2
6527,20261117,2
2763,20261117,2
2767,20261117,2
9003,20261117,2
6528,20261117,2
14369,20261117,2
6529,20261117,2
1369,20261117,2
6530,20261117,2
9004,20261117,2
6531,20261117,2
1366,20261117,2
6532,20261117,2
3322,20261117,2
6533,20261117,2
1363,20261117,2
6534,20261117,2
9481,20261117,2
6535,20261117,2
2771,20261117,2
2775,20261117,2
1361,20261117,2
6536,20261117,2
10167,20261117,2
10166,20261117,2
14508,20261117,2
6537,20261117,2
1359,20261117,2
6538,20261117,2
9482,20261117,2
6540,20261117,2
219,20261117,2
6541,20261117,2
9483,20261117,2
6542,20261117,2
1354,20261117,2
6543,20261117,2
3316,20261117,2
6544,20261117,2
14509,20261117,2
6545,20261117,2
3314,20261117,2
6546,20261117,2
10165,20261117,2
10164,20261117,2
1350,20261117,2
6547,20261117,2
9484,20261117,2
6548,20261117,2
1348,20261117,2
6549,20261117,2
10163,20261117,2
14732,20261117,2
3310,20261117,2
6550,20261117,2
16411,20261117,2
6551,20261117,2
3308,20261117,2
6552,20261117,2
1343,20261117,2
6553,20261117,2
9485,20261117,2
6554,20261117,2
1341,20261117,2
6555,20261117,2
3306,20261117,2
6556,20261117,2
14510,20261117,2
6557,20261117,2
9486,20261117,2
6558,20261117,2
1337,20261117,2
6559,20261117,2
16432,20261117,2
6560,20261117,2
1334,20261117,2
6561,20261117,2
9487,20261117,2
6562,20261117,2
9631,20261117,2
6563,20261117,2
10162,20261117,2
17062,20261117,2
3301,20261117,2
6564,20261117,2
1331,20261117,2
6565,20261117,2
9488,20261117,2
6566,20261117,2
3300,20261117,2
6567,20261117,2
559,20261117,2
6568,20261117,2
1326,20261117,2
6569,20261117,2
3297,20261117,2
6570,20261117,2
9489,20261117,2
6571,20261117,2
249,20261117,2
6572,20261117,2
9025,20261117,2
6573,20261117,2
13632,20261117,2
6574,20261117,2
14370,20261117,2
6575,20261117,2
4085,20261117,2
9026,20261117,2
16363,20261117,2
9027,20261117,2
4082,20261117,2
14371,20261117,2
4079,20261117,2
9028,20261117,2
2990,20261117,2
2993,20261117,2
4075,20261117,2
3081,20261117,2
9029,20261117,2
14374,20261117,2
4071,20261117,2
9030,20261117,2
4069,20261117,2
16364,20261117,2
9031,20261117,2
14375,20261117,2
4065,20261117,2
9032,20261117,2
3033,20261117,2
9033,20261117,2
4061,20261117,2
14376,20261117,2
13633,20261117,2
6595,20261117,2
704,20261117,2
6596,20261117,2
13634,20261117,2
6597,20261117,2
9034,20261117,2
6598,20261117,2
13635,20261117,2
6599,20261117,2
701,20261117,2
6600,20261117,2
13636,20261117,2
6601,20261117,2
16365,20261117,2
6602,20261117,2
10161,20261117,2
14731,20261117,2
13637,20261117,2
6603,20261117,2
698,20261117,2
6604,20261117,2
13638,20261117,2
6605,20261117,2
9035,20261117,2
6606,20261117,2
13639,20261117,2
6607,20261117,2
14377,20261117,2
6608,20261117,2
9036,20261117,2
6609,20261117,2
1320,20261117,2
6610,20261117,2
16969,20261117,2
6611,20261117,2
10160,20261117,2
16473,20261117,2
9037,20261117,2
6612,20261117,2
13644,20261117,2
6613,20261117,2
1318,20261117,2
6614,20261117,2
14378,20261117,2
6615,20261117,2
10159,20261117,2
10158,20261117,2
9038,20261117,2
6616,20261117,2
13646,20261117,2
6617,20261117,2
694,20261117,2
6618,20261117,2
13647,20261117,2
6619,20261117,2
2997,20261117,2
6620,20261117,2
13654,20261117,2
6621,20261117,2
692,20261117,2
6622,20261117,2
13656,20261117,2
6623,20261117,2
9039,20261117,2
6624,20261117,2
4058,20261117,2
9688,20261117,2
9040,20261117,2
16366,20261117,2
4054,20261117,2
9041,20261117,2
4052,20261117,2
14379,20261117,2
9042,20261117,2
3078,20261117,2
4048,20261117,2
9578,20261117,2
3294,20261117,2
14538,20261117,2
4044,20261117,2
3292,20261117,2
4041,20261117,2
9579,20261117,2
3288,20261117,2
4037,20261117,2
9580,20261117,2
4035,20261117,2
3074,20261117,2
3285,20261117,2
14539,20261117,2
996,20261117,2
10157,20261117,2
13659,20261117,2
14728,20261117,2
10156,20261117,2
689,20261117,2
17466,20261117,2
10155,20261117,2
13662,20261117,2
14726,20261117,2
10154,20261117,2
3283,20261117,2
13664,20261117,2
3072,20261117,2
16472,20261117,2
10153,20261117,2
9581,20261117,2
10152,20261117,2
10151,20261117,2
9053,20261117,2
13668,20261117,2
10150,20261117,2
10149,20261117,2
1312,20261117,2
14380,20261117,2
14723,20261117,2
10148,20261117,2
9054,20261117,2
13672,20261117,2
1310,20261117,2
16442,20261117,2
10147,20261117,2
14722,20261117,2
684,20261117,2
13676,20261117,2
9055,20261117,2
10146,20261117,2
16471,20261117,2
9687,20261117,2
9056,20261117,2
16367,20261117,2
1304,20261117,2
10145,20261117,2
10144,20261117,2
9057,20261117,2
997,20261117,2
10143,20261117,2
14381,20261117,2
13684,20261117,2
1302,20261117,2
9058,20261117,2
10142,20261117,2
998,20261117,2
14581,20261117,2
13687,20261117,2
9059,20261117,2
13690,20261117,2
10141,20261117,2
14719,20261117,2
9686,20261117,2
9060,20261117,2
97,20261117,2
9061,20261117,2
10140,20261117,2
203,20261117,2
680,20261117,2
13723,20261117,2
14382,20261117,2
13726,20261117,2
678,20261117,2
13729,20261117,2
9062,20261117,2
13731,20261117,2
10139,20261117,2
14715,20261117,2
675,20261117,2
13733,20261117,2
4032,20261117,2
16368,20261117,2
4029,20261117,2
4027,20261117,2
9063,20261117,2
4022,20261117,2
4019,20261117,2
14383,20261117,2
6760,20261117,2
6761,20261117,2
6762,20261117,2
6763,20261117,2
6764,20261117,2
6765,20261117,2
6766,20261117,2
6767,20261117,2
6768,20261117,2
6769,20261117,2
6770,20261117,2
6771,20261117,2
6772,20261117,2
6773,20261117,2
6774,20261117,2
6775,20261117,2
6776,20261117,2
6777,20261117,2
6778,20261117,2
6779,20261117,2
6780,20261117,2
6781,20261117,2
6782,20261117,2
6783,20261117,2
6784,20261117,2
6785,20261117,2
6786,20261117,2
6787,20261117,2
6788,20261117,2
6789,20261117,2
6790,20261117,2
6791,20261117,2
6792,20261117,2
6793,20261117,2
6794,20261117,2
6795,20261117,2
6796,20261117,2
6797,20261117,2
6798,20261117,2
6799,20261117,2
6800,20261117,2
6801,20261117,2
6802,20261117,2
6803,20261117,2
6804,20261117,2
6805,20261117,2
6806,20261117,2
9064,20261117,2
247,20261117,2
9065,20261117,2
14384,20261117,2
9066,20261117,2
16369,20261117,2
9067,20261117,2
14385,20261117,2
9068,20261117,2
13735,20261117,2
10138,20261117,2
16470,20261117,2
9606,20261117,2
13737,20261117,2
10137,20261117,2
14714,20261117,2
9069,20261117,2
13739,20261117,2
670,20261117,2
10136,20261117,2
17059,20261117,2
13740,20261117,2
14386,20261117,2
10135,20261117,2
10134,20261117,2
13741,20261117,2
999,20261117,2
10133,20261117,2
14702,20261117,2
13742,20261117,2
16087,20261117,2
13743,20261117,2
10132,20261117,2
16469,20261117,2
10131,20261117,2
13744,20261117,2
16088,20261117,2
13745,20261117,2
17446,20261117,2
13746,20261117,2
16089,20261117,2
13747,20261117,2
16881,20261117,2
13748,20261117,2
16090,20261117,2
13749,20261117,2
4015,20261117,2
9070,20261117,2
4011,20261117,2
17026,20261117,2
4007,20261117,2
9071,20261117,2
4003,20261117,2
9685,20261117,2
3999,20261117,2
9072,20261117,2
6890,20261117,2
6891,20261117,2
6892,20261117,2
6893,20261117,2
6894,20261117,2
6895,20261117,2
6896,20261117,2
6897,20261117,2
6898,20261117,2
6899,20261117,2
6900,20261117,2
6901,20261117,2
6902,20261117,2
6903,20261117,2
6904,20261117,2
6905,20261117,2
6906,20261117,2
6907,20261117,2
6908,20261117,2
6909,20261117,2
6910,20261117,2
6911,20261117,2
6912,20261117,2
6913,20261117,2
6914,20261117,2
6915,20261117,2
16370,20261117,2
9073,20261117,2
14387,20261117,2
9074,20261117,2
9582,20261117,2
9075,20261117,2
14580,20261117,2
9684,20261117,2
14388,20261117,2
9076,20261117,2
17338,20261117,2
6926,20261117,2
13750,20261117,2
6927,20261117,2
14701,20261117,2
10130,20261117,2
16091,20261117,2
6928,20261117,2
13751,20261117,2
6929,20261117,2
16882,20261117,2
6930,20261117,2
13752,20261117,2
6931,20261117,2
16092,20261117,2
6932,20261117,2
13753,20261117,2
6933,20261117,2
2779,20261117,2
10117,20261117,2
15,20261117,2
6934,20261117,2
14700,20261117,2
10116,20261117,2
13754,20261117,2
6935,20261117,2
16468,20261117,2
10115,20261117,2
16093,20261117,2
6936,20261117,2
10114,20261117,2
10113,20261117,2
13755,20261117,2
6937,20261117,2
16883,20261117,2
6938,20261117,2
13756,20261117,2
6939,20261117,2
10112,20261117,2
10111,20261117,2
16094,20261117,2
6940,20261117,2
13757,20261117,2
6941,20261117,2
14697,20261117,2
10110,20261117,2
17339,20261117,2
6942,20261117,2
13758,20261117,2
6943,20261117,2
17055,20261117,2
10109,20261117,2
16095,20261117,2
6944,20261117,2
13759,20261117,2
6945,20261117,2
14696,20261117,2
10108,20261117,2
16884,20261117,2
6946,20261117,2
16467,20261117,2
10107,20261117,2
13760,20261117,2
6947,20261117,2
16096,20261117,2
6948,20261117,2
14695,20261117,2
10106,20261117,2
13761,20261117,2
6949,20261117,2
17448,20261117,2
6950,20261117,2
68,20261117,2
10105,20261117,2
13762,20261117,2
6951,20261117,2
1296,20261117,2
6952,20261117,2
14694,20261117,2
10104,20261117,2
16441,20261117,2
6953,20261117,2
16466,20261117,2
10103,20261117,2
1294,20261117,2
6954,20261117,2
14693,20261117,2
10102,20261117,2
9683,20261117,2
6955,20261117,2
16371,20261117,2
6956,20261117,2
10101,20261117,2
14692,20261117,2
9077,20261117,2
6957,20261117,2
14389,20261117,2
6958,20261117,2
10100,20261117,2
16465,20261117,2
9078,20261117,2
6959,20261117,2
1288,20261117,2
6960,20261117,2
10099,20261117,2
14691,20261117,2
14579,20261117,2
6961,20261117,2
10098,20261117,2
205,20261117,2
1286,20261117,2
6962,20261117,2
10097,20261117,2
14690,20261117,2
9079,20261117,2
6963,20261117,2
9682,20261117,2
6964,20261117,2
9080,20261117,2
6965,20261117,2
9681,20261117,2
6966,20261117,2
9680,20261117,2
6967,20261117,2
1281,20261117,2
6968,20261117,2
16986,20261117,2
6969,20261117,2
1279,20261117,2
6970,20261117,2
9081,20261117,2
6971,20261117,2
1276,20261117,2
6972,20261117,2
9679,20261117,2
6973,20261117,2
1274,20261117,2
6974,20261117,2
14578,20261117,2
6975,20261117,2
14390,20261117,2
6976,20261117,2
9082,20261117,2
6977,20261117,2
3995,20261117,2
16372,20261117,2
9083,20261117,2
14391,20261117,2
3991,20261117,2
9084,20261117,2
95,20261117,2
9085,20261117,2
3987,20261117,2
14540,20261117,2
9583,20261117,2
3066,20261117,2
3983,20261117,2
9610,20261117,2
3275,20261117,2
3063,20261117,2
3979,20261117,2
3273,20261117,2
9584,20261117,2
14392,20261117,2
3975,20261117,2
9090,20261117,2
16373,20261117,2
9091,20261117,2
3971,20261117,2
14393,20261117,2
9092,20261117,2
16987,20261117,2
9093,20261117,2
6998,20261117,2
14394,20261117,2
6999,20261117,2
16097,20261117,2
7000,20261117,2
10096,20261117,2
16464,20261117,2
13777,20261117,2
7001,20261117,2
16885,20261117,2
7002,20261117,2
10095,20261117,2
14689,20261117,2
13778,20261117,2
7003,20261117,2
16098,20261117,2
7004,20261117,2
13779,20261117,2
7005,20261117,2
17340,20261117,2
7006,20261117,2
13780,20261117,2
7007,20261117,2
16099,20261117,2
7009,20261117,2
13781,20261117,2
7010,20261117,2
16886,20261117,2
7011,20261117,2
13782,20261117,2
7012,20261117,2
16100,20261117,2
7013,20261117,2
13783,20261117,2
7014,20261117,2
9094,20261117,2
7015,20261117,2
13784,20261117,2
7016,20261117,2
16101,20261117,2
7017,20261117,2
13785,20261117,2
7018,20261117,2
16887,20261117,2
7019,20261117,2
13786,20261117,2
7020,20261117,2
16102,20261117,2
7021,20261117,2
10094,20261117,2
17052,20261117,2
13787,20261117,2
7022,20261117,2
10093,20261117,2
7023,20261117,2
14688,20261117,2
10092,20261117,2
13788,20261117,2
7024,20261117,2
16463,20261117,2
10091,20261117,2
16103,20261117,2
7025,20261117,2
13789,20261117,2
7026,20261117,2
14687,20261117,2
7027,20261117,2
13790,20261117,2
7028,20261117,2
16104,20261117,2
7029,20261117,2
13791,20261117,2
7030,20261117,2
17341,20261117,2
7031,20261117,2
13792,20261117,2
7032,20261117,2
16105,20261117,2
7033,20261117,2
13793,20261117,2
7034,20261117,2
10090,20261117,2
10089,20261117,2
16888,20261117,2
7035,20261117,2
13794,20261117,2
7036,20261117,2
16106,20261117,2
7037,20261117,2
13795,20261117,2
7038,20261117,2
17454,20261117,2
7039,20261117,2
13796,20261117,2
7040,20261117,2
16107,20261117,2
7041,20261117,2
13797,20261117,2
7042,20261117,2
16889,20261117,2
7043,20261117,2
13798,20261117,2
7044,20261117,2
16108,20261117,2
7045,20261117,2
13799,20261117,2
7046,20261117,2
14686,20261117,2
10088,20261117,2
17342,20261117,2
7047,20261117,2
13800,20261117,2
7048,20261117,2
16462,20261117,2
10087,20261117,2
16109,20261117,2
7049,20261117,2
10086,20261117,2
10085,20261117,2
13801,20261117,2
7050,20261117,2
16890,20261117,2
7051,20261117,2
14681,20261117,2
10084,20261117,2
13802,20261117,2
7052,20261117,2
16110,20261117,2
7053,20261117,2
14680,20261117,2
10083,20261117,2
13803,20261117,2
7054,20261117,2
31,20261117,2
7055,20261117,2
14679,20261117,2
10082,20261117,2
13804,20261117,2
7056,20261117,2
16111,20261117,2
7057,20261117,2
13805,20261117,2
7058,20261117,2
3967,20261117,2
9678,20261117,2
16440,20261117,2
16374,20261117,2
3964,20261117,2
9095,20261117,2
9677,20261117,2
14577,20261117,2
3961,20261117,2
14395,20261117,2
3959,20261117,2
9096,20261117,2
3957,20261117,2
14541,20261117,2
3954,20261117,2
9097,20261117,2
14396,20261117,2
9098,20261117,2
3951,20261117,2
9676,20261117,2
3948,20261117,2
9675,20261117,2
16375,20261117,2
9099,20261117,2
16891,20261117,2
7073,20261117,2
13806,20261117,2
7074,20261117,2
16112,20261117,2
7075,20261117,2
13807,20261117,2
7076,20261117,2
17343,20261117,2
7077,20261117,2
13808,20261117,2
7078,20261117,2
16113,20261117,2
7079,20261117,2
13809,20261117,2
7080,20261117,2
16892,20261117,2
7081,20261117,2
13810,20261117,2
7082,20261117,2
16114,20261117,2
7083,20261117,2
13811,20261117,2
7084,20261117,2
14576,20261117,2
7085,20261117,2
13812,20261117,2
7087,20261117,2
16115,20261117,2
7088,20261117,2
13813,20261117,2
7089,20261117,2
14678,20261117,2
10081,20261117,2
16893,20261117,2
7090,20261117,2
13814,20261117,2
7091,20261117,2
14677,20261117,2
10080,20261117,2
16116,20261117,2
7092,20261117,2
14676,20261117,2
10079,20261117,2
13815,20261117,2
7093,20261117,2
17344,20261117,2
7094,20261117,2
13816,20261117,2
7095,20261117,2
16117,20261117,2
7096,20261117,2
13817,20261117,2
7097,20261117,2
14675,20261117,2
10078,20261117,2
16894,20261117,2
7098,20261117,2
14674,20261117,2
10077,20261117,2
13818,20261117,2
7099,20261117,2
14673,20261117,2
10076,20261117,2
16118,20261117,2
7100,20261117,2
13819,20261117,2
7101,20261117,2
14672,20261117,2
7102,20261117,2
10075,20261117,2
14671,20261117,2
13820,20261117,2
7103,20261117,2
16119,20261117,2
7104,20261117,2
13821,20261117,2
7105,20261117,2
10074,20261117,2
7106,20261117,2
13822,20261117,2
7107,20261117,2
16120,20261117,2
7108,20261117,2
13823,20261117,2
7109,20261117,2
2,20261117,2
7110,20261117,2
13824,20261117,2
7111,20261117,2
16121,20261117,2
7112,20261117,2
13825,20261117,2
7113,20261117,2
1268,20261117,2
7114,20261117,2
9674,20261117,2
7115,20261117,2
1265,20261117,2
7116,20261117,2
14397,20261117,2
7117,20261117,2
14670,20261117,2
10073,20261117,2
1263,20261117,2
7118,20261117,2
9100,20261117,2
7119,20261117,2
16988,20261117,2
7120,20261117,2
9101,20261117,2
7121,20261117,2
1260,20261117,2
7122,20261117,2
14398,20261117,2
7123,20261117,2
3945,20261117,2
9102,20261117,2
16439,20261117,2
9673,20261117,2
3941,20261117,2
1014,20261117,2
3939,20261117,2
9103,20261117,2
3937,20261117,2
14575,20261117,2
9672,20261117,2
9585,20261117,2
3933,20261117,2
9104,20261117,2
3930,20261117,2
1013,20261117,2
9105,20261117,2
215,20261117,2
3927,20261117,2
9671,20261117,2
3924,20261117,2
3059,20261117,2
3922,20261117,2
9106,20261117,2
3920,20261117,2
14574,20261117,2
1258,20261117,2
9107,20261117,2
1254,20261117,2
1252,20261117,2
9108,20261117,2
9670,20261117,2
9109,20261117,2
1249,20261117,2
3057,20261117,2
1247,20261117,2
9110,20261117,2
16438,20261117,2
9669,20261117,2
1242,20261117,2
1012,20261117,2
1240,20261117,2
9111,20261117,2
9586,20261117,2
3916,20261117,2
3913,20261117,2
9112,20261117,2
3908,20261117,2
3906,20261117,2
7167,20261117,2
7168,20261117,2
7169,20261117,2
7170,20261117,2
7171,20261117,2
7172,20261117,2
7173,20261117,2
7174,20261117,2
7175,20261117,2
7176,20261117,2
7177,20261117,2
7178,20261117,2
7179,20261117,2
7180,20261117,2
7181,20261117,2
7182,20261117,2
7183,20261117,2
7184,20261117,2
14573,20261117,2
9113,20261117,2
3028,20261117,2
9114,20261117,2
9668,20261117,2
9115,20261117,2
1237,20261117,2
9587,20261117,2
1234,20261117,2
9116,20261117,2
1232,20261117,2
14669,20261117,2
10072,20261117,2
1011,20261117,2
16895,20261117,2
14668,20261117,2
10071,20261117,2
13856,20261117,2
16122,20261117,2
13857,20261117,2
17345,20261117,2
13858,20261117,2
16123,20261117,2
14667,20261117,2
10070,20261117,2
13859,20261117,2
16896,20261117,2
14666,20261117,2
10069,20261117,2
13860,20261117,2
16124,20261117,2
14665,20261117,2
10068,20261117,2
13861,20261117,2
9127,20261117,2
14511,20261117,2
1000,20261117,2
2782,20261117,2
1225,20261117,2
9128,20261117,2
2785,20261117,2
2788,20261117,2
1223,20261117,2
1010,20261117,2
1221,20261117,2
9129,20261117,2
17456,20261117,2
13867,20261117,2
2790,20261117,2
2792,20261117,2
2796,20261117,2
2798,20261117,2
16125,20261117,2
13868,20261117,2
9504,20261117,2
9130,20261117,2
1216,20261117,2
1009,20261117,2
9131,20261117,2
14561,20261117,2
3904,20261117,2
9132,20261117,2
3899,20261117,2
3897,20261117,2
9667,20261117,2
3893,20261117,2
3890,20261117,2
3887,20261117,2
9133,20261117,2
3884,20261117,2
9630,20261117,2
3880,20261117,2
3877,20261117,2
9134,20261117,2
7303,20261117,2
7304,20261117,2
7305,20261117,2
7306,20261117,2
7307,20261117,2
7308,20261117,2
7309,20261117,2
7310,20261117,2
7311,20261117,2
7312,20261117,2
7313,20261117,2
7314,20261117,2
7315,20261117,2
7316,20261117,2
7317,20261117,2
7318,20261117,2
7319,20261117,2
7320,20261117,2
7321,20261117,2
7322,20261117,2
7323,20261117,2
7324,20261117,2
7325,20261117,2
7326,20261117,2
7327,20261117,2
7328,20261117,2
7329,20261117,2
7330,20261117,2
7331,20261117,2
7332,20261117,2
7333,20261117,2
7334,20261117,2
7335,20261117,2
7336,20261117,2
7337,20261117,2
7338,20261117,2
7339,20261117,2
7340,20261117,2
7341,20261117,2
7342,20261117,2
9666,20261117,2
9135,20261117,2
17014,20261117,2
9136,20261117,2
16376,20261117,2
9137,20261117,2
14414,20261117,2
9138,20261117,2
91,20261117,2
9139,20261117,2
14415,20261117,2
9140,20261117,2
16377,20261117,2
9141,20261117,2
1212,20261117,2
7357,20261117,2
14416,20261117,2
7358,20261117,2
1209,20261117,2
7359,20261117,2
9142,20261117,2
7360,20261117,2
1206,20261117,2
7361,20261117,2
16989,20261117,2
7362,20261117,2
16897,20261117,2
7363,20261117,2
13876,20261117,2
7364,20261117,2
16126,20261117,2
7365,20261117,2
13877,20261117,2
7366,20261117,2
17346,20261117,2
7367,20261117,2
13878,20261117,2
7368,20261117,2
16127,20261117,2
7369,20261117,2
13879,20261117,2
7370,20261117,2
16898,20261117,2
7371,20261117,2
13880,20261117,2
7372,20261117,2
16128,20261117,2
7373,20261117,2
2801,20261117,2
2804,20261117,2
13881,20261117,2
7374,20261117,2
27,20261117,2
7375,20261117,2
13882,20261117,2
7376,20261117,2
16129,20261117,2
7377,20261117,2
13883,20261117,2
7378,20261117,2
9143,20261117,2
7379,20261117,2
10048,20261117,2
10047,20261117,2
14417,20261117,2
7380,20261117,2
1202,20261117,2
7381,20261117,2
9144,20261117,2
7382,20261117,2
16378,20261117,2
7383,20261117,2
9145,20261117,2
7384,20261117,2
1198,20261117,2
7385,20261117,2
14418,20261117,2
7386,20261117,2
1195,20261117,2
7387,20261117,2
9146,20261117,2
7388,20261117,2
1192,20261117,2
7389,20261117,2
9665,20261117,2
7390,20261117,2
1189,20261117,2
7391,20261117,2
9147,20261117,2
7392,20261117,2
1187,20261117,2
7393,20261117,2
14572,20261117,2
7394,20261117,2
9148,20261117,2
9505,20261117,2
3872,20261117,2
9149,20261117,2
14419,20261117,2
9150,20261117,2
3867,20261117,2
16379,20261117,2
9151,20261117,2
14420,20261117,2
3863,20261117,2
9152,20261117,2
16990,20261117,2
9153,20261117,2
3859,20261117,2
14421,20261117,2
9154,20261117,2
9629,20261117,2
3855,20261117,2
9506,20261117,2
3853,20261117,2
3269,20261117,2
3266,20261117,2
3848,20261117,2
9507,20261117,2
3846,20261117,2
3264,20261117,2
16899,20261117,2
7410,20261117,2
16130,20261117,2
7411,20261117,2
2806,20261117,2
10040,20261117,2
1184,20261117,2
7412,20261117,2
1181,20261117,2
7413,20261117,2
10039,20261117,2
17049,20261117,2
1178,20261117,2
7414,20261117,2
1176,20261117,2
7415,20261117,2
10038,20261117,2
16461,20261117,2
1173,20261117,2
7416,20261117,2
10037,20261117,2
10036,20261117,2
3844,20261117,2
14512,20261117,2
3840,20261117,2
9508,20261117,2
3838,20261117,2
558,20261117,2
1170,20261117,2
7420,20261117,2
1168,20261117,2
7421,20261117,2
1164,20261117,2
7422,20261117,2
13912,20261117,2
7423,20261117,2
13913,20261117,2
7424,20261117,2
9509,20261117,2
7425,20261117,2
10035,20261117,2
70,20261117,2
14513,20261117,2
7426,20261117,2
3258,20261117,2
7427,20261117,2
9510,20261117,2
7428,20261117,2
3256,20261117,2
7429,20261117,2
14560,20261117,2
7430,20261117,2
3253,20261117,2
7431,20261117,2
9511,20261117,2
7432,20261117,2
17347,20261117,2
7433,20261117,2
3251,20261117,2
9628,20261117,2
16431,20261117,2
9627,20261117,2
3832,20261117,2
9512,20261117,2
3830,20261117,2
14559,20261117,2
3828,20261117,2
3245,20261117,2
3824,20261117,2
9626,20261117,2
3822,20261117,2
16380,20261117,2
9169,20261117,2
14422,20261117,2
13922,20261117,2
7443,20261117,2
16131,20261117,2
7444,20261117,2
13923,20261117,2
7445,20261117,2
16900,20261117,2
7446,20261117,2
10034,20261117,2
16460,20261117,2
13924,20261117,2
7447,20261117,2
16132,20261117,2
7448,20261117,2
13925,20261117,2
7449,20261117,2
9170,20261117,2
7450,20261117,2
13926,20261117,2
7451,20261117,2
16133,20261117,2
7452,20261117,2
13927,20261117,2
7453,20261117,2
16901,20261117,2
7454,20261117,2
13928,20261117,2
7455,20261117,2
16134,20261117,2
7456,20261117,2
13929,20261117,2
7457,20261117,2
17348,20261117,2
7458,20261117,2
13930,20261117,2
7459,20261117,2
16135,20261117,2
7460,20261117,2
13931,20261117,2
7461,20261117,2
89,20261117,2
9171,20261117,2
3816,20261117,2
14423,20261117,2
3813,20261117,2
9172,20261117,2
3811,20261117,2
16381,20261117,2
3809,20261117,2
9173,20261117,2
14424,20261117,2
9174,20261117,2
3804,20261117,2
16991,20261117,2
3802,20261117,2
9175,20261117,2
3797,20261117,2
14425,20261117,2
16902,20261117,2
13932,20261117,2
16136,20261117,2
13933,20261117,2
9176,20261117,2
13934,20261117,2
16137,20261117,2
13935,20261117,2
10033,20261117,2
10032,20261117,2
16903,20261117,2
13936,20261117,2
16138,20261117,2
16459,20261117,2
10031,20261117,2
13937,20261117,2
17349,20261117,2
13938,20261117,2
10030,20261117,2
16458,20261117,2
16139,20261117,2
13939,20261117,2
16904,20261117,2
13940,20261117,2
16140,20261117,2
13941,20261117,2
297,20261117,2
13942,20261117,2
16141,20261117,2
13943,20261117,2
16382,20261117,2
10029,20261117,2
17046,20261117,2
13944,20261117,2
16142,20261117,2
13945,20261117,2
295,20261117,2
13946,20261117,2
16143,20261117,2
13947,20261117,2
9177,20261117,2
13948,20261117,2
14426,20261117,2
13949,20261117,2
666,20261117,2
13950,20261117,2
9178,20261117,2
13951,20261117,2
664,20261117,2
13952,20261117,2
9588,20261117,2
13953,20261117,2
661,20261117,2
3795,20261117,2
3793,20261117,2
9179,20261117,2
3787,20261117,2
14427,20261117,2
3784,20261117,2
3781,20261117,2
3780,20261117,2
9180,20261117,2
3776,20261117,2
9664,20261117,2
3772,20261117,2
16437,20261117,2
3768,20261117,2
16383,20261117,2
9181,20261117,2
3763,20261117,2
7536,20261117,2
7537,20261117,2
7538,20261117,2
7539,20261117,2
7540,20261117,2
7541,20261117,2
7542,20261117,2
7543,20261117,2
7544,20261117,2
7545,20261117,2
7546,20261117,2
7547,20261117,2
7548,20261117,2
7549,20261117,2
7550,20261117,2
7551,20261117,2
7552,20261117,2
7553,20261117,2
7554,20261117,2
7555,20261117,2
7556,20261117,2
7557,20261117,2
7558,20261117,2
7559,20261117,2
7560,20261117,2
7561,20261117,2
7562,20261117,2
7563,20261117,2
7564,20261117,2
7565,20261117,2
7566,20261117,2
7567,20261117,2
7568,20261117,2
7569,20261117,2
7570,20261117,2
7571,20261117,2
7572,20261117,2
7573,20261117,2
7574,20261117,2
7575,20261117,2
7576,20261117,2
7577,20261117,2
7578,20261117,2
7579,20261117,2
7580,20261117,2
14428,20261117,2
9182,20261117,2
16992,20261117,2
9183,20261117,2
14429,20261117,2
9184,20261117,2
16384,20261117,2
9185,20261117,2
14430,20261117,2
9186,20261117,2
9663,20261117,2
9662,20261117,2
87,20261117,2
9187,20261117,2
14431,20261117,2
9188,20261117,2
16385,20261117,2
13954,20261117,2
9189,20261117,2
13955,20261117,2
657,20261117,2
13956,20261117,2
14432,20261117,2
13957,20261117,2
9190,20261117,2
13958,20261117,2
9661,20261117,2
13959,20261117,2
653,20261117,2
13960,20261117,2
14571,20261117,2
16993,20261117,2
3759,20261117,2
3756,20261117,2
3755,20261117,2
9191,20261117,2
3751,20261117,2
3749,20261117,2
14433,20261117,2
9192,20261117,2
7622,20261117,2
7623,20261117,2
7624,20261117,2
7625,20261117,2
7626,20261117,2
7627,20261117,2
7628,20261117,2
7629,20261117,2
7630,20261117,2
7631,20261117,2
7632,20261117,2
7633,20261117,2
7634,20261117,2
7635,20261117,2
9660,20261117,2
9193,20261117,2
217,20261117,2
9194,20261117,2
9659,20261117,2
14570,20261117,2
16386,20261117,2
9195,20261117,2
14434,20261117,2
13961,20261117,2
651,20261117,2
13962,20261117,2
9196,20261117,2
9992,20261117,2
9991,20261117,2
13963,20261117,2
648,20261117,2
13964,20261117,2
1161,20261117,2
242,20261117,2
1159,20261117,2
9197,20261117,2
1157,20261117,2
7658,20261117,2
7659,20261117,2
7660,20261117,2
7661,20261117,2
7662,20261117,2
7663,20261117,2
7664,20261117,2
7665,20261117,2
7666,20261117,2
7667,20261117,2
7668,20261117,2
7669,20261117,2
14435,20261117,2
7670,20261117,2
1154,20261117,2
7671,20261117,2
9198,20261117,2
7672,20261117,2
1151,20261117,2
7673,20261117,2
16387,20261117,2
7674,20261117,2
1149,20261117,2
7675,20261117,2
9199,20261117,2
7676,20261117,2
1145,20261117,2
7677,20261117,2
14436,20261117,2
7678,20261117,2
1141,20261117,2
7679,20261117,2
9200,20261117,2
7680,20261117,2
1139,20261117,2
7681,20261117,2
9658,20261117,2
7682,20261117,2
16436,20261117,2
7683,20261117,2
2999,20261117,2
7684,20261117,2
1135,20261117,2
7685,20261117,2
9201,20261117,2
7686,20261117,2
1133,20261117,2
7687,20261117,2
3002,20261117,2
7688,20261117,2
1131,20261117,2
7689,20261117,2
9202,20261117,2
7690,20261117,2
1127,20261117,2
7691,20261117,2
9513,20261117,2
7692,20261117,2
1124,20261117,2
7693,20261117,2
9203,20261117,2
7694,20261117,2
1121,20261117,2
7695,20261117,2
14437,20261117,2
7696,20261117,2
9204,20261117,2
7697,20261117,2
13981,20261117,2
7698,20261117,2
645,20261117,2
7699,20261117,2
13982,20261117,2
7700,20261117,2
16388,20261117,2
7701,20261117,2
13983,20261117,2
7702,20261117,2
643,20261117,2
7703,20261117,2
13984,20261117,2
7704,20261117,2
9205,20261117,2
7705,20261117,2
13985,20261117,2
7706,20261117,2
14438,20261117,2
7707,20261117,2
13986,20261117,2
9206,20261117,2
13987,20261117,2
639,20261117,2
13988,20261117,2
240,20261117,2
13989,20261117,2
637,20261117,2
13990,20261117,2
9207,20261117,2
13991,20261117,2
634,20261117,2
13992,20261117,2
14439,20261117,2
13993,20261117,2
631,20261117,2
13994,20261117,2
9208,20261117,2
13995,20261117,2
629,20261117,2
13996,20261117,2
16389,20261117,2
13997,20261117,2
625,20261117,2
13998,20261117,2
7766,20261117,2
7767,20261117,2
7768,20261117,2
7769,20261117,2
7770,20261117,2
7771,20261117,2
7772,20261117,2
7773,20261117,2
7774,20261117,2
7775,20261117,2
7776,20261117,2
7777,20261117,2
7778,20261117,2
7779,20261117,2
7780,20261117,2
7781,20261117,2
7782,20261117,2
7783,20261117,2
7784,20261117,2
7785,20261117,2
7786,20261117,2
7787,20261117,2
7788,20261117,2
7789,20261117,2
7790,20261117,2
9209,20261117,2
7795,20261117,2
13999,20261117,2
7796,20261117,2
622,20261117,2
7797,20261117,2
9990,20261117,2
9989,20261117,2
14000,20261117,2
7798,20261117,2
3006,20261117,2
7799,20261117,2
9988,20261117,2
9987,20261117,2
14001,20261117,2
7800,20261117,2
619,20261117,2
7801,20261117,2
14002,20261117,2
7802,20261117,2
3008,20261117,2
7803,20261117,2
14003,20261117,2
7804,20261117,2
616,20261117,2
7805,20261117,2
14004,20261117,2
7806,20261117,2
9986,20261117,2
9985,20261117,2
14440,20261117,2
7807,20261117,2
14005,20261117,2
7808,20261117,2
613,20261117,2
7809,20261117,2
14006,20261117,2
7810,20261117,2
9210,20261117,2
7811,20261117,2
14007,20261117,2
7812,20261117,2
610,20261117,2
7813,20261117,2
3745,20261117,2
14514,20261117,2
14008,20261117,2
7816,20261117,2
9211,20261117,2
7817,20261117,2
14009,20261117,2
7818,20261117,2
608,20261117,2
7819,20261117,2
14010,20261117,2
7820,20261117,2
3011,20261117,2
7821,20261117,2
14011,20261117,2
7822,20261117,2
607,20261117,2
7823,20261117,2
14012,20261117,2
7824,20261117,2
3015,20261117,2
7825,20261117,2
9984,20261117,2
9983,20261117,2
14013,20261117,2
7826,20261117,2
606,20261117,2
7827,20261117,2
14014,20261117,2
7828,20261117,2
14441,20261117,2
9212,20261117,2
3741,20261117,2
16390,20261117,2
9213,20261117,2
7832,20261117,2
14015,20261117,2
7833,20261117,2
605,20261117,2
7834,20261117,2
14016,20261117,2
7835,20261117,2
3018,20261117,2
7836,20261117,2
14017,20261117,2
7837,20261117,2
604,20261117,2
7838,20261117,2
14018,20261117,2
7839,20261117,2
3021,20261117,2
7840,20261117,2
9982,20261117,2
9981,20261117,2
14019,20261117,2
7841,20261117,2
603,20261117,2
7842,20261117,2
14020,20261117,2
7843,20261117,2
1119,20261117,2
7844,20261117,2
3243,20261117,2
7845,20261117,2
1117,20261117,2
7846,20261117,2
9514,20261117,2
7847,20261117,2
1115,20261117,2
7848,20261117,2
9625,20261117,2
7849,20261117,2
1112,20261117,2
7850,20261117,2
14558,20261117,2
7851,20261117,2
1110,20261117,2
7852,20261117,2
3239,20261117,2
7853,20261117,2
1108,20261117,2
7854,20261117,2
557,20261117,2
7855,20261117,2
9980,20261117,2
9979,20261117,2
1105,20261117,2
7856,20261117,2
9515,20261117,2
7857,20261117,2
1102,20261117,2
7858,20261117,2
9978,20261117,2
9977,20261117,2
9624,20261117,2
7859,20261117,2
1098,20261117,2
7860,20261117,2
3235,20261117,2
7861,20261117,2
1095,20261117,2
7862,20261117,2
16430,20261117,2
7863,20261117,2
1093,20261117,2
7864,20261117,2
14515,20261117,2
7865,20261117,2
1090,20261117,2
7866,20261117,2
9976,20261117,2
9975,20261117,2
3231,20261117,2
7867,20261117,2
1087,20261117,2
7868,20261117,2
3229,20261117,2
7869,20261117,2
1083,20261117,2
7870,20261117,2
9516,20261117,2
7871,20261117,2
1080,20261117,2
7872,20261117,2
3225,20261117,2
7873,20261117,2
3221,20261117,2
3736,20261117,2
3219,20261117,2
9517,20261117,2
3215,20261117,2
3732,20261117,2
14516,20261117,2
3212,20261117,2
9518,20261117,2
3728,20261117,2
556,20261117,2
3726,20261117,2
9519,20261117,2
9623,20261117,2
14557,20261117,2
3722,20261117,2
3207,20261117,2
3720,20261117,2
14517,20261117,2
1078,20261117,2
7888,20261117,2
3203,20261117,2
7889,20261117,2
1075,20261117,2
7890,20261117,2
3200,20261117,2
7891,20261117,2
9520,20261117,2
7892,20261117,2
14038,20261117,2
7893,20261117,2
9974,20261117,2
9973,20261117,2
1073,20261117,2
7894,20261117,2
9589,20261117,2
7895,20261117,2
602,20261117,2
7896,20261117,2
9972,20261117,2
9971,20261117,2
14040,20261117,2
7897,20261117,2
3196,20261117,2
7898,20261117,2
9970,20261117,2
9969,20261117,2
14041,20261117,2
7899,20261117,2
9968,20261117,2
7900,20261117,2
9967,20261117,2
7901,20261117,2
601,20261117,2
7902,20261117,2
14042,20261117,2
7903,20261117,2
3192,20261117,2
7904,20261117,2
14043,20261117,2
7905,20261117,2
9966,20261117,2
7906,20261117,2
9965,20261117,2
7907,20261117,2
600,20261117,2
7908,20261117,2
14044,20261117,2
7909,20261117,2
9964,20261117,2
7910,20261117,2
9963,20261117,2
7911,20261117,2
9521,20261117,2
7912,20261117,2
3718,20261117,2
3190,20261117,2
14518,20261117,2
9522,20261117,2
3715,20261117,2
9622,20261117,2
3712,20261117,2
3185,20261117,2
17012,20261117,2
555,20261117,2
3709,20261117,2
9523,20261117,2
3707,20261117,2
14519,20261117,2
9524,20261117,2
3181,20261117,2
3702,20261117,2
3700,20261117,2
3179,20261117,2
3698,20261117,2
9525,20261117,2
3177,20261117,2
14520,20261117,2
14045,20261117,2
599,20261117,2
9962,20261117,2
9961,20261117,2
14046,20261117,2
9960,20261117,2
9959,20261117,2
9958,20261117,2
9957,20261117,2
9526,20261117,2
14047,20261117,2
9621,20261117,2
16177,20261117,2
292,20261117,2
16178,20261117,2
3173,20261117,2
16179,20261117,2
14556,20261117,2
16180,20261117,2
9956,20261117,2
9955,20261117,2
554,20261117,2
16181,20261117,2
9954,20261117,2
9953,20261117,2
289,20261117,2
16182,20261117,2
9527,20261117,2
16183,20261117,2
286,20261117,2
16567,20261117,2
10709,20261117,2
14889,20261117,2
10710,20261117,2
510,20261117,2
10711,20261117,2
14890,20261117,2
10712,20261117,2
16184,20261117,2
10713,20261117,2
14891,20261117,2
10714,20261117,2
10708,20261117,2
10715,20261117,2
14888,20261117,2
10716,20261117,2
180,20261117,2
10717,20261117,2
14892,20261117,2
10718,20261117,2
16571,20261117,2
10719,20261117,2
14893,20261117,2
10720,20261117,2
509,20261117,2
10721,20261117,2
14894,20261117,2
10722,20261117,2
3169,20261117,2
10723,20261117,2
2541,20261117,2
16185,20261117,2
2539,20261117,2
3694,20261117,2
14521,20261117,2
3690,20261117,2
7993,20261117,2
7994,20261117,2
2533,20261117,2
7995,20261117,2
2531,20261117,2
7996,20261117,2
7997,20261117,2
7998,20261117,2
2528,20261117,2
7999,20261117,2
8000,20261117,2
8001,20261117,2
2523,20261117,2
8002,20261117,2
8003,20261117,2
8004,20261117,2
2520,20261117,2
8005,20261117,2
14895,20261117,2
10707,20261117,2
10706,20261117,2
8006,20261117,2
14896,20261117,2
16576,20261117,2
14897,20261117,2
508,20261117,2
14898,20261117,2
8007,20261117,2
14899,20261117,2
2516,20261117,2
8008,20261117,2
8009,20261117,2
2512,20261117,2
2508,20261117,2
8010,20261117,2
8011,20261117,2
2503,20261117,2
10766,20261117,2
10767,20261117,2
10768,20261117,2
10769,20261117,2
10770,20261117,2
10771,20261117,2
10772,20261117,2
10773,20261117,2
10774,20261117,2
10775,20261117,2
10776,20261117,2
8012,20261117,2
8013,20261117,2
8014,20261117,2
8015,20261117,2
8016,20261117,2
8017,20261117,2
8018,20261117,2
8019,20261117,2
14887,20261117,2
10789,20261117,2
14900,20261117,2
10790,20261117,2
16579,20261117,2
10791,20261117,2
14901,20261117,2
10792,20261117,2
507,20261117,2
10793,20261117,2
14902,20261117,2
10794,20261117,2
9528,20261117,2
10795,20261117,2
14903,20261117,2
10796,20261117,2
17110,20261117,2
10797,20261117,2
14904,20261117,2
10798,20261117,2
16583,20261117,2
10799,20261117,2
14905,20261117,2
10800,20261117,2
10705,20261117,2
10704,20261117,2
506,20261117,2
10801,20261117,2
14906,20261117,2
10802,20261117,2
9590,20261117,2
10803,20261117,2
14886,20261117,2
10703,20261117,2
14907,20261117,2
10804,20261117,2
989,20261117,2
10805,20261117,2
511,20261117,2
10702,20261117,2
3165,20261117,2
10806,20261117,2
14885,20261117,2
2545,20261117,2
2549,20261117,2
10807,20261117,2
2553,20261117,2
2555,20261117,2
283,20261117,2
10808,20261117,2
10692,20261117,2
16563,20261117,2
10691,20261117,2
10809,20261117,2
16186,20261117,2
10810,20261117,2
988,20261117,2
10811,20261117,2
9529,20261117,2
10812,20261117,2
987,20261117,2
10813,20261117,2
16187,20261117,2
10814,20261117,2
1071,20261117,2
10815,20261117,2
10690,20261117,2
10689,20261117,2
9952,20261117,2
10816,20261117,2
9951,20261117,2
10817,20261117,2
14073,20261117,2
10818,20261117,2
14884,20261117,2
10688,20261117,2
14074,20261117,2
10819,20261117,2
14075,20261117,2
10820,20261117,2
9950,20261117,2
10821,20261117,2
9949,20261117,2
10822,20261117,2
14076,20261117,2
10823,20261117,2
182,20261117,2
10687,20261117,2
14077,20261117,2
10824,20261117,2
14883,20261117,2
10686,20261117,2
14078,20261117,2
10825,20261117,2
14079,20261117,2
10826,20261117,2
9948,20261117,2
10827,20261117,2
9947,20261117,2
10828,20261117,2
14080,20261117,2
10829,20261117,2
14081,20261117,2
10830,20261117,2
14082,20261117,2
10831,20261117,2
9946,20261117,2
10832,20261117,2
9945,20261117,2
10833,20261117,2
14083,20261117,2
10834,20261117,2
2501,20261117,2
14084,20261117,2
14085,20261117,2
2810,20261117,2
2812,20261117,2
14086,20261117,2
2495,20261117,2
14087,20261117,2
2493,20261117,2
14088,20261117,2
14089,20261117,2
14090,20261117,2
14091,20261117,2
14092,20261117,2
2487,20261117,2
14093,20261117,2
14094,20261117,2
3163,20261117,2
2484,20261117,2
281,20261117,2
14098,20261117,2
10847,20261117,2
16188,20261117,2
10848,20261117,2
14099,20261117,2
10849,20261117,2
9620,20261117,2
10850,20261117,2
14100,20261117,2
10851,20261117,2
16189,20261117,2
10852,20261117,2
14101,20261117,2
10853,20261117,2
3687,20261117,2
10854,20261117,2
14442,20261117,2
10855,20261117,2
3683,20261117,2
10856,20261117,2
237,20261117,2
10857,20261117,2
8066,20261117,2
10858,20261117,2
954,20261117,2
10859,20261117,2
8067,20261117,2
10860,20261117,2
953,20261117,2
10861,20261117,2
8068,20261117,2
10862,20261117,2
952,20261117,2
10863,20261117,2
8069,20261117,2
10864,20261117,2
951,20261117,2
10865,20261117,2
8070,20261117,2
10866,20261117,2
2480,20261117,2
8071,20261117,2
8072,20261117,2
8073,20261117,2
8074,20261117,2
8075,20261117,2
2476,20261117,2
8076,20261117,2
2472,20261117,2
8077,20261117,2
8078,20261117,2
8079,20261117,2
950,20261117,2
10901,20261117,2
8080,20261117,2
10902,20261117,2
949,20261117,2
8081,20261117,2
948,20261117,2
10685,20261117,2
14882,20261117,2
8082,20261117,2
505,20261117,2
14936,20261117,2
10684,20261117,2
10683,20261117,2
8083,20261117,2
14881,20261117,2
10682,20261117,2
14937,20261117,2
17473,20261117,2
14938,20261117,2
16589,20261117,2
14939,20261117,2
504,20261117,2
14940,20261117,2
16559,20261117,2
10681,20261117,2
8084,20261117,2
14941,20261117,2
17112,20261117,2
14942,20261117,2
16593,20261117,2
14943,20261117,2
14880,20261117,2
10679,20261117,2
178,20261117,2
14944,20261117,2
10938,20261117,2
10939,20261117,2
10940,20261117,2
10941,20261117,2
10942,20261117,2
10943,20261117,2
10944,20261117,2
10945,20261117,2
10946,20261117,2
10947,20261117,2
10948,20261117,2
10949,20261117,2
10950,20261117,2
10951,20261117,2
10952,20261117,2
10953,20261117,2
10954,20261117,2
10955,20261117,2
10956,20261117,2
10957,20261117,2
10958,20261117,2
10959,20261117,2
10960,20261117,2
10961,20261117,2
17104,20261117,2
10969,20261117,2
10678,20261117,2
10970,20261117,2
16595,20261117,2
10971,20261117,2
14945,20261117,2
10972,20261117,2
8085,20261117,2
8086,20261117,2
2467,20261117,2
8087,20261117,2
2465,20261117,2
8088,20261117,2
8089,20261117,2
8090,20261117,2
8091,20261117,2
8092,20261117,2
2459,20261117,2
8093,20261117,2
2457,20261117,2
8094,20261117,2
8095,20261117,2
8096,20261117,2
8097,20261117,2
8098,20261117,2
2451,20261117,2
8099,20261117,2
8100,20261117,2
8101,20261117,2
2448,20261117,2
9647,20261117,2
503,20261117,2
10985,20261117,2
14946,20261117,2
10986,20261117,2
14569,20261117,2
10987,20261117,2
14947,20261117,2
10988,20261117,2
502,20261117,2
10989,20261117,2
14948,20261117,2
10990,20261117,2
14443,20261117,2
10991,20261117,2
14949,20261117,2
10992,20261117,2
14879,20261117,2
10677,20261117,2
16391,20261117,2
10993,20261117,2
10676,20261117,2
14878,20261117,2
14950,20261117,2
10994,20261117,2
16601,20261117,2
10995,20261117,2
14951,20261117,2
10996,20261117,2
2444,20261117,2
279,20261117,2
8107,20261117,2
14102,20261117,2
8108,20261117,2
16190,20261117,2
2440,20261117,2
8109,20261117,2
2436,20261117,2
14103,20261117,2
8110,20261117,2
14444,20261117,2
8111,20261117,2
14104,20261117,2
2431,20261117,2
8112,20261117,2
2815,20261117,2
8113,20261117,2
2427,20261117,2
2819,20261117,2
8114,20261117,2
14952,20261117,2
16604,20261117,2
14953,20261117,2
2821,20261117,2
10675,20261117,2
10674,20261117,2
14954,20261117,2
16606,20261117,2
10673,20261117,2
10672,20261117,2
14955,20261117,2
501,20261117,2
14956,20261117,2
14877,20261117,2
10671,20261117,2
2823,20261117,2
16554,20261117,2
10670,20261117,2
14957,20261117,2
17378,20261117,2
14876,20261117,2
10669,20261117,2
14958,20261117,2
10668,20261117,2
14875,20261117,2
10666,20261117,2
10665,20261117,2
14874,20261117,2
10664,20261117,2
16609,20261117,2
14959,20261117,2
500,20261117,2
14960,20261117,2
2424,20261117,2
16191,20261117,2
8115,20261117,2
2420,20261117,2
2416,20261117,2
14105,20261117,2
8116,20261117,2
2411,20261117,2
2407,20261117,2
11041,20261117,2
11042,20261117,2
11043,20261117,2
11044,20261117,2
11045,20261117,2
11046,20261117,2
11047,20261117,2
11048,20261117,2
11049,20261117,2
11050,20261117,2
11051,20261117,2
11052,20261117,2
11053,20261117,2
11054,20261117,2
11055,20261117,2
11056,20261117,2
11057,20261117,2
11058,20261117,2
11059,20261117,2
11060,20261117,2
16429,20261117,2
8117,20261117,2
14106,20261117,2
8118,20261117,2
2826,20261117,2
8119,20261117,2
2829,20261117,2
8120,20261117,2
16192,20261117,2
8121,20261117,2
11070,20261117,2
14961,20261117,2
11071,20261117,2
17118,20261117,2
11072,20261117,2
14962,20261117,2
11073,20261117,2
16613,20261117,2
11074,20261117,2
10663,20261117,2
14873,20261117,2
14963,20261117,2
11075,20261117,2
10662,20261117,2
16550,20261117,2
499,20261117,2
11076,20261117,2
14964,20261117,2
11077,20261117,2
14107,20261117,2
11078,20261117,2
14965,20261117,2
11079,20261117,2
10661,20261117,2
14872,20261117,2
498,20261117,2
11080,20261117,2
14966,20261117,2
11081,20261117,2
8122,20261117,2
11082,20261117,2
14967,20261117,2
11083,20261117,2
9,20261117,2
11084,20261117,2
14968,20261117,2
11085,20261117,2
16619,20261117,2
11086,20261117,2
14969,20261117,2
11087,20261117,2
17120,20261117,2
11088,20261117,2
14970,20261117,2
11089,20261117,2
2831,20261117,2
8123,20261117,2
2833,20261117,2
8124,20261117,2
16622,20261117,2
11093,20261117,2
14971,20261117,2
11094,20261117,2
497,20261117,2
11095,20261117,2
10660,20261117,2
17102,20261117,2
14972,20261117,2
11096,20261117,2
9646,20261117,2
11097,20261117,2
10659,20261117,2
14871,20261117,2
14973,20261117,2
11098,20261117,2
496,20261117,2
11099,20261117,2
10636,20261117,2
10635,20261117,2
14974,20261117,2
11100,20261117,2
8125,20261117,2
11101,20261117,2
10634,20261117,2
10633,20261117,2
14975,20261117,2
11102,20261117,2
174,20261117,2
11103,20261117,2
10632,20261117,2
10631,20261117,2
14976,20261117,2
11104,20261117,2
16628,20261117,2
11105,20261117,2
14977,20261117,2
11106,20261117,2
947,20261117,2
11107,20261117,2
10630,20261117,2
10629,20261117,2
2837,20261117,2
11108,20261117,2
10628,20261117,2
10627,20261117,2
946,20261117,2
11109,20261117,2
2839,20261117,2
11110,20261117,2
10626,20261117,2
10625,20261117,2
945,20261117,2
11111,20261117,2
14108,20261117,2
11112,20261117,2
10624,20261117,2
11113,20261117,2
8126,20261117,2
11114,20261117,2
10623,20261117,2
11115,20261117,2
16193,20261117,2
11116,20261117,2
944,20261117,2
11117,20261117,2
8127,20261117,2
11118,20261117,2
943,20261117,2
11119,20261117,2
2402,20261117,2
14109,20261117,2
2400,20261117,2
8128,20261117,2
2397,20261117,2
274,20261117,2
2395,20261117,2
8129,20261117,2
14110,20261117,2
8130,20261117,2
16194,20261117,2
8131,20261117,2
2389,20261117,2
14111,20261117,2
2387,20261117,2
8132,20261117,2
17020,20261117,2
8133,20261117,2
2383,20261117,2
14112,20261117,2
8134,20261117,2
11139,20261117,2
942,20261117,2
11140,20261117,2
2842,20261117,2
8135,20261117,2
2844,20261117,2
8136,20261117,2
16195,20261117,2
11143,20261117,2
10622,20261117,2
11144,20261117,2
8137,20261117,2
11145,20261117,2
10621,20261117,2
11146,20261117,2
14113,20261117,2
11147,20261117,2
941,20261117,2
11148,20261117,2
8138,20261117,2
11149,20261117,2
940,20261117,2
11150,20261117,2
272,20261117,2
11151,20261117,2
939,20261117,2
11152,20261117,2
8139,20261117,2
11153,20261117,2
938,20261117,2
11154,20261117,2
2848,20261117,2
11155,20261117,2
937,20261117,2
11156,20261117,2
2852,20261117,2
11157,20261117,2
10620,20261117,2
11158,20261117,2
14114,20261117,2
11159,20261117,2
8140,20261117,2
11160,20261117,2
14994,20261117,2
11161,20261117,2
10619,20261117,2
10618,20261117,2
16631,20261117,2
11162,20261117,2
10617,20261117,2
10616,20261117,2
14995,20261117,2
11163,20261117,2
495,20261117,2
11164,20261117,2
14996,20261117,2
11165,20261117,2
2854,20261117,2
11166,20261117,2
10615,20261117,2
10614,20261117,2
2377,20261117,2
8141,20261117,2
2375,20261117,2
2857,20261117,2
14997,20261117,2
172,20261117,2
14998,20261117,2
10613,20261117,2
10612,20261117,2
16634,20261117,2
14999,20261117,2
10611,20261117,2
10610,20261117,2
494,20261117,2
10609,20261117,2
10608,20261117,2
15000,20261117,2
8142,20261117,2
10607,20261117,2
10606,20261117,2
15001,20261117,2
3679,20261117,2
15002,20261117,2
16640,20261117,2
15003,20261117,2
17379,20261117,2
15004,20261117,2
16642,20261117,2
2371,20261117,2
11192,20261117,2
11193,20261117,2
11194,20261117,2
11195,20261117,2
11196,20261117,2
11197,20261117,2
11198,20261117,2
11199,20261117,2
11200,20261117,2
11201,20261117,2
11202,20261117,2
11203,20261117,2
11204,20261117,2
11205,20261117,2
11206,20261117,2
11207,20261117,2
14445,20261117,2
15005,20261117,2
11213,20261117,2
493,20261117,2
11214,20261117,2
15006,20261117,2
11215,20261117,2
3676,20261117,2
11216,20261117,2
15007,20261117,2
11217,20261117,2
492,20261117,2
11218,20261117,2
15008,20261117,2
11219,20261117,2
9645,20261117,2
11220,20261117,2
15009,20261117,2
11221,20261117,2
17126,20261117,2
11222,20261117,2
15010,20261117,2
11223,20261117,2
16646,20261117,2
11224,20261117,2
15011,20261117,2
11225,20261117,2
66,20261117,2
11226,20261117,2
15012,20261117,2
11227,20261117,2
16648,20261117,2
11228,20261117,2
15013,20261117,2
11229,20261117,2
491,20261117,2
11230,20261117,2
15014,20261117,2
11231,20261117,2
14568,20261117,2
11232,20261117,2
15015,20261117,2
11233,20261117,2
10605,20261117,2
10604,20261117,2
490,20261117,2
11234,20261117,2
10603,20261117,2
10602,20261117,2
2368,20261117,2
16392,20261117,2
2365,20261117,2
3672,20261117,2
14446,20261117,2
3670,20261117,2
235,20261117,2
14447,20261117,2
2361,20261117,2
16393,20261117,2
2357,20261117,2
3666,20261117,2
2355,20261117,2
9644,20261117,2
2351,20261117,2
16435,20261117,2
14448,20261117,2
3662,20261117,2
14522,20261117,2
3659,20261117,2
2346,20261117,2
14449,20261117,2
2344,20261117,2
16394,20261117,2
2340,20261117,2
14450,20261117,2
3655,20261117,2
9643,20261117,2
2336,20261117,2
3653,20261117,2
15016,20261117,2
14567,20261117,2
15017,20261117,2
489,20261117,2
10601,20261117,2
10600,20261117,2
15018,20261117,2
232,20261117,2
15019,20261117,2
17128,20261117,2
15020,20261117,2
16656,20261117,2
15021,20261117,2
488,20261117,2
15022,20261117,2
14451,20261117,2
15023,20261117,2
170,20261117,2
15024,20261117,2
16660,20261117,2
15025,20261117,2
3649,20261117,2
15026,20261117,2
16663,20261117,2
15027,20261117,2
487,20261117,2
15028,20261117,2
16395,20261117,2
2334,20261117,2
3646,20261117,2
2330,20261117,2
11285,20261117,2
11286,20261117,2
11287,20261117,2
11288,20261117,2
11289,20261117,2
11290,20261117,2
11291,20261117,2
11292,20261117,2
11293,20261117,2
11294,20261117,2
11295,20261117,2
11296,20261117,2
11297,20261117,2
11298,20261117,2
11299,20261117,2
11300,20261117,2
11301,20261117,2
11302,20261117,2
11303,20261117,2
11304,20261117,2
11305,20261117,2
11306,20261117,2
11307,20261117,2
11308,20261117,2
11309,20261117,2
11310,20261117,2
9642,20261117,2
81,20261117,2
14452,20261117,2
15029,20261117,2
11319,20261117,2
167,20261117,2
11320,20261117,2
15030,20261117,2
11321,20261117,2
16665,20261117,2
11322,20261117,2
15031,20261117,2
11323,20261117,2
3642,20261117,2
11324,20261117,2
15032,20261117,2
11325,20261117,2
16666,20261117,2
11326,20261117,2
2561,20261117,2
2563,20261117,2
15033,20261117,2
11327,20261117,2
2565,20261117,2
2570,20261117,2
9641,20261117,2
11328,20261117,2
15034,20261117,2
11329,20261117,2
16667,20261117,2
11330,20261117,2
2572,20261117,2
2576,20261117,2
15035,20261117,2
11331,20261117,2
17134,20261117,2
11332,20261117,2
15036,20261117,2
11333,20261117,2
2578,20261117,2
2584,20261117,2
16668,20261117,2
11334,20261117,2
15037,20261117,2
11335,20261117,2
64,20261117,2
11336,20261117,2
15038,20261117,2
11337,20261117,2
16669,20261117,2
11338,20261117,2
15039,20261117,2
11339,20261117,2
17136,20261117,2
11340,20261117,2
15040,20261117,2
11341,20261117,2
16670,20261117,2
11342,20261117,2
15041,20261117,2
11343,20261117,2
165,20261117,2
11344,20261117,2
15042,20261117,2
11345,20261117,2
16671,20261117,2
11346,20261117,2
15043,20261117,2
11347,20261117,2
2586,20261117,2
11348,20261117,2
14870,20261117,2
14869,20261117,2
15044,20261117,2
11349,20261117,2
16546,20261117,2
11350,20261117,2
15045,20261117,2
11351,20261117,2
14566,20261117,2
11352,20261117,2
15046,20261117,2
11353,20261117,2
14868,20261117,2
17377,20261117,2
16672,20261117,2
11354,20261117,2
15047,20261117,2
11355,20261117,2
9530,20261117,2
11356,20261117,2
15048,20261117,2
11357,20261117,2
16673,20261117,2
11358,20261117,2
15049,20261117,2
11359,20261117,2
16196,20261117,2
11360,20261117,2
990,20261117,2
991,20261117,2
2328,20261117,2
14115,20261117,2
2324,20261117,2
14453,20261117,2
15050,20261117,2
11366,20261117,2
16674,20261117,2
11367,20261117,2
15051,20261117,2
11368,20261117,2
14116,20261117,2
11369,20261117,2
15052,20261117,2
11370,20261117,2
16675,20261117,2
11371,20261117,2
15053,20261117,2
11372,20261117,2
992,20261117,2
993,20261117,2
17142,20261117,2
11373,20261117,2
14854,20261117,2
14853,20261117,2
15054,20261117,2
11374,20261117,2
2590,20261117,2
11375,20261117,2
2594,20261117,2
2596,20261117,2
2859,20261117,2
11376,20261117,2
936,20261117,2
11377,20261117,2
2861,20261117,2
11378,20261117,2
935,20261117,2
11379,20261117,2
16197,20261117,2
11380,20261117,2
934,20261117,2
11381,20261117,2
2863,20261117,2
11382,20261117,2
933,20261117,2
11383,20261117,2
2867,20261117,2
11384,20261117,2
932,20261117,2
11385,20261117,2
14117,20261117,2
11386,20261117,2
2600,20261117,2
11387,20261117,2
2871,20261117,2
11388,20261117,2
10534,20261117,2
11389,20261117,2
2873,20261117,2
11390,20261117,2
931,20261117,2
11391,20261117,2
17459,20261117,2
11392,20261117,2
930,20261117,2
11393,20261117,2
2875,20261117,2
11394,20261117,2
14852,20261117,2
11395,20261117,2
2879,20261117,2
11396,20261117,2
10533,20261117,2
11397,20261117,2
14118,20261117,2
11398,20261117,2
929,20261117,2
11399,20261117,2
2320,20261117,2
16198,20261117,2
2881,20261117,2
2885,20261117,2
2317,20261117,2
14119,20261117,2
2313,20261117,2
16919,20261117,2
2310,20261117,2
14120,20261117,2
2308,20261117,2
2887,20261117,2
2889,20261117,2
16199,20261117,2
14121,20261117,2
2892,20261117,2
2301,20261117,2
2894,20261117,2
17350,20261117,2
14122,20261117,2
1068,20261117,2
11410,20261117,2
928,20261117,2
11411,20261117,2
16396,20261117,2
11412,20261117,2
11413,20261117,2
1065,20261117,2
11414,20261117,2
11415,20261117,2
14454,20261117,2
11416,20261117,2
11417,20261117,2
1062,20261117,2
11418,20261117,2
11419,20261117,2
16542,20261117,2
10532,20261117,2
230,20261117,2
11420,20261117,2
14851,20261117,2
10531,20261117,2
11421,20261117,2
1060,20261117,2
11422,20261117,2
10530,20261117,2
14850,20261117,2
11423,20261117,2
14455,20261117,2
11424,20261117,2
11425,20261117,2
1057,20261117,2
11426,20261117,2
11427,20261117,2
16397,20261117,2
11428,20261117,2
11429,20261117,2
10529,20261117,2
10528,20261117,2
1053,20261117,2
11430,20261117,2
16676,20261117,2
11431,20261117,2
15078,20261117,2
11432,20261117,2
14849,20261117,2
11433,20261117,2
10527,20261117,2
11434,20261117,2
58,20261117,2
11435,20261117,2
15079,20261117,2
11436,20261117,2
10526,20261117,2
11437,20261117,2
14848,20261117,2
11438,20261117,2
16677,20261117,2
11439,20261117,2
15080,20261117,2
11440,20261117,2
10525,20261117,2
11441,20261117,2
10524,20261117,2
11442,20261117,2
17144,20261117,2
11443,20261117,2
15081,20261117,2
11444,20261117,2
16678,20261117,2
11445,20261117,2
15082,20261117,2
11446,20261117,2
161,20261117,2
11447,20261117,2
15083,20261117,2
11448,20261117,2
16679,20261117,2
11449,20261117,2
15084,20261117,2
11450,20261117,2
14456,20261117,2
11451,20261117,2
15085,20261117,2
11452,20261117,2
2296,20261117,2
1051,20261117,2
2293,20261117,2
553,20261117,2
2896,20261117,2
9640,20261117,2
2291,20261117,2
16200,20261117,2
2288,20261117,2
14135,20261117,2
16920,20261117,2
14136,20261117,2
2286,20261117,2
16201,20261117,2
14137,20261117,2
17603,20261117,2
2281,20261117,2
14138,20261117,2
2278,20261117,2
16202,20261117,2
2275,20261117,2
14139,20261117,2
2898,20261117,2
2901,20261117,2
2270,20261117,2
16921,20261117,2
3638,20261117,2
3636,20261117,2
14847,20261117,2
11470,20261117,2
10523,20261117,2
11471,20261117,2
16680,20261117,2
11472,20261117,2
15086,20261117,2
11473,20261117,2
10522,20261117,2
11474,20261117,2
14846,20261117,2
11475,20261117,2
16434,20261117,2
11476,20261117,2
15087,20261117,2
11477,20261117,2
10521,20261117,2
11478,20261117,2
16537,20261117,2
11479,20261117,2
16681,20261117,2
11480,20261117,2
15088,20261117,2
11481,20261117,2
10520,20261117,2
11482,20261117,2
14845,20261117,2
11483,20261117,2
17149,20261117,2
11484,20261117,2
2267,20261117,2
3633,20261117,2
2265,20261117,2
14457,20261117,2
3629,20261117,2
16398,20261117,2
2260,20261117,2
3625,20261117,2
14458,20261117,2
3621,20261117,2
9531,20261117,2
3617,20261117,2
2254,20261117,2
14459,20261117,2
15089,20261117,2
11498,20261117,2
16682,20261117,2
11499,20261117,2
15090,20261117,2
11500,20261117,2
56,20261117,2
11501,20261117,2
15091,20261117,2
11502,20261117,2
10519,20261117,2
11503,20261117,2
185,20261117,2
11504,20261117,2
16683,20261117,2
11505,20261117,2
15092,20261117,2
11506,20261117,2
10518,20261117,2
11507,20261117,2
14844,20261117,2
11508,20261117,2
11509,20261117,2
3613,20261117,2
11510,20261117,2
11511,20261117,2
9639,20261117,2
11512,20261117,2
11513,20261117,2
8288,20261117,2
11514,20261117,2
11515,20261117,2
8289,20261117,2
11516,20261117,2
17151,20261117,2
11517,20261117,2
15097,20261117,2
11518,20261117,2
16684,20261117,2
11519,20261117,2
15098,20261117,2
11520,20261117,2
159,20261117,2
11521,20261117,2
15099,20261117,2
11522,20261117,2
16685,20261117,2
11523,20261117,2
15101,20261117,2
11524,20261117,2
8290,20261117,2
11525,20261117,2
15102,20261117,2
11526,20261117,2
10517,20261117,2
11527,20261117,2
16535,20261117,2
11528,20261117,2
16686,20261117,2
11529,20261117,2
15103,20261117,2
11530,20261117,2
8291,20261117,2
11531,20261117,2
15104,20261117,2
11532,20261117,2
16687,20261117,2
11533,20261117,2
15105,20261117,2
11534,20261117,2
17155,20261117,2
11535,20261117,2
15106,20261117,2
11536,20261117,2
16688,20261117,2
11537,20261117,2
15107,20261117,2
11538,20261117,2
54,20261117,2
11539,20261117,2
15108,20261117,2
11540,20261117,2
16689,20261117,2
11541,20261117,2
8292,20261117,2
8293,20261117,2
2250,20261117,2
8294,20261117,2
8295,20261117,2
8296,20261117,2
8297,20261117,2
8298,20261117,2
8299,20261117,2
8300,20261117,2
2243,20261117,2
8301,20261117,2
2241,20261117,2
8302,20261117,2
2238,20261117,2
8303,20261117,2
2233,20261117,2
8304,20261117,2
2230,20261117,2
8305,20261117,2
8306,20261117,2
8307,20261117,2
8308,20261117,2
8309,20261117,2
2225,20261117,2
8310,20261117,2
2222,20261117,2
8311,20261117,2
15109,20261117,2
11559,20261117,2
17157,20261117,2
11560,20261117,2
15110,20261117,2
11561,20261117,2
16690,20261117,2
11562,20261117,2
15111,20261117,2
11563,20261117,2
10516,20261117,2
14843,20261117,2
157,20261117,2
11564,20261117,2
10515,20261117,2
10514,20261117,2
15112,20261117,2
11565,20261117,2
14842,20261117,2
10513,20261117,2
16691,20261117,2
11566,20261117,2
10512,20261117,2
14841,20261117,2
15113,20261117,2
11567,20261117,2
8312,20261117,2
11568,20261117,2
15114,20261117,2
11569,20261117,2
16692,20261117,2
11570,20261117,2
15115,20261117,2
11571,20261117,2
153,20261117,2
11572,20261117,2
10511,20261117,2
10510,20261117,2
15116,20261117,2
11573,20261117,2
14840,20261117,2
10509,20261117,2
16693,20261117,2
11574,20261117,2
10508,20261117,2
14839,20261117,2
15117,20261117,2
11575,20261117,2
8313,20261117,2
11576,20261117,2
15118,20261117,2
11577,20261117,2
16694,20261117,2
11578,20261117,2
15119,20261117,2
11579,20261117,2
8314,20261117,2
11580,20261117,2
15120,20261117,2
11581,20261117,2
16695,20261117,2
11582,20261117,2
15121,20261117,2
11583,20261117,2
486,20261117,2
11584,20261117,2
15122,20261117,2
11585,20261117,2
8315,20261117,2
11586,20261117,2
8316,20261117,2
8317,20261117,2
2218,20261117,2
8318,20261117,2
8319,20261117,2
8320,20261117,2
8321,20261117,2
8322,20261117,2
2214,20261117,2
8323,20261117,2
2212,20261117,2
8324,20261117,2
15123,20261117,2
11596,20261117,2
485,20261117,2
11597,20261117,2
15124,20261117,2
11598,20261117,2
8325,20261117,2
11599,20261117,2
15125,20261117,2
11600,20261117,2
10507,20261117,2
10506,20261117,2
484,20261117,2
11601,20261117,2
14838,20261117,2
2604,20261117,2
15126,20261117,2
11602,20261117,2
8326,20261117,2
11603,20261117,2
15127,20261117,2
11604,20261117,2
2607,20261117,2
2611,20261117,2
2613,20261117,2
11605,20261117,2
2617,20261117,2
10474,20261117,2
15128,20261117,2
11606,20261117,2
16529,20261117,2
10473,20261117,2
8327,20261117,2
11607,20261117,2
15129,20261117,2
11608,20261117,2
14837,20261117,2
11609,20261117,2
15130,20261117,2
11610,20261117,2
8328,20261117,2
11611,20261117,2
15131,20261117,2
11612,20261117,2
483,20261117,2
11616,20261117,2
15132,20261117,2
11617,20261117,2
8329,20261117,2
11618,20261117,2
15133,20261117,2
11619,20261117,2
10472,20261117,2
11620,20261117,2
187,20261117,2
11621,20261117,2
482,20261117,2
11622,20261117,2
15134,20261117,2
11623,20261117,2
8330,20261117,2
11624,20261117,2
15135,20261117,2
11625,20261117,2
10471,20261117,2
11626,20261117,2
14836,20261117,2
11627,20261117,2
11628,20261117,2
8331,20261117,2
11629,20261117,2
11630,20261117,2
8332,20261117,2
11631,20261117,2
11632,20261117,2
8333,20261117,2
11633,20261117,2
2210,20261117,2
8334,20261117,2
14565,20261117,2
16399,20261117,2
14460,20261117,2
9619,20261117,2
2203,20261117,2
9638,20261117,2
2201,20261117,2
17018,20261117,2
2199,20261117,2
14555,20261117,2
3158,20261117,2
3155,20261117,2
14523,20261117,2
9532,20261117,2
11647,20261117,2
3149,20261117,2
11648,20261117,2
11649,20261117,2
9609,20261117,2
11650,20261117,2
927,20261117,2
11651,20261117,2
9533,20261117,2
11652,20261117,2
10470,20261117,2
11653,20261117,2
16527,20261117,2
10469,20261117,2
9303,20261117,2
11654,20261117,2
14835,20261117,2
10468,20261117,2
17096,20261117,2
11655,20261117,2
14140,20261117,2
11656,20261117,2
10467,20261117,2
11657,20261117,2
8350,20261117,2
11658,20261117,2
14834,20261117,2
11659,20261117,2
16203,20261117,2
11660,20261117,2
10466,20261117,2
11661,20261117,2
8351,20261117,2
11662,20261117,2
10465,20261117,2
11663,20261117,2
14141,20261117,2
11664,20261117,2
14833,20261117,2
11665,20261117,2
8352,20261117,2
11666,20261117,2
10464,20261117,2
11667,20261117,2
10463,20261117,2
14832,20261117,2
17351,20261117,2
11668,20261117,2
481,20261117,2
11669,20261117,2
15150,20261117,2
11670,20261117,2
8353,20261117,2
11671,20261117,2
15151,20261117,2
11672,20261117,2
480,20261117,2
11673,20261117,2
15152,20261117,2
11674,20261117,2
14142,20261117,2
11675,20261117,2
15153,20261117,2
11676,20261117,2
479,20261117,2
11677,20261117,2
15154,20261117,2
11678,20261117,2
10462,20261117,2
10461,20261117,2
8354,20261117,2
11679,20261117,2
15155,20261117,2
11680,20261117,2
478,20261117,2
11681,20261117,2
15156,20261117,2
11682,20261117,2
16204,20261117,2
11683,20261117,2
15157,20261117,2
11684,20261117,2
477,20261117,2
11685,20261117,2
15158,20261117,2
11686,20261117,2
8355,20261117,2
11687,20261117,2
15159,20261117,2
11688,20261117,2
17163,20261117,2
11689,20261117,2
15160,20261117,2
11690,20261117,2
16708,20261117,2
11691,20261117,2
15161,20261117,2
11692,20261117,2
52,20261117,2
11693,20261117,2
2193,20261117,2
14143,20261117,2
8356,20261117,2
2903,20261117,2
8357,20261117,2
16457,20261117,2
2187,20261117,2
8358,20261117,2
15162,20261117,2
11699,20261117,2
16709,20261117,2
11700,20261117,2
15163,20261117,2
11701,20261117,2
17165,20261117,2
11702,20261117,2
15164,20261117,2
11703,20261117,2
16710,20261117,2
11704,20261117,2
15165,20261117,2
11705,20261117,2
16922,20261117,2
11706,20261117,2
15166,20261117,2
11707,20261117,2
16711,20261117,2
11708,20261117,2
15167,20261117,2
11709,20261117,2
476,20261117,2
11710,20261117,2
15168,20261117,2
11711,20261117,2
8359,20261117,2
11712,20261117,2
15169,20261117,2
11713,20261117,2
341,20261117,2
11714,20261117,2
15170,20261117,2
11715,20261117,2
14144,20261117,2
11716,20261117,2
15171,20261117,2
11717,20261117,2
17169,20261117,2
11718,20261117,2
2185,20261117,2
8360,20261117,2
16205,20261117,2
8361,20261117,2
14145,20261117,2
8362,20261117,2
16456,20261117,2
8363,20261117,2
17044,20261117,2
8364,20261117,2
2176,20261117,2
17460,20261117,2
2174,20261117,2
8365,20261117,2
14146,20261117,2
8366,20261117,2
16206,20261117,2
8367,20261117,2
2170,20261117,2
14147,20261117,2
2168,20261117,2
8368,20261117,2
16923,20261117,2
8369,20261117,2
2164,20261117,2
14148,20261117,2
2162,20261117,2
8370,20261117,2
16207,20261117,2
8371,20261117,2
14149,20261117,2
8372,20261117,2
2157,20261117,2
17352,20261117,2
8373,20261117,2
14150,20261117,2
2153,20261117,2
8374,20261117,2
16208,20261117,2
8375,20261117,2
14151,20261117,2
8376,20261117,2
16924,20261117,2
8377,20261117,2
2147,20261117,2
14152,20261117,2
8378,20261117,2
16209,20261117,2
8379,20261117,2
14153,20261117,2
2142,20261117,2
8380,20261117,2
25,20261117,2
8381,20261117,2
2138,20261117,2
14154,20261117,2
8382,20261117,2
16210,20261117,2
8383,20261117,2
14155,20261117,2
8384,20261117,2
16925,20261117,2
8385,20261117,2
14156,20261117,2
8386,20261117,2
2130,20261117,2
2128,20261117,2
2124,20261117,2
3609,20261117,2
2120,20261117,2
9304,20261117,2
2116,20261117,2
9305,20261117,2
2113,20261117,2
15172,20261117,2
11781,20261117,2
16715,20261117,2
11782,20261117,2
15173,20261117,2
11783,20261117,2
14831,20261117,2
10460,20261117,2
151,20261117,2
11784,20261117,2
10459,20261117,2
14830,20261117,2
15174,20261117,2
11785,20261117,2
10458,20261117,2
16521,20261117,2
10457,20261117,2
11786,20261117,2
9306,20261117,2
11787,20261117,2
14829,20261117,2
10456,20261117,2
10455,20261117,2
11788,20261117,2
3605,20261117,2
11789,20261117,2
14828,20261117,2
11790,20261117,2
9307,20261117,2
11791,20261117,2
10454,20261117,2
11792,20261117,2
9308,20261117,2
11793,20261117,2
16519,20261117,2
11794,20261117,2
10453,20261117,2
14827,20261117,2
9309,20261117,2
11795,20261117,2
926,20261117,2
11796,20261117,2
3601,20261117,2
11797,20261117,2
2622,20261117,2
11798,20261117,2
2624,20261117,2
2628,20261117,2
9310,20261117,2
11799,20261117,2
2632,20261117,2
2637,20261117,2
2639,20261117,2
11800,20261117,2
2643,20261117,2
2647,20261117,2
9311,20261117,2
11801,20261117,2
925,20261117,2
11802,20261117,2
9312,20261117,2
11803,20261117,2
11804,20261117,2
3597,20261117,2
9313,20261117,2
2108,20261117,2
9314,20261117,2
9315,20261117,2
3593,20261117,2
9316,20261117,2
9317,20261117,2
9318,20261117,2
11809,20261117,2
11810,20261117,2
3589,20261117,2
11811,20261117,2
11812,20261117,2
9319,20261117,2
11813,20261117,2
11814,20261117,2
9320,20261117,2
11815,20261117,2
11816,20261117,2
9321,20261117,2
11817,20261117,2
16716,20261117,2
11818,20261117,2
15189,20261117,2
11819,20261117,2
3585,20261117,2
11820,20261117,2
15190,20261117,2
11821,20261117,2
2651,20261117,2
2653,20261117,2
16717,20261117,2
11822,20261117,2
10435,20261117,2
17094,20261117,2
15191,20261117,2
11823,20261117,2
9322,20261117,2
11824,20261117,2
15192,20261117,2
11825,20261117,2
10434,20261117,2
11826,20261117,2
14826,20261117,2
11827,20261117,2
16718,20261117,2
11828,20261117,2
15193,20261117,2
11829,20261117,2
9323,20261117,2
11830,20261117,2
15194,20261117,2
11831,20261117,2
16719,20261117,2
11832,20261117,2
10433,20261117,2
10432,20261117,2
15195,20261117,2
11833,20261117,2
50,20261117,2
11834,20261117,2
15196,20261117,2
11835,20261117,2
14825,20261117,2
11836,20261117,2
10431,20261117,2
11837,20261117,2
16720,20261117,2
11838,20261117,2
15197,20261117,2
11839,20261117,2
10430,20261117,2
14824,20261117,2
10429,20261117,2
11840,20261117,2
10428,20261117,2
11841,20261117,2
14823,20261117,2
10427,20261117,2
17173,20261117,2
11842,20261117,2
10426,20261117,2
14822,20261117,2
15198,20261117,2
11843,20261117,2
16721,20261117,2
11844,20261117,2
15199,20261117,2
11845,20261117,2
9324,20261117,2
11846,20261117,2
15200,20261117,2
11847,20261117,2
16722,20261117,2
11848,20261117,2
15201,20261117,2
11849,20261117,2
10425,20261117,2
11850,20261117,2
16513,20261117,2
11851,20261117,2
10424,20261117,2
11852,20261117,2
15202,20261117,2
11853,20261117,2
14821,20261117,2
11854,20261117,2
15203,20261117,2
11855,20261117,2
17177,20261117,2
11856,20261117,2
15204,20261117,2
11857,20261117,2
16723,20261117,2
11858,20261117,2
15205,20261117,2
11859,20261117,2
146,20261117,2
11860,20261117,2
15206,20261117,2
11861,20261117,2
2103,20261117,2
3581,20261117,2
9325,20261117,2
16211,20261117,2
2099,20261117,2
8403,20261117,2
2095,20261117,2
3578,20261117,2
2093,20261117,2
9326,20261117,2
9327,20261117,2
3574,20261117,2
9328,20261117,2
14157,20261117,2
2088,20261117,2
8411,20261117,2
2086,20261117,2
17353,20261117,2
2084,20261117,2
8412,20261117,2
3572,20261117,2
9329,20261117,2
2081,20261117,2
14158,20261117,2
8416,20261117,2
16212,20261117,2
2078,20261117,2
8419,20261117,2
16724,20261117,2
11878,20261117,2
15207,20261117,2
11879,20261117,2
14159,20261117,2
11880,20261117,2
2075,20261117,2
8420,20261117,2
15208,20261117,2
11882,20261117,2
16725,20261117,2
11883,20261117,2
15209,20261117,2
11884,20261117,2
10423,20261117,2
11885,20261117,2
17376,20261117,2
10422,20261117,2
15210,20261117,2
11886,20261117,2
14820,20261117,2
10421,20261117,2
16511,20261117,2
11887,20261117,2
10420,20261117,2
14819,20261117,2
15211,20261117,2
11888,20261117,2
10419,20261117,2
10418,20261117,2
46,20261117,2
11889,20261117,2
14818,20261117,2
10417,20261117,2
15212,20261117,2
11890,20261117,2
16726,20261117,2
11891,20261117,2
10416,20261117,2
14817,20261117,2
15213,20261117,2
11892,20261117,2
17181,20261117,2
11894,20261117,2
15214,20261117,2
11895,20261117,2
16727,20261117,2
11896,20261117,2
15215,20261117,2
11897,20261117,2
10415,20261117,2
11898,20261117,2
10414,20261117,2
14816,20261117,2
15216,20261117,2
11899,20261117,2
10413,20261117,2
11900,20261117,2
16508,20261117,2
10412,20261117,2
15217,20261117,2
11901,20261117,2
10411,20261117,2
10410,20261117,2
144,20261117,2
11902,20261117,2
15218,20261117,2
11903,20261117,2
16728,20261117,2
11904,20261117,2
15219,20261117,2
11905,20261117,2
16455,20261117,2
11906,20261117,2
15220,20261117,2
11907,20261117,2
16729,20261117,2
11908,20261117,2
15221,20261117,2
11909,20261117,2
14815,20261117,2
11910,20261117,2
15222,20261117,2
11911,20261117,2
10409,20261117,2
11912,20261117,2
15223,20261117,2
11913,20261117,2
8422,20261117,2
11914,20261117,2
15224,20261117,2
11915,20261117,2
16730,20261117,2
11916,20261117,2
15225,20261117,2
11917,20261117,2
17185,20261117,2
11918,20261117,2
15226,20261117,2
11919,20261117,2
16731,20261117,2
11920,20261117,2
15227,20261117,2
11921,20261117,2
189,20261117,2
11922,20261117,2
15228,20261117,2
11923,20261117,2
10408,20261117,2
11924,20261117,2
15229,20261117,2
11925,20261117,2
17487,20261117,2
11926,20261117,2
14814,20261117,2
10407,20261117,2
2071,20261117,2
9330,20261117,2
2069,20261117,2
8423,20261117,2
9331,20261117,2
9332,20261117,2
2064,20261117,2
3568,20261117,2
15230,20261117,2
11932,20261117,2
16732,20261117,2
11933,20261117,2
15231,20261117,2
11934,20261117,2
17187,20261117,2
11935,20261117,2
15232,20261117,2
11936,20261117,2
16733,20261117,2
11937,20261117,2
10406,20261117,2
14813,20261117,2
15233,20261117,2
11938,20261117,2
10405,20261117,2
10404,20261117,2
9333,20261117,2
11939,20261117,2
15234,20261117,2
11940,20261117,2
16734,20261117,2
11941,20261117,2
15235,20261117,2
11942,20261117,2
1048,20261117,2
11943,20261117,2
15236,20261117,2
11944,20261117,2
16735,20261117,2
11945,20261117,2
15237,20261117,2
11946,20261117,2
10403,20261117,2
11947,20261117,2
15238,20261117,2
11948,20261117,2
10402,20261117,2
11949,20261117,2
15239,20261117,2
11950,20261117,2
139,20261117,2
11951,20261117,2
15240,20261117,2
11952,20261117,2
16736,20261117,2
11953,20261117,2
15241,20261117,2
11954,20261117,2
8428,20261117,2
11955,20261117,2
9334,20261117,2
8429,20261117,2
9335,20261117,2
9336,20261117,2
2060,20261117,2
72,20261117,2
8431,20261117,2
9337,20261117,2
2056,20261117,2
8432,20261117,2
2054,20261117,2
16454,20261117,2
15242,20261117,2
11965,20261117,2
8433,20261117,2
9338,20261117,2
11967,20261117,2
8434,20261117,2
11969,20261117,2
11972,20261117,2
2049,20261117,2
1047,20261117,2
8435,20261117,2
11974,20261117,2
11975,20261117,2
9339,20261117,2
11981,20261117,2
11982,20261117,2
8439,20261117,2
11983,20261117,2
11984,20261117,2
3565,20261117,2
11985,20261117,2
9340,20261117,2
1046,20261117,2
8441,20261117,2
9341,20261117,2
2044,20261117,2
9342,20261117,2
2041,20261117,2
3561,20261117,2
11990,20261117,2
14524,20261117,2
11991,20261117,2
11992,20261117,2
9534,20261117,2
11993,20261117,2
11994,20261117,2
8444,20261117,2
11995,20261117,2
11996,20261117,2
1045,20261117,2
11997,20261117,2
11998,20261117,2
8452,20261117,2
9591,20261117,2
8454,20261117,2
17040,20261117,2
8456,20261117,2
12001,20261117,2
12002,20261117,2
12003,20261117,2
12004,20261117,2
8458,20261117,2
12005,20261117,2
16737,20261117,2
12006,20261117,2
15255,20261117,2
12007,20261117,2
14812,20261117,2
12008,20261117,2
15256,20261117,2
12009,20261117,2
10401,20261117,2
12010,20261117,2
15257,20261117,2
12011,20261117,2
17390,20261117,2
12012,20261117,2
15258,20261117,2
12013,20261117,2
16738,20261117,2
12014,20261117,2
15259,20261117,2
12015,20261117,2
16503,20261117,2
12016,20261117,2
15260,20261117,2
12017,20261117,2
10400,20261117,2
12018,20261117,2
15261,20261117,2
12019,20261117,2
14622,20261117,2
8460,20261117,2
3051,20261117,2
8462,20261117,2
1044,20261117,2
8463,20261117,2
16453,20261117,2
2905,20261117,2
9592,20261117,2
8464,20261117,2
2908,20261117,2
8465,20261117,2
9618,20261117,2
8466,20261117,2
2911,20261117,2
2914,20261117,2
2916,20261117,2
8467,20261117,2
9541,20261117,2
8468,20261117,2
1043,20261117,2
8469,20261117,2
8470,20261117,2
2010,20261117,2
2918,20261117,2
17193,20261117,2
12033,20261117,2
2009,20261117,2
2920,20261117,2
2008,20261117,2
2922,20261117,2
2007,20261117,2
8471,20261117,2
2006,20261117,2
15262,20261117,2
12051,20261117,2
16739,20261117,2
12052,20261117,2
15263,20261117,2
12053,20261117,2
8472,20261117,2
12054,20261117,2
15264,20261117,2
12055,20261117,2
16740,20261117,2
12056,20261117,2
15265,20261117,2
12057,20261117,2
17195,20261117,2
12058,20261117,2
15266,20261117,2
12059,20261117,2
16741,20261117,2
12060,20261117,2
15267,20261117,2
12061,20261117,2
17392,20261117,2
12062,20261117,2
15268,20261117,2
12063,20261117,2
16742,20261117,2
12064,20261117,2
15269,20261117,2
12065,20261117,2
17199,20261117,2
12066,20261117,2
15270,20261117,2
12133,20261117,2
16743,20261117,2
12134,20261117,2
15271,20261117,2
12135,20261117,2
14811,20261117,2
10399,20261117,2
10398,20261117,2
12136,20261117,2
15272,20261117,2
12137,20261117,2
14810,20261117,2
2658,20261117,2
2661,20261117,2
12138,20261117,2
15273,20261117,2
12139,20261117,2
137,20261117,2
12140,20261117,2
15274,20261117,2
12141,20261117,2
12142,20261117,2
2663,20261117,2
2668,20261117,2
16926,20261117,2
12143,20261117,2
924,20261117,2
12144,20261117,2
2672,20261117,2
2677,20261117,2
8473,20261117,2
12145,20261117,2
2679,20261117,2
12146,20261117,2
14175,20261117,2
12147,20261117,2
2685,20261117,2
12148,20261117,2
8474,20261117,2
12149,20261117,2
2687,20261117,2
10381,20261117,2
16499,20261117,2
12150,20261117,2
3559,20261117,2
12151,20261117,2
10380,20261117,2
12152,20261117,2
14461,20261117,2
12153,20261117,2
10379,20261117,2
12154,20261117,2
3556,20261117,2
12155,20261117,2
16744,20261117,2
12156,20261117,2
15282,20261117,2
12157,20261117,2
2005,20261117,2
9362,20261117,2
2004,20261117,2
9637,20261117,2
2003,20261117,2
14564,20261117,2
2002,20261117,2
3553,20261117,2
2001,20261117,2
16400,20261117,2
2000,20261117,2
16213,20261117,2
1999,20261117,2
8485,20261117,2
14176,20261117,2
12206,20261117,2
15283,20261117,2
12207,20261117,2
10378,20261117,2
10377,20261117,2
16745,20261117,2
12208,20261117,2
10376,20261117,2
10375,20261117,2
15284,20261117,2
12209,20261117,2
135,20261117,2
12210,20261117,2
15285,20261117,2
12211,20261117,2
10374,20261117,2
10373,20261117,2
16746,20261117,2
12212,20261117,2
15286,20261117,2
12213,20261117,2
10372,20261117,2
12214,20261117,2
15287,20261117,2
12215,20261117,2
10371,20261117,2
12216,20261117,2
15288,20261117,2
12217,20261117,2
8486,20261117,2
12218,20261117,2
15289,20261117,2
12219,20261117,2
16747,20261117,2
12220,20261117,2
15290,20261117,2
12221,20261117,2
994,20261117,2
12222,20261117,2
1998,20261117,2
270,20261117,2
1997,20261117,2
8487,20261117,2
10370,20261117,2
12225,20261117,2
17496,20261117,2
12226,20261117,2
15291,20261117,2
12227,20261117,2
16748,20261117,2
12228,20261117,2
15292,20261117,2
12229,20261117,2
10369,20261117,2
17203,20261117,2
12230,20261117,2
15293,20261117,2
12231,20261117,2
16749,20261117,2
12232,20261117,2
15294,20261117,2
12233,20261117,2
10368,20261117,2
12234,20261117,2
10367,20261117,2
15295,20261117,2
12235,20261117,2
10366,20261117,2
12236,20261117,2
15296,20261117,2
12237,20261117,2
17393,20261117,2
12238,20261117,2
15297,20261117,2
12239,20261117,2
16750,20261117,2
12240,20261117,2
15298,20261117,2
12241,20261117,2
17207,20261117,2
12242,20261117,2
15299,20261117,2
12243,20261117,2
16751,20261117,2
12244,20261117,2
15300,20261117,2
12245,20261117,2
14177,20261117,2
12246,20261117,2
15301,20261117,2
12247,20261117,2
16752,20261117,2
12248,20261117,2
15302,20261117,2
12249,20261117,2
10365,20261117,2
12250,20261117,2
1996,20261117,2
8488,20261117,2
1995,20261117,2
2924,20261117,2
1994,20261117,2
2926,20261117,2
1993,20261117,2
2931,20261117,2
1992,20261117,2
8489,20261117,2
1991,20261117,2
9846,20261117,2
1990,20261117,2
8490,20261117,2
1989,20261117,2
9845,20261117,2
15303,20261117,2
12264,20261117,2
12265,20261117,2
15304,20261117,2
12266,20261117,2
1001,20261117,2
12267,20261117,2
15305,20261117,2
12268,20261117,2
16753,20261117,2
12269,20261117,2
15306,20261117,2
12270,20261117,2
7,20261117,2
12271,20261117,2
15307,20261117,2
12272,20261117,2
16754,20261117,2
12273,20261117,2
15308,20261117,2
12274,20261117,2
10364,20261117,2
12275,20261117,2
10363,20261117,2
12276,20261117,2
17211,20261117,2
12277,20261117,2
15309,20261117,2
12278,20261117,2
16755,20261117,2
12279,20261117,2
15310,20261117,2
12280,20261117,2
131,20261117,2
12281,20261117,2
15311,20261117,2
12282,20261117,2
994,20261118,2
1001,20261118,2
924,20261118,2
927,20261118,2
994,20261119,2
1001,20261119,2
927,20261119,2
924,20261119,2
927,20261120,2
924,20261120,2
994,20261120,2
1001,20261120,2
994,20261123,2
1001,20261123,2
924,20261123,2
927,20261123,2
1001,20261124,2
994,20261124,2
924,20261124,2
927,20261124,2
924,20261125,2
994,20261125,2
1001,20261125,2
927,20261125,2
1001,20261126,2
924,20261126,2
927,20261126,2
994,20261126,2
994,20261127,2
924,20261127,2
1001,20261127,2
927,20261127,2
994,20261130,2
1001,20261130,2
924,20261130,2
927,20261130,2
1001,20261201,2
994,20261201,2
927,20261201,2
924,20261201,2
927,20261202,2
1001,20261202,2
994,20261202,2
924,20261202,2
994,20261203,2
1001,20261203,2
924,20261203,2
927,20261203,2
927,20261204,2
994,20261204,2
1001,20261204,2
924,20261204,2
10043,20261205,1
10657,20261205,1
10658,20261205,1
10740,20261205,1
10739,20261205,1
10042,20261205,1
9360,20261205,1
8525,20261205,1
9126,20261205,1
11137,20261205,1
11138,20261205,1
8732,20261205,1
9125,20261205,1
9361,20261205,1
9827,20261205,1
9828,20261205,1
8733,20261205,1
8734,20261205,1
11210,20261205,1
11211,20261205,1
11212,20261205,1
8526,20261205,1
8724,20261205,2
11171,20261205,2
927,20261207,2
994,20261207,2
924,20261207,2
1001,20261207,2
994,20261208,2
924,20261208,2
927,20261208,2
1001,20261208,2
927,20261209,2
994,20261209,2
1001,20261209,2
924,20261209,2
924,20261210,2
927,20261210,2
994,20261210,2
1001,20261210,2
927,20261211,2
1001,20261211,2
994,20261211,2
924,20261211,2
